ISO-10303-21;
HEADER;
FILE_DESCRIPTION(('KiCad electronic assembly'),'2;1');
FILE_NAME('pcb_3d_model.step','2026-08-11T12:53:30',('Pcbnew'),('Kicad')
  ,'Open CASCADE STEP processor 7.6','KiCad to STEP converter','Unknown'
  );
FILE_SCHEMA(('AUTOMOTIVE_DESIGN { 1 0 10303 214 1 1 1 1 }'));
ENDSEC;
DATA;
#1 = APPLICATION_PROTOCOL_DEFINITION('international standard',
  'automotive_design',2000,#2);
#2 = APPLICATION_CONTEXT(
  'core data for automotive mechanical design processes');
#3 = SHAPE_DEFINITION_REPRESENTATION(#4,#10);
#4 = PRODUCT_DEFINITION_SHAPE('','',#5);
#5 = PRODUCT_DEFINITION('design','',#6,#9);
#6 = PRODUCT_DEFINITION_FORMATION('','',#7);
#7 = PRODUCT('pcb_3d_model 1','pcb_3d_model 1','',(#8));
#8 = PRODUCT_CONTEXT('',#2,'mechanical');
#9 = PRODUCT_DEFINITION_CONTEXT('part definition',#2,'design');
#10 = SHAPE_REPRESENTATION('',(#11,#15),#19);
#11 = AXIS2_PLACEMENT_3D('',#12,#13,#14);
#12 = CARTESIAN_POINT('',(0.,0.,0.));
#13 = DIRECTION('',(0.,0.,1.));
#14 = DIRECTION('',(1.,0.,-0.));
#15 = AXIS2_PLACEMENT_3D('',#16,#17,#18);
#16 = CARTESIAN_POINT('',(0.,0.,0.));
#17 = DIRECTION('',(0.,0.,1.));
#18 = DIRECTION('',(1.,0.,-0.));
#19 = ( GEOMETRIC_REPRESENTATION_CONTEXT(3) 
GLOBAL_UNCERTAINTY_ASSIGNED_CONTEXT((#23)) GLOBAL_UNIT_ASSIGNED_CONTEXT(
(#20,#21,#22)) REPRESENTATION_CONTEXT('Context #1',
  '3D Context with UNIT and UNCERTAINTY') );
#20 = ( LENGTH_UNIT() NAMED_UNIT(*) SI_UNIT(.MILLI.,.METRE.) );
#21 = ( NAMED_UNIT(*) PLANE_ANGLE_UNIT() SI_UNIT($,.RADIAN.) );
#22 = ( NAMED_UNIT(*) SI_UNIT($,.STERADIAN.) SOLID_ANGLE_UNIT() );
#23 = UNCERTAINTY_MEASURE_WITH_UNIT(LENGTH_MEASURE(1.E-07),#20,
  'distance_accuracy_value','confusion accuracy');
#24 = PRODUCT_RELATED_PRODUCT_CATEGORY('part',$,(#7));
#25 = SHAPE_DEFINITION_REPRESENTATION(#26,#32);
#26 = PRODUCT_DEFINITION_SHAPE('','',#27);
#27 = PRODUCT_DEFINITION('design','',#28,#31);
#28 = PRODUCT_DEFINITION_FORMATION('','',#29);
#29 = PRODUCT('pic_programmer_PCB','pic_programmer_PCB','',(#30));
#30 = PRODUCT_CONTEXT('',#2,'mechanical');
#31 = PRODUCT_DEFINITION_CONTEXT('part definition',#2,'design');
#32 = ADVANCED_BREP_SHAPE_REPRESENTATION('',(#11,#33),#9771);
#33 = MANIFOLD_SOLID_BREP('',#34);
#34 = CLOSED_SHELL('',(#35,#75,#106,#137,#2857,#5577,#5594,#5606,#5623,
    #5640,#5657,#5674,#5691,#5708,#5725,#5742,#5759,#5776,#5793,#5810,
    #5827,#5844,#5861,#5878,#5895,#5912,#5929,#5946,#5963,#5980,#5997,
    #6014,#6031,#6048,#6065,#6082,#6099,#6116,#6133,#6150,#6167,#6184,
    #6201,#6218,#6235,#6252,#6269,#6286,#6303,#6320,#6337,#6354,#6371,
    #6388,#6405,#6422,#6439,#6456,#6473,#6490,#6507,#6524,#6541,#6558,
    #6575,#6592,#6609,#6626,#6643,#6660,#6677,#6694,#6711,#6728,#6745,
    #6762,#6779,#6796,#6813,#6830,#6847,#6864,#6881,#6898,#6915,#6932,
    #6949,#6966,#6983,#7000,#7017,#7034,#7051,#7068,#7085,#7102,#7119,
    #7136,#7153,#7170,#7187,#7204,#7221,#7238,#7255,#7272,#7289,#7306,
    #7323,#7340,#7357,#7374,#7391,#7408,#7425,#7442,#7459,#7476,#7493,
    #7510,#7527,#7544,#7561,#7578,#7595,#7612,#7629,#7646,#7663,#7680,
    #7697,#7714,#7731,#7748,#7765,#7782,#7799,#7816,#7833,#7850,#7867,
    #7884,#7901,#7918,#7935,#7952,#7969,#7986,#8003,#8020,#8037,#8054,
    #8071,#8088,#8105,#8122,#8139,#8156,#8173,#8190,#8207,#8224,#8241,
    #8258,#8275,#8292,#8309,#8326,#8343,#8360,#8377,#8394,#8411,#8428,
    #8445,#8462,#8479,#8496,#8513,#8530,#8547,#8564,#8581,#8598,#8615,
    #8632,#8649,#8666,#8683,#8700,#8717,#8734,#8751,#8768,#8785,#8802,
    #8819,#8836,#8853,#8870,#8887,#8904,#8921,#8938,#8955,#8972,#8989,
    #9006,#9023,#9040,#9057,#9074,#9091,#9108,#9125,#9142,#9159,#9176,
    #9193,#9210,#9227,#9244,#9261,#9278,#9295,#9312,#9329,#9346,#9363,
    #9380,#9397,#9414,#9431,#9448,#9465,#9482,#9499,#9516,#9533,#9550,
    #9567,#9584,#9601,#9618,#9635,#9652,#9669,#9686,#9703,#9720,#9737,
    #9754));
#35 = ADVANCED_FACE('',(#36),#70,.T.);
#36 = FACE_BOUND('',#37,.T.);
#37 = EDGE_LOOP('',(#38,#48,#56,#64));
#38 = ORIENTED_EDGE('',*,*,#39,.T.);
#39 = EDGE_CURVE('',#40,#42,#44,.T.);
#40 = VERTEX_POINT('',#41);
#41 = CARTESIAN_POINT('',(233.68,-139.7,0.));
#42 = VERTEX_POINT('',#43);
#43 = CARTESIAN_POINT('',(233.68,-139.7,1.51));
#44 = LINE('',#45,#46);
#45 = CARTESIAN_POINT('',(233.68,-139.7,0.));
#46 = VECTOR('',#47,1.);
#47 = DIRECTION('',(0.,0.,1.));
#48 = ORIENTED_EDGE('',*,*,#49,.T.);
#49 = EDGE_CURVE('',#42,#50,#52,.T.);
#50 = VERTEX_POINT('',#51);
#51 = CARTESIAN_POINT('',(73.66,-139.7,1.51));
#52 = LINE('',#53,#54);
#53 = CARTESIAN_POINT('',(233.68,-139.7,1.51));
#54 = VECTOR('',#55,1.);
#55 = DIRECTION('',(-1.,0.,0.));
#56 = ORIENTED_EDGE('',*,*,#57,.F.);
#57 = EDGE_CURVE('',#58,#50,#60,.T.);
#58 = VERTEX_POINT('',#59);
#59 = CARTESIAN_POINT('',(73.66,-139.7,0.));
#60 = LINE('',#61,#62);
#61 = CARTESIAN_POINT('',(73.66,-139.7,0.));
#62 = VECTOR('',#63,1.);
#63 = DIRECTION('',(0.,0.,1.));
#64 = ORIENTED_EDGE('',*,*,#65,.F.);
#65 = EDGE_CURVE('',#40,#58,#66,.T.);
#66 = LINE('',#67,#68);
#67 = CARTESIAN_POINT('',(233.68,-139.7,0.));
#68 = VECTOR('',#69,1.);
#69 = DIRECTION('',(-1.,0.,0.));
#70 = PLANE('',#71);
#71 = AXIS2_PLACEMENT_3D('',#72,#73,#74);
#72 = CARTESIAN_POINT('',(233.68,-139.7,0.));
#73 = DIRECTION('',(0.,-1.,0.));
#74 = DIRECTION('',(-1.,0.,0.));
#75 = ADVANCED_FACE('',(#76),#101,.T.);
#76 = FACE_BOUND('',#77,.T.);
#77 = EDGE_LOOP('',(#78,#88,#94,#95));
#78 = ORIENTED_EDGE('',*,*,#79,.T.);
#79 = EDGE_CURVE('',#80,#82,#84,.T.);
#80 = VERTEX_POINT('',#81);
#81 = CARTESIAN_POINT('',(233.68,-40.64,0.));
#82 = VERTEX_POINT('',#83);
#83 = CARTESIAN_POINT('',(233.68,-40.64,1.51));
#84 = LINE('',#85,#86);
#85 = CARTESIAN_POINT('',(233.68,-40.64,0.));
#86 = VECTOR('',#87,1.);
#87 = DIRECTION('',(0.,0.,1.));
#88 = ORIENTED_EDGE('',*,*,#89,.T.);
#89 = EDGE_CURVE('',#82,#42,#90,.T.);
#90 = LINE('',#91,#92);
#91 = CARTESIAN_POINT('',(233.68,-40.64,1.51));
#92 = VECTOR('',#93,1.);
#93 = DIRECTION('',(0.,-1.,0.));
#94 = ORIENTED_EDGE('',*,*,#39,.F.);
#95 = ORIENTED_EDGE('',*,*,#96,.F.);
#96 = EDGE_CURVE('',#80,#40,#97,.T.);
#97 = LINE('',#98,#99);
#98 = CARTESIAN_POINT('',(233.68,-40.64,0.));
#99 = VECTOR('',#100,1.);
#100 = DIRECTION('',(0.,-1.,0.));
#101 = PLANE('',#102);
#102 = AXIS2_PLACEMENT_3D('',#103,#104,#105);
#103 = CARTESIAN_POINT('',(233.68,-40.64,0.));
#104 = DIRECTION('',(1.,0.,-0.));
#105 = DIRECTION('',(0.,-1.,0.));
#106 = ADVANCED_FACE('',(#107),#132,.T.);
#107 = FACE_BOUND('',#108,.T.);
#108 = EDGE_LOOP('',(#109,#110,#118,#126));
#109 = ORIENTED_EDGE('',*,*,#57,.T.);
#110 = ORIENTED_EDGE('',*,*,#111,.T.);
#111 = EDGE_CURVE('',#50,#112,#114,.T.);
#112 = VERTEX_POINT('',#113);
#113 = CARTESIAN_POINT('',(73.66,-40.64,1.51));
#114 = LINE('',#115,#116);
#115 = CARTESIAN_POINT('',(73.66,-139.7,1.51));
#116 = VECTOR('',#117,1.);
#117 = DIRECTION('',(0.,1.,0.));
#118 = ORIENTED_EDGE('',*,*,#119,.F.);
#119 = EDGE_CURVE('',#120,#112,#122,.T.);
#120 = VERTEX_POINT('',#121);
#121 = CARTESIAN_POINT('',(73.66,-40.64,0.));
#122 = LINE('',#123,#124);
#123 = CARTESIAN_POINT('',(73.66,-40.64,0.));
#124 = VECTOR('',#125,1.);
#125 = DIRECTION('',(0.,0.,1.));
#126 = ORIENTED_EDGE('',*,*,#127,.F.);
#127 = EDGE_CURVE('',#58,#120,#128,.T.);
#128 = LINE('',#129,#130);
#129 = CARTESIAN_POINT('',(73.66,-139.7,0.));
#130 = VECTOR('',#131,1.);
#131 = DIRECTION('',(0.,1.,0.));
#132 = PLANE('',#133);
#133 = AXIS2_PLACEMENT_3D('',#134,#135,#136);
#134 = CARTESIAN_POINT('',(73.66,-139.7,0.));
#135 = DIRECTION('',(-1.,0.,0.));
#136 = DIRECTION('',(0.,1.,0.));
#137 = ADVANCED_FACE('',(#138,#157,#168,#179,#190,#201,#212,#223,#234,
    #245,#256,#267,#278,#289,#300,#311,#322,#333,#344,#355,#366,#377,
    #388,#399,#410,#421,#432,#443,#454,#465,#476,#487,#498,#509,#520,
    #531,#542,#553,#564,#575,#586,#597,#608,#619,#630,#641,#652,#663,
    #674,#685,#696,#707,#718,#729,#740,#751,#762,#773,#784,#795,#806,
    #817,#828,#839,#850,#861,#872,#883,#894,#905,#916,#927,#938,#949,
    #960,#971,#982,#993,#1004,#1015,#1026,#1037,#1048,#1059,#1070,#1081,
    #1092,#1103,#1114,#1125,#1136,#1147,#1158,#1169,#1180,#1191,#1202,
    #1213,#1224,#1235,#1246,#1257,#1268,#1279,#1290,#1301,#1312,#1323,
    #1334,#1345,#1356,#1367,#1378,#1389,#1400,#1411,#1422,#1433,#1444,
    #1455,#1466,#1477,#1488,#1499,#1510,#1521,#1532,#1543,#1554,#1565,
    #1576,#1587,#1598,#1609,#1620,#1631,#1642,#1653,#1664,#1675,#1686,
    #1697,#1708,#1719,#1730,#1741,#1752,#1763,#1774,#1785,#1796,#1807,
    #1818,#1829,#1840,#1851,#1862,#1873,#1884,#1895,#1906,#1917,#1928,
    #1939,#1950,#1961,#1972,#1983,#1994,#2005,#2016,#2027,#2038,#2049,
    #2060,#2071,#2082,#2093,#2104,#2115,#2126,#2137,#2148,#2159,#2170,
    #2181,#2192,#2203,#2214,#2225,#2236,#2247,#2258,#2269,#2280,#2291,
    #2302,#2313,#2324,#2335,#2346,#2357,#2368,#2379,#2390,#2401,#2412,
    #2423,#2434,#2445,#2456,#2467,#2478,#2489,#2500,#2511,#2522,#2533,
    #2544,#2555,#2566,#2577,#2588,#2599,#2610,#2621,#2632,#2643,#2654,
    #2665,#2676,#2687,#2698,#2709,#2720,#2731,#2742,#2753,#2764,#2775,
    #2786,#2797,#2808,#2819,#2830,#2841),#2852,.F.);
#138 = FACE_BOUND('',#139,.F.);
#139 = EDGE_LOOP('',(#140,#141,#142,#150,#156));
#140 = ORIENTED_EDGE('',*,*,#65,.F.);
#141 = ORIENTED_EDGE('',*,*,#96,.F.);
#142 = ORIENTED_EDGE('',*,*,#143,.F.);
#143 = EDGE_CURVE('',#144,#80,#146,.T.);
#144 = VERTEX_POINT('',#145);
#145 = CARTESIAN_POINT('',(173.99,-40.64,0.));
#146 = LINE('',#147,#148);
#147 = CARTESIAN_POINT('',(173.99,-40.64,0.));
#148 = VECTOR('',#149,1.);
#149 = DIRECTION('',(1.,0.,0.));
#150 = ORIENTED_EDGE('',*,*,#151,.F.);
#151 = EDGE_CURVE('',#120,#144,#152,.T.);
#152 = LINE('',#153,#154);
#153 = CARTESIAN_POINT('',(73.66,-40.64,0.));
#154 = VECTOR('',#155,1.);
#155 = DIRECTION('',(1.,0.,0.));
#156 = ORIENTED_EDGE('',*,*,#127,.F.);
#157 = FACE_BOUND('',#158,.F.);
#158 = EDGE_LOOP('',(#159));
#159 = ORIENTED_EDGE('',*,*,#160,.T.);
#160 = EDGE_CURVE('',#161,#161,#163,.T.);
#161 = VERTEX_POINT('',#162);
#162 = CARTESIAN_POINT('',(77.47,-138.04,0.));
#163 = CIRCLE('',#164,2.15);
#164 = AXIS2_PLACEMENT_3D('',#165,#166,#167);
#165 = CARTESIAN_POINT('',(77.47,-135.89,0.));
#166 = DIRECTION('',(-0.,0.,-1.));
#167 = DIRECTION('',(-0.,-1.,0.));
#168 = FACE_BOUND('',#169,.F.);
#169 = EDGE_LOOP('',(#170));
#170 = ORIENTED_EDGE('',*,*,#171,.T.);
#171 = EDGE_CURVE('',#172,#172,#174,.T.);
#172 = VERTEX_POINT('',#173);
#173 = CARTESIAN_POINT('',(81.18,-128.76,0.));
#174 = CIRCLE('',#175,1.6);
#175 = AXIS2_PLACEMENT_3D('',#176,#177,#178);
#176 = CARTESIAN_POINT('',(81.18,-127.16,0.));
#177 = DIRECTION('',(-0.,0.,-1.));
#178 = DIRECTION('',(-0.,-1.,0.));
#179 = FACE_BOUND('',#180,.F.);
#180 = EDGE_LOOP('',(#181));
#181 = ORIENTED_EDGE('',*,*,#182,.T.);
#182 = EDGE_CURVE('',#183,#183,#185,.T.);
#183 = VERTEX_POINT('',#184);
#184 = CARTESIAN_POINT('',(82.6,-120.7,0.));
#185 = CIRCLE('',#186,0.5);
#186 = AXIS2_PLACEMENT_3D('',#187,#188,#189);
#187 = CARTESIAN_POINT('',(82.6,-120.2,0.));
#188 = DIRECTION('',(-0.,0.,-1.));
#189 = DIRECTION('',(-0.,-1.,0.));
#190 = FACE_BOUND('',#191,.F.);
#191 = EDGE_LOOP('',(#192));
#192 = ORIENTED_EDGE('',*,*,#193,.T.);
#193 = EDGE_CURVE('',#194,#194,#196,.T.);
#194 = VERTEX_POINT('',#195);
#195 = CARTESIAN_POINT('',(87.757,-125.876,0.));
#196 = CIRCLE('',#197,0.4);
#197 = AXIS2_PLACEMENT_3D('',#198,#199,#200);
#198 = CARTESIAN_POINT('',(87.757,-125.476,0.));
#199 = DIRECTION('',(-0.,0.,-1.));
#200 = DIRECTION('',(-0.,-1.,0.));
#201 = FACE_BOUND('',#202,.F.);
#202 = EDGE_LOOP('',(#203));
#203 = ORIENTED_EDGE('',*,*,#204,.T.);
#204 = EDGE_CURVE('',#205,#205,#207,.T.);
#205 = VERTEX_POINT('',#206);
#206 = CARTESIAN_POINT('',(87.757,-122.32,0.));
#207 = CIRCLE('',#208,0.4);
#208 = AXIS2_PLACEMENT_3D('',#209,#210,#211);
#209 = CARTESIAN_POINT('',(87.757,-121.92,0.));
#210 = DIRECTION('',(-0.,0.,-1.));
#211 = DIRECTION('',(-0.,-1.,0.));
#212 = FACE_BOUND('',#213,.F.);
#213 = EDGE_LOOP('',(#214));
#214 = ORIENTED_EDGE('',*,*,#215,.T.);
#215 = EDGE_CURVE('',#216,#216,#218,.T.);
#216 = VERTEX_POINT('',#217);
#217 = CARTESIAN_POINT('',(79.76,-119.315,0.));
#218 = CIRCLE('',#219,0.5);
#219 = AXIS2_PLACEMENT_3D('',#220,#221,#222);
#220 = CARTESIAN_POINT('',(79.76,-118.815,0.));
#221 = DIRECTION('',(-0.,0.,-1.));
#222 = DIRECTION('',(-0.,-1.,0.));
#223 = FACE_BOUND('',#224,.F.);
#224 = EDGE_LOOP('',(#225));
#225 = ORIENTED_EDGE('',*,*,#226,.T.);
#226 = EDGE_CURVE('',#227,#227,#229,.T.);
#227 = VERTEX_POINT('',#228);
#228 = CARTESIAN_POINT('',(82.6,-117.93,0.));
#229 = CIRCLE('',#230,0.5);
#230 = AXIS2_PLACEMENT_3D('',#231,#232,#233);
#231 = CARTESIAN_POINT('',(82.6,-117.43,0.));
#232 = DIRECTION('',(-0.,0.,-1.));
#233 = DIRECTION('',(-0.,-1.,0.));
#234 = FACE_BOUND('',#235,.F.);
#235 = EDGE_LOOP('',(#236));
#236 = ORIENTED_EDGE('',*,*,#237,.T.);
#237 = EDGE_CURVE('',#238,#238,#240,.T.);
#238 = VERTEX_POINT('',#239);
#239 = CARTESIAN_POINT('',(79.76,-116.545,0.));
#240 = CIRCLE('',#241,0.5);
#241 = AXIS2_PLACEMENT_3D('',#242,#243,#244);
#242 = CARTESIAN_POINT('',(79.76,-116.045,0.));
#243 = DIRECTION('',(-0.,0.,-1.));
#244 = DIRECTION('',(-0.,-1.,0.));
#245 = FACE_BOUND('',#246,.F.);
#246 = EDGE_LOOP('',(#247));
#247 = ORIENTED_EDGE('',*,*,#248,.T.);
#248 = EDGE_CURVE('',#249,#249,#251,.T.);
#249 = VERTEX_POINT('',#250);
#250 = CARTESIAN_POINT('',(82.6,-115.16,0.));
#251 = CIRCLE('',#252,0.5);
#252 = AXIS2_PLACEMENT_3D('',#253,#254,#255);
#253 = CARTESIAN_POINT('',(82.6,-114.66,0.));
#254 = DIRECTION('',(-0.,0.,-1.));
#255 = DIRECTION('',(-0.,-1.,0.));
#256 = FACE_BOUND('',#257,.F.);
#257 = EDGE_LOOP('',(#258));
#258 = ORIENTED_EDGE('',*,*,#259,.T.);
#259 = EDGE_CURVE('',#260,#260,#262,.T.);
#260 = VERTEX_POINT('',#261);
#261 = CARTESIAN_POINT('',(87.63,-118.51,0.));
#262 = CIRCLE('',#263,0.4);
#263 = AXIS2_PLACEMENT_3D('',#264,#265,#266);
#264 = CARTESIAN_POINT('',(87.63,-118.11,0.));
#265 = DIRECTION('',(-0.,0.,-1.));
#266 = DIRECTION('',(-0.,-1.,0.));
#267 = FACE_BOUND('',#268,.F.);
#268 = EDGE_LOOP('',(#269));
#269 = ORIENTED_EDGE('',*,*,#270,.T.);
#270 = EDGE_CURVE('',#271,#271,#273,.T.);
#271 = VERTEX_POINT('',#272);
#272 = CARTESIAN_POINT('',(87.63,-114.954,0.));
#273 = CIRCLE('',#274,0.4);
#274 = AXIS2_PLACEMENT_3D('',#275,#276,#277);
#275 = CARTESIAN_POINT('',(87.63,-114.554,0.));
#276 = DIRECTION('',(-0.,0.,-1.));
#277 = DIRECTION('',(-0.,-1.,0.));
#278 = FACE_BOUND('',#279,.F.);
#279 = EDGE_LOOP('',(#280));
#280 = ORIENTED_EDGE('',*,*,#281,.T.);
#281 = EDGE_CURVE('',#282,#282,#284,.T.);
#282 = VERTEX_POINT('',#283);
#283 = CARTESIAN_POINT('',(97.917,-125.876,0.));
#284 = CIRCLE('',#285,0.4);
#285 = AXIS2_PLACEMENT_3D('',#286,#287,#288);
#286 = CARTESIAN_POINT('',(97.917,-125.476,0.));
#287 = DIRECTION('',(-0.,0.,-1.));
#288 = DIRECTION('',(-0.,-1.,0.));
#289 = FACE_BOUND('',#290,.F.);
#290 = EDGE_LOOP('',(#291));
#291 = ORIENTED_EDGE('',*,*,#292,.T.);
#292 = EDGE_CURVE('',#293,#293,#295,.T.);
#293 = VERTEX_POINT('',#294);
#294 = CARTESIAN_POINT('',(100.33,-125.495,0.));
#295 = CIRCLE('',#296,0.4);
#296 = AXIS2_PLACEMENT_3D('',#297,#298,#299);
#297 = CARTESIAN_POINT('',(100.33,-125.095,0.));
#298 = DIRECTION('',(-0.,0.,-1.));
#299 = DIRECTION('',(-3.552713678801E-14,-1.,0.));
#300 = FACE_BOUND('',#301,.F.);
#301 = EDGE_LOOP('',(#302));
#302 = ORIENTED_EDGE('',*,*,#303,.T.);
#303 = EDGE_CURVE('',#304,#304,#306,.T.);
#304 = VERTEX_POINT('',#305);
#305 = CARTESIAN_POINT('',(97.917,-122.32,0.));
#306 = CIRCLE('',#307,0.4);
#307 = AXIS2_PLACEMENT_3D('',#308,#309,#310);
#308 = CARTESIAN_POINT('',(97.917,-121.92,0.));
#309 = DIRECTION('',(-0.,0.,-1.));
#310 = DIRECTION('',(-0.,-1.,0.));
#311 = FACE_BOUND('',#312,.F.);
#312 = EDGE_LOOP('',(#313));
#313 = ORIENTED_EDGE('',*,*,#314,.T.);
#314 = EDGE_CURVE('',#315,#315,#317,.T.);
#315 = VERTEX_POINT('',#316);
#316 = CARTESIAN_POINT('',(100.33,-122.32,0.));
#317 = CIRCLE('',#318,0.4);
#318 = AXIS2_PLACEMENT_3D('',#319,#320,#321);
#319 = CARTESIAN_POINT('',(100.33,-121.92,0.));
#320 = DIRECTION('',(-0.,0.,-1.));
#321 = DIRECTION('',(-3.552713678801E-14,-1.,0.));
#322 = FACE_BOUND('',#323,.F.);
#323 = EDGE_LOOP('',(#324));
#324 = ORIENTED_EDGE('',*,*,#325,.T.);
#325 = EDGE_CURVE('',#326,#326,#328,.T.);
#326 = VERTEX_POINT('',#327);
#327 = CARTESIAN_POINT('',(107.95,-125.495,0.));
#328 = CIRCLE('',#329,0.4);
#329 = AXIS2_PLACEMENT_3D('',#330,#331,#332);
#330 = CARTESIAN_POINT('',(107.95,-125.095,0.));
#331 = DIRECTION('',(-0.,0.,-1.));
#332 = DIRECTION('',(3.5527136788E-14,-1.,-0.));
#333 = FACE_BOUND('',#334,.F.);
#334 = EDGE_LOOP('',(#335));
#335 = ORIENTED_EDGE('',*,*,#336,.T.);
#336 = EDGE_CURVE('',#337,#337,#339,.T.);
#337 = VERTEX_POINT('',#338);
#338 = CARTESIAN_POINT('',(107.95,-122.32,0.));
#339 = CIRCLE('',#340,0.4);
#340 = AXIS2_PLACEMENT_3D('',#341,#342,#343);
#341 = CARTESIAN_POINT('',(107.95,-121.92,0.));
#342 = DIRECTION('',(-0.,0.,-1.));
#343 = DIRECTION('',(3.5527136788E-14,-1.,-0.));
#344 = FACE_BOUND('',#345,.F.);
#345 = EDGE_LOOP('',(#346));
#346 = ORIENTED_EDGE('',*,*,#347,.T.);
#347 = EDGE_CURVE('',#348,#348,#350,.T.);
#348 = VERTEX_POINT('',#349);
#349 = CARTESIAN_POINT('',(97.79,-118.51,0.));
#350 = CIRCLE('',#351,0.4);
#351 = AXIS2_PLACEMENT_3D('',#352,#353,#354);
#352 = CARTESIAN_POINT('',(97.79,-118.11,0.));
#353 = DIRECTION('',(-0.,0.,-1.));
#354 = DIRECTION('',(3.5527136788E-14,-1.,-0.));
#355 = FACE_BOUND('',#356,.F.);
#356 = EDGE_LOOP('',(#357));
#357 = ORIENTED_EDGE('',*,*,#358,.T.);
#358 = EDGE_CURVE('',#359,#359,#361,.T.);
#359 = VERTEX_POINT('',#360);
#360 = CARTESIAN_POINT('',(100.33,-118.637,0.));
#361 = CIRCLE('',#362,0.4);
#362 = AXIS2_PLACEMENT_3D('',#363,#364,#365);
#363 = CARTESIAN_POINT('',(100.33,-118.237,0.));
#364 = DIRECTION('',(-0.,0.,-1.));
#365 = DIRECTION('',(-3.552713678801E-14,-1.,0.));
#366 = FACE_BOUND('',#367,.F.);
#367 = EDGE_LOOP('',(#368));
#368 = ORIENTED_EDGE('',*,*,#369,.T.);
#369 = EDGE_CURVE('',#370,#370,#372,.T.);
#370 = VERTEX_POINT('',#371);
#371 = CARTESIAN_POINT('',(97.79,-114.954,0.));
#372 = CIRCLE('',#373,0.4);
#373 = AXIS2_PLACEMENT_3D('',#374,#375,#376);
#374 = CARTESIAN_POINT('',(97.79,-114.554,0.));
#375 = DIRECTION('',(-0.,0.,-1.));
#376 = DIRECTION('',(3.5527136788E-14,-1.,-0.));
#377 = FACE_BOUND('',#378,.F.);
#378 = EDGE_LOOP('',(#379));
#379 = ORIENTED_EDGE('',*,*,#380,.T.);
#380 = EDGE_CURVE('',#381,#381,#383,.T.);
#381 = VERTEX_POINT('',#382);
#382 = CARTESIAN_POINT('',(100.33,-115.716,0.));
#383 = CIRCLE('',#384,0.4);
#384 = AXIS2_PLACEMENT_3D('',#385,#386,#387);
#385 = CARTESIAN_POINT('',(100.33,-115.316,0.));
#386 = DIRECTION('',(-0.,0.,-1.));
#387 = DIRECTION('',(-3.552713678801E-14,-1.,0.));
#388 = FACE_BOUND('',#389,.F.);
#389 = EDGE_LOOP('',(#390));
#390 = ORIENTED_EDGE('',*,*,#391,.T.);
#391 = EDGE_CURVE('',#392,#392,#394,.T.);
#392 = VERTEX_POINT('',#393);
#393 = CARTESIAN_POINT('',(107.95,-118.637,0.));
#394 = CIRCLE('',#395,0.4);
#395 = AXIS2_PLACEMENT_3D('',#396,#397,#398);
#396 = CARTESIAN_POINT('',(107.95,-118.237,0.));
#397 = DIRECTION('',(-0.,0.,-1.));
#398 = DIRECTION('',(3.5527136788E-14,-1.,-0.));
#399 = FACE_BOUND('',#400,.F.);
#400 = EDGE_LOOP('',(#401));
#401 = ORIENTED_EDGE('',*,*,#402,.T.);
#402 = EDGE_CURVE('',#403,#403,#405,.T.);
#403 = VERTEX_POINT('',#404);
#404 = CARTESIAN_POINT('',(107.95,-115.716,0.));
#405 = CIRCLE('',#406,0.4);
#406 = AXIS2_PLACEMENT_3D('',#407,#408,#409);
#407 = CARTESIAN_POINT('',(107.95,-115.316,0.));
#408 = DIRECTION('',(-0.,0.,-1.));
#409 = DIRECTION('',(3.5527136788E-14,-1.,-0.));
#410 = FACE_BOUND('',#411,.F.);
#411 = EDGE_LOOP('',(#412));
#412 = ORIENTED_EDGE('',*,*,#413,.T.);
#413 = EDGE_CURVE('',#414,#414,#416,.T.);
#414 = VERTEX_POINT('',#415);
#415 = CARTESIAN_POINT('',(115.57,-119.78,0.));
#416 = CIRCLE('',#417,0.4);
#417 = AXIS2_PLACEMENT_3D('',#418,#419,#420);
#418 = CARTESIAN_POINT('',(115.57,-119.38,0.));
#419 = DIRECTION('',(-0.,0.,-1.));
#420 = DIRECTION('',(-0.,-1.,0.));
#421 = FACE_BOUND('',#422,.F.);
#422 = EDGE_LOOP('',(#423));
#423 = ORIENTED_EDGE('',*,*,#424,.T.);
#424 = EDGE_CURVE('',#425,#425,#427,.T.);
#425 = VERTEX_POINT('',#426);
#426 = CARTESIAN_POINT('',(118.11,-119.78,0.));
#427 = CIRCLE('',#428,0.4);
#428 = AXIS2_PLACEMENT_3D('',#429,#430,#431);
#429 = CARTESIAN_POINT('',(118.11,-119.38,0.));
#430 = DIRECTION('',(-0.,0.,-1.));
#431 = DIRECTION('',(-0.,-1.,0.));
#432 = FACE_BOUND('',#433,.F.);
#433 = EDGE_LOOP('',(#434));
#434 = ORIENTED_EDGE('',*,*,#435,.T.);
#435 = EDGE_CURVE('',#436,#436,#438,.T.);
#436 = VERTEX_POINT('',#437);
#437 = CARTESIAN_POINT('',(120.65,-119.78,0.));
#438 = CIRCLE('',#439,0.4);
#439 = AXIS2_PLACEMENT_3D('',#440,#441,#442);
#440 = CARTESIAN_POINT('',(120.65,-119.38,0.));
#441 = DIRECTION('',(-0.,0.,-1.));
#442 = DIRECTION('',(-0.,-1.,0.));
#443 = FACE_BOUND('',#444,.F.);
#444 = EDGE_LOOP('',(#445));
#445 = ORIENTED_EDGE('',*,*,#446,.T.);
#446 = EDGE_CURVE('',#447,#447,#449,.T.);
#447 = VERTEX_POINT('',#448);
#448 = CARTESIAN_POINT('',(123.19,-119.78,0.));
#449 = CIRCLE('',#450,0.4);
#450 = AXIS2_PLACEMENT_3D('',#451,#452,#453);
#451 = CARTESIAN_POINT('',(123.19,-119.38,0.));
#452 = DIRECTION('',(-0.,0.,-1.));
#453 = DIRECTION('',(-0.,-1.,0.));
#454 = FACE_BOUND('',#455,.F.);
#455 = EDGE_LOOP('',(#456));
#456 = ORIENTED_EDGE('',*,*,#457,.T.);
#457 = EDGE_CURVE('',#458,#458,#460,.T.);
#458 = VERTEX_POINT('',#459);
#459 = CARTESIAN_POINT('',(125.73,-119.78,0.));
#460 = CIRCLE('',#461,0.4);
#461 = AXIS2_PLACEMENT_3D('',#462,#463,#464);
#462 = CARTESIAN_POINT('',(125.73,-119.38,0.));
#463 = DIRECTION('',(-0.,0.,-1.));
#464 = DIRECTION('',(3.5527136788E-14,-1.,-0.));
#465 = FACE_BOUND('',#466,.F.);
#466 = EDGE_LOOP('',(#467));
#467 = ORIENTED_EDGE('',*,*,#468,.T.);
#468 = EDGE_CURVE('',#469,#469,#471,.T.);
#469 = VERTEX_POINT('',#470);
#470 = CARTESIAN_POINT('',(128.27,-119.78,0.));
#471 = CIRCLE('',#472,0.4);
#472 = AXIS2_PLACEMENT_3D('',#473,#474,#475);
#473 = CARTESIAN_POINT('',(128.27,-119.38,0.));
#474 = DIRECTION('',(-0.,0.,-1.));
#475 = DIRECTION('',(7.105427357601E-14,-1.,-0.));
#476 = FACE_BOUND('',#477,.F.);
#477 = EDGE_LOOP('',(#478));
#478 = ORIENTED_EDGE('',*,*,#479,.T.);
#479 = EDGE_CURVE('',#480,#480,#482,.T.);
#480 = VERTEX_POINT('',#481);
#481 = CARTESIAN_POINT('',(130.81,-119.78,0.));
#482 = CIRCLE('',#483,0.4);
#483 = AXIS2_PLACEMENT_3D('',#484,#485,#486);
#484 = CARTESIAN_POINT('',(130.81,-119.38,0.));
#485 = DIRECTION('',(-0.,0.,-1.));
#486 = DIRECTION('',(-0.,-1.,0.));
#487 = FACE_BOUND('',#488,.F.);
#488 = EDGE_LOOP('',(#489));
#489 = ORIENTED_EDGE('',*,*,#490,.T.);
#490 = EDGE_CURVE('',#491,#491,#493,.T.);
#491 = VERTEX_POINT('',#492);
#492 = CARTESIAN_POINT('',(135.255,-122.32,0.));
#493 = CIRCLE('',#494,0.4);
#494 = AXIS2_PLACEMENT_3D('',#495,#496,#497);
#495 = CARTESIAN_POINT('',(135.255,-121.92,0.));
#496 = DIRECTION('',(-0.,0.,-1.));
#497 = DIRECTION('',(-0.,-1.,0.));
#498 = FACE_BOUND('',#499,.F.);
#499 = EDGE_LOOP('',(#500));
#500 = ORIENTED_EDGE('',*,*,#501,.T.);
#501 = EDGE_CURVE('',#502,#502,#504,.T.);
#502 = VERTEX_POINT('',#503);
#503 = CARTESIAN_POINT('',(140.335,-122.32,0.));
#504 = CIRCLE('',#505,0.4);
#505 = AXIS2_PLACEMENT_3D('',#506,#507,#508);
#506 = CARTESIAN_POINT('',(140.335,-121.92,0.));
#507 = DIRECTION('',(-0.,0.,-1.));
#508 = DIRECTION('',(-0.,-1.,0.));
#509 = FACE_BOUND('',#510,.F.);
#510 = EDGE_LOOP('',(#511));
#511 = ORIENTED_EDGE('',*,*,#512,.T.);
#512 = EDGE_CURVE('',#513,#513,#515,.T.);
#513 = VERTEX_POINT('',#514);
#514 = CARTESIAN_POINT('',(79.76,-113.775,0.));
#515 = CIRCLE('',#516,0.5);
#516 = AXIS2_PLACEMENT_3D('',#517,#518,#519);
#517 = CARTESIAN_POINT('',(79.76,-113.275,0.));
#518 = DIRECTION('',(-0.,0.,-1.));
#519 = DIRECTION('',(-0.,-1.,0.));
#520 = FACE_BOUND('',#521,.F.);
#521 = EDGE_LOOP('',(#522));
#522 = ORIENTED_EDGE('',*,*,#523,.T.);
#523 = EDGE_CURVE('',#524,#524,#526,.T.);
#524 = VERTEX_POINT('',#525);
#525 = CARTESIAN_POINT('',(82.6,-112.39,0.));
#526 = CIRCLE('',#527,0.5);
#527 = AXIS2_PLACEMENT_3D('',#528,#529,#530);
#528 = CARTESIAN_POINT('',(82.6,-111.89,0.));
#529 = DIRECTION('',(-0.,0.,-1.));
#530 = DIRECTION('',(-0.,-1.,0.));
#531 = FACE_BOUND('',#532,.F.);
#532 = EDGE_LOOP('',(#533));
#533 = ORIENTED_EDGE('',*,*,#534,.T.);
#534 = EDGE_CURVE('',#535,#535,#537,.T.);
#535 = VERTEX_POINT('',#536);
#536 = CARTESIAN_POINT('',(79.76,-111.005,0.));
#537 = CIRCLE('',#538,0.5);
#538 = AXIS2_PLACEMENT_3D('',#539,#540,#541);
#539 = CARTESIAN_POINT('',(79.76,-110.505,0.));
#540 = DIRECTION('',(-0.,0.,-1.));
#541 = DIRECTION('',(-0.,-1.,0.));
#542 = FACE_BOUND('',#543,.F.);
#543 = EDGE_LOOP('',(#544));
#544 = ORIENTED_EDGE('',*,*,#545,.T.);
#545 = EDGE_CURVE('',#546,#546,#548,.T.);
#546 = VERTEX_POINT('',#547);
#547 = CARTESIAN_POINT('',(82.6,-109.62,0.));
#548 = CIRCLE('',#549,0.5);
#549 = AXIS2_PLACEMENT_3D('',#550,#551,#552);
#550 = CARTESIAN_POINT('',(82.6,-109.12,0.));
#551 = DIRECTION('',(-0.,0.,-1.));
#552 = DIRECTION('',(-0.,-1.,0.));
#553 = FACE_BOUND('',#554,.F.);
#554 = EDGE_LOOP('',(#555));
#555 = ORIENTED_EDGE('',*,*,#556,.T.);
#556 = EDGE_CURVE('',#557,#557,#559,.T.);
#557 = VERTEX_POINT('',#558);
#558 = CARTESIAN_POINT('',(87.63,-111.525,0.));
#559 = CIRCLE('',#560,0.4);
#560 = AXIS2_PLACEMENT_3D('',#561,#562,#563);
#561 = CARTESIAN_POINT('',(87.63,-111.125,0.));
#562 = DIRECTION('',(-0.,0.,-1.));
#563 = DIRECTION('',(-0.,-1.,0.));
#564 = FACE_BOUND('',#565,.F.);
#565 = EDGE_LOOP('',(#566));
#566 = ORIENTED_EDGE('',*,*,#567,.T.);
#567 = EDGE_CURVE('',#568,#568,#570,.T.);
#568 = VERTEX_POINT('',#569);
#569 = CARTESIAN_POINT('',(81.18,-103.76,0.));
#570 = CIRCLE('',#571,1.6);
#571 = AXIS2_PLACEMENT_3D('',#572,#573,#574);
#572 = CARTESIAN_POINT('',(81.18,-102.16,0.));
#573 = DIRECTION('',(-0.,0.,-1.));
#574 = DIRECTION('',(-0.,-1.,0.));
#575 = FACE_BOUND('',#576,.F.);
#576 = EDGE_LOOP('',(#577));
#577 = ORIENTED_EDGE('',*,*,#578,.T.);
#578 = EDGE_CURVE('',#579,#579,#581,.T.);
#579 = VERTEX_POINT('',#580);
#580 = CARTESIAN_POINT('',(87.63,-108.223,0.));
#581 = CIRCLE('',#582,0.4);
#582 = AXIS2_PLACEMENT_3D('',#583,#584,#585);
#583 = CARTESIAN_POINT('',(87.63,-107.823,0.));
#584 = DIRECTION('',(-0.,0.,-1.));
#585 = DIRECTION('',(-0.,-1.,0.));
#586 = FACE_BOUND('',#587,.F.);
#587 = EDGE_LOOP('',(#588));
#588 = ORIENTED_EDGE('',*,*,#589,.T.);
#589 = EDGE_CURVE('',#590,#590,#592,.T.);
#590 = VERTEX_POINT('',#591);
#591 = CARTESIAN_POINT('',(97.79,-111.525,0.));
#592 = CIRCLE('',#593,0.4);
#593 = AXIS2_PLACEMENT_3D('',#594,#595,#596);
#594 = CARTESIAN_POINT('',(97.79,-111.125,0.));
#595 = DIRECTION('',(-0.,0.,-1.));
#596 = DIRECTION('',(3.5527136788E-14,-1.,-0.));
#597 = FACE_BOUND('',#598,.F.);
#598 = EDGE_LOOP('',(#599));
#599 = ORIENTED_EDGE('',*,*,#600,.T.);
#600 = EDGE_CURVE('',#601,#601,#603,.T.);
#601 = VERTEX_POINT('',#602);
#602 = CARTESIAN_POINT('',(100.33,-112.287,0.));
#603 = CIRCLE('',#604,0.4);
#604 = AXIS2_PLACEMENT_3D('',#605,#606,#607);
#605 = CARTESIAN_POINT('',(100.33,-111.887,0.));
#606 = DIRECTION('',(-0.,0.,-1.));
#607 = DIRECTION('',(-3.552713678801E-14,-1.,0.));
#608 = FACE_BOUND('',#609,.F.);
#609 = EDGE_LOOP('',(#610));
#610 = ORIENTED_EDGE('',*,*,#611,.T.);
#611 = EDGE_CURVE('',#612,#612,#614,.T.);
#612 = VERTEX_POINT('',#613);
#613 = CARTESIAN_POINT('',(100.33,-108.985,0.));
#614 = CIRCLE('',#615,0.4);
#615 = AXIS2_PLACEMENT_3D('',#616,#617,#618);
#616 = CARTESIAN_POINT('',(100.33,-108.585,0.));
#617 = DIRECTION('',(-0.,0.,-1.));
#618 = DIRECTION('',(-3.552713678801E-14,-1.,0.));
#619 = FACE_BOUND('',#620,.F.);
#620 = EDGE_LOOP('',(#621));
#621 = ORIENTED_EDGE('',*,*,#622,.T.);
#622 = EDGE_CURVE('',#623,#623,#625,.T.);
#623 = VERTEX_POINT('',#624);
#624 = CARTESIAN_POINT('',(107.95,-112.287,0.));
#625 = CIRCLE('',#626,0.4);
#626 = AXIS2_PLACEMENT_3D('',#627,#628,#629);
#627 = CARTESIAN_POINT('',(107.95,-111.887,0.));
#628 = DIRECTION('',(-0.,0.,-1.));
#629 = DIRECTION('',(3.5527136788E-14,-1.,-0.));
#630 = FACE_BOUND('',#631,.F.);
#631 = EDGE_LOOP('',(#632));
#632 = ORIENTED_EDGE('',*,*,#633,.T.);
#633 = EDGE_CURVE('',#634,#634,#636,.T.);
#634 = VERTEX_POINT('',#635);
#635 = CARTESIAN_POINT('',(107.95,-108.985,0.));
#636 = CIRCLE('',#637,0.4);
#637 = AXIS2_PLACEMENT_3D('',#638,#639,#640);
#638 = CARTESIAN_POINT('',(107.95,-108.585,0.));
#639 = DIRECTION('',(-0.,0.,-1.));
#640 = DIRECTION('',(3.5527136788E-14,-1.,-0.));
#641 = FACE_BOUND('',#642,.F.);
#642 = EDGE_LOOP('',(#643));
#643 = ORIENTED_EDGE('',*,*,#644,.T.);
#644 = EDGE_CURVE('',#645,#645,#647,.T.);
#645 = VERTEX_POINT('',#646);
#646 = CARTESIAN_POINT('',(97.79,-108.223,0.));
#647 = CIRCLE('',#648,0.4);
#648 = AXIS2_PLACEMENT_3D('',#649,#650,#651);
#649 = CARTESIAN_POINT('',(97.79,-107.823,0.));
#650 = DIRECTION('',(-0.,0.,-1.));
#651 = DIRECTION('',(3.5527136788E-14,-1.,-0.));
#652 = FACE_BOUND('',#653,.F.);
#653 = EDGE_LOOP('',(#654));
#654 = ORIENTED_EDGE('',*,*,#655,.T.);
#655 = EDGE_CURVE('',#656,#656,#658,.T.);
#656 = VERTEX_POINT('',#657);
#657 = CARTESIAN_POINT('',(115.57,-112.16,0.));
#658 = CIRCLE('',#659,0.4);
#659 = AXIS2_PLACEMENT_3D('',#660,#661,#662);
#660 = CARTESIAN_POINT('',(115.57,-111.76,0.));
#661 = DIRECTION('',(-0.,0.,-1.));
#662 = DIRECTION('',(-0.,-1.,0.));
#663 = FACE_BOUND('',#664,.F.);
#664 = EDGE_LOOP('',(#665));
#665 = ORIENTED_EDGE('',*,*,#666,.T.);
#666 = EDGE_CURVE('',#667,#667,#669,.T.);
#667 = VERTEX_POINT('',#668);
#668 = CARTESIAN_POINT('',(118.11,-112.16,0.));
#669 = CIRCLE('',#670,0.4);
#670 = AXIS2_PLACEMENT_3D('',#671,#672,#673);
#671 = CARTESIAN_POINT('',(118.11,-111.76,0.));
#672 = DIRECTION('',(-0.,0.,-1.));
#673 = DIRECTION('',(-0.,-1.,0.));
#674 = FACE_BOUND('',#675,.F.);
#675 = EDGE_LOOP('',(#676));
#676 = ORIENTED_EDGE('',*,*,#677,.T.);
#677 = EDGE_CURVE('',#678,#678,#680,.T.);
#678 = VERTEX_POINT('',#679);
#679 = CARTESIAN_POINT('',(120.65,-112.16,0.));
#680 = CIRCLE('',#681,0.4);
#681 = AXIS2_PLACEMENT_3D('',#682,#683,#684);
#682 = CARTESIAN_POINT('',(120.65,-111.76,0.));
#683 = DIRECTION('',(-0.,0.,-1.));
#684 = DIRECTION('',(-0.,-1.,0.));
#685 = FACE_BOUND('',#686,.F.);
#686 = EDGE_LOOP('',(#687));
#687 = ORIENTED_EDGE('',*,*,#688,.T.);
#688 = EDGE_CURVE('',#689,#689,#691,.T.);
#689 = VERTEX_POINT('',#690);
#690 = CARTESIAN_POINT('',(123.19,-112.16,0.));
#691 = CIRCLE('',#692,0.4);
#692 = AXIS2_PLACEMENT_3D('',#693,#694,#695);
#693 = CARTESIAN_POINT('',(123.19,-111.76,0.));
#694 = DIRECTION('',(-0.,0.,-1.));
#695 = DIRECTION('',(-0.,-1.,0.));
#696 = FACE_BOUND('',#697,.F.);
#697 = EDGE_LOOP('',(#698));
#698 = ORIENTED_EDGE('',*,*,#699,.T.);
#699 = EDGE_CURVE('',#700,#700,#702,.T.);
#700 = VERTEX_POINT('',#701);
#701 = CARTESIAN_POINT('',(125.73,-112.16,0.));
#702 = CIRCLE('',#703,0.4);
#703 = AXIS2_PLACEMENT_3D('',#704,#705,#706);
#704 = CARTESIAN_POINT('',(125.73,-111.76,0.));
#705 = DIRECTION('',(-0.,0.,-1.));
#706 = DIRECTION('',(3.5527136788E-14,-1.,-0.));
#707 = FACE_BOUND('',#708,.F.);
#708 = EDGE_LOOP('',(#709));
#709 = ORIENTED_EDGE('',*,*,#710,.T.);
#710 = EDGE_CURVE('',#711,#711,#713,.T.);
#711 = VERTEX_POINT('',#712);
#712 = CARTESIAN_POINT('',(128.27,-112.16,0.));
#713 = CIRCLE('',#714,0.4);
#714 = AXIS2_PLACEMENT_3D('',#715,#716,#717);
#715 = CARTESIAN_POINT('',(128.27,-111.76,0.));
#716 = DIRECTION('',(-0.,0.,-1.));
#717 = DIRECTION('',(7.105427357601E-14,-1.,-0.));
#718 = FACE_BOUND('',#719,.F.);
#719 = EDGE_LOOP('',(#720));
#720 = ORIENTED_EDGE('',*,*,#721,.T.);
#721 = EDGE_CURVE('',#722,#722,#724,.T.);
#722 = VERTEX_POINT('',#723);
#723 = CARTESIAN_POINT('',(130.81,-112.16,0.));
#724 = CIRCLE('',#725,0.4);
#725 = AXIS2_PLACEMENT_3D('',#726,#727,#728);
#726 = CARTESIAN_POINT('',(130.81,-111.76,0.));
#727 = DIRECTION('',(-0.,0.,-1.));
#728 = DIRECTION('',(-0.,-1.,0.));
#729 = FACE_BOUND('',#730,.F.);
#730 = EDGE_LOOP('',(#731));
#731 = ORIENTED_EDGE('',*,*,#732,.T.);
#732 = EDGE_CURVE('',#733,#733,#735,.T.);
#733 = VERTEX_POINT('',#734);
#734 = CARTESIAN_POINT('',(135.255,-112.16,0.));
#735 = CIRCLE('',#736,0.4);
#736 = AXIS2_PLACEMENT_3D('',#737,#738,#739);
#737 = CARTESIAN_POINT('',(135.255,-111.76,0.));
#738 = DIRECTION('',(-0.,0.,-1.));
#739 = DIRECTION('',(-0.,-1.,0.));
#740 = FACE_BOUND('',#741,.F.);
#741 = EDGE_LOOP('',(#742));
#742 = ORIENTED_EDGE('',*,*,#743,.T.);
#743 = EDGE_CURVE('',#744,#744,#746,.T.);
#744 = VERTEX_POINT('',#745);
#745 = CARTESIAN_POINT('',(140.335,-112.16,0.));
#746 = CIRCLE('',#747,0.4);
#747 = AXIS2_PLACEMENT_3D('',#748,#749,#750);
#748 = CARTESIAN_POINT('',(140.335,-111.76,0.));
#749 = DIRECTION('',(-0.,0.,-1.));
#750 = DIRECTION('',(-0.,-1.,0.));
#751 = FACE_BOUND('',#752,.F.);
#752 = EDGE_LOOP('',(#753));
#753 = ORIENTED_EDGE('',*,*,#754,.T.);
#754 = EDGE_CURVE('',#755,#755,#757,.T.);
#755 = VERTEX_POINT('',#756);
#756 = CARTESIAN_POINT('',(134.62,-102.635,0.));
#757 = CIRCLE('',#758,0.4);
#758 = AXIS2_PLACEMENT_3D('',#759,#760,#761);
#759 = CARTESIAN_POINT('',(134.62,-102.235,0.));
#760 = DIRECTION('',(-0.,0.,-1.));
#761 = DIRECTION('',(-0.,-1.,0.));
#762 = FACE_BOUND('',#763,.F.);
#763 = EDGE_LOOP('',(#764));
#764 = ORIENTED_EDGE('',*,*,#765,.T.);
#765 = EDGE_CURVE('',#766,#766,#768,.T.);
#766 = VERTEX_POINT('',#767);
#767 = CARTESIAN_POINT('',(144.78,-102.635,0.));
#768 = CIRCLE('',#769,0.4);
#769 = AXIS2_PLACEMENT_3D('',#770,#771,#772);
#770 = CARTESIAN_POINT('',(144.78,-102.235,0.));
#771 = DIRECTION('',(-0.,0.,-1.));
#772 = DIRECTION('',(-0.,-1.,0.));
#773 = FACE_BOUND('',#774,.F.);
#774 = EDGE_LOOP('',(#775));
#775 = ORIENTED_EDGE('',*,*,#776,.T.);
#776 = EDGE_CURVE('',#777,#777,#779,.T.);
#777 = VERTEX_POINT('',#778);
#778 = CARTESIAN_POINT('',(147.955,-102.635,0.));
#779 = CIRCLE('',#780,0.4);
#780 = AXIS2_PLACEMENT_3D('',#781,#782,#783);
#781 = CARTESIAN_POINT('',(147.955,-102.235,0.));
#782 = DIRECTION('',(-0.,0.,-1.));
#783 = DIRECTION('',(7.105427357601E-14,-1.,-0.));
#784 = FACE_BOUND('',#785,.F.);
#785 = EDGE_LOOP('',(#786));
#786 = ORIENTED_EDGE('',*,*,#787,.T.);
#787 = EDGE_CURVE('',#788,#788,#790,.T.);
#788 = VERTEX_POINT('',#789);
#789 = CARTESIAN_POINT('',(127.635,-91.44,0.));
#790 = CIRCLE('',#791,0.635);
#791 = AXIS2_PLACEMENT_3D('',#792,#793,#794);
#792 = CARTESIAN_POINT('',(127.635,-90.805,0.));
#793 = DIRECTION('',(-0.,0.,-1.));
#794 = DIRECTION('',(-0.,-1.,0.));
#795 = FACE_BOUND('',#796,.F.);
#796 = EDGE_LOOP('',(#797));
#797 = ORIENTED_EDGE('',*,*,#798,.T.);
#798 = EDGE_CURVE('',#799,#799,#801,.T.);
#799 = VERTEX_POINT('',#800);
#800 = CARTESIAN_POINT('',(142.24,-98.165,0.));
#801 = CIRCLE('',#802,0.375);
#802 = AXIS2_PLACEMENT_3D('',#803,#804,#805);
#803 = CARTESIAN_POINT('',(142.24,-97.79,0.));
#804 = DIRECTION('',(-0.,0.,-1.));
#805 = DIRECTION('',(-0.,-1.,0.));
#806 = FACE_BOUND('',#807,.F.);
#807 = EDGE_LOOP('',(#808));
#808 = ORIENTED_EDGE('',*,*,#809,.T.);
#809 = EDGE_CURVE('',#810,#810,#812,.T.);
#810 = VERTEX_POINT('',#811);
#811 = CARTESIAN_POINT('',(143.51,-96.895,0.));
#812 = CIRCLE('',#813,0.375);
#813 = AXIS2_PLACEMENT_3D('',#814,#815,#816);
#814 = CARTESIAN_POINT('',(143.51,-96.52,0.));
#815 = DIRECTION('',(-0.,0.,-1.));
#816 = DIRECTION('',(-0.,-1.,0.));
#817 = FACE_BOUND('',#818,.F.);
#818 = EDGE_LOOP('',(#819));
#819 = ORIENTED_EDGE('',*,*,#820,.T.);
#820 = EDGE_CURVE('',#821,#821,#823,.T.);
#821 = VERTEX_POINT('',#822);
#822 = CARTESIAN_POINT('',(144.78,-98.165,0.));
#823 = CIRCLE('',#824,0.375);
#824 = AXIS2_PLACEMENT_3D('',#825,#826,#827);
#825 = CARTESIAN_POINT('',(144.78,-97.79,0.));
#826 = DIRECTION('',(-0.,0.,-1.));
#827 = DIRECTION('',(-0.,-1.,0.));
#828 = FACE_BOUND('',#829,.F.);
#829 = EDGE_LOOP('',(#830));
#830 = ORIENTED_EDGE('',*,*,#831,.T.);
#831 = EDGE_CURVE('',#832,#832,#834,.T.);
#832 = VERTEX_POINT('',#833);
#833 = CARTESIAN_POINT('',(139.065,-91.459,0.));
#834 = CIRCLE('',#835,0.4);
#835 = AXIS2_PLACEMENT_3D('',#836,#837,#838);
#836 = CARTESIAN_POINT('',(139.065,-91.059,0.));
#837 = DIRECTION('',(-0.,0.,-1.));
#838 = DIRECTION('',(-0.,-1.,0.));
#839 = FACE_BOUND('',#840,.F.);
#840 = EDGE_LOOP('',(#841));
#841 = ORIENTED_EDGE('',*,*,#842,.T.);
#842 = EDGE_CURVE('',#843,#843,#845,.T.);
#843 = VERTEX_POINT('',#844);
#844 = CARTESIAN_POINT('',(149.225,-91.459,0.));
#845 = CIRCLE('',#846,0.4);
#846 = AXIS2_PLACEMENT_3D('',#847,#848,#849);
#847 = CARTESIAN_POINT('',(149.225,-91.059,0.));
#848 = DIRECTION('',(-0.,0.,-1.));
#849 = DIRECTION('',(-0.,-1.,0.));
#850 = FACE_BOUND('',#851,.F.);
#851 = EDGE_LOOP('',(#852));
#852 = ORIENTED_EDGE('',*,*,#853,.T.);
#853 = EDGE_CURVE('',#854,#854,#856,.T.);
#854 = VERTEX_POINT('',#855);
#855 = CARTESIAN_POINT('',(158.75,-138.04,0.));
#856 = CIRCLE('',#857,2.15);
#857 = AXIS2_PLACEMENT_3D('',#858,#859,#860);
#858 = CARTESIAN_POINT('',(158.75,-135.89,0.));
#859 = DIRECTION('',(-0.,0.,-1.));
#860 = DIRECTION('',(-0.,-1.,0.));
#861 = FACE_BOUND('',#862,.F.);
#862 = EDGE_LOOP('',(#863));
#863 = ORIENTED_EDGE('',*,*,#864,.T.);
#864 = EDGE_CURVE('',#865,#865,#867,.T.);
#865 = VERTEX_POINT('',#866);
#866 = CARTESIAN_POINT('',(179.07,-128.67,0.));
#867 = CIRCLE('',#868,0.4);
#868 = AXIS2_PLACEMENT_3D('',#869,#870,#871);
#869 = CARTESIAN_POINT('',(179.07,-128.27,0.));
#870 = DIRECTION('',(-0.,0.,-1.));
#871 = DIRECTION('',(-0.,-1.,0.));
#872 = FACE_BOUND('',#873,.F.);
#873 = EDGE_LOOP('',(#874));
#874 = ORIENTED_EDGE('',*,*,#875,.T.);
#875 = EDGE_CURVE('',#876,#876,#878,.T.);
#876 = VERTEX_POINT('',#877);
#877 = CARTESIAN_POINT('',(186.69,-128.67,0.));
#878 = CIRCLE('',#879,0.4);
#879 = AXIS2_PLACEMENT_3D('',#880,#881,#882);
#880 = CARTESIAN_POINT('',(186.69,-128.27,0.));
#881 = DIRECTION('',(-0.,0.,-1.));
#882 = DIRECTION('',(-0.,-1.,0.));
#883 = FACE_BOUND('',#884,.F.);
#884 = EDGE_LOOP('',(#885));
#885 = ORIENTED_EDGE('',*,*,#886,.T.);
#886 = EDGE_CURVE('',#887,#887,#889,.T.);
#887 = VERTEX_POINT('',#888);
#888 = CARTESIAN_POINT('',(179.07,-126.13,0.));
#889 = CIRCLE('',#890,0.4);
#890 = AXIS2_PLACEMENT_3D('',#891,#892,#893);
#891 = CARTESIAN_POINT('',(179.07,-125.73,0.));
#892 = DIRECTION('',(-0.,0.,-1.));
#893 = DIRECTION('',(-0.,-1.,0.));
#894 = FACE_BOUND('',#895,.F.);
#895 = EDGE_LOOP('',(#896));
#896 = ORIENTED_EDGE('',*,*,#897,.T.);
#897 = EDGE_CURVE('',#898,#898,#900,.T.);
#898 = VERTEX_POINT('',#899);
#899 = CARTESIAN_POINT('',(179.07,-123.59,0.));
#900 = CIRCLE('',#901,0.4);
#901 = AXIS2_PLACEMENT_3D('',#902,#903,#904);
#902 = CARTESIAN_POINT('',(179.07,-123.19,0.));
#903 = DIRECTION('',(-0.,0.,-1.));
#904 = DIRECTION('',(-0.,-1.,0.));
#905 = FACE_BOUND('',#906,.F.);
#906 = EDGE_LOOP('',(#907));
#907 = ORIENTED_EDGE('',*,*,#908,.T.);
#908 = EDGE_CURVE('',#909,#909,#911,.T.);
#909 = VERTEX_POINT('',#910);
#910 = CARTESIAN_POINT('',(179.07,-121.05,0.));
#911 = CIRCLE('',#912,0.4);
#912 = AXIS2_PLACEMENT_3D('',#913,#914,#915);
#913 = CARTESIAN_POINT('',(179.07,-120.65,0.));
#914 = DIRECTION('',(-0.,0.,-1.));
#915 = DIRECTION('',(-0.,-1.,0.));
#916 = FACE_BOUND('',#917,.F.);
#917 = EDGE_LOOP('',(#918));
#918 = ORIENTED_EDGE('',*,*,#919,.T.);
#919 = EDGE_CURVE('',#920,#920,#922,.T.);
#920 = VERTEX_POINT('',#921);
#921 = CARTESIAN_POINT('',(186.69,-126.13,0.));
#922 = CIRCLE('',#923,0.4);
#923 = AXIS2_PLACEMENT_3D('',#924,#925,#926);
#924 = CARTESIAN_POINT('',(186.69,-125.73,0.));
#925 = DIRECTION('',(-0.,0.,-1.));
#926 = DIRECTION('',(-0.,-1.,0.));
#927 = FACE_BOUND('',#928,.F.);
#928 = EDGE_LOOP('',(#929));
#929 = ORIENTED_EDGE('',*,*,#930,.T.);
#930 = EDGE_CURVE('',#931,#931,#933,.T.);
#931 = VERTEX_POINT('',#932);
#932 = CARTESIAN_POINT('',(186.69,-123.59,0.));
#933 = CIRCLE('',#934,0.4);
#934 = AXIS2_PLACEMENT_3D('',#935,#936,#937);
#935 = CARTESIAN_POINT('',(186.69,-123.19,0.));
#936 = DIRECTION('',(-0.,0.,-1.));
#937 = DIRECTION('',(-0.,-1.,0.));
#938 = FACE_BOUND('',#939,.F.);
#939 = EDGE_LOOP('',(#940));
#940 = ORIENTED_EDGE('',*,*,#941,.T.);
#941 = EDGE_CURVE('',#942,#942,#944,.T.);
#942 = VERTEX_POINT('',#943);
#943 = CARTESIAN_POINT('',(186.69,-121.05,0.));
#944 = CIRCLE('',#945,0.4);
#945 = AXIS2_PLACEMENT_3D('',#946,#947,#948);
#946 = CARTESIAN_POINT('',(186.69,-120.65,0.));
#947 = DIRECTION('',(-0.,0.,-1.));
#948 = DIRECTION('',(-0.,-1.,0.));
#949 = FACE_BOUND('',#950,.F.);
#950 = EDGE_LOOP('',(#951));
#951 = ORIENTED_EDGE('',*,*,#952,.T.);
#952 = EDGE_CURVE('',#953,#953,#955,.T.);
#953 = VERTEX_POINT('',#954);
#954 = CARTESIAN_POINT('',(179.07,-117.24,0.));
#955 = CIRCLE('',#956,0.4);
#956 = AXIS2_PLACEMENT_3D('',#957,#958,#959);
#957 = CARTESIAN_POINT('',(179.07,-116.84,0.));
#958 = DIRECTION('',(-0.,0.,-1.));
#959 = DIRECTION('',(-0.,-1.,0.));
#960 = FACE_BOUND('',#961,.F.);
#961 = EDGE_LOOP('',(#962));
#962 = ORIENTED_EDGE('',*,*,#963,.T.);
#963 = EDGE_CURVE('',#964,#964,#966,.T.);
#964 = VERTEX_POINT('',#965);
#965 = CARTESIAN_POINT('',(179.07,-114.7,0.));
#966 = CIRCLE('',#967,0.4);
#967 = AXIS2_PLACEMENT_3D('',#968,#969,#970);
#968 = CARTESIAN_POINT('',(179.07,-114.3,0.));
#969 = DIRECTION('',(-0.,0.,-1.));
#970 = DIRECTION('',(-0.,-1.,0.));
#971 = FACE_BOUND('',#972,.F.);
#972 = EDGE_LOOP('',(#973));
#973 = ORIENTED_EDGE('',*,*,#974,.T.);
#974 = EDGE_CURVE('',#975,#975,#977,.T.);
#975 = VERTEX_POINT('',#976);
#976 = CARTESIAN_POINT('',(186.69,-117.24,0.));
#977 = CIRCLE('',#978,0.4);
#978 = AXIS2_PLACEMENT_3D('',#979,#980,#981);
#979 = CARTESIAN_POINT('',(186.69,-116.84,0.));
#980 = DIRECTION('',(-0.,0.,-1.));
#981 = DIRECTION('',(-0.,-1.,0.));
#982 = FACE_BOUND('',#983,.F.);
#983 = EDGE_LOOP('',(#984));
#984 = ORIENTED_EDGE('',*,*,#985,.T.);
#985 = EDGE_CURVE('',#986,#986,#988,.T.);
#986 = VERTEX_POINT('',#987);
#987 = CARTESIAN_POINT('',(186.69,-114.7,0.));
#988 = CIRCLE('',#989,0.4);
#989 = AXIS2_PLACEMENT_3D('',#990,#991,#992);
#990 = CARTESIAN_POINT('',(186.69,-114.3,0.));
#991 = DIRECTION('',(-0.,0.,-1.));
#992 = DIRECTION('',(-0.,-1.,0.));
#993 = FACE_BOUND('',#994,.F.);
#994 = EDGE_LOOP('',(#995));
#995 = ORIENTED_EDGE('',*,*,#996,.T.);
#996 = EDGE_CURVE('',#997,#997,#999,.T.);
#997 = VERTEX_POINT('',#998);
#998 = CARTESIAN_POINT('',(207.899,-128.67,0.));
#999 = CIRCLE('',#1000,0.4);
#1000 = AXIS2_PLACEMENT_3D('',#1001,#1002,#1003);
#1001 = CARTESIAN_POINT('',(207.899,-128.27,0.));
#1002 = DIRECTION('',(-0.,0.,-1.));
#1003 = DIRECTION('',(-0.,-1.,0.));
#1004 = FACE_BOUND('',#1005,.F.);
#1005 = EDGE_LOOP('',(#1006));
#1006 = ORIENTED_EDGE('',*,*,#1007,.T.);
#1007 = EDGE_CURVE('',#1008,#1008,#1010,.T.);
#1008 = VERTEX_POINT('',#1009);
#1009 = CARTESIAN_POINT('',(229.87,-138.04,0.));
#1010 = CIRCLE('',#1011,2.15);
#1011 = AXIS2_PLACEMENT_3D('',#1012,#1013,#1014);
#1012 = CARTESIAN_POINT('',(229.87,-135.89,0.));
#1013 = DIRECTION('',(-0.,0.,-1.));
#1014 = DIRECTION('',(-0.,-1.,0.));
#1015 = FACE_BOUND('',#1016,.F.);
#1016 = EDGE_LOOP('',(#1017));
#1017 = ORIENTED_EDGE('',*,*,#1018,.T.);
#1018 = EDGE_CURVE('',#1019,#1019,#1021,.T.);
#1019 = VERTEX_POINT('',#1020);
#1020 = CARTESIAN_POINT('',(215.519,-128.67,0.));
#1021 = CIRCLE('',#1022,0.4);
#1022 = AXIS2_PLACEMENT_3D('',#1023,#1024,#1025);
#1023 = CARTESIAN_POINT('',(215.519,-128.27,0.));
#1024 = DIRECTION('',(-0.,0.,-1.));
#1025 = DIRECTION('',(-0.,-1.,0.));
#1026 = FACE_BOUND('',#1027,.F.);
#1027 = EDGE_LOOP('',(#1028));
#1028 = ORIENTED_EDGE('',*,*,#1029,.T.);
#1029 = EDGE_CURVE('',#1030,#1030,#1032,.T.);
#1030 = VERTEX_POINT('',#1031);
#1031 = CARTESIAN_POINT('',(207.899,-126.13,0.));
#1032 = CIRCLE('',#1033,0.4);
#1033 = AXIS2_PLACEMENT_3D('',#1034,#1035,#1036);
#1034 = CARTESIAN_POINT('',(207.899,-125.73,0.));
#1035 = DIRECTION('',(-0.,0.,-1.));
#1036 = DIRECTION('',(-0.,-1.,0.));
#1037 = FACE_BOUND('',#1038,.F.);
#1038 = EDGE_LOOP('',(#1039));
#1039 = ORIENTED_EDGE('',*,*,#1040,.T.);
#1040 = EDGE_CURVE('',#1041,#1041,#1043,.T.);
#1041 = VERTEX_POINT('',#1042);
#1042 = CARTESIAN_POINT('',(207.899,-123.59,0.));
#1043 = CIRCLE('',#1044,0.4);
#1044 = AXIS2_PLACEMENT_3D('',#1045,#1046,#1047);
#1045 = CARTESIAN_POINT('',(207.899,-123.19,0.));
#1046 = DIRECTION('',(-0.,0.,-1.));
#1047 = DIRECTION('',(-0.,-1.,0.));
#1048 = FACE_BOUND('',#1049,.F.);
#1049 = EDGE_LOOP('',(#1050));
#1050 = ORIENTED_EDGE('',*,*,#1051,.T.);
#1051 = EDGE_CURVE('',#1052,#1052,#1054,.T.);
#1052 = VERTEX_POINT('',#1053);
#1053 = CARTESIAN_POINT('',(207.899,-121.05,0.));
#1054 = CIRCLE('',#1055,0.4);
#1055 = AXIS2_PLACEMENT_3D('',#1056,#1057,#1058);
#1056 = CARTESIAN_POINT('',(207.899,-120.65,0.));
#1057 = DIRECTION('',(-0.,0.,-1.));
#1058 = DIRECTION('',(-0.,-1.,0.));
#1059 = FACE_BOUND('',#1060,.F.);
#1060 = EDGE_LOOP('',(#1061));
#1061 = ORIENTED_EDGE('',*,*,#1062,.T.);
#1062 = EDGE_CURVE('',#1063,#1063,#1065,.T.);
#1063 = VERTEX_POINT('',#1064);
#1064 = CARTESIAN_POINT('',(196.85,-117.795,0.));
#1065 = CIRCLE('',#1066,0.4);
#1066 = AXIS2_PLACEMENT_3D('',#1067,#1068,#1069);
#1067 = CARTESIAN_POINT('',(196.85,-117.395,0.));
#1068 = DIRECTION('',(-0.,0.,-1.));
#1069 = DIRECTION('',(-0.,-1.,0.));
#1070 = FACE_BOUND('',#1071,.F.);
#1071 = EDGE_LOOP('',(#1072));
#1072 = ORIENTED_EDGE('',*,*,#1073,.T.);
#1073 = EDGE_CURVE('',#1074,#1074,#1076,.T.);
#1074 = VERTEX_POINT('',#1075);
#1075 = CARTESIAN_POINT('',(207.899,-118.51,0.));
#1076 = CIRCLE('',#1077,0.4);
#1077 = AXIS2_PLACEMENT_3D('',#1078,#1079,#1080);
#1078 = CARTESIAN_POINT('',(207.899,-118.11,0.));
#1079 = DIRECTION('',(-0.,0.,-1.));
#1080 = DIRECTION('',(-0.,-1.,0.));
#1081 = FACE_BOUND('',#1082,.F.);
#1082 = EDGE_LOOP('',(#1083));
#1083 = ORIENTED_EDGE('',*,*,#1084,.T.);
#1084 = EDGE_CURVE('',#1085,#1085,#1087,.T.);
#1085 = VERTEX_POINT('',#1086);
#1086 = CARTESIAN_POINT('',(207.899,-115.97,0.));
#1087 = CIRCLE('',#1088,0.4);
#1088 = AXIS2_PLACEMENT_3D('',#1089,#1090,#1091);
#1089 = CARTESIAN_POINT('',(207.899,-115.57,0.));
#1090 = DIRECTION('',(-0.,0.,-1.));
#1091 = DIRECTION('',(-0.,-1.,0.));
#1092 = FACE_BOUND('',#1093,.F.);
#1093 = EDGE_LOOP('',(#1094));
#1094 = ORIENTED_EDGE('',*,*,#1095,.T.);
#1095 = EDGE_CURVE('',#1096,#1096,#1098,.T.);
#1096 = VERTEX_POINT('',#1097);
#1097 = CARTESIAN_POINT('',(215.519,-126.13,0.));
#1098 = CIRCLE('',#1099,0.4);
#1099 = AXIS2_PLACEMENT_3D('',#1100,#1101,#1102);
#1100 = CARTESIAN_POINT('',(215.519,-125.73,0.));
#1101 = DIRECTION('',(-0.,0.,-1.));
#1102 = DIRECTION('',(-0.,-1.,0.));
#1103 = FACE_BOUND('',#1104,.F.);
#1104 = EDGE_LOOP('',(#1105));
#1105 = ORIENTED_EDGE('',*,*,#1106,.T.);
#1106 = EDGE_CURVE('',#1107,#1107,#1109,.T.);
#1107 = VERTEX_POINT('',#1108);
#1108 = CARTESIAN_POINT('',(215.519,-123.59,0.));
#1109 = CIRCLE('',#1110,0.4);
#1110 = AXIS2_PLACEMENT_3D('',#1111,#1112,#1113);
#1111 = CARTESIAN_POINT('',(215.519,-123.19,0.));
#1112 = DIRECTION('',(-0.,0.,-1.));
#1113 = DIRECTION('',(-0.,-1.,0.));
#1114 = FACE_BOUND('',#1115,.F.);
#1115 = EDGE_LOOP('',(#1116));
#1116 = ORIENTED_EDGE('',*,*,#1117,.T.);
#1117 = EDGE_CURVE('',#1118,#1118,#1120,.T.);
#1118 = VERTEX_POINT('',#1119);
#1119 = CARTESIAN_POINT('',(215.519,-121.05,0.));
#1120 = CIRCLE('',#1121,0.4);
#1121 = AXIS2_PLACEMENT_3D('',#1122,#1123,#1124);
#1122 = CARTESIAN_POINT('',(215.519,-120.65,0.));
#1123 = DIRECTION('',(-0.,0.,-1.));
#1124 = DIRECTION('',(-0.,-1.,0.));
#1125 = FACE_BOUND('',#1126,.F.);
#1126 = EDGE_LOOP('',(#1127));
#1127 = ORIENTED_EDGE('',*,*,#1128,.T.);
#1128 = EDGE_CURVE('',#1129,#1129,#1131,.T.);
#1129 = VERTEX_POINT('',#1130);
#1130 = CARTESIAN_POINT('',(215.519,-118.51,0.));
#1131 = CIRCLE('',#1132,0.4);
#1132 = AXIS2_PLACEMENT_3D('',#1133,#1134,#1135);
#1133 = CARTESIAN_POINT('',(215.519,-118.11,0.));
#1134 = DIRECTION('',(-0.,0.,-1.));
#1135 = DIRECTION('',(-0.,-1.,0.));
#1136 = FACE_BOUND('',#1137,.F.);
#1137 = EDGE_LOOP('',(#1138));
#1138 = ORIENTED_EDGE('',*,*,#1139,.T.);
#1139 = EDGE_CURVE('',#1140,#1140,#1142,.T.);
#1140 = VERTEX_POINT('',#1141);
#1141 = CARTESIAN_POINT('',(215.519,-115.97,0.));
#1142 = CIRCLE('',#1143,0.4);
#1143 = AXIS2_PLACEMENT_3D('',#1144,#1145,#1146);
#1144 = CARTESIAN_POINT('',(215.519,-115.57,0.));
#1145 = DIRECTION('',(-0.,0.,-1.));
#1146 = DIRECTION('',(-0.,-1.,0.));
#1147 = FACE_BOUND('',#1148,.F.);
#1148 = EDGE_LOOP('',(#1149));
#1149 = ORIENTED_EDGE('',*,*,#1150,.T.);
#1150 = EDGE_CURVE('',#1151,#1151,#1153,.T.);
#1151 = VERTEX_POINT('',#1152);
#1152 = CARTESIAN_POINT('',(158.115,-102.635,0.));
#1153 = CIRCLE('',#1154,0.4);
#1154 = AXIS2_PLACEMENT_3D('',#1155,#1156,#1157);
#1155 = CARTESIAN_POINT('',(158.115,-102.235,0.));
#1156 = DIRECTION('',(-0.,0.,-1.));
#1157 = DIRECTION('',(-0.,-1.,0.));
#1158 = FACE_BOUND('',#1159,.F.);
#1159 = EDGE_LOOP('',(#1160));
#1160 = ORIENTED_EDGE('',*,*,#1161,.T.);
#1161 = EDGE_CURVE('',#1162,#1162,#1164,.T.);
#1162 = VERTEX_POINT('',#1163);
#1163 = CARTESIAN_POINT('',(179.07,-112.16,0.));
#1164 = CIRCLE('',#1165,0.4);
#1165 = AXIS2_PLACEMENT_3D('',#1166,#1167,#1168);
#1166 = CARTESIAN_POINT('',(179.07,-111.76,0.));
#1167 = DIRECTION('',(-0.,0.,-1.));
#1168 = DIRECTION('',(-0.,-1.,0.));
#1169 = FACE_BOUND('',#1170,.F.);
#1170 = EDGE_LOOP('',(#1171));
#1171 = ORIENTED_EDGE('',*,*,#1172,.T.);
#1172 = EDGE_CURVE('',#1173,#1173,#1175,.T.);
#1173 = VERTEX_POINT('',#1174);
#1174 = CARTESIAN_POINT('',(179.07,-109.62,0.));
#1175 = CIRCLE('',#1176,0.4);
#1176 = AXIS2_PLACEMENT_3D('',#1177,#1178,#1179);
#1177 = CARTESIAN_POINT('',(179.07,-109.22,0.));
#1178 = DIRECTION('',(-0.,0.,-1.));
#1179 = DIRECTION('',(-0.,-1.,0.));
#1180 = FACE_BOUND('',#1181,.F.);
#1181 = EDGE_LOOP('',(#1182));
#1182 = ORIENTED_EDGE('',*,*,#1183,.T.);
#1183 = EDGE_CURVE('',#1184,#1184,#1186,.T.);
#1184 = VERTEX_POINT('',#1185);
#1185 = CARTESIAN_POINT('',(186.69,-112.16,0.));
#1186 = CIRCLE('',#1187,0.4);
#1187 = AXIS2_PLACEMENT_3D('',#1188,#1189,#1190);
#1188 = CARTESIAN_POINT('',(186.69,-111.76,0.));
#1189 = DIRECTION('',(-0.,0.,-1.));
#1190 = DIRECTION('',(-0.,-1.,0.));
#1191 = FACE_BOUND('',#1192,.F.);
#1192 = EDGE_LOOP('',(#1193));
#1193 = ORIENTED_EDGE('',*,*,#1194,.T.);
#1194 = EDGE_CURVE('',#1195,#1195,#1197,.T.);
#1195 = VERTEX_POINT('',#1196);
#1196 = CARTESIAN_POINT('',(186.69,-109.62,0.));
#1197 = CIRCLE('',#1198,0.4);
#1198 = AXIS2_PLACEMENT_3D('',#1199,#1200,#1201);
#1199 = CARTESIAN_POINT('',(186.69,-109.22,0.));
#1200 = DIRECTION('',(-0.,0.,-1.));
#1201 = DIRECTION('',(-0.,-1.,0.));
#1202 = FACE_BOUND('',#1203,.F.);
#1203 = EDGE_LOOP('',(#1204));
#1204 = ORIENTED_EDGE('',*,*,#1205,.T.);
#1205 = EDGE_CURVE('',#1206,#1206,#1208,.T.);
#1206 = VERTEX_POINT('',#1207);
#1207 = CARTESIAN_POINT('',(153.67,-97.605,0.));
#1208 = CIRCLE('',#1209,0.45);
#1209 = AXIS2_PLACEMENT_3D('',#1210,#1211,#1212);
#1210 = CARTESIAN_POINT('',(153.67,-97.155,0.));
#1211 = DIRECTION('',(-0.,0.,-1.));
#1212 = DIRECTION('',(-6.315935428979E-14,-1.,0.));
#1213 = FACE_BOUND('',#1214,.F.);
#1214 = EDGE_LOOP('',(#1215));
#1215 = ORIENTED_EDGE('',*,*,#1216,.T.);
#1216 = EDGE_CURVE('',#1217,#1217,#1219,.T.);
#1217 = VERTEX_POINT('',#1218);
#1218 = CARTESIAN_POINT('',(156.21,-97.605,0.));
#1219 = CIRCLE('',#1220,0.45);
#1220 = AXIS2_PLACEMENT_3D('',#1221,#1222,#1223);
#1221 = CARTESIAN_POINT('',(156.21,-97.155,0.));
#1222 = DIRECTION('',(-0.,0.,-1.));
#1223 = DIRECTION('',(6.315935428978E-14,-1.,-0.));
#1224 = FACE_BOUND('',#1225,.F.);
#1225 = EDGE_LOOP('',(#1226));
#1226 = ORIENTED_EDGE('',*,*,#1227,.T.);
#1227 = EDGE_CURVE('',#1228,#1228,#1230,.T.);
#1228 = VERTEX_POINT('',#1229);
#1229 = CARTESIAN_POINT('',(168.91,-97.52,0.));
#1230 = CIRCLE('',#1231,1.);
#1231 = AXIS2_PLACEMENT_3D('',#1232,#1233,#1234);
#1232 = CARTESIAN_POINT('',(168.91,-96.52,0.));
#1233 = DIRECTION('',(-0.,0.,-1.));
#1234 = DIRECTION('',(-0.,-1.,0.));
#1235 = FACE_BOUND('',#1236,.F.);
#1236 = EDGE_LOOP('',(#1237));
#1237 = ORIENTED_EDGE('',*,*,#1238,.T.);
#1238 = EDGE_CURVE('',#1239,#1239,#1241,.T.);
#1239 = VERTEX_POINT('',#1240);
#1240 = CARTESIAN_POINT('',(175.26,-99.56,0.));
#1241 = CIRCLE('',#1242,0.5);
#1242 = AXIS2_PLACEMENT_3D('',#1243,#1244,#1245);
#1243 = CARTESIAN_POINT('',(175.26,-99.06,0.));
#1244 = DIRECTION('',(-0.,0.,-1.));
#1245 = DIRECTION('',(-0.,-1.,0.));
#1246 = FACE_BOUND('',#1247,.F.);
#1247 = EDGE_LOOP('',(#1248));
#1248 = ORIENTED_EDGE('',*,*,#1249,.T.);
#1249 = EDGE_CURVE('',#1250,#1250,#1252,.T.);
#1250 = VERTEX_POINT('',#1251);
#1251 = CARTESIAN_POINT('',(175.26,-97.02,0.));
#1252 = CIRCLE('',#1253,0.5);
#1253 = AXIS2_PLACEMENT_3D('',#1254,#1255,#1256);
#1254 = CARTESIAN_POINT('',(175.26,-96.52,0.));
#1255 = DIRECTION('',(-0.,0.,-1.));
#1256 = DIRECTION('',(-0.,-1.,0.));
#1257 = FACE_BOUND('',#1258,.F.);
#1258 = EDGE_LOOP('',(#1259));
#1259 = ORIENTED_EDGE('',*,*,#1260,.T.);
#1260 = EDGE_CURVE('',#1261,#1261,#1263,.T.);
#1261 = VERTEX_POINT('',#1262);
#1262 = CARTESIAN_POINT('',(190.5,-99.56,0.));
#1263 = CIRCLE('',#1264,0.5);
#1264 = AXIS2_PLACEMENT_3D('',#1265,#1266,#1267);
#1265 = CARTESIAN_POINT('',(190.5,-99.06,0.));
#1266 = DIRECTION('',(-0.,0.,-1.));
#1267 = DIRECTION('',(-0.,-1.,0.));
#1268 = FACE_BOUND('',#1269,.F.);
#1269 = EDGE_LOOP('',(#1270));
#1270 = ORIENTED_EDGE('',*,*,#1271,.T.);
#1271 = EDGE_CURVE('',#1272,#1272,#1274,.T.);
#1272 = VERTEX_POINT('',#1273);
#1273 = CARTESIAN_POINT('',(190.5,-97.02,0.));
#1274 = CIRCLE('',#1275,0.5);
#1275 = AXIS2_PLACEMENT_3D('',#1276,#1277,#1278);
#1276 = CARTESIAN_POINT('',(190.5,-96.52,0.));
#1277 = DIRECTION('',(-0.,0.,-1.));
#1278 = DIRECTION('',(-0.,-1.,0.));
#1279 = FACE_BOUND('',#1280,.F.);
#1280 = EDGE_LOOP('',(#1281));
#1281 = ORIENTED_EDGE('',*,*,#1282,.T.);
#1282 = EDGE_CURVE('',#1283,#1283,#1285,.T.);
#1283 = VERTEX_POINT('',#1284);
#1284 = CARTESIAN_POINT('',(175.26,-94.48,0.));
#1285 = CIRCLE('',#1286,0.5);
#1286 = AXIS2_PLACEMENT_3D('',#1287,#1288,#1289);
#1287 = CARTESIAN_POINT('',(175.26,-93.98,0.));
#1288 = DIRECTION('',(-0.,0.,-1.));
#1289 = DIRECTION('',(-0.,-1.,0.));
#1290 = FACE_BOUND('',#1291,.F.);
#1291 = EDGE_LOOP('',(#1292));
#1292 = ORIENTED_EDGE('',*,*,#1293,.T.);
#1293 = EDGE_CURVE('',#1294,#1294,#1296,.T.);
#1294 = VERTEX_POINT('',#1295);
#1295 = CARTESIAN_POINT('',(175.26,-91.94,0.));
#1296 = CIRCLE('',#1297,0.5);
#1297 = AXIS2_PLACEMENT_3D('',#1298,#1299,#1300);
#1298 = CARTESIAN_POINT('',(175.26,-91.44,0.));
#1299 = DIRECTION('',(-0.,0.,-1.));
#1300 = DIRECTION('',(-0.,-1.,0.));
#1301 = FACE_BOUND('',#1302,.F.);
#1302 = EDGE_LOOP('',(#1303));
#1303 = ORIENTED_EDGE('',*,*,#1304,.T.);
#1304 = EDGE_CURVE('',#1305,#1305,#1307,.T.);
#1305 = VERTEX_POINT('',#1306);
#1306 = CARTESIAN_POINT('',(190.5,-94.48,0.));
#1307 = CIRCLE('',#1308,0.5);
#1308 = AXIS2_PLACEMENT_3D('',#1309,#1310,#1311);
#1309 = CARTESIAN_POINT('',(190.5,-93.98,0.));
#1310 = DIRECTION('',(-0.,0.,-1.));
#1311 = DIRECTION('',(-0.,-1.,0.));
#1312 = FACE_BOUND('',#1313,.F.);
#1313 = EDGE_LOOP('',(#1314));
#1314 = ORIENTED_EDGE('',*,*,#1315,.T.);
#1315 = EDGE_CURVE('',#1316,#1316,#1318,.T.);
#1316 = VERTEX_POINT('',#1317);
#1317 = CARTESIAN_POINT('',(190.5,-91.94,0.));
#1318 = CIRCLE('',#1319,0.5);
#1319 = AXIS2_PLACEMENT_3D('',#1320,#1321,#1322);
#1320 = CARTESIAN_POINT('',(190.5,-91.44,0.));
#1321 = DIRECTION('',(-0.,0.,-1.));
#1322 = DIRECTION('',(-0.,-1.,0.));
#1323 = FACE_BOUND('',#1324,.F.);
#1324 = EDGE_LOOP('',(#1325));
#1325 = ORIENTED_EDGE('',*,*,#1326,.T.);
#1326 = EDGE_CURVE('',#1327,#1327,#1329,.T.);
#1327 = VERTEX_POINT('',#1328);
#1328 = CARTESIAN_POINT('',(196.85,-112.795,0.));
#1329 = CIRCLE('',#1330,0.4);
#1330 = AXIS2_PLACEMENT_3D('',#1331,#1332,#1333);
#1331 = CARTESIAN_POINT('',(196.85,-112.395,0.));
#1332 = DIRECTION('',(-0.,0.,-1.));
#1333 = DIRECTION('',(-0.,-1.,0.));
#1334 = FACE_BOUND('',#1335,.F.);
#1335 = EDGE_LOOP('',(#1336));
#1336 = ORIENTED_EDGE('',*,*,#1337,.T.);
#1337 = EDGE_CURVE('',#1338,#1338,#1340,.T.);
#1338 = VERTEX_POINT('',#1339);
#1339 = CARTESIAN_POINT('',(207.899,-113.43,0.));
#1340 = CIRCLE('',#1341,0.4);
#1341 = AXIS2_PLACEMENT_3D('',#1342,#1343,#1344);
#1342 = CARTESIAN_POINT('',(207.899,-113.03,0.));
#1343 = DIRECTION('',(-0.,0.,-1.));
#1344 = DIRECTION('',(-0.,-1.,0.));
#1345 = FACE_BOUND('',#1346,.F.);
#1346 = EDGE_LOOP('',(#1347));
#1347 = ORIENTED_EDGE('',*,*,#1348,.T.);
#1348 = EDGE_CURVE('',#1349,#1349,#1351,.T.);
#1349 = VERTEX_POINT('',#1350);
#1350 = CARTESIAN_POINT('',(207.899,-110.89,0.));
#1351 = CIRCLE('',#1352,0.4);
#1352 = AXIS2_PLACEMENT_3D('',#1353,#1354,#1355);
#1353 = CARTESIAN_POINT('',(207.899,-110.49,0.));
#1354 = DIRECTION('',(-0.,0.,-1.));
#1355 = DIRECTION('',(-0.,-1.,0.));
#1356 = FACE_BOUND('',#1357,.F.);
#1357 = EDGE_LOOP('',(#1358));
#1358 = ORIENTED_EDGE('',*,*,#1359,.T.);
#1359 = EDGE_CURVE('',#1360,#1360,#1362,.T.);
#1360 = VERTEX_POINT('',#1361);
#1361 = CARTESIAN_POINT('',(207.899,-108.35,0.));
#1362 = CIRCLE('',#1363,0.4);
#1363 = AXIS2_PLACEMENT_3D('',#1364,#1365,#1366);
#1364 = CARTESIAN_POINT('',(207.899,-107.95,0.));
#1365 = DIRECTION('',(-0.,0.,-1.));
#1366 = DIRECTION('',(-0.,-1.,0.));
#1367 = FACE_BOUND('',#1368,.F.);
#1368 = EDGE_LOOP('',(#1369));
#1369 = ORIENTED_EDGE('',*,*,#1370,.T.);
#1370 = EDGE_CURVE('',#1371,#1371,#1373,.T.);
#1371 = VERTEX_POINT('',#1372);
#1372 = CARTESIAN_POINT('',(215.519,-113.43,0.));
#1373 = CIRCLE('',#1374,0.4);
#1374 = AXIS2_PLACEMENT_3D('',#1375,#1376,#1377);
#1375 = CARTESIAN_POINT('',(215.519,-113.03,0.));
#1376 = DIRECTION('',(-0.,0.,-1.));
#1377 = DIRECTION('',(-0.,-1.,0.));
#1378 = FACE_BOUND('',#1379,.F.);
#1379 = EDGE_LOOP('',(#1380));
#1380 = ORIENTED_EDGE('',*,*,#1381,.T.);
#1381 = EDGE_CURVE('',#1382,#1382,#1384,.T.);
#1382 = VERTEX_POINT('',#1383);
#1383 = CARTESIAN_POINT('',(215.519,-110.89,0.));
#1384 = CIRCLE('',#1385,0.4);
#1385 = AXIS2_PLACEMENT_3D('',#1386,#1387,#1388);
#1386 = CARTESIAN_POINT('',(215.519,-110.49,0.));
#1387 = DIRECTION('',(-0.,0.,-1.));
#1388 = DIRECTION('',(-0.,-1.,0.));
#1389 = FACE_BOUND('',#1390,.F.);
#1390 = EDGE_LOOP('',(#1391));
#1391 = ORIENTED_EDGE('',*,*,#1392,.T.);
#1392 = EDGE_CURVE('',#1393,#1393,#1395,.T.);
#1393 = VERTEX_POINT('',#1394);
#1394 = CARTESIAN_POINT('',(215.519,-108.35,0.));
#1395 = CIRCLE('',#1396,0.4);
#1396 = AXIS2_PLACEMENT_3D('',#1397,#1398,#1399);
#1397 = CARTESIAN_POINT('',(215.519,-107.95,0.));
#1398 = DIRECTION('',(-0.,0.,-1.));
#1399 = DIRECTION('',(-0.,-1.,0.));
#1400 = FACE_BOUND('',#1401,.F.);
#1401 = EDGE_LOOP('',(#1402));
#1402 = ORIENTED_EDGE('',*,*,#1403,.T.);
#1403 = EDGE_CURVE('',#1404,#1404,#1406,.T.);
#1404 = VERTEX_POINT('',#1405);
#1405 = CARTESIAN_POINT('',(78.3,-90.1,0.));
#1406 = CIRCLE('',#1407,0.4);
#1407 = AXIS2_PLACEMENT_3D('',#1408,#1409,#1410);
#1408 = CARTESIAN_POINT('',(78.3,-89.7,0.));
#1409 = DIRECTION('',(-0.,0.,-1.));
#1410 = DIRECTION('',(-3.552713678801E-14,-1.,0.));
#1411 = FACE_BOUND('',#1412,.F.);
#1412 = EDGE_LOOP('',(#1413));
#1413 = ORIENTED_EDGE('',*,*,#1414,.T.);
#1414 = EDGE_CURVE('',#1415,#1415,#1417,.T.);
#1415 = VERTEX_POINT('',#1416);
#1416 = CARTESIAN_POINT('',(84.582,-90.77,0.));
#1417 = CIRCLE('',#1418,0.6);
#1418 = AXIS2_PLACEMENT_3D('',#1419,#1420,#1421);
#1419 = CARTESIAN_POINT('',(84.582,-90.17,0.));
#1420 = DIRECTION('',(-0.,0.,-1.));
#1421 = DIRECTION('',(-0.,-1.,0.));
#1422 = FACE_BOUND('',#1423,.F.);
#1423 = EDGE_LOOP('',(#1424));
#1424 = ORIENTED_EDGE('',*,*,#1425,.T.);
#1425 = EDGE_CURVE('',#1426,#1426,#1428,.T.);
#1426 = VERTEX_POINT('',#1427);
#1427 = CARTESIAN_POINT('',(85.49,-79.467,0.));
#1428 = CIRCLE('',#1429,0.6);
#1429 = AXIS2_PLACEMENT_3D('',#1430,#1431,#1432);
#1430 = CARTESIAN_POINT('',(85.49,-78.867,0.));
#1431 = DIRECTION('',(-0.,0.,-1.));
#1432 = DIRECTION('',(-2.368475785867E-14,-1.,0.));
#1433 = FACE_BOUND('',#1434,.F.);
#1434 = EDGE_LOOP('',(#1435));
#1435 = ORIENTED_EDGE('',*,*,#1436,.T.);
#1436 = EDGE_CURVE('',#1437,#1437,#1439,.T.);
#1437 = VERTEX_POINT('',#1438);
#1438 = CARTESIAN_POINT('',(109.582,-90.77,0.));
#1439 = CIRCLE('',#1440,0.6);
#1440 = AXIS2_PLACEMENT_3D('',#1441,#1442,#1443);
#1441 = CARTESIAN_POINT('',(109.582,-90.17,0.));
#1442 = DIRECTION('',(-0.,0.,-1.));
#1443 = DIRECTION('',(-0.,-1.,0.));
#1444 = FACE_BOUND('',#1445,.F.);
#1445 = EDGE_LOOP('',(#1446));
#1446 = ORIENTED_EDGE('',*,*,#1447,.T.);
#1447 = EDGE_CURVE('',#1448,#1448,#1450,.T.);
#1448 = VERTEX_POINT('',#1449);
#1449 = CARTESIAN_POINT('',(110.49,-79.467,0.));
#1450 = CIRCLE('',#1451,0.6);
#1451 = AXIS2_PLACEMENT_3D('',#1452,#1453,#1454);
#1452 = CARTESIAN_POINT('',(110.49,-78.867,0.));
#1453 = DIRECTION('',(-0.,0.,-1.));
#1454 = DIRECTION('',(-2.368475785867E-14,-1.,0.));
#1455 = FACE_BOUND('',#1456,.F.);
#1456 = EDGE_LOOP('',(#1457));
#1457 = ORIENTED_EDGE('',*,*,#1458,.T.);
#1458 = EDGE_CURVE('',#1459,#1459,#1461,.T.);
#1459 = VERTEX_POINT('',#1460);
#1460 = CARTESIAN_POINT('',(78.3,-77.4,0.));
#1461 = CIRCLE('',#1462,0.4);
#1462 = AXIS2_PLACEMENT_3D('',#1463,#1464,#1465);
#1463 = CARTESIAN_POINT('',(78.3,-77.,0.));
#1464 = DIRECTION('',(-0.,0.,-1.));
#1465 = DIRECTION('',(-3.552713678801E-14,-1.,0.));
#1466 = FACE_BOUND('',#1467,.F.);
#1467 = EDGE_LOOP('',(#1468));
#1468 = ORIENTED_EDGE('',*,*,#1469,.T.);
#1469 = EDGE_CURVE('',#1470,#1470,#1472,.T.);
#1470 = VERTEX_POINT('',#1471);
#1471 = CARTESIAN_POINT('',(96.52,-71.67,0.));
#1472 = CIRCLE('',#1473,0.55);
#1473 = AXIS2_PLACEMENT_3D('',#1474,#1475,#1476);
#1474 = CARTESIAN_POINT('',(96.52,-71.12,0.));
#1475 = DIRECTION('',(-0.,0.,-1.));
#1476 = DIRECTION('',(-0.,-1.,0.));
#1477 = FACE_BOUND('',#1478,.F.);
#1478 = EDGE_LOOP('',(#1479));
#1479 = ORIENTED_EDGE('',*,*,#1480,.T.);
#1480 = EDGE_CURVE('',#1481,#1481,#1483,.T.);
#1481 = VERTEX_POINT('',#1482);
#1482 = CARTESIAN_POINT('',(99.06,-71.67,0.));
#1483 = CIRCLE('',#1484,0.55);
#1484 = AXIS2_PLACEMENT_3D('',#1485,#1486,#1487);
#1485 = CARTESIAN_POINT('',(99.06,-71.12,0.));
#1486 = DIRECTION('',(-0.,0.,-1.));
#1487 = DIRECTION('',(-0.,-1.,0.));
#1488 = FACE_BOUND('',#1489,.F.);
#1489 = EDGE_LOOP('',(#1490));
#1490 = ORIENTED_EDGE('',*,*,#1491,.T.);
#1491 = EDGE_CURVE('',#1492,#1492,#1494,.T.);
#1492 = VERTEX_POINT('',#1493);
#1493 = CARTESIAN_POINT('',(101.6,-71.67,0.));
#1494 = CIRCLE('',#1495,0.55);
#1495 = AXIS2_PLACEMENT_3D('',#1496,#1497,#1498);
#1496 = CARTESIAN_POINT('',(101.6,-71.12,0.));
#1497 = DIRECTION('',(-0.,0.,-1.));
#1498 = DIRECTION('',(-0.,-1.,0.));
#1499 = FACE_BOUND('',#1500,.F.);
#1500 = EDGE_LOOP('',(#1501));
#1501 = ORIENTED_EDGE('',*,*,#1502,.T.);
#1502 = EDGE_CURVE('',#1503,#1503,#1505,.T.);
#1503 = VERTEX_POINT('',#1504);
#1504 = CARTESIAN_POINT('',(117.475,-88.9,0.));
#1505 = CIRCLE('',#1506,0.635);
#1506 = AXIS2_PLACEMENT_3D('',#1507,#1508,#1509);
#1507 = CARTESIAN_POINT('',(117.475,-88.265,0.));
#1508 = DIRECTION('',(-0.,0.,-1.));
#1509 = DIRECTION('',(-0.,-1.,0.));
#1510 = FACE_BOUND('',#1511,.F.);
#1511 = EDGE_LOOP('',(#1512));
#1512 = ORIENTED_EDGE('',*,*,#1513,.T.);
#1513 = EDGE_CURVE('',#1514,#1514,#1516,.T.);
#1514 = VERTEX_POINT('',#1515);
#1515 = CARTESIAN_POINT('',(127.635,-86.36,0.));
#1516 = CIRCLE('',#1517,0.635);
#1517 = AXIS2_PLACEMENT_3D('',#1518,#1519,#1520);
#1518 = CARTESIAN_POINT('',(127.635,-85.725,0.));
#1519 = DIRECTION('',(-0.,0.,-1.));
#1520 = DIRECTION('',(-0.,-1.,0.));
#1521 = FACE_BOUND('',#1522,.F.);
#1522 = EDGE_LOOP('',(#1523));
#1523 = ORIENTED_EDGE('',*,*,#1524,.T.);
#1524 = EDGE_CURVE('',#1525,#1525,#1527,.T.);
#1525 = VERTEX_POINT('',#1526);
#1526 = CARTESIAN_POINT('',(118.11,-79.14,0.));
#1527 = CIRCLE('',#1528,0.4);
#1528 = AXIS2_PLACEMENT_3D('',#1529,#1530,#1531);
#1529 = CARTESIAN_POINT('',(118.11,-78.74,0.));
#1530 = DIRECTION('',(-0.,0.,-1.));
#1531 = DIRECTION('',(-0.,-1.,0.));
#1532 = FACE_BOUND('',#1533,.F.);
#1533 = EDGE_LOOP('',(#1534));
#1534 = ORIENTED_EDGE('',*,*,#1535,.T.);
#1535 = EDGE_CURVE('',#1536,#1536,#1538,.T.);
#1536 = VERTEX_POINT('',#1537);
#1537 = CARTESIAN_POINT('',(128.27,-79.14,0.));
#1538 = CIRCLE('',#1539,0.4);
#1539 = AXIS2_PLACEMENT_3D('',#1540,#1541,#1542);
#1540 = CARTESIAN_POINT('',(128.27,-78.74,0.));
#1541 = DIRECTION('',(-0.,0.,-1.));
#1542 = DIRECTION('',(7.105427357601E-14,-1.,-0.));
#1543 = FACE_BOUND('',#1544,.F.);
#1544 = EDGE_LOOP('',(#1545));
#1545 = ORIENTED_EDGE('',*,*,#1546,.T.);
#1546 = EDGE_CURVE('',#1547,#1547,#1549,.T.);
#1547 = VERTEX_POINT('',#1548);
#1548 = CARTESIAN_POINT('',(139.065,-88.03,0.));
#1549 = CIRCLE('',#1550,0.4);
#1550 = AXIS2_PLACEMENT_3D('',#1551,#1552,#1553);
#1551 = CARTESIAN_POINT('',(139.065,-87.63,0.));
#1552 = DIRECTION('',(-0.,0.,-1.));
#1553 = DIRECTION('',(-0.,-1.,0.));
#1554 = FACE_BOUND('',#1555,.F.);
#1555 = EDGE_LOOP('',(#1556));
#1556 = ORIENTED_EDGE('',*,*,#1557,.T.);
#1557 = EDGE_CURVE('',#1558,#1558,#1560,.T.);
#1558 = VERTEX_POINT('',#1559);
#1559 = CARTESIAN_POINT('',(149.225,-88.03,0.));
#1560 = CIRCLE('',#1561,0.4);
#1561 = AXIS2_PLACEMENT_3D('',#1562,#1563,#1564);
#1562 = CARTESIAN_POINT('',(149.225,-87.63,0.));
#1563 = DIRECTION('',(-0.,0.,-1.));
#1564 = DIRECTION('',(-0.,-1.,0.));
#1565 = FACE_BOUND('',#1566,.F.);
#1566 = EDGE_LOOP('',(#1567));
#1567 = ORIENTED_EDGE('',*,*,#1568,.T.);
#1568 = EDGE_CURVE('',#1569,#1569,#1571,.T.);
#1569 = VERTEX_POINT('',#1570);
#1570 = CARTESIAN_POINT('',(134.112,-82.63,0.));
#1571 = CIRCLE('',#1572,0.4);
#1572 = AXIS2_PLACEMENT_3D('',#1573,#1574,#1575);
#1573 = CARTESIAN_POINT('',(134.112,-82.23,0.));
#1574 = DIRECTION('',(-0.,0.,-1.));
#1575 = DIRECTION('',(-0.,-1.,0.));
#1576 = FACE_BOUND('',#1577,.F.);
#1577 = EDGE_LOOP('',(#1578));
#1578 = ORIENTED_EDGE('',*,*,#1579,.T.);
#1579 = EDGE_CURVE('',#1580,#1580,#1582,.T.);
#1580 = VERTEX_POINT('',#1581);
#1581 = CARTESIAN_POINT('',(139.065,-84.22,0.));
#1582 = CIRCLE('',#1583,0.4);
#1583 = AXIS2_PLACEMENT_3D('',#1584,#1585,#1586);
#1584 = CARTESIAN_POINT('',(139.065,-83.82,0.));
#1585 = DIRECTION('',(-0.,0.,-1.));
#1586 = DIRECTION('',(-0.,-1.,0.));
#1587 = FACE_BOUND('',#1588,.F.);
#1588 = EDGE_LOOP('',(#1589));
#1589 = ORIENTED_EDGE('',*,*,#1590,.T.);
#1590 = EDGE_CURVE('',#1591,#1591,#1593,.T.);
#1591 = VERTEX_POINT('',#1592);
#1592 = CARTESIAN_POINT('',(139.065,-81.045,0.));
#1593 = CIRCLE('',#1594,0.4);
#1594 = AXIS2_PLACEMENT_3D('',#1595,#1596,#1597);
#1595 = CARTESIAN_POINT('',(139.065,-80.645,0.));
#1596 = DIRECTION('',(-0.,0.,-1.));
#1597 = DIRECTION('',(-0.,-1.,0.));
#1598 = FACE_BOUND('',#1599,.F.);
#1599 = EDGE_LOOP('',(#1600));
#1600 = ORIENTED_EDGE('',*,*,#1601,.T.);
#1601 = EDGE_CURVE('',#1602,#1602,#1604,.T.);
#1602 = VERTEX_POINT('',#1603);
#1603 = CARTESIAN_POINT('',(149.225,-84.22,0.));
#1604 = CIRCLE('',#1605,0.4);
#1605 = AXIS2_PLACEMENT_3D('',#1606,#1607,#1608);
#1606 = CARTESIAN_POINT('',(149.225,-83.82,0.));
#1607 = DIRECTION('',(-0.,0.,-1.));
#1608 = DIRECTION('',(-0.,-1.,0.));
#1609 = FACE_BOUND('',#1610,.F.);
#1610 = EDGE_LOOP('',(#1611));
#1611 = ORIENTED_EDGE('',*,*,#1612,.T.);
#1612 = EDGE_CURVE('',#1613,#1613,#1615,.T.);
#1613 = VERTEX_POINT('',#1614);
#1614 = CARTESIAN_POINT('',(146.685,-81.045,0.));
#1615 = CIRCLE('',#1616,0.4);
#1616 = AXIS2_PLACEMENT_3D('',#1617,#1618,#1619);
#1617 = CARTESIAN_POINT('',(146.685,-80.645,0.));
#1618 = DIRECTION('',(-0.,0.,-1.));
#1619 = DIRECTION('',(-0.,-1.,0.));
#1620 = FACE_BOUND('',#1621,.F.);
#1621 = EDGE_LOOP('',(#1622));
#1622 = ORIENTED_EDGE('',*,*,#1623,.T.);
#1623 = EDGE_CURVE('',#1624,#1624,#1626,.T.);
#1624 = VERTEX_POINT('',#1625);
#1625 = CARTESIAN_POINT('',(118.11,-75.584,0.));
#1626 = CIRCLE('',#1627,0.4);
#1627 = AXIS2_PLACEMENT_3D('',#1628,#1629,#1630);
#1628 = CARTESIAN_POINT('',(118.11,-75.184,0.));
#1629 = DIRECTION('',(-0.,0.,-1.));
#1630 = DIRECTION('',(-0.,-1.,0.));
#1631 = FACE_BOUND('',#1632,.F.);
#1632 = EDGE_LOOP('',(#1633));
#1633 = ORIENTED_EDGE('',*,*,#1634,.T.);
#1634 = EDGE_CURVE('',#1635,#1635,#1637,.T.);
#1635 = VERTEX_POINT('',#1636);
#1636 = CARTESIAN_POINT('',(128.27,-75.584,0.));
#1637 = CIRCLE('',#1638,0.4);
#1638 = AXIS2_PLACEMENT_3D('',#1639,#1640,#1641);
#1639 = CARTESIAN_POINT('',(128.27,-75.184,0.));
#1640 = DIRECTION('',(-0.,0.,-1.));
#1641 = DIRECTION('',(7.105427357601E-14,-1.,-0.));
#1642 = FACE_BOUND('',#1643,.F.);
#1643 = EDGE_LOOP('',(#1644));
#1644 = ORIENTED_EDGE('',*,*,#1645,.T.);
#1645 = EDGE_CURVE('',#1646,#1646,#1648,.T.);
#1646 = VERTEX_POINT('',#1647);
#1647 = CARTESIAN_POINT('',(125.73,-67.88,0.));
#1648 = CIRCLE('',#1649,0.65);
#1649 = AXIS2_PLACEMENT_3D('',#1650,#1651,#1652);
#1650 = CARTESIAN_POINT('',(125.73,-67.23,0.));
#1651 = DIRECTION('',(-0.,0.,-1.));
#1652 = DIRECTION('',(2.1862853408E-14,-1.,-0.));
#1653 = FACE_BOUND('',#1654,.F.);
#1654 = EDGE_LOOP('',(#1655));
#1655 = ORIENTED_EDGE('',*,*,#1656,.T.);
#1656 = EDGE_CURVE('',#1657,#1657,#1659,.T.);
#1657 = VERTEX_POINT('',#1658);
#1658 = CARTESIAN_POINT('',(139.065,-77.87,0.));
#1659 = CIRCLE('',#1660,0.4);
#1660 = AXIS2_PLACEMENT_3D('',#1661,#1662,#1663);
#1661 = CARTESIAN_POINT('',(139.065,-77.47,0.));
#1662 = DIRECTION('',(-0.,0.,-1.));
#1663 = DIRECTION('',(-0.,-1.,0.));
#1664 = FACE_BOUND('',#1665,.F.);
#1665 = EDGE_LOOP('',(#1666));
#1666 = ORIENTED_EDGE('',*,*,#1667,.T.);
#1667 = EDGE_CURVE('',#1668,#1668,#1670,.T.);
#1668 = VERTEX_POINT('',#1669);
#1669 = CARTESIAN_POINT('',(149.225,-77.87,0.));
#1670 = CIRCLE('',#1671,0.4);
#1671 = AXIS2_PLACEMENT_3D('',#1672,#1673,#1674);
#1672 = CARTESIAN_POINT('',(149.225,-77.47,0.));
#1673 = DIRECTION('',(-0.,0.,-1.));
#1674 = DIRECTION('',(-0.,-1.,0.));
#1675 = FACE_BOUND('',#1676,.F.);
#1676 = EDGE_LOOP('',(#1677));
#1677 = ORIENTED_EDGE('',*,*,#1678,.T.);
#1678 = EDGE_CURVE('',#1679,#1679,#1681,.T.);
#1679 = VERTEX_POINT('',#1680);
#1680 = CARTESIAN_POINT('',(140.081,-71.393,0.));
#1681 = CIRCLE('',#1682,0.4);
#1682 = AXIS2_PLACEMENT_3D('',#1683,#1684,#1685);
#1683 = CARTESIAN_POINT('',(140.081,-70.993,0.));
#1684 = DIRECTION('',(-0.,0.,-1.));
#1685 = DIRECTION('',(-7.105427357601E-14,-1.,0.));
#1686 = FACE_BOUND('',#1687,.F.);
#1687 = EDGE_LOOP('',(#1688));
#1688 = ORIENTED_EDGE('',*,*,#1689,.T.);
#1689 = EDGE_CURVE('',#1690,#1690,#1692,.T.);
#1690 = VERTEX_POINT('',#1691);
#1691 = CARTESIAN_POINT('',(146.05,-70.225,0.));
#1692 = CIRCLE('',#1693,0.375);
#1693 = AXIS2_PLACEMENT_3D('',#1694,#1695,#1696);
#1694 = CARTESIAN_POINT('',(146.05,-69.85,0.));
#1695 = DIRECTION('',(-0.,0.,-1.));
#1696 = DIRECTION('',(-0.,-1.,0.));
#1697 = FACE_BOUND('',#1698,.F.);
#1698 = EDGE_LOOP('',(#1699));
#1699 = ORIENTED_EDGE('',*,*,#1700,.T.);
#1700 = EDGE_CURVE('',#1701,#1701,#1703,.T.);
#1701 = VERTEX_POINT('',#1702);
#1702 = CARTESIAN_POINT('',(148.59,-70.225,0.));
#1703 = CIRCLE('',#1704,0.375);
#1704 = AXIS2_PLACEMENT_3D('',#1705,#1706,#1707);
#1705 = CARTESIAN_POINT('',(148.59,-69.85,0.));
#1706 = DIRECTION('',(-0.,0.,-1.));
#1707 = DIRECTION('',(-0.,-1.,0.));
#1708 = FACE_BOUND('',#1709,.F.);
#1709 = EDGE_LOOP('',(#1710));
#1710 = ORIENTED_EDGE('',*,*,#1711,.T.);
#1711 = EDGE_CURVE('',#1712,#1712,#1714,.T.);
#1712 = VERTEX_POINT('',#1713);
#1713 = CARTESIAN_POINT('',(147.32,-68.955,0.));
#1714 = CIRCLE('',#1715,0.375);
#1715 = AXIS2_PLACEMENT_3D('',#1716,#1717,#1718);
#1716 = CARTESIAN_POINT('',(147.32,-68.58,0.));
#1717 = DIRECTION('',(-0.,0.,-1.));
#1718 = DIRECTION('',(-0.,-1.,0.));
#1719 = FACE_BOUND('',#1720,.F.);
#1720 = EDGE_LOOP('',(#1721));
#1721 = ORIENTED_EDGE('',*,*,#1722,.T.);
#1722 = EDGE_CURVE('',#1723,#1723,#1725,.T.);
#1723 = VERTEX_POINT('',#1724);
#1724 = CARTESIAN_POINT('',(152.4,-68.98,0.));
#1725 = CIRCLE('',#1726,0.4);
#1726 = AXIS2_PLACEMENT_3D('',#1727,#1728,#1729);
#1727 = CARTESIAN_POINT('',(152.4,-68.58,0.));
#1728 = DIRECTION('',(-0.,0.,-1.));
#1729 = DIRECTION('',(-0.,-1.,0.));
#1730 = FACE_BOUND('',#1731,.F.);
#1731 = EDGE_LOOP('',(#1732));
#1732 = ORIENTED_EDGE('',*,*,#1733,.T.);
#1733 = EDGE_CURVE('',#1734,#1734,#1736,.T.);
#1734 = VERTEX_POINT('',#1735);
#1735 = CARTESIAN_POINT('',(81.8,-65.65,0.));
#1736 = CIRCLE('',#1737,0.65);
#1737 = AXIS2_PLACEMENT_3D('',#1738,#1739,#1740);
#1738 = CARTESIAN_POINT('',(81.8,-65.,0.));
#1739 = DIRECTION('',(-0.,0.,-1.));
#1740 = DIRECTION('',(-2.1862853408E-14,-1.,0.));
#1741 = FACE_BOUND('',#1742,.F.);
#1742 = EDGE_LOOP('',(#1743));
#1743 = ORIENTED_EDGE('',*,*,#1744,.T.);
#1744 = EDGE_CURVE('',#1745,#1745,#1747,.T.);
#1745 = VERTEX_POINT('',#1746);
#1746 = CARTESIAN_POINT('',(81.8,-60.65,0.));
#1747 = CIRCLE('',#1748,0.65);
#1748 = AXIS2_PLACEMENT_3D('',#1749,#1750,#1751);
#1749 = CARTESIAN_POINT('',(81.8,-60.,0.));
#1750 = DIRECTION('',(-0.,0.,-1.));
#1751 = DIRECTION('',(-2.1862853408E-14,-1.,0.));
#1752 = FACE_BOUND('',#1753,.F.);
#1753 = EDGE_LOOP('',(#1754));
#1754 = ORIENTED_EDGE('',*,*,#1755,.T.);
#1755 = EDGE_CURVE('',#1756,#1756,#1758,.T.);
#1756 = VERTEX_POINT('',#1757);
#1757 = CARTESIAN_POINT('',(110.49,-65.17,0.));
#1758 = CIRCLE('',#1759,0.4);
#1759 = AXIS2_PLACEMENT_3D('',#1760,#1761,#1762);
#1760 = CARTESIAN_POINT('',(110.49,-64.77,0.));
#1761 = DIRECTION('',(-0.,0.,-1.));
#1762 = DIRECTION('',(-3.552713678801E-14,-1.,0.));
#1763 = FACE_BOUND('',#1764,.F.);
#1764 = EDGE_LOOP('',(#1765));
#1765 = ORIENTED_EDGE('',*,*,#1766,.T.);
#1766 = EDGE_CURVE('',#1767,#1767,#1769,.T.);
#1767 = VERTEX_POINT('',#1768);
#1768 = CARTESIAN_POINT('',(110.49,-62.63,0.));
#1769 = CIRCLE('',#1770,0.4);
#1770 = AXIS2_PLACEMENT_3D('',#1771,#1772,#1773);
#1771 = CARTESIAN_POINT('',(110.49,-62.23,0.));
#1772 = DIRECTION('',(-0.,0.,-1.));
#1773 = DIRECTION('',(-3.552713678801E-14,-1.,0.));
#1774 = FACE_BOUND('',#1775,.F.);
#1775 = EDGE_LOOP('',(#1776));
#1776 = ORIENTED_EDGE('',*,*,#1777,.T.);
#1777 = EDGE_CURVE('',#1778,#1778,#1780,.T.);
#1778 = VERTEX_POINT('',#1779);
#1779 = CARTESIAN_POINT('',(99.06,-56.21,0.));
#1780 = CIRCLE('',#1781,1.75);
#1781 = AXIS2_PLACEMENT_3D('',#1782,#1783,#1784);
#1782 = CARTESIAN_POINT('',(99.06,-54.46,0.));
#1783 = DIRECTION('',(-0.,0.,-1.));
#1784 = DIRECTION('',(-0.,-1.,0.));
#1785 = FACE_BOUND('',#1786,.F.);
#1786 = EDGE_LOOP('',(#1787));
#1787 = ORIENTED_EDGE('',*,*,#1788,.T.);
#1788 = EDGE_CURVE('',#1789,#1789,#1791,.T.);
#1789 = VERTEX_POINT('',#1790);
#1790 = CARTESIAN_POINT('',(110.49,-60.09,0.));
#1791 = CIRCLE('',#1792,0.4);
#1792 = AXIS2_PLACEMENT_3D('',#1793,#1794,#1795);
#1793 = CARTESIAN_POINT('',(110.49,-59.69,0.));
#1794 = DIRECTION('',(-0.,0.,-1.));
#1795 = DIRECTION('',(-3.552713678801E-14,-1.,0.));
#1796 = FACE_BOUND('',#1797,.F.);
#1797 = EDGE_LOOP('',(#1798));
#1798 = ORIENTED_EDGE('',*,*,#1799,.T.);
#1799 = EDGE_CURVE('',#1800,#1800,#1802,.T.);
#1800 = VERTEX_POINT('',#1801);
#1801 = CARTESIAN_POINT('',(110.49,-57.55,0.));
#1802 = CIRCLE('',#1803,0.4);
#1803 = AXIS2_PLACEMENT_3D('',#1804,#1805,#1806);
#1804 = CARTESIAN_POINT('',(110.49,-57.15,0.));
#1805 = DIRECTION('',(-0.,0.,-1.));
#1806 = DIRECTION('',(-3.552713678801E-14,-1.,0.));
#1807 = FACE_BOUND('',#1808,.F.);
#1808 = EDGE_LOOP('',(#1809));
#1809 = ORIENTED_EDGE('',*,*,#1810,.T.);
#1810 = EDGE_CURVE('',#1811,#1811,#1813,.T.);
#1811 = VERTEX_POINT('',#1812);
#1812 = CARTESIAN_POINT('',(77.47,-46.6,0.));
#1813 = CIRCLE('',#1814,2.15);
#1814 = AXIS2_PLACEMENT_3D('',#1815,#1816,#1817);
#1815 = CARTESIAN_POINT('',(77.47,-44.45,0.));
#1816 = DIRECTION('',(-0.,0.,-1.));
#1817 = DIRECTION('',(-0.,-1.,0.));
#1818 = FACE_BOUND('',#1819,.F.);
#1819 = EDGE_LOOP('',(#1820));
#1820 = ORIENTED_EDGE('',*,*,#1821,.T.);
#1821 = EDGE_CURVE('',#1822,#1822,#1824,.T.);
#1822 = VERTEX_POINT('',#1823);
#1823 = CARTESIAN_POINT('',(114.3,-52.47,0.));
#1824 = CIRCLE('',#1825,0.4);
#1825 = AXIS2_PLACEMENT_3D('',#1826,#1827,#1828);
#1826 = CARTESIAN_POINT('',(114.3,-52.07,0.));
#1827 = DIRECTION('',(-0.,0.,-1.));
#1828 = DIRECTION('',(-3.552713678801E-14,-1.,0.));
#1829 = FACE_BOUND('',#1830,.F.);
#1830 = EDGE_LOOP('',(#1831));
#1831 = ORIENTED_EDGE('',*,*,#1832,.T.);
#1832 = EDGE_CURVE('',#1833,#1833,#1835,.T.);
#1833 = VERTEX_POINT('',#1834);
#1834 = CARTESIAN_POINT('',(114.3,-48.66,0.));
#1835 = CIRCLE('',#1836,0.4);
#1836 = AXIS2_PLACEMENT_3D('',#1837,#1838,#1839);
#1837 = CARTESIAN_POINT('',(114.3,-48.26,0.));
#1838 = DIRECTION('',(-0.,0.,-1.));
#1839 = DIRECTION('',(-3.552713678801E-14,-1.,0.));
#1840 = FACE_BOUND('',#1841,.F.);
#1841 = EDGE_LOOP('',(#1842));
#1842 = ORIENTED_EDGE('',*,*,#1843,.T.);
#1843 = EDGE_CURVE('',#1844,#1844,#1846,.T.);
#1844 = VERTEX_POINT('',#1845);
#1845 = CARTESIAN_POINT('',(118.11,-65.17,0.));
#1846 = CIRCLE('',#1847,0.4);
#1847 = AXIS2_PLACEMENT_3D('',#1848,#1849,#1850);
#1848 = CARTESIAN_POINT('',(118.11,-64.77,0.));
#1849 = DIRECTION('',(-0.,0.,-1.));
#1850 = DIRECTION('',(-0.,-1.,0.));
#1851 = FACE_BOUND('',#1852,.F.);
#1852 = EDGE_LOOP('',(#1853));
#1853 = ORIENTED_EDGE('',*,*,#1854,.T.);
#1854 = EDGE_CURVE('',#1855,#1855,#1857,.T.);
#1855 = VERTEX_POINT('',#1856);
#1856 = CARTESIAN_POINT('',(118.11,-62.63,0.));
#1857 = CIRCLE('',#1858,0.4);
#1858 = AXIS2_PLACEMENT_3D('',#1859,#1860,#1861);
#1859 = CARTESIAN_POINT('',(118.11,-62.23,0.));
#1860 = DIRECTION('',(-0.,0.,-1.));
#1861 = DIRECTION('',(-0.,-1.,0.));
#1862 = FACE_BOUND('',#1863,.F.);
#1863 = EDGE_LOOP('',(#1864));
#1864 = ORIENTED_EDGE('',*,*,#1865,.T.);
#1865 = EDGE_CURVE('',#1866,#1866,#1868,.T.);
#1866 = VERTEX_POINT('',#1867);
#1867 = CARTESIAN_POINT('',(125.73,-62.88,0.));
#1868 = CIRCLE('',#1869,0.65);
#1869 = AXIS2_PLACEMENT_3D('',#1870,#1871,#1872);
#1870 = CARTESIAN_POINT('',(125.73,-62.23,0.));
#1871 = DIRECTION('',(-0.,0.,-1.));
#1872 = DIRECTION('',(2.1862853408E-14,-1.,-0.));
#1873 = FACE_BOUND('',#1874,.F.);
#1874 = EDGE_LOOP('',(#1875));
#1875 = ORIENTED_EDGE('',*,*,#1876,.T.);
#1876 = EDGE_CURVE('',#1877,#1877,#1879,.T.);
#1877 = VERTEX_POINT('',#1878);
#1878 = CARTESIAN_POINT('',(118.11,-60.09,0.));
#1879 = CIRCLE('',#1880,0.4);
#1880 = AXIS2_PLACEMENT_3D('',#1881,#1882,#1883);
#1881 = CARTESIAN_POINT('',(118.11,-59.69,0.));
#1882 = DIRECTION('',(-0.,0.,-1.));
#1883 = DIRECTION('',(-0.,-1.,0.));
#1884 = FACE_BOUND('',#1885,.F.);
#1885 = EDGE_LOOP('',(#1886));
#1886 = ORIENTED_EDGE('',*,*,#1887,.T.);
#1887 = EDGE_CURVE('',#1888,#1888,#1890,.T.);
#1888 = VERTEX_POINT('',#1889);
#1889 = CARTESIAN_POINT('',(118.11,-57.55,0.));
#1890 = CIRCLE('',#1891,0.4);
#1891 = AXIS2_PLACEMENT_3D('',#1892,#1893,#1894);
#1892 = CARTESIAN_POINT('',(118.11,-57.15,0.));
#1893 = DIRECTION('',(-0.,0.,-1.));
#1894 = DIRECTION('',(-0.,-1.,0.));
#1895 = FACE_BOUND('',#1896,.F.);
#1896 = EDGE_LOOP('',(#1897));
#1897 = ORIENTED_EDGE('',*,*,#1898,.T.);
#1898 = EDGE_CURVE('',#1899,#1899,#1901,.T.);
#1899 = VERTEX_POINT('',#1900);
#1900 = CARTESIAN_POINT('',(124.46,-57.55,0.));
#1901 = CIRCLE('',#1902,0.4);
#1902 = AXIS2_PLACEMENT_3D('',#1903,#1904,#1905);
#1903 = CARTESIAN_POINT('',(124.46,-57.15,0.));
#1904 = DIRECTION('',(-0.,0.,-1.));
#1905 = DIRECTION('',(-3.552713678801E-14,-1.,0.));
#1906 = FACE_BOUND('',#1907,.F.);
#1907 = EDGE_LOOP('',(#1908));
#1908 = ORIENTED_EDGE('',*,*,#1909,.T.);
#1909 = EDGE_CURVE('',#1910,#1910,#1912,.T.);
#1910 = VERTEX_POINT('',#1911);
#1911 = CARTESIAN_POINT('',(134.112,-62.63,0.));
#1912 = CIRCLE('',#1913,0.4);
#1913 = AXIS2_PLACEMENT_3D('',#1914,#1915,#1916);
#1914 = CARTESIAN_POINT('',(134.112,-62.23,0.));
#1915 = DIRECTION('',(-0.,0.,-1.));
#1916 = DIRECTION('',(-0.,-1.,0.));
#1917 = FACE_BOUND('',#1918,.F.);
#1918 = EDGE_LOOP('',(#1919));
#1919 = ORIENTED_EDGE('',*,*,#1920,.T.);
#1920 = EDGE_CURVE('',#1921,#1921,#1923,.T.);
#1921 = VERTEX_POINT('',#1922);
#1922 = CARTESIAN_POINT('',(140.081,-61.233,0.));
#1923 = CIRCLE('',#1924,0.4);
#1924 = AXIS2_PLACEMENT_3D('',#1925,#1926,#1927);
#1925 = CARTESIAN_POINT('',(140.081,-60.833,0.));
#1926 = DIRECTION('',(-0.,0.,-1.));
#1927 = DIRECTION('',(-7.105427357601E-14,-1.,0.));
#1928 = FACE_BOUND('',#1929,.F.);
#1929 = EDGE_LOOP('',(#1930));
#1930 = ORIENTED_EDGE('',*,*,#1931,.T.);
#1931 = EDGE_CURVE('',#1932,#1932,#1934,.T.);
#1932 = VERTEX_POINT('',#1933);
#1933 = CARTESIAN_POINT('',(146.812,-62.351,0.));
#1934 = CIRCLE('',#1935,0.375);
#1935 = AXIS2_PLACEMENT_3D('',#1936,#1937,#1938);
#1936 = CARTESIAN_POINT('',(146.812,-61.976,0.));
#1937 = DIRECTION('',(-0.,0.,-1.));
#1938 = DIRECTION('',(-0.,-1.,0.));
#1939 = FACE_BOUND('',#1940,.F.);
#1940 = EDGE_LOOP('',(#1941));
#1941 = ORIENTED_EDGE('',*,*,#1942,.T.);
#1942 = EDGE_CURVE('',#1943,#1943,#1945,.T.);
#1943 = VERTEX_POINT('',#1944);
#1944 = CARTESIAN_POINT('',(145.542,-61.081,0.));
#1945 = CIRCLE('',#1946,0.375);
#1946 = AXIS2_PLACEMENT_3D('',#1947,#1948,#1949);
#1947 = CARTESIAN_POINT('',(145.542,-60.706,0.));
#1948 = DIRECTION('',(-0.,0.,-1.));
#1949 = DIRECTION('',(-0.,-1.,0.));
#1950 = FACE_BOUND('',#1951,.F.);
#1951 = EDGE_LOOP('',(#1952));
#1952 = ORIENTED_EDGE('',*,*,#1953,.T.);
#1953 = EDGE_CURVE('',#1954,#1954,#1956,.T.);
#1954 = VERTEX_POINT('',#1955);
#1955 = CARTESIAN_POINT('',(148.082,-61.081,0.));
#1956 = CIRCLE('',#1957,0.375);
#1957 = AXIS2_PLACEMENT_3D('',#1958,#1959,#1960);
#1958 = CARTESIAN_POINT('',(148.082,-60.706,0.));
#1959 = DIRECTION('',(-0.,0.,-1.));
#1960 = DIRECTION('',(-0.,-1.,0.));
#1961 = FACE_BOUND('',#1962,.F.);
#1962 = EDGE_LOOP('',(#1963));
#1963 = ORIENTED_EDGE('',*,*,#1964,.T.);
#1964 = EDGE_CURVE('',#1965,#1965,#1967,.T.);
#1965 = VERTEX_POINT('',#1966);
#1966 = CARTESIAN_POINT('',(137.16,-57.55,0.));
#1967 = CIRCLE('',#1968,0.4);
#1968 = AXIS2_PLACEMENT_3D('',#1969,#1970,#1971);
#1969 = CARTESIAN_POINT('',(137.16,-57.15,0.));
#1970 = DIRECTION('',(-0.,0.,-1.));
#1971 = DIRECTION('',(-0.,-1.,0.));
#1972 = FACE_BOUND('',#1973,.F.);
#1973 = EDGE_LOOP('',(#1974));
#1974 = ORIENTED_EDGE('',*,*,#1975,.T.);
#1975 = EDGE_CURVE('',#1976,#1976,#1978,.T.);
#1976 = VERTEX_POINT('',#1977);
#1977 = CARTESIAN_POINT('',(139.7,-55.01,0.));
#1978 = CIRCLE('',#1979,0.4);
#1979 = AXIS2_PLACEMENT_3D('',#1980,#1981,#1982);
#1980 = CARTESIAN_POINT('',(139.7,-54.61,0.));
#1981 = DIRECTION('',(-0.,0.,-1.));
#1982 = DIRECTION('',(-0.,-1.,0.));
#1983 = FACE_BOUND('',#1984,.F.);
#1984 = EDGE_LOOP('',(#1985));
#1985 = ORIENTED_EDGE('',*,*,#1986,.T.);
#1986 = EDGE_CURVE('',#1987,#1987,#1989,.T.);
#1987 = VERTEX_POINT('',#1988);
#1988 = CARTESIAN_POINT('',(152.4,-58.82,0.));
#1989 = CIRCLE('',#1990,0.4);
#1990 = AXIS2_PLACEMENT_3D('',#1991,#1992,#1993);
#1991 = CARTESIAN_POINT('',(152.4,-58.42,0.));
#1992 = DIRECTION('',(-0.,0.,-1.));
#1993 = DIRECTION('',(-0.,-1.,0.));
#1994 = FACE_BOUND('',#1995,.F.);
#1995 = EDGE_LOOP('',(#1996));
#1996 = ORIENTED_EDGE('',*,*,#1997,.T.);
#1997 = EDGE_CURVE('',#1998,#1998,#2000,.T.);
#1998 = VERTEX_POINT('',#1999);
#1999 = CARTESIAN_POINT('',(149.86,-55.01,0.));
#2000 = CIRCLE('',#2001,0.4);
#2001 = AXIS2_PLACEMENT_3D('',#2002,#2003,#2004);
#2002 = CARTESIAN_POINT('',(149.86,-54.61,0.));
#2003 = DIRECTION('',(-0.,0.,-1.));
#2004 = DIRECTION('',(-0.,-1.,0.));
#2005 = FACE_BOUND('',#2006,.F.);
#2006 = EDGE_LOOP('',(#2007));
#2007 = ORIENTED_EDGE('',*,*,#2008,.T.);
#2008 = EDGE_CURVE('',#2009,#2009,#2011,.T.);
#2009 = VERTEX_POINT('',#2010);
#2010 = CARTESIAN_POINT('',(119.3,-52.47,0.));
#2011 = CIRCLE('',#2012,0.4);
#2012 = AXIS2_PLACEMENT_3D('',#2013,#2014,#2015);
#2013 = CARTESIAN_POINT('',(119.3,-52.07,0.));
#2014 = DIRECTION('',(-0.,0.,-1.));
#2015 = DIRECTION('',(-3.552713678801E-14,-1.,0.));
#2016 = FACE_BOUND('',#2017,.F.);
#2017 = EDGE_LOOP('',(#2018));
#2018 = ORIENTED_EDGE('',*,*,#2019,.T.);
#2019 = EDGE_CURVE('',#2020,#2020,#2022,.T.);
#2020 = VERTEX_POINT('',#2021);
#2021 = CARTESIAN_POINT('',(129.54,-49.93,0.));
#2022 = CIRCLE('',#2023,0.4);
#2023 = AXIS2_PLACEMENT_3D('',#2024,#2025,#2026);
#2024 = CARTESIAN_POINT('',(129.54,-49.53,0.));
#2025 = DIRECTION('',(-0.,0.,-1.));
#2026 = DIRECTION('',(-0.,-1.,0.));
#2027 = FACE_BOUND('',#2028,.F.);
#2028 = EDGE_LOOP('',(#2029));
#2029 = ORIENTED_EDGE('',*,*,#2030,.T.);
#2030 = EDGE_CURVE('',#2031,#2031,#2033,.T.);
#2031 = VERTEX_POINT('',#2032);
#2032 = CARTESIAN_POINT('',(124.46,-48.66,0.));
#2033 = CIRCLE('',#2034,0.4);
#2034 = AXIS2_PLACEMENT_3D('',#2035,#2036,#2037);
#2035 = CARTESIAN_POINT('',(124.46,-48.26,0.));
#2036 = DIRECTION('',(-0.,0.,-1.));
#2037 = DIRECTION('',(-3.552713678801E-14,-1.,0.));
#2038 = FACE_BOUND('',#2039,.F.);
#2039 = EDGE_LOOP('',(#2040));
#2040 = ORIENTED_EDGE('',*,*,#2041,.T.);
#2041 = EDGE_CURVE('',#2042,#2042,#2044,.T.);
#2042 = VERTEX_POINT('',#2043);
#2043 = CARTESIAN_POINT('',(134.54,-49.93,0.));
#2044 = CIRCLE('',#2045,0.4);
#2045 = AXIS2_PLACEMENT_3D('',#2046,#2047,#2048);
#2046 = CARTESIAN_POINT('',(134.54,-49.53,0.));
#2047 = DIRECTION('',(-0.,0.,-1.));
#2048 = DIRECTION('',(-0.,-1.,0.));
#2049 = FACE_BOUND('',#2050,.F.);
#2050 = EDGE_LOOP('',(#2051));
#2051 = ORIENTED_EDGE('',*,*,#2052,.T.);
#2052 = EDGE_CURVE('',#2053,#2053,#2055,.T.);
#2053 = VERTEX_POINT('',#2054);
#2054 = CARTESIAN_POINT('',(143.002,-50.184,0.));
#2055 = CIRCLE('',#2056,0.4);
#2056 = AXIS2_PLACEMENT_3D('',#2057,#2058,#2059);
#2057 = CARTESIAN_POINT('',(143.002,-49.784,0.));
#2058 = DIRECTION('',(-0.,0.,-1.));
#2059 = DIRECTION('',(-0.,-1.,0.));
#2060 = FACE_BOUND('',#2061,.F.);
#2061 = EDGE_LOOP('',(#2062));
#2062 = ORIENTED_EDGE('',*,*,#2063,.T.);
#2063 = EDGE_CURVE('',#2064,#2064,#2066,.T.);
#2064 = VERTEX_POINT('',#2065);
#2065 = CARTESIAN_POINT('',(148.002,-50.184,0.));
#2066 = CIRCLE('',#2067,0.4);
#2067 = AXIS2_PLACEMENT_3D('',#2068,#2069,#2070);
#2068 = CARTESIAN_POINT('',(148.002,-49.784,0.));
#2069 = DIRECTION('',(-0.,0.,-1.));
#2070 = DIRECTION('',(-0.,-1.,0.));
#2071 = FACE_BOUND('',#2072,.F.);
#2072 = EDGE_LOOP('',(#2073));
#2073 = ORIENTED_EDGE('',*,*,#2074,.T.);
#2074 = EDGE_CURVE('',#2075,#2075,#2077,.T.);
#2075 = VERTEX_POINT('',#2076);
#2076 = CARTESIAN_POINT('',(153.67,-88.08,0.));
#2077 = CIRCLE('',#2078,0.45);
#2078 = AXIS2_PLACEMENT_3D('',#2079,#2080,#2081);
#2079 = CARTESIAN_POINT('',(153.67,-87.63,0.));
#2080 = DIRECTION('',(-0.,0.,-1.));
#2081 = DIRECTION('',(-6.315935428979E-14,-1.,0.));
#2082 = FACE_BOUND('',#2083,.F.);
#2083 = EDGE_LOOP('',(#2084));
#2084 = ORIENTED_EDGE('',*,*,#2085,.T.);
#2085 = EDGE_CURVE('',#2086,#2086,#2088,.T.);
#2086 = VERTEX_POINT('',#2087);
#2087 = CARTESIAN_POINT('',(156.21,-88.08,0.));
#2088 = CIRCLE('',#2089,0.45);
#2089 = AXIS2_PLACEMENT_3D('',#2090,#2091,#2092);
#2090 = CARTESIAN_POINT('',(156.21,-87.63,0.));
#2091 = DIRECTION('',(-0.,0.,-1.));
#2092 = DIRECTION('',(6.315935428978E-14,-1.,-0.));
#2093 = FACE_BOUND('',#2094,.F.);
#2094 = EDGE_LOOP('',(#2095));
#2095 = ORIENTED_EDGE('',*,*,#2096,.T.);
#2096 = EDGE_CURVE('',#2097,#2097,#2099,.T.);
#2097 = VERTEX_POINT('',#2098);
#2098 = CARTESIAN_POINT('',(175.26,-89.4,0.));
#2099 = CIRCLE('',#2100,0.5);
#2100 = AXIS2_PLACEMENT_3D('',#2101,#2102,#2103);
#2101 = CARTESIAN_POINT('',(175.26,-88.9,0.));
#2102 = DIRECTION('',(-0.,0.,-1.));
#2103 = DIRECTION('',(-0.,-1.,0.));
#2104 = FACE_BOUND('',#2105,.F.);
#2105 = EDGE_LOOP('',(#2106));
#2106 = ORIENTED_EDGE('',*,*,#2107,.T.);
#2107 = EDGE_CURVE('',#2108,#2108,#2110,.T.);
#2108 = VERTEX_POINT('',#2109);
#2109 = CARTESIAN_POINT('',(175.26,-86.86,0.));
#2110 = CIRCLE('',#2111,0.5);
#2111 = AXIS2_PLACEMENT_3D('',#2112,#2113,#2114);
#2112 = CARTESIAN_POINT('',(175.26,-86.36,0.));
#2113 = DIRECTION('',(-0.,0.,-1.));
#2114 = DIRECTION('',(-0.,-1.,0.));
#2115 = FACE_BOUND('',#2116,.F.);
#2116 = EDGE_LOOP('',(#2117));
#2117 = ORIENTED_EDGE('',*,*,#2118,.T.);
#2118 = EDGE_CURVE('',#2119,#2119,#2121,.T.);
#2119 = VERTEX_POINT('',#2120);
#2120 = CARTESIAN_POINT('',(190.5,-89.4,0.));
#2121 = CIRCLE('',#2122,0.5);
#2122 = AXIS2_PLACEMENT_3D('',#2123,#2124,#2125);
#2123 = CARTESIAN_POINT('',(190.5,-88.9,0.));
#2124 = DIRECTION('',(-0.,0.,-1.));
#2125 = DIRECTION('',(-0.,-1.,0.));
#2126 = FACE_BOUND('',#2127,.F.);
#2127 = EDGE_LOOP('',(#2128));
#2128 = ORIENTED_EDGE('',*,*,#2129,.T.);
#2129 = EDGE_CURVE('',#2130,#2130,#2132,.T.);
#2130 = VERTEX_POINT('',#2131);
#2131 = CARTESIAN_POINT('',(190.5,-86.86,0.));
#2132 = CIRCLE('',#2133,0.5);
#2133 = AXIS2_PLACEMENT_3D('',#2134,#2135,#2136);
#2134 = CARTESIAN_POINT('',(190.5,-86.36,0.));
#2135 = DIRECTION('',(-0.,0.,-1.));
#2136 = DIRECTION('',(-0.,-1.,0.));
#2137 = FACE_BOUND('',#2138,.F.);
#2138 = EDGE_LOOP('',(#2139));
#2139 = ORIENTED_EDGE('',*,*,#2140,.T.);
#2140 = EDGE_CURVE('',#2141,#2141,#2143,.T.);
#2141 = VERTEX_POINT('',#2142);
#2142 = CARTESIAN_POINT('',(175.26,-84.32,0.));
#2143 = CIRCLE('',#2144,0.5);
#2144 = AXIS2_PLACEMENT_3D('',#2145,#2146,#2147);
#2145 = CARTESIAN_POINT('',(175.26,-83.82,0.));
#2146 = DIRECTION('',(-0.,0.,-1.));
#2147 = DIRECTION('',(-0.,-1.,0.));
#2148 = FACE_BOUND('',#2149,.F.);
#2149 = EDGE_LOOP('',(#2150));
#2150 = ORIENTED_EDGE('',*,*,#2151,.T.);
#2151 = EDGE_CURVE('',#2152,#2152,#2154,.T.);
#2152 = VERTEX_POINT('',#2153);
#2153 = CARTESIAN_POINT('',(175.26,-81.78,0.));
#2154 = CIRCLE('',#2155,0.5);
#2155 = AXIS2_PLACEMENT_3D('',#2156,#2157,#2158);
#2156 = CARTESIAN_POINT('',(175.26,-81.28,0.));
#2157 = DIRECTION('',(-0.,0.,-1.));
#2158 = DIRECTION('',(-0.,-1.,0.));
#2159 = FACE_BOUND('',#2160,.F.);
#2160 = EDGE_LOOP('',(#2161));
#2161 = ORIENTED_EDGE('',*,*,#2162,.T.);
#2162 = EDGE_CURVE('',#2163,#2163,#2165,.T.);
#2163 = VERTEX_POINT('',#2164);
#2164 = CARTESIAN_POINT('',(175.26,-79.24,0.));
#2165 = CIRCLE('',#2166,0.5);
#2166 = AXIS2_PLACEMENT_3D('',#2167,#2168,#2169);
#2167 = CARTESIAN_POINT('',(175.26,-78.74,0.));
#2168 = DIRECTION('',(-0.,0.,-1.));
#2169 = DIRECTION('',(-0.,-1.,0.));
#2170 = FACE_BOUND('',#2171,.F.);
#2171 = EDGE_LOOP('',(#2172));
#2172 = ORIENTED_EDGE('',*,*,#2173,.T.);
#2173 = EDGE_CURVE('',#2174,#2174,#2176,.T.);
#2174 = VERTEX_POINT('',#2175);
#2175 = CARTESIAN_POINT('',(190.5,-84.32,0.));
#2176 = CIRCLE('',#2177,0.5);
#2177 = AXIS2_PLACEMENT_3D('',#2178,#2179,#2180);
#2178 = CARTESIAN_POINT('',(190.5,-83.82,0.));
#2179 = DIRECTION('',(-0.,0.,-1.));
#2180 = DIRECTION('',(-0.,-1.,0.));
#2181 = FACE_BOUND('',#2182,.F.);
#2182 = EDGE_LOOP('',(#2183));
#2183 = ORIENTED_EDGE('',*,*,#2184,.T.);
#2184 = EDGE_CURVE('',#2185,#2185,#2187,.T.);
#2185 = VERTEX_POINT('',#2186);
#2186 = CARTESIAN_POINT('',(190.5,-81.78,0.));
#2187 = CIRCLE('',#2188,0.5);
#2188 = AXIS2_PLACEMENT_3D('',#2189,#2190,#2191);
#2189 = CARTESIAN_POINT('',(190.5,-81.28,0.));
#2190 = DIRECTION('',(-0.,0.,-1.));
#2191 = DIRECTION('',(-0.,-1.,0.));
#2192 = FACE_BOUND('',#2193,.F.);
#2193 = EDGE_LOOP('',(#2194));
#2194 = ORIENTED_EDGE('',*,*,#2195,.T.);
#2195 = EDGE_CURVE('',#2196,#2196,#2198,.T.);
#2196 = VERTEX_POINT('',#2197);
#2197 = CARTESIAN_POINT('',(190.5,-79.24,0.));
#2198 = CIRCLE('',#2199,0.5);
#2199 = AXIS2_PLACEMENT_3D('',#2200,#2201,#2202);
#2200 = CARTESIAN_POINT('',(190.5,-78.74,0.));
#2201 = DIRECTION('',(-0.,0.,-1.));
#2202 = DIRECTION('',(-0.,-1.,0.));
#2203 = FACE_BOUND('',#2204,.F.);
#2204 = EDGE_LOOP('',(#2205));
#2205 = ORIENTED_EDGE('',*,*,#2206,.T.);
#2206 = EDGE_CURVE('',#2207,#2207,#2209,.T.);
#2207 = VERTEX_POINT('',#2208);
#2208 = CARTESIAN_POINT('',(153.67,-77.92,0.));
#2209 = CIRCLE('',#2210,0.45);
#2210 = AXIS2_PLACEMENT_3D('',#2211,#2212,#2213);
#2211 = CARTESIAN_POINT('',(153.67,-77.47,0.));
#2212 = DIRECTION('',(-0.,0.,-1.));
#2213 = DIRECTION('',(-6.315935428979E-14,-1.,0.));
#2214 = FACE_BOUND('',#2215,.F.);
#2215 = EDGE_LOOP('',(#2216));
#2216 = ORIENTED_EDGE('',*,*,#2217,.T.);
#2217 = EDGE_CURVE('',#2218,#2218,#2220,.T.);
#2218 = VERTEX_POINT('',#2219);
#2219 = CARTESIAN_POINT('',(156.21,-77.92,0.));
#2220 = CIRCLE('',#2221,0.45);
#2221 = AXIS2_PLACEMENT_3D('',#2222,#2223,#2224);
#2222 = CARTESIAN_POINT('',(156.21,-77.47,0.));
#2223 = DIRECTION('',(-0.,0.,-1.));
#2224 = DIRECTION('',(6.315935428978E-14,-1.,-0.));
#2225 = FACE_BOUND('',#2226,.F.);
#2226 = EDGE_LOOP('',(#2227));
#2227 = ORIENTED_EDGE('',*,*,#2228,.T.);
#2228 = EDGE_CURVE('',#2229,#2229,#2231,.T.);
#2229 = VERTEX_POINT('',#2230);
#2230 = CARTESIAN_POINT('',(156.21,-68.98,0.));
#2231 = CIRCLE('',#2232,0.4);
#2232 = AXIS2_PLACEMENT_3D('',#2233,#2234,#2235);
#2233 = CARTESIAN_POINT('',(156.21,-68.58,0.));
#2234 = DIRECTION('',(-0.,0.,-1.));
#2235 = DIRECTION('',(-0.,-1.,0.));
#2236 = FACE_BOUND('',#2237,.F.);
#2237 = EDGE_LOOP('',(#2238));
#2238 = ORIENTED_EDGE('',*,*,#2239,.T.);
#2239 = EDGE_CURVE('',#2240,#2240,#2242,.T.);
#2240 = VERTEX_POINT('',#2241);
#2241 = CARTESIAN_POINT('',(175.26,-76.7,0.));
#2242 = CIRCLE('',#2243,0.5);
#2243 = AXIS2_PLACEMENT_3D('',#2244,#2245,#2246);
#2244 = CARTESIAN_POINT('',(175.26,-76.2,0.));
#2245 = DIRECTION('',(-0.,0.,-1.));
#2246 = DIRECTION('',(-0.,-1.,0.));
#2247 = FACE_BOUND('',#2248,.F.);
#2248 = EDGE_LOOP('',(#2249));
#2249 = ORIENTED_EDGE('',*,*,#2250,.T.);
#2250 = EDGE_CURVE('',#2251,#2251,#2253,.T.);
#2251 = VERTEX_POINT('',#2252);
#2252 = CARTESIAN_POINT('',(175.26,-74.16,0.));
#2253 = CIRCLE('',#2254,0.5);
#2254 = AXIS2_PLACEMENT_3D('',#2255,#2256,#2257);
#2255 = CARTESIAN_POINT('',(175.26,-73.66,0.));
#2256 = DIRECTION('',(-0.,0.,-1.));
#2257 = DIRECTION('',(-0.,-1.,0.));
#2258 = FACE_BOUND('',#2259,.F.);
#2259 = EDGE_LOOP('',(#2260));
#2260 = ORIENTED_EDGE('',*,*,#2261,.T.);
#2261 = EDGE_CURVE('',#2262,#2262,#2264,.T.);
#2262 = VERTEX_POINT('',#2263);
#2263 = CARTESIAN_POINT('',(190.5,-76.7,0.));
#2264 = CIRCLE('',#2265,0.5);
#2265 = AXIS2_PLACEMENT_3D('',#2266,#2267,#2268);
#2266 = CARTESIAN_POINT('',(190.5,-76.2,0.));
#2267 = DIRECTION('',(-0.,0.,-1.));
#2268 = DIRECTION('',(-0.,-1.,0.));
#2269 = FACE_BOUND('',#2270,.F.);
#2270 = EDGE_LOOP('',(#2271));
#2271 = ORIENTED_EDGE('',*,*,#2272,.T.);
#2272 = EDGE_CURVE('',#2273,#2273,#2275,.T.);
#2273 = VERTEX_POINT('',#2274);
#2274 = CARTESIAN_POINT('',(190.5,-74.16,0.));
#2275 = CIRCLE('',#2276,0.5);
#2276 = AXIS2_PLACEMENT_3D('',#2277,#2278,#2279);
#2277 = CARTESIAN_POINT('',(190.5,-73.66,0.));
#2278 = DIRECTION('',(-0.,0.,-1.));
#2279 = DIRECTION('',(-0.,-1.,0.));
#2280 = FACE_BOUND('',#2281,.F.);
#2281 = EDGE_LOOP('',(#2282));
#2282 = ORIENTED_EDGE('',*,*,#2283,.T.);
#2283 = EDGE_CURVE('',#2284,#2284,#2286,.T.);
#2284 = VERTEX_POINT('',#2285);
#2285 = CARTESIAN_POINT('',(175.26,-71.62,0.));
#2286 = CIRCLE('',#2287,0.5);
#2287 = AXIS2_PLACEMENT_3D('',#2288,#2289,#2290);
#2288 = CARTESIAN_POINT('',(175.26,-71.12,0.));
#2289 = DIRECTION('',(-0.,0.,-1.));
#2290 = DIRECTION('',(-0.,-1.,0.));
#2291 = FACE_BOUND('',#2292,.F.);
#2292 = EDGE_LOOP('',(#2293));
#2293 = ORIENTED_EDGE('',*,*,#2294,.T.);
#2294 = EDGE_CURVE('',#2295,#2295,#2297,.T.);
#2295 = VERTEX_POINT('',#2296);
#2296 = CARTESIAN_POINT('',(175.26,-69.08,0.));
#2297 = CIRCLE('',#2298,0.5);
#2298 = AXIS2_PLACEMENT_3D('',#2299,#2300,#2301);
#2299 = CARTESIAN_POINT('',(175.26,-68.58,0.));
#2300 = DIRECTION('',(-0.,0.,-1.));
#2301 = DIRECTION('',(-0.,-1.,0.));
#2302 = FACE_BOUND('',#2303,.F.);
#2303 = EDGE_LOOP('',(#2304));
#2304 = ORIENTED_EDGE('',*,*,#2305,.T.);
#2305 = EDGE_CURVE('',#2306,#2306,#2308,.T.);
#2306 = VERTEX_POINT('',#2307);
#2307 = CARTESIAN_POINT('',(190.5,-71.62,0.));
#2308 = CIRCLE('',#2309,0.5);
#2309 = AXIS2_PLACEMENT_3D('',#2310,#2311,#2312);
#2310 = CARTESIAN_POINT('',(190.5,-71.12,0.));
#2311 = DIRECTION('',(-0.,0.,-1.));
#2312 = DIRECTION('',(-0.,-1.,0.));
#2313 = FACE_BOUND('',#2314,.F.);
#2314 = EDGE_LOOP('',(#2315));
#2315 = ORIENTED_EDGE('',*,*,#2316,.T.);
#2316 = EDGE_CURVE('',#2317,#2317,#2319,.T.);
#2317 = VERTEX_POINT('',#2318);
#2318 = CARTESIAN_POINT('',(190.5,-69.08,0.));
#2319 = CIRCLE('',#2320,0.5);
#2320 = AXIS2_PLACEMENT_3D('',#2321,#2322,#2323);
#2321 = CARTESIAN_POINT('',(190.5,-68.58,0.));
#2322 = DIRECTION('',(-0.,0.,-1.));
#2323 = DIRECTION('',(-0.,-1.,0.));
#2324 = FACE_BOUND('',#2325,.F.);
#2325 = EDGE_LOOP('',(#2326));
#2326 = ORIENTED_EDGE('',*,*,#2327,.T.);
#2327 = EDGE_CURVE('',#2328,#2328,#2330,.T.);
#2328 = VERTEX_POINT('',#2329);
#2329 = CARTESIAN_POINT('',(207.645,-84.22,0.));
#2330 = CIRCLE('',#2331,0.4);
#2331 = AXIS2_PLACEMENT_3D('',#2332,#2333,#2334);
#2332 = CARTESIAN_POINT('',(207.645,-83.82,0.));
#2333 = DIRECTION('',(-0.,0.,-1.));
#2334 = DIRECTION('',(7.105427357601E-14,-1.,-0.));
#2335 = FACE_BOUND('',#2336,.F.);
#2336 = EDGE_LOOP('',(#2337));
#2337 = ORIENTED_EDGE('',*,*,#2338,.T.);
#2338 = EDGE_CURVE('',#2339,#2339,#2341,.T.);
#2339 = VERTEX_POINT('',#2340);
#2340 = CARTESIAN_POINT('',(207.645,-81.68,0.));
#2341 = CIRCLE('',#2342,0.4);
#2342 = AXIS2_PLACEMENT_3D('',#2343,#2344,#2345);
#2343 = CARTESIAN_POINT('',(207.645,-81.28,0.));
#2344 = DIRECTION('',(-0.,0.,-1.));
#2345 = DIRECTION('',(7.105427357601E-14,-1.,-0.));
#2346 = FACE_BOUND('',#2347,.F.);
#2347 = EDGE_LOOP('',(#2348));
#2348 = ORIENTED_EDGE('',*,*,#2349,.T.);
#2349 = EDGE_CURVE('',#2350,#2350,#2352,.T.);
#2350 = VERTEX_POINT('',#2351);
#2351 = CARTESIAN_POINT('',(207.645,-79.14,0.));
#2352 = CIRCLE('',#2353,0.4);
#2353 = AXIS2_PLACEMENT_3D('',#2354,#2355,#2356);
#2354 = CARTESIAN_POINT('',(207.645,-78.74,0.));
#2355 = DIRECTION('',(-0.,0.,-1.));
#2356 = DIRECTION('',(7.105427357601E-14,-1.,-0.));
#2357 = FACE_BOUND('',#2358,.F.);
#2358 = EDGE_LOOP('',(#2359));
#2359 = ORIENTED_EDGE('',*,*,#2360,.T.);
#2360 = EDGE_CURVE('',#2361,#2361,#2363,.T.);
#2361 = VERTEX_POINT('',#2362);
#2362 = CARTESIAN_POINT('',(215.265,-84.22,0.));
#2363 = CIRCLE('',#2364,0.4);
#2364 = AXIS2_PLACEMENT_3D('',#2365,#2366,#2367);
#2365 = CARTESIAN_POINT('',(215.265,-83.82,0.));
#2366 = DIRECTION('',(-0.,0.,-1.));
#2367 = DIRECTION('',(-0.,-1.,0.));
#2368 = FACE_BOUND('',#2369,.F.);
#2369 = EDGE_LOOP('',(#2370));
#2370 = ORIENTED_EDGE('',*,*,#2371,.T.);
#2371 = EDGE_CURVE('',#2372,#2372,#2374,.T.);
#2372 = VERTEX_POINT('',#2373);
#2373 = CARTESIAN_POINT('',(215.265,-81.68,0.));
#2374 = CIRCLE('',#2375,0.4);
#2375 = AXIS2_PLACEMENT_3D('',#2376,#2377,#2378);
#2376 = CARTESIAN_POINT('',(215.265,-81.28,0.));
#2377 = DIRECTION('',(-0.,0.,-1.));
#2378 = DIRECTION('',(-0.,-1.,0.));
#2379 = FACE_BOUND('',#2380,.F.);
#2380 = EDGE_LOOP('',(#2381));
#2381 = ORIENTED_EDGE('',*,*,#2382,.T.);
#2382 = EDGE_CURVE('',#2383,#2383,#2385,.T.);
#2383 = VERTEX_POINT('',#2384);
#2384 = CARTESIAN_POINT('',(215.265,-79.14,0.));
#2385 = CIRCLE('',#2386,0.4);
#2386 = AXIS2_PLACEMENT_3D('',#2387,#2388,#2389);
#2387 = CARTESIAN_POINT('',(215.265,-78.74,0.));
#2388 = DIRECTION('',(-0.,0.,-1.));
#2389 = DIRECTION('',(-0.,-1.,0.));
#2390 = FACE_BOUND('',#2391,.F.);
#2391 = EDGE_LOOP('',(#2392));
#2392 = ORIENTED_EDGE('',*,*,#2393,.T.);
#2393 = EDGE_CURVE('',#2394,#2394,#2396,.T.);
#2394 = VERTEX_POINT('',#2395);
#2395 = CARTESIAN_POINT('',(198.755,-76.52,0.));
#2396 = CIRCLE('',#2397,0.4);
#2397 = AXIS2_PLACEMENT_3D('',#2398,#2399,#2400);
#2398 = CARTESIAN_POINT('',(198.755,-76.12,0.));
#2399 = DIRECTION('',(-0.,0.,-1.));
#2400 = DIRECTION('',(-0.,-1.,0.));
#2401 = FACE_BOUND('',#2402,.F.);
#2402 = EDGE_LOOP('',(#2403));
#2403 = ORIENTED_EDGE('',*,*,#2404,.T.);
#2404 = EDGE_CURVE('',#2405,#2405,#2407,.T.);
#2405 = VERTEX_POINT('',#2406);
#2406 = CARTESIAN_POINT('',(207.645,-76.6,0.));
#2407 = CIRCLE('',#2408,0.4);
#2408 = AXIS2_PLACEMENT_3D('',#2409,#2410,#2411);
#2409 = CARTESIAN_POINT('',(207.645,-76.2,0.));
#2410 = DIRECTION('',(-0.,0.,-1.));
#2411 = DIRECTION('',(7.105427357601E-14,-1.,-0.));
#2412 = FACE_BOUND('',#2413,.F.);
#2413 = EDGE_LOOP('',(#2414));
#2414 = ORIENTED_EDGE('',*,*,#2415,.T.);
#2415 = EDGE_CURVE('',#2416,#2416,#2418,.T.);
#2416 = VERTEX_POINT('',#2417);
#2417 = CARTESIAN_POINT('',(207.645,-74.06,0.));
#2418 = CIRCLE('',#2419,0.4);
#2419 = AXIS2_PLACEMENT_3D('',#2420,#2421,#2422);
#2420 = CARTESIAN_POINT('',(207.645,-73.66,0.));
#2421 = DIRECTION('',(-0.,0.,-1.));
#2422 = DIRECTION('',(7.105427357601E-14,-1.,-0.));
#2423 = FACE_BOUND('',#2424,.F.);
#2424 = EDGE_LOOP('',(#2425));
#2425 = ORIENTED_EDGE('',*,*,#2426,.T.);
#2426 = EDGE_CURVE('',#2427,#2427,#2429,.T.);
#2427 = VERTEX_POINT('',#2428);
#2428 = CARTESIAN_POINT('',(198.755,-71.52,0.));
#2429 = CIRCLE('',#2430,0.4);
#2430 = AXIS2_PLACEMENT_3D('',#2431,#2432,#2433);
#2431 = CARTESIAN_POINT('',(198.755,-71.12,0.));
#2432 = DIRECTION('',(-0.,0.,-1.));
#2433 = DIRECTION('',(-0.,-1.,0.));
#2434 = FACE_BOUND('',#2435,.F.);
#2435 = EDGE_LOOP('',(#2436));
#2436 = ORIENTED_EDGE('',*,*,#2437,.T.);
#2437 = EDGE_CURVE('',#2438,#2438,#2440,.T.);
#2438 = VERTEX_POINT('',#2439);
#2439 = CARTESIAN_POINT('',(207.645,-71.52,0.));
#2440 = CIRCLE('',#2441,0.4);
#2441 = AXIS2_PLACEMENT_3D('',#2442,#2443,#2444);
#2442 = CARTESIAN_POINT('',(207.645,-71.12,0.));
#2443 = DIRECTION('',(-0.,0.,-1.));
#2444 = DIRECTION('',(7.105427357601E-14,-1.,-0.));
#2445 = FACE_BOUND('',#2446,.F.);
#2446 = EDGE_LOOP('',(#2447));
#2447 = ORIENTED_EDGE('',*,*,#2448,.T.);
#2448 = EDGE_CURVE('',#2449,#2449,#2451,.T.);
#2449 = VERTEX_POINT('',#2450);
#2450 = CARTESIAN_POINT('',(207.645,-68.98,0.));
#2451 = CIRCLE('',#2452,0.4);
#2452 = AXIS2_PLACEMENT_3D('',#2453,#2454,#2455);
#2453 = CARTESIAN_POINT('',(207.645,-68.58,0.));
#2454 = DIRECTION('',(-0.,0.,-1.));
#2455 = DIRECTION('',(7.105427357601E-14,-1.,-0.));
#2456 = FACE_BOUND('',#2457,.F.);
#2457 = EDGE_LOOP('',(#2458));
#2458 = ORIENTED_EDGE('',*,*,#2459,.T.);
#2459 = EDGE_CURVE('',#2460,#2460,#2462,.T.);
#2460 = VERTEX_POINT('',#2461);
#2461 = CARTESIAN_POINT('',(215.265,-76.6,0.));
#2462 = CIRCLE('',#2463,0.4);
#2463 = AXIS2_PLACEMENT_3D('',#2464,#2465,#2466);
#2464 = CARTESIAN_POINT('',(215.265,-76.2,0.));
#2465 = DIRECTION('',(-0.,0.,-1.));
#2466 = DIRECTION('',(-0.,-1.,0.));
#2467 = FACE_BOUND('',#2468,.F.);
#2468 = EDGE_LOOP('',(#2469));
#2469 = ORIENTED_EDGE('',*,*,#2470,.T.);
#2470 = EDGE_CURVE('',#2471,#2471,#2473,.T.);
#2471 = VERTEX_POINT('',#2472);
#2472 = CARTESIAN_POINT('',(215.265,-74.06,0.));
#2473 = CIRCLE('',#2474,0.4);
#2474 = AXIS2_PLACEMENT_3D('',#2475,#2476,#2477);
#2475 = CARTESIAN_POINT('',(215.265,-73.66,0.));
#2476 = DIRECTION('',(-0.,0.,-1.));
#2477 = DIRECTION('',(-0.,-1.,0.));
#2478 = FACE_BOUND('',#2479,.F.);
#2479 = EDGE_LOOP('',(#2480));
#2480 = ORIENTED_EDGE('',*,*,#2481,.T.);
#2481 = EDGE_CURVE('',#2482,#2482,#2484,.T.);
#2482 = VERTEX_POINT('',#2483);
#2483 = CARTESIAN_POINT('',(215.265,-71.52,0.));
#2484 = CIRCLE('',#2485,0.4);
#2485 = AXIS2_PLACEMENT_3D('',#2486,#2487,#2488);
#2486 = CARTESIAN_POINT('',(215.265,-71.12,0.));
#2487 = DIRECTION('',(-0.,0.,-1.));
#2488 = DIRECTION('',(-0.,-1.,0.));
#2489 = FACE_BOUND('',#2490,.F.);
#2490 = EDGE_LOOP('',(#2491));
#2491 = ORIENTED_EDGE('',*,*,#2492,.T.);
#2492 = EDGE_CURVE('',#2493,#2493,#2495,.T.);
#2493 = VERTEX_POINT('',#2494);
#2494 = CARTESIAN_POINT('',(215.265,-68.98,0.));
#2495 = CIRCLE('',#2496,0.4);
#2496 = AXIS2_PLACEMENT_3D('',#2497,#2498,#2499);
#2497 = CARTESIAN_POINT('',(215.265,-68.58,0.));
#2498 = DIRECTION('',(-0.,0.,-1.));
#2499 = DIRECTION('',(-0.,-1.,0.));
#2500 = FACE_BOUND('',#2501,.F.);
#2501 = EDGE_LOOP('',(#2502));
#2502 = ORIENTED_EDGE('',*,*,#2503,.T.);
#2503 = EDGE_CURVE('',#2504,#2504,#2506,.T.);
#2504 = VERTEX_POINT('',#2505);
#2505 = CARTESIAN_POINT('',(156.21,-58.82,0.));
#2506 = CIRCLE('',#2507,0.4);
#2507 = AXIS2_PLACEMENT_3D('',#2508,#2509,#2510);
#2508 = CARTESIAN_POINT('',(156.21,-58.42,0.));
#2509 = DIRECTION('',(-0.,0.,-1.));
#2510 = DIRECTION('',(-0.,-1.,0.));
#2511 = FACE_BOUND('',#2512,.F.);
#2512 = EDGE_LOOP('',(#2513));
#2513 = ORIENTED_EDGE('',*,*,#2514,.T.);
#2514 = EDGE_CURVE('',#2515,#2515,#2517,.T.);
#2515 = VERTEX_POINT('',#2516);
#2516 = CARTESIAN_POINT('',(175.26,-66.54,0.));
#2517 = CIRCLE('',#2518,0.5);
#2518 = AXIS2_PLACEMENT_3D('',#2519,#2520,#2521);
#2519 = CARTESIAN_POINT('',(175.26,-66.04,0.));
#2520 = DIRECTION('',(-0.,0.,-1.));
#2521 = DIRECTION('',(-0.,-1.,0.));
#2522 = FACE_BOUND('',#2523,.F.);
#2523 = EDGE_LOOP('',(#2524));
#2524 = ORIENTED_EDGE('',*,*,#2525,.T.);
#2525 = EDGE_CURVE('',#2526,#2526,#2528,.T.);
#2526 = VERTEX_POINT('',#2527);
#2527 = CARTESIAN_POINT('',(175.26,-64.,0.));
#2528 = CIRCLE('',#2529,0.5);
#2529 = AXIS2_PLACEMENT_3D('',#2530,#2531,#2532);
#2530 = CARTESIAN_POINT('',(175.26,-63.5,0.));
#2531 = DIRECTION('',(-0.,0.,-1.));
#2532 = DIRECTION('',(-0.,-1.,0.));
#2533 = FACE_BOUND('',#2534,.F.);
#2534 = EDGE_LOOP('',(#2535));
#2535 = ORIENTED_EDGE('',*,*,#2536,.T.);
#2536 = EDGE_CURVE('',#2537,#2537,#2539,.T.);
#2537 = VERTEX_POINT('',#2538);
#2538 = CARTESIAN_POINT('',(175.26,-61.46,0.));
#2539 = CIRCLE('',#2540,0.5);
#2540 = AXIS2_PLACEMENT_3D('',#2541,#2542,#2543);
#2541 = CARTESIAN_POINT('',(175.26,-60.96,0.));
#2542 = DIRECTION('',(-0.,0.,-1.));
#2543 = DIRECTION('',(-0.,-1.,0.));
#2544 = FACE_BOUND('',#2545,.F.);
#2545 = EDGE_LOOP('',(#2546));
#2546 = ORIENTED_EDGE('',*,*,#2547,.T.);
#2547 = EDGE_CURVE('',#2548,#2548,#2550,.T.);
#2548 = VERTEX_POINT('',#2549);
#2549 = CARTESIAN_POINT('',(190.5,-66.54,0.));
#2550 = CIRCLE('',#2551,0.5);
#2551 = AXIS2_PLACEMENT_3D('',#2552,#2553,#2554);
#2552 = CARTESIAN_POINT('',(190.5,-66.04,0.));
#2553 = DIRECTION('',(-0.,0.,-1.));
#2554 = DIRECTION('',(-0.,-1.,0.));
#2555 = FACE_BOUND('',#2556,.F.);
#2556 = EDGE_LOOP('',(#2557));
#2557 = ORIENTED_EDGE('',*,*,#2558,.T.);
#2558 = EDGE_CURVE('',#2559,#2559,#2561,.T.);
#2559 = VERTEX_POINT('',#2560);
#2560 = CARTESIAN_POINT('',(190.5,-64.,0.));
#2561 = CIRCLE('',#2562,0.5);
#2562 = AXIS2_PLACEMENT_3D('',#2563,#2564,#2565);
#2563 = CARTESIAN_POINT('',(190.5,-63.5,0.));
#2564 = DIRECTION('',(-0.,0.,-1.));
#2565 = DIRECTION('',(-0.,-1.,0.));
#2566 = FACE_BOUND('',#2567,.F.);
#2567 = EDGE_LOOP('',(#2568));
#2568 = ORIENTED_EDGE('',*,*,#2569,.T.);
#2569 = EDGE_CURVE('',#2570,#2570,#2572,.T.);
#2570 = VERTEX_POINT('',#2571);
#2571 = CARTESIAN_POINT('',(190.5,-61.46,0.));
#2572 = CIRCLE('',#2573,0.5);
#2573 = AXIS2_PLACEMENT_3D('',#2574,#2575,#2576);
#2574 = CARTESIAN_POINT('',(190.5,-60.96,0.));
#2575 = DIRECTION('',(-0.,0.,-1.));
#2576 = DIRECTION('',(-0.,-1.,0.));
#2577 = FACE_BOUND('',#2578,.F.);
#2578 = EDGE_LOOP('',(#2579));
#2579 = ORIENTED_EDGE('',*,*,#2580,.T.);
#2580 = EDGE_CURVE('',#2581,#2581,#2583,.T.);
#2581 = VERTEX_POINT('',#2582);
#2582 = CARTESIAN_POINT('',(175.26,-58.92,0.));
#2583 = CIRCLE('',#2584,0.5);
#2584 = AXIS2_PLACEMENT_3D('',#2585,#2586,#2587);
#2585 = CARTESIAN_POINT('',(175.26,-58.42,0.));
#2586 = DIRECTION('',(-0.,0.,-1.));
#2587 = DIRECTION('',(-0.,-1.,0.));
#2588 = FACE_BOUND('',#2589,.F.);
#2589 = EDGE_LOOP('',(#2590));
#2590 = ORIENTED_EDGE('',*,*,#2591,.T.);
#2591 = EDGE_CURVE('',#2592,#2592,#2594,.T.);
#2592 = VERTEX_POINT('',#2593);
#2593 = CARTESIAN_POINT('',(175.26,-56.38,0.));
#2594 = CIRCLE('',#2595,0.5);
#2595 = AXIS2_PLACEMENT_3D('',#2596,#2597,#2598);
#2596 = CARTESIAN_POINT('',(175.26,-55.88,0.));
#2597 = DIRECTION('',(-0.,0.,-1.));
#2598 = DIRECTION('',(-0.,-1.,0.));
#2599 = FACE_BOUND('',#2600,.F.);
#2600 = EDGE_LOOP('',(#2601));
#2601 = ORIENTED_EDGE('',*,*,#2602,.T.);
#2602 = EDGE_CURVE('',#2603,#2603,#2605,.T.);
#2603 = VERTEX_POINT('',#2604);
#2604 = CARTESIAN_POINT('',(190.5,-58.92,0.));
#2605 = CIRCLE('',#2606,0.5);
#2606 = AXIS2_PLACEMENT_3D('',#2607,#2608,#2609);
#2607 = CARTESIAN_POINT('',(190.5,-58.42,0.));
#2608 = DIRECTION('',(-0.,0.,-1.));
#2609 = DIRECTION('',(-0.,-1.,0.));
#2610 = FACE_BOUND('',#2611,.F.);
#2611 = EDGE_LOOP('',(#2612));
#2612 = ORIENTED_EDGE('',*,*,#2613,.T.);
#2613 = EDGE_CURVE('',#2614,#2614,#2616,.T.);
#2614 = VERTEX_POINT('',#2615);
#2615 = CARTESIAN_POINT('',(190.5,-56.38,0.));
#2616 = CIRCLE('',#2617,0.5);
#2617 = AXIS2_PLACEMENT_3D('',#2618,#2619,#2620);
#2618 = CARTESIAN_POINT('',(190.5,-55.88,0.));
#2619 = DIRECTION('',(-0.,0.,-1.));
#2620 = DIRECTION('',(-0.,-1.,0.));
#2621 = FACE_BOUND('',#2622,.F.);
#2622 = EDGE_LOOP('',(#2623));
#2623 = ORIENTED_EDGE('',*,*,#2624,.T.);
#2624 = EDGE_CURVE('',#2625,#2625,#2627,.T.);
#2625 = VERTEX_POINT('',#2626);
#2626 = CARTESIAN_POINT('',(158.75,-46.6,0.));
#2627 = CIRCLE('',#2628,2.15);
#2628 = AXIS2_PLACEMENT_3D('',#2629,#2630,#2631);
#2629 = CARTESIAN_POINT('',(158.75,-44.45,0.));
#2630 = DIRECTION('',(-0.,0.,-1.));
#2631 = DIRECTION('',(-0.,-1.,0.));
#2632 = FACE_BOUND('',#2633,.F.);
#2633 = EDGE_LOOP('',(#2634));
#2634 = ORIENTED_EDGE('',*,*,#2635,.T.);
#2635 = EDGE_CURVE('',#2636,#2636,#2638,.T.);
#2636 = VERTEX_POINT('',#2637);
#2637 = CARTESIAN_POINT('',(175.26,-53.84,0.));
#2638 = CIRCLE('',#2639,0.5);
#2639 = AXIS2_PLACEMENT_3D('',#2640,#2641,#2642);
#2640 = CARTESIAN_POINT('',(175.26,-53.34,0.));
#2641 = DIRECTION('',(-0.,0.,-1.));
#2642 = DIRECTION('',(-0.,-1.,0.));
#2643 = FACE_BOUND('',#2644,.F.);
#2644 = EDGE_LOOP('',(#2645));
#2645 = ORIENTED_EDGE('',*,*,#2646,.T.);
#2646 = EDGE_CURVE('',#2647,#2647,#2649,.T.);
#2647 = VERTEX_POINT('',#2648);
#2648 = CARTESIAN_POINT('',(175.26,-51.3,0.));
#2649 = CIRCLE('',#2650,0.5);
#2650 = AXIS2_PLACEMENT_3D('',#2651,#2652,#2653);
#2651 = CARTESIAN_POINT('',(175.26,-50.8,0.));
#2652 = DIRECTION('',(-0.,0.,-1.));
#2653 = DIRECTION('',(-0.,-1.,0.));
#2654 = FACE_BOUND('',#2655,.F.);
#2655 = EDGE_LOOP('',(#2656));
#2656 = ORIENTED_EDGE('',*,*,#2657,.T.);
#2657 = EDGE_CURVE('',#2658,#2658,#2660,.T.);
#2658 = VERTEX_POINT('',#2659);
#2659 = CARTESIAN_POINT('',(190.5,-53.84,0.));
#2660 = CIRCLE('',#2661,0.5);
#2661 = AXIS2_PLACEMENT_3D('',#2662,#2663,#2664);
#2662 = CARTESIAN_POINT('',(190.5,-53.34,0.));
#2663 = DIRECTION('',(-0.,0.,-1.));
#2664 = DIRECTION('',(-0.,-1.,0.));
#2665 = FACE_BOUND('',#2666,.F.);
#2666 = EDGE_LOOP('',(#2667));
#2667 = ORIENTED_EDGE('',*,*,#2668,.T.);
#2668 = EDGE_CURVE('',#2669,#2669,#2671,.T.);
#2669 = VERTEX_POINT('',#2670);
#2670 = CARTESIAN_POINT('',(190.5,-51.3,0.));
#2671 = CIRCLE('',#2672,0.5);
#2672 = AXIS2_PLACEMENT_3D('',#2673,#2674,#2675);
#2673 = CARTESIAN_POINT('',(190.5,-50.8,0.));
#2674 = DIRECTION('',(-0.,0.,-1.));
#2675 = DIRECTION('',(-0.,-1.,0.));
#2676 = FACE_BOUND('',#2677,.F.);
#2677 = EDGE_LOOP('',(#2678));
#2678 = ORIENTED_EDGE('',*,*,#2679,.T.);
#2679 = EDGE_CURVE('',#2680,#2680,#2682,.T.);
#2680 = VERTEX_POINT('',#2681);
#2681 = CARTESIAN_POINT('',(207.645,-66.44,0.));
#2682 = CIRCLE('',#2683,0.4);
#2683 = AXIS2_PLACEMENT_3D('',#2684,#2685,#2686);
#2684 = CARTESIAN_POINT('',(207.645,-66.04,0.));
#2685 = DIRECTION('',(-0.,0.,-1.));
#2686 = DIRECTION('',(7.105427357601E-14,-1.,-0.));
#2687 = FACE_BOUND('',#2688,.F.);
#2688 = EDGE_LOOP('',(#2689));
#2689 = ORIENTED_EDGE('',*,*,#2690,.T.);
#2690 = EDGE_CURVE('',#2691,#2691,#2693,.T.);
#2691 = VERTEX_POINT('',#2692);
#2692 = CARTESIAN_POINT('',(207.645,-63.9,0.));
#2693 = CIRCLE('',#2694,0.4);
#2694 = AXIS2_PLACEMENT_3D('',#2695,#2696,#2697);
#2695 = CARTESIAN_POINT('',(207.645,-63.5,0.));
#2696 = DIRECTION('',(-0.,0.,-1.));
#2697 = DIRECTION('',(7.105427357601E-14,-1.,-0.));
#2698 = FACE_BOUND('',#2699,.F.);
#2699 = EDGE_LOOP('',(#2700));
#2700 = ORIENTED_EDGE('',*,*,#2701,.T.);
#2701 = EDGE_CURVE('',#2702,#2702,#2704,.T.);
#2702 = VERTEX_POINT('',#2703);
#2703 = CARTESIAN_POINT('',(207.645,-61.36,0.));
#2704 = CIRCLE('',#2705,0.4);
#2705 = AXIS2_PLACEMENT_3D('',#2706,#2707,#2708);
#2706 = CARTESIAN_POINT('',(207.645,-60.96,0.));
#2707 = DIRECTION('',(-0.,0.,-1.));
#2708 = DIRECTION('',(7.105427357601E-14,-1.,-0.));
#2709 = FACE_BOUND('',#2710,.F.);
#2710 = EDGE_LOOP('',(#2711));
#2711 = ORIENTED_EDGE('',*,*,#2712,.T.);
#2712 = EDGE_CURVE('',#2713,#2713,#2715,.T.);
#2713 = VERTEX_POINT('',#2714);
#2714 = CARTESIAN_POINT('',(207.645,-58.82,0.));
#2715 = CIRCLE('',#2716,0.4);
#2716 = AXIS2_PLACEMENT_3D('',#2717,#2718,#2719);
#2717 = CARTESIAN_POINT('',(207.645,-58.42,0.));
#2718 = DIRECTION('',(-0.,0.,-1.));
#2719 = DIRECTION('',(7.105427357601E-14,-1.,-0.));
#2720 = FACE_BOUND('',#2721,.F.);
#2721 = EDGE_LOOP('',(#2722));
#2722 = ORIENTED_EDGE('',*,*,#2723,.T.);
#2723 = EDGE_CURVE('',#2724,#2724,#2726,.T.);
#2724 = VERTEX_POINT('',#2725);
#2725 = CARTESIAN_POINT('',(207.645,-56.28,0.));
#2726 = CIRCLE('',#2727,0.4);
#2727 = AXIS2_PLACEMENT_3D('',#2728,#2729,#2730);
#2728 = CARTESIAN_POINT('',(207.645,-55.88,0.));
#2729 = DIRECTION('',(-0.,0.,-1.));
#2730 = DIRECTION('',(7.105427357601E-14,-1.,-0.));
#2731 = FACE_BOUND('',#2732,.F.);
#2732 = EDGE_LOOP('',(#2733));
#2733 = ORIENTED_EDGE('',*,*,#2734,.T.);
#2734 = EDGE_CURVE('',#2735,#2735,#2737,.T.);
#2735 = VERTEX_POINT('',#2736);
#2736 = CARTESIAN_POINT('',(215.265,-66.44,0.));
#2737 = CIRCLE('',#2738,0.4);
#2738 = AXIS2_PLACEMENT_3D('',#2739,#2740,#2741);
#2739 = CARTESIAN_POINT('',(215.265,-66.04,0.));
#2740 = DIRECTION('',(-0.,0.,-1.));
#2741 = DIRECTION('',(-0.,-1.,0.));
#2742 = FACE_BOUND('',#2743,.F.);
#2743 = EDGE_LOOP('',(#2744));
#2744 = ORIENTED_EDGE('',*,*,#2745,.T.);
#2745 = EDGE_CURVE('',#2746,#2746,#2748,.T.);
#2746 = VERTEX_POINT('',#2747);
#2747 = CARTESIAN_POINT('',(215.265,-63.9,0.));
#2748 = CIRCLE('',#2749,0.4);
#2749 = AXIS2_PLACEMENT_3D('',#2750,#2751,#2752);
#2750 = CARTESIAN_POINT('',(215.265,-63.5,0.));
#2751 = DIRECTION('',(-0.,0.,-1.));
#2752 = DIRECTION('',(-0.,-1.,0.));
#2753 = FACE_BOUND('',#2754,.F.);
#2754 = EDGE_LOOP('',(#2755));
#2755 = ORIENTED_EDGE('',*,*,#2756,.T.);
#2756 = EDGE_CURVE('',#2757,#2757,#2759,.T.);
#2757 = VERTEX_POINT('',#2758);
#2758 = CARTESIAN_POINT('',(215.265,-61.36,0.));
#2759 = CIRCLE('',#2760,0.4);
#2760 = AXIS2_PLACEMENT_3D('',#2761,#2762,#2763);
#2761 = CARTESIAN_POINT('',(215.265,-60.96,0.));
#2762 = DIRECTION('',(-0.,0.,-1.));
#2763 = DIRECTION('',(-0.,-1.,0.));
#2764 = FACE_BOUND('',#2765,.F.);
#2765 = EDGE_LOOP('',(#2766));
#2766 = ORIENTED_EDGE('',*,*,#2767,.T.);
#2767 = EDGE_CURVE('',#2768,#2768,#2770,.T.);
#2768 = VERTEX_POINT('',#2769);
#2769 = CARTESIAN_POINT('',(215.265,-58.82,0.));
#2770 = CIRCLE('',#2771,0.4);
#2771 = AXIS2_PLACEMENT_3D('',#2772,#2773,#2774);
#2772 = CARTESIAN_POINT('',(215.265,-58.42,0.));
#2773 = DIRECTION('',(-0.,0.,-1.));
#2774 = DIRECTION('',(-0.,-1.,0.));
#2775 = FACE_BOUND('',#2776,.F.);
#2776 = EDGE_LOOP('',(#2777));
#2777 = ORIENTED_EDGE('',*,*,#2778,.T.);
#2778 = EDGE_CURVE('',#2779,#2779,#2781,.T.);
#2779 = VERTEX_POINT('',#2780);
#2780 = CARTESIAN_POINT('',(215.265,-56.28,0.));
#2781 = CIRCLE('',#2782,0.4);
#2782 = AXIS2_PLACEMENT_3D('',#2783,#2784,#2785);
#2783 = CARTESIAN_POINT('',(215.265,-55.88,0.));
#2784 = DIRECTION('',(-0.,0.,-1.));
#2785 = DIRECTION('',(-0.,-1.,0.));
#2786 = FACE_BOUND('',#2787,.F.);
#2787 = EDGE_LOOP('',(#2788));
#2788 = ORIENTED_EDGE('',*,*,#2789,.T.);
#2789 = EDGE_CURVE('',#2790,#2790,#2792,.T.);
#2790 = VERTEX_POINT('',#2791);
#2791 = CARTESIAN_POINT('',(207.645,-53.74,0.));
#2792 = CIRCLE('',#2793,0.4);
#2793 = AXIS2_PLACEMENT_3D('',#2794,#2795,#2796);
#2794 = CARTESIAN_POINT('',(207.645,-53.34,0.));
#2795 = DIRECTION('',(-0.,0.,-1.));
#2796 = DIRECTION('',(7.105427357601E-14,-1.,-0.));
#2797 = FACE_BOUND('',#2798,.F.);
#2798 = EDGE_LOOP('',(#2799));
#2799 = ORIENTED_EDGE('',*,*,#2800,.T.);
#2800 = EDGE_CURVE('',#2801,#2801,#2803,.T.);
#2801 = VERTEX_POINT('',#2802);
#2802 = CARTESIAN_POINT('',(207.645,-51.2,0.));
#2803 = CIRCLE('',#2804,0.4);
#2804 = AXIS2_PLACEMENT_3D('',#2805,#2806,#2807);
#2805 = CARTESIAN_POINT('',(207.645,-50.8,0.));
#2806 = DIRECTION('',(-0.,0.,-1.));
#2807 = DIRECTION('',(7.105427357601E-14,-1.,-0.));
#2808 = FACE_BOUND('',#2809,.F.);
#2809 = EDGE_LOOP('',(#2810));
#2810 = ORIENTED_EDGE('',*,*,#2811,.T.);
#2811 = EDGE_CURVE('',#2812,#2812,#2814,.T.);
#2812 = VERTEX_POINT('',#2813);
#2813 = CARTESIAN_POINT('',(196.85,-49.26,0.));
#2814 = CIRCLE('',#2815,1.);
#2815 = AXIS2_PLACEMENT_3D('',#2816,#2817,#2818);
#2816 = CARTESIAN_POINT('',(196.85,-48.26,0.));
#2817 = DIRECTION('',(-0.,0.,-1.));
#2818 = DIRECTION('',(-0.,-1.,0.));
#2819 = FACE_BOUND('',#2820,.F.);
#2820 = EDGE_LOOP('',(#2821));
#2821 = ORIENTED_EDGE('',*,*,#2822,.T.);
#2822 = EDGE_CURVE('',#2823,#2823,#2825,.T.);
#2823 = VERTEX_POINT('',#2824);
#2824 = CARTESIAN_POINT('',(215.265,-53.74,0.));
#2825 = CIRCLE('',#2826,0.4);
#2826 = AXIS2_PLACEMENT_3D('',#2827,#2828,#2829);
#2827 = CARTESIAN_POINT('',(215.265,-53.34,0.));
#2828 = DIRECTION('',(-0.,0.,-1.));
#2829 = DIRECTION('',(-0.,-1.,0.));
#2830 = FACE_BOUND('',#2831,.F.);
#2831 = EDGE_LOOP('',(#2832));
#2832 = ORIENTED_EDGE('',*,*,#2833,.T.);
#2833 = EDGE_CURVE('',#2834,#2834,#2836,.T.);
#2834 = VERTEX_POINT('',#2835);
#2835 = CARTESIAN_POINT('',(215.265,-51.2,0.));
#2836 = CIRCLE('',#2837,0.4);
#2837 = AXIS2_PLACEMENT_3D('',#2838,#2839,#2840);
#2838 = CARTESIAN_POINT('',(215.265,-50.8,0.));
#2839 = DIRECTION('',(-0.,0.,-1.));
#2840 = DIRECTION('',(-0.,-1.,0.));
#2841 = FACE_BOUND('',#2842,.F.);
#2842 = EDGE_LOOP('',(#2843));
#2843 = ORIENTED_EDGE('',*,*,#2844,.T.);
#2844 = EDGE_CURVE('',#2845,#2845,#2847,.T.);
#2845 = VERTEX_POINT('',#2846);
#2846 = CARTESIAN_POINT('',(229.87,-46.6,0.));
#2847 = CIRCLE('',#2848,2.15);
#2848 = AXIS2_PLACEMENT_3D('',#2849,#2850,#2851);
#2849 = CARTESIAN_POINT('',(229.87,-44.45,0.));
#2850 = DIRECTION('',(-0.,0.,-1.));
#2851 = DIRECTION('',(-0.,-1.,0.));
#2852 = PLANE('',#2853);
#2853 = AXIS2_PLACEMENT_3D('',#2854,#2855,#2856);
#2854 = CARTESIAN_POINT('',(0.,0.,0.));
#2855 = DIRECTION('',(0.,0.,1.));
#2856 = DIRECTION('',(1.,0.,-0.));
#2857 = ADVANCED_FACE('',(#2858,#2877,#2888,#2899,#2910,#2921,#2932,
    #2943,#2954,#2965,#2976,#2987,#2998,#3009,#3020,#3031,#3042,#3053,
    #3064,#3075,#3086,#3097,#3108,#3119,#3130,#3141,#3152,#3163,#3174,
    #3185,#3196,#3207,#3218,#3229,#3240,#3251,#3262,#3273,#3284,#3295,
    #3306,#3317,#3328,#3339,#3350,#3361,#3372,#3383,#3394,#3405,#3416,
    #3427,#3438,#3449,#3460,#3471,#3482,#3493,#3504,#3515,#3526,#3537,
    #3548,#3559,#3570,#3581,#3592,#3603,#3614,#3625,#3636,#3647,#3658,
    #3669,#3680,#3691,#3702,#3713,#3724,#3735,#3746,#3757,#3768,#3779,
    #3790,#3801,#3812,#3823,#3834,#3845,#3856,#3867,#3878,#3889,#3900,
    #3911,#3922,#3933,#3944,#3955,#3966,#3977,#3988,#3999,#4010,#4021,
    #4032,#4043,#4054,#4065,#4076,#4087,#4098,#4109,#4120,#4131,#4142,
    #4153,#4164,#4175,#4186,#4197,#4208,#4219,#4230,#4241,#4252,#4263,
    #4274,#4285,#4296,#4307,#4318,#4329,#4340,#4351,#4362,#4373,#4384,
    #4395,#4406,#4417,#4428,#4439,#4450,#4461,#4472,#4483,#4494,#4505,
    #4516,#4527,#4538,#4549,#4560,#4571,#4582,#4593,#4604,#4615,#4626,
    #4637,#4648,#4659,#4670,#4681,#4692,#4703,#4714,#4725,#4736,#4747,
    #4758,#4769,#4780,#4791,#4802,#4813,#4824,#4835,#4846,#4857,#4868,
    #4879,#4890,#4901,#4912,#4923,#4934,#4945,#4956,#4967,#4978,#4989,
    #5000,#5011,#5022,#5033,#5044,#5055,#5066,#5077,#5088,#5099,#5110,
    #5121,#5132,#5143,#5154,#5165,#5176,#5187,#5198,#5209,#5220,#5231,
    #5242,#5253,#5264,#5275,#5286,#5297,#5308,#5319,#5330,#5341,#5352,
    #5363,#5374,#5385,#5396,#5407,#5418,#5429,#5440,#5451,#5462,#5473,
    #5484,#5495,#5506,#5517,#5528,#5539,#5550,#5561),#5572,.T.);
#2858 = FACE_BOUND('',#2859,.T.);
#2859 = EDGE_LOOP('',(#2860,#2861,#2862,#2870,#2876));
#2860 = ORIENTED_EDGE('',*,*,#49,.F.);
#2861 = ORIENTED_EDGE('',*,*,#89,.F.);
#2862 = ORIENTED_EDGE('',*,*,#2863,.F.);
#2863 = EDGE_CURVE('',#2864,#82,#2866,.T.);
#2864 = VERTEX_POINT('',#2865);
#2865 = CARTESIAN_POINT('',(173.99,-40.64,1.51));
#2866 = LINE('',#2867,#2868);
#2867 = CARTESIAN_POINT('',(173.99,-40.64,1.51));
#2868 = VECTOR('',#2869,1.);
#2869 = DIRECTION('',(1.,0.,0.));
#2870 = ORIENTED_EDGE('',*,*,#2871,.F.);
#2871 = EDGE_CURVE('',#112,#2864,#2872,.T.);
#2872 = LINE('',#2873,#2874);
#2873 = CARTESIAN_POINT('',(73.66,-40.64,1.51));
#2874 = VECTOR('',#2875,1.);
#2875 = DIRECTION('',(1.,0.,0.));
#2876 = ORIENTED_EDGE('',*,*,#111,.F.);
#2877 = FACE_BOUND('',#2878,.T.);
#2878 = EDGE_LOOP('',(#2879));
#2879 = ORIENTED_EDGE('',*,*,#2880,.T.);
#2880 = EDGE_CURVE('',#2881,#2881,#2883,.T.);
#2881 = VERTEX_POINT('',#2882);
#2882 = CARTESIAN_POINT('',(77.47,-138.04,1.51));
#2883 = CIRCLE('',#2884,2.15);
#2884 = AXIS2_PLACEMENT_3D('',#2885,#2886,#2887);
#2885 = CARTESIAN_POINT('',(77.47,-135.89,1.51));
#2886 = DIRECTION('',(-0.,0.,-1.));
#2887 = DIRECTION('',(-0.,-1.,0.));
#2888 = FACE_BOUND('',#2889,.T.);
#2889 = EDGE_LOOP('',(#2890));
#2890 = ORIENTED_EDGE('',*,*,#2891,.T.);
#2891 = EDGE_CURVE('',#2892,#2892,#2894,.T.);
#2892 = VERTEX_POINT('',#2893);
#2893 = CARTESIAN_POINT('',(81.18,-128.76,1.51));
#2894 = CIRCLE('',#2895,1.6);
#2895 = AXIS2_PLACEMENT_3D('',#2896,#2897,#2898);
#2896 = CARTESIAN_POINT('',(81.18,-127.16,1.51));
#2897 = DIRECTION('',(-0.,0.,-1.));
#2898 = DIRECTION('',(-0.,-1.,0.));
#2899 = FACE_BOUND('',#2900,.T.);
#2900 = EDGE_LOOP('',(#2901));
#2901 = ORIENTED_EDGE('',*,*,#2902,.T.);
#2902 = EDGE_CURVE('',#2903,#2903,#2905,.T.);
#2903 = VERTEX_POINT('',#2904);
#2904 = CARTESIAN_POINT('',(82.6,-120.7,1.51));
#2905 = CIRCLE('',#2906,0.5);
#2906 = AXIS2_PLACEMENT_3D('',#2907,#2908,#2909);
#2907 = CARTESIAN_POINT('',(82.6,-120.2,1.51));
#2908 = DIRECTION('',(-0.,0.,-1.));
#2909 = DIRECTION('',(-0.,-1.,0.));
#2910 = FACE_BOUND('',#2911,.T.);
#2911 = EDGE_LOOP('',(#2912));
#2912 = ORIENTED_EDGE('',*,*,#2913,.T.);
#2913 = EDGE_CURVE('',#2914,#2914,#2916,.T.);
#2914 = VERTEX_POINT('',#2915);
#2915 = CARTESIAN_POINT('',(87.757,-125.876,1.51));
#2916 = CIRCLE('',#2917,0.4);
#2917 = AXIS2_PLACEMENT_3D('',#2918,#2919,#2920);
#2918 = CARTESIAN_POINT('',(87.757,-125.476,1.51));
#2919 = DIRECTION('',(-0.,0.,-1.));
#2920 = DIRECTION('',(-0.,-1.,0.));
#2921 = FACE_BOUND('',#2922,.T.);
#2922 = EDGE_LOOP('',(#2923));
#2923 = ORIENTED_EDGE('',*,*,#2924,.T.);
#2924 = EDGE_CURVE('',#2925,#2925,#2927,.T.);
#2925 = VERTEX_POINT('',#2926);
#2926 = CARTESIAN_POINT('',(87.757,-122.32,1.51));
#2927 = CIRCLE('',#2928,0.4);
#2928 = AXIS2_PLACEMENT_3D('',#2929,#2930,#2931);
#2929 = CARTESIAN_POINT('',(87.757,-121.92,1.51));
#2930 = DIRECTION('',(-0.,0.,-1.));
#2931 = DIRECTION('',(-0.,-1.,0.));
#2932 = FACE_BOUND('',#2933,.T.);
#2933 = EDGE_LOOP('',(#2934));
#2934 = ORIENTED_EDGE('',*,*,#2935,.T.);
#2935 = EDGE_CURVE('',#2936,#2936,#2938,.T.);
#2936 = VERTEX_POINT('',#2937);
#2937 = CARTESIAN_POINT('',(79.76,-119.315,1.51));
#2938 = CIRCLE('',#2939,0.5);
#2939 = AXIS2_PLACEMENT_3D('',#2940,#2941,#2942);
#2940 = CARTESIAN_POINT('',(79.76,-118.815,1.51));
#2941 = DIRECTION('',(-0.,0.,-1.));
#2942 = DIRECTION('',(-0.,-1.,0.));
#2943 = FACE_BOUND('',#2944,.T.);
#2944 = EDGE_LOOP('',(#2945));
#2945 = ORIENTED_EDGE('',*,*,#2946,.T.);
#2946 = EDGE_CURVE('',#2947,#2947,#2949,.T.);
#2947 = VERTEX_POINT('',#2948);
#2948 = CARTESIAN_POINT('',(82.6,-117.93,1.51));
#2949 = CIRCLE('',#2950,0.5);
#2950 = AXIS2_PLACEMENT_3D('',#2951,#2952,#2953);
#2951 = CARTESIAN_POINT('',(82.6,-117.43,1.51));
#2952 = DIRECTION('',(-0.,0.,-1.));
#2953 = DIRECTION('',(-0.,-1.,0.));
#2954 = FACE_BOUND('',#2955,.T.);
#2955 = EDGE_LOOP('',(#2956));
#2956 = ORIENTED_EDGE('',*,*,#2957,.T.);
#2957 = EDGE_CURVE('',#2958,#2958,#2960,.T.);
#2958 = VERTEX_POINT('',#2959);
#2959 = CARTESIAN_POINT('',(79.76,-116.545,1.51));
#2960 = CIRCLE('',#2961,0.5);
#2961 = AXIS2_PLACEMENT_3D('',#2962,#2963,#2964);
#2962 = CARTESIAN_POINT('',(79.76,-116.045,1.51));
#2963 = DIRECTION('',(-0.,0.,-1.));
#2964 = DIRECTION('',(-0.,-1.,0.));
#2965 = FACE_BOUND('',#2966,.T.);
#2966 = EDGE_LOOP('',(#2967));
#2967 = ORIENTED_EDGE('',*,*,#2968,.T.);
#2968 = EDGE_CURVE('',#2969,#2969,#2971,.T.);
#2969 = VERTEX_POINT('',#2970);
#2970 = CARTESIAN_POINT('',(82.6,-115.16,1.51));
#2971 = CIRCLE('',#2972,0.5);
#2972 = AXIS2_PLACEMENT_3D('',#2973,#2974,#2975);
#2973 = CARTESIAN_POINT('',(82.6,-114.66,1.51));
#2974 = DIRECTION('',(-0.,0.,-1.));
#2975 = DIRECTION('',(-0.,-1.,0.));
#2976 = FACE_BOUND('',#2977,.T.);
#2977 = EDGE_LOOP('',(#2978));
#2978 = ORIENTED_EDGE('',*,*,#2979,.T.);
#2979 = EDGE_CURVE('',#2980,#2980,#2982,.T.);
#2980 = VERTEX_POINT('',#2981);
#2981 = CARTESIAN_POINT('',(87.63,-118.51,1.51));
#2982 = CIRCLE('',#2983,0.4);
#2983 = AXIS2_PLACEMENT_3D('',#2984,#2985,#2986);
#2984 = CARTESIAN_POINT('',(87.63,-118.11,1.51));
#2985 = DIRECTION('',(-0.,0.,-1.));
#2986 = DIRECTION('',(-0.,-1.,0.));
#2987 = FACE_BOUND('',#2988,.T.);
#2988 = EDGE_LOOP('',(#2989));
#2989 = ORIENTED_EDGE('',*,*,#2990,.T.);
#2990 = EDGE_CURVE('',#2991,#2991,#2993,.T.);
#2991 = VERTEX_POINT('',#2992);
#2992 = CARTESIAN_POINT('',(87.63,-114.954,1.51));
#2993 = CIRCLE('',#2994,0.4);
#2994 = AXIS2_PLACEMENT_3D('',#2995,#2996,#2997);
#2995 = CARTESIAN_POINT('',(87.63,-114.554,1.51));
#2996 = DIRECTION('',(-0.,0.,-1.));
#2997 = DIRECTION('',(-0.,-1.,0.));
#2998 = FACE_BOUND('',#2999,.T.);
#2999 = EDGE_LOOP('',(#3000));
#3000 = ORIENTED_EDGE('',*,*,#3001,.T.);
#3001 = EDGE_CURVE('',#3002,#3002,#3004,.T.);
#3002 = VERTEX_POINT('',#3003);
#3003 = CARTESIAN_POINT('',(97.917,-125.876,1.51));
#3004 = CIRCLE('',#3005,0.4);
#3005 = AXIS2_PLACEMENT_3D('',#3006,#3007,#3008);
#3006 = CARTESIAN_POINT('',(97.917,-125.476,1.51));
#3007 = DIRECTION('',(-0.,0.,-1.));
#3008 = DIRECTION('',(-0.,-1.,0.));
#3009 = FACE_BOUND('',#3010,.T.);
#3010 = EDGE_LOOP('',(#3011));
#3011 = ORIENTED_EDGE('',*,*,#3012,.T.);
#3012 = EDGE_CURVE('',#3013,#3013,#3015,.T.);
#3013 = VERTEX_POINT('',#3014);
#3014 = CARTESIAN_POINT('',(100.33,-125.495,1.51));
#3015 = CIRCLE('',#3016,0.4);
#3016 = AXIS2_PLACEMENT_3D('',#3017,#3018,#3019);
#3017 = CARTESIAN_POINT('',(100.33,-125.095,1.51));
#3018 = DIRECTION('',(-0.,0.,-1.));
#3019 = DIRECTION('',(-3.552713678801E-14,-1.,0.));
#3020 = FACE_BOUND('',#3021,.T.);
#3021 = EDGE_LOOP('',(#3022));
#3022 = ORIENTED_EDGE('',*,*,#3023,.T.);
#3023 = EDGE_CURVE('',#3024,#3024,#3026,.T.);
#3024 = VERTEX_POINT('',#3025);
#3025 = CARTESIAN_POINT('',(97.917,-122.32,1.51));
#3026 = CIRCLE('',#3027,0.4);
#3027 = AXIS2_PLACEMENT_3D('',#3028,#3029,#3030);
#3028 = CARTESIAN_POINT('',(97.917,-121.92,1.51));
#3029 = DIRECTION('',(-0.,0.,-1.));
#3030 = DIRECTION('',(-0.,-1.,0.));
#3031 = FACE_BOUND('',#3032,.T.);
#3032 = EDGE_LOOP('',(#3033));
#3033 = ORIENTED_EDGE('',*,*,#3034,.T.);
#3034 = EDGE_CURVE('',#3035,#3035,#3037,.T.);
#3035 = VERTEX_POINT('',#3036);
#3036 = CARTESIAN_POINT('',(100.33,-122.32,1.51));
#3037 = CIRCLE('',#3038,0.4);
#3038 = AXIS2_PLACEMENT_3D('',#3039,#3040,#3041);
#3039 = CARTESIAN_POINT('',(100.33,-121.92,1.51));
#3040 = DIRECTION('',(-0.,0.,-1.));
#3041 = DIRECTION('',(-3.552713678801E-14,-1.,0.));
#3042 = FACE_BOUND('',#3043,.T.);
#3043 = EDGE_LOOP('',(#3044));
#3044 = ORIENTED_EDGE('',*,*,#3045,.T.);
#3045 = EDGE_CURVE('',#3046,#3046,#3048,.T.);
#3046 = VERTEX_POINT('',#3047);
#3047 = CARTESIAN_POINT('',(107.95,-125.495,1.51));
#3048 = CIRCLE('',#3049,0.4);
#3049 = AXIS2_PLACEMENT_3D('',#3050,#3051,#3052);
#3050 = CARTESIAN_POINT('',(107.95,-125.095,1.51));
#3051 = DIRECTION('',(-0.,0.,-1.));
#3052 = DIRECTION('',(3.5527136788E-14,-1.,-0.));
#3053 = FACE_BOUND('',#3054,.T.);
#3054 = EDGE_LOOP('',(#3055));
#3055 = ORIENTED_EDGE('',*,*,#3056,.T.);
#3056 = EDGE_CURVE('',#3057,#3057,#3059,.T.);
#3057 = VERTEX_POINT('',#3058);
#3058 = CARTESIAN_POINT('',(107.95,-122.32,1.51));
#3059 = CIRCLE('',#3060,0.4);
#3060 = AXIS2_PLACEMENT_3D('',#3061,#3062,#3063);
#3061 = CARTESIAN_POINT('',(107.95,-121.92,1.51));
#3062 = DIRECTION('',(-0.,0.,-1.));
#3063 = DIRECTION('',(3.5527136788E-14,-1.,-0.));
#3064 = FACE_BOUND('',#3065,.T.);
#3065 = EDGE_LOOP('',(#3066));
#3066 = ORIENTED_EDGE('',*,*,#3067,.T.);
#3067 = EDGE_CURVE('',#3068,#3068,#3070,.T.);
#3068 = VERTEX_POINT('',#3069);
#3069 = CARTESIAN_POINT('',(97.79,-118.51,1.51));
#3070 = CIRCLE('',#3071,0.4);
#3071 = AXIS2_PLACEMENT_3D('',#3072,#3073,#3074);
#3072 = CARTESIAN_POINT('',(97.79,-118.11,1.51));
#3073 = DIRECTION('',(-0.,0.,-1.));
#3074 = DIRECTION('',(3.5527136788E-14,-1.,-0.));
#3075 = FACE_BOUND('',#3076,.T.);
#3076 = EDGE_LOOP('',(#3077));
#3077 = ORIENTED_EDGE('',*,*,#3078,.T.);
#3078 = EDGE_CURVE('',#3079,#3079,#3081,.T.);
#3079 = VERTEX_POINT('',#3080);
#3080 = CARTESIAN_POINT('',(100.33,-118.637,1.51));
#3081 = CIRCLE('',#3082,0.4);
#3082 = AXIS2_PLACEMENT_3D('',#3083,#3084,#3085);
#3083 = CARTESIAN_POINT('',(100.33,-118.237,1.51));
#3084 = DIRECTION('',(-0.,0.,-1.));
#3085 = DIRECTION('',(-3.552713678801E-14,-1.,0.));
#3086 = FACE_BOUND('',#3087,.T.);
#3087 = EDGE_LOOP('',(#3088));
#3088 = ORIENTED_EDGE('',*,*,#3089,.T.);
#3089 = EDGE_CURVE('',#3090,#3090,#3092,.T.);
#3090 = VERTEX_POINT('',#3091);
#3091 = CARTESIAN_POINT('',(97.79,-114.954,1.51));
#3092 = CIRCLE('',#3093,0.4);
#3093 = AXIS2_PLACEMENT_3D('',#3094,#3095,#3096);
#3094 = CARTESIAN_POINT('',(97.79,-114.554,1.51));
#3095 = DIRECTION('',(-0.,0.,-1.));
#3096 = DIRECTION('',(3.5527136788E-14,-1.,-0.));
#3097 = FACE_BOUND('',#3098,.T.);
#3098 = EDGE_LOOP('',(#3099));
#3099 = ORIENTED_EDGE('',*,*,#3100,.T.);
#3100 = EDGE_CURVE('',#3101,#3101,#3103,.T.);
#3101 = VERTEX_POINT('',#3102);
#3102 = CARTESIAN_POINT('',(100.33,-115.716,1.51));
#3103 = CIRCLE('',#3104,0.4);
#3104 = AXIS2_PLACEMENT_3D('',#3105,#3106,#3107);
#3105 = CARTESIAN_POINT('',(100.33,-115.316,1.51));
#3106 = DIRECTION('',(-0.,0.,-1.));
#3107 = DIRECTION('',(-3.552713678801E-14,-1.,0.));
#3108 = FACE_BOUND('',#3109,.T.);
#3109 = EDGE_LOOP('',(#3110));
#3110 = ORIENTED_EDGE('',*,*,#3111,.T.);
#3111 = EDGE_CURVE('',#3112,#3112,#3114,.T.);
#3112 = VERTEX_POINT('',#3113);
#3113 = CARTESIAN_POINT('',(107.95,-118.637,1.51));
#3114 = CIRCLE('',#3115,0.4);
#3115 = AXIS2_PLACEMENT_3D('',#3116,#3117,#3118);
#3116 = CARTESIAN_POINT('',(107.95,-118.237,1.51));
#3117 = DIRECTION('',(-0.,0.,-1.));
#3118 = DIRECTION('',(3.5527136788E-14,-1.,-0.));
#3119 = FACE_BOUND('',#3120,.T.);
#3120 = EDGE_LOOP('',(#3121));
#3121 = ORIENTED_EDGE('',*,*,#3122,.T.);
#3122 = EDGE_CURVE('',#3123,#3123,#3125,.T.);
#3123 = VERTEX_POINT('',#3124);
#3124 = CARTESIAN_POINT('',(107.95,-115.716,1.51));
#3125 = CIRCLE('',#3126,0.4);
#3126 = AXIS2_PLACEMENT_3D('',#3127,#3128,#3129);
#3127 = CARTESIAN_POINT('',(107.95,-115.316,1.51));
#3128 = DIRECTION('',(-0.,0.,-1.));
#3129 = DIRECTION('',(3.5527136788E-14,-1.,-0.));
#3130 = FACE_BOUND('',#3131,.T.);
#3131 = EDGE_LOOP('',(#3132));
#3132 = ORIENTED_EDGE('',*,*,#3133,.T.);
#3133 = EDGE_CURVE('',#3134,#3134,#3136,.T.);
#3134 = VERTEX_POINT('',#3135);
#3135 = CARTESIAN_POINT('',(115.57,-119.78,1.51));
#3136 = CIRCLE('',#3137,0.4);
#3137 = AXIS2_PLACEMENT_3D('',#3138,#3139,#3140);
#3138 = CARTESIAN_POINT('',(115.57,-119.38,1.51));
#3139 = DIRECTION('',(-0.,0.,-1.));
#3140 = DIRECTION('',(-0.,-1.,0.));
#3141 = FACE_BOUND('',#3142,.T.);
#3142 = EDGE_LOOP('',(#3143));
#3143 = ORIENTED_EDGE('',*,*,#3144,.T.);
#3144 = EDGE_CURVE('',#3145,#3145,#3147,.T.);
#3145 = VERTEX_POINT('',#3146);
#3146 = CARTESIAN_POINT('',(118.11,-119.78,1.51));
#3147 = CIRCLE('',#3148,0.4);
#3148 = AXIS2_PLACEMENT_3D('',#3149,#3150,#3151);
#3149 = CARTESIAN_POINT('',(118.11,-119.38,1.51));
#3150 = DIRECTION('',(-0.,0.,-1.));
#3151 = DIRECTION('',(-0.,-1.,0.));
#3152 = FACE_BOUND('',#3153,.T.);
#3153 = EDGE_LOOP('',(#3154));
#3154 = ORIENTED_EDGE('',*,*,#3155,.T.);
#3155 = EDGE_CURVE('',#3156,#3156,#3158,.T.);
#3156 = VERTEX_POINT('',#3157);
#3157 = CARTESIAN_POINT('',(120.65,-119.78,1.51));
#3158 = CIRCLE('',#3159,0.4);
#3159 = AXIS2_PLACEMENT_3D('',#3160,#3161,#3162);
#3160 = CARTESIAN_POINT('',(120.65,-119.38,1.51));
#3161 = DIRECTION('',(-0.,0.,-1.));
#3162 = DIRECTION('',(-0.,-1.,0.));
#3163 = FACE_BOUND('',#3164,.T.);
#3164 = EDGE_LOOP('',(#3165));
#3165 = ORIENTED_EDGE('',*,*,#3166,.T.);
#3166 = EDGE_CURVE('',#3167,#3167,#3169,.T.);
#3167 = VERTEX_POINT('',#3168);
#3168 = CARTESIAN_POINT('',(123.19,-119.78,1.51));
#3169 = CIRCLE('',#3170,0.4);
#3170 = AXIS2_PLACEMENT_3D('',#3171,#3172,#3173);
#3171 = CARTESIAN_POINT('',(123.19,-119.38,1.51));
#3172 = DIRECTION('',(-0.,0.,-1.));
#3173 = DIRECTION('',(-0.,-1.,0.));
#3174 = FACE_BOUND('',#3175,.T.);
#3175 = EDGE_LOOP('',(#3176));
#3176 = ORIENTED_EDGE('',*,*,#3177,.T.);
#3177 = EDGE_CURVE('',#3178,#3178,#3180,.T.);
#3178 = VERTEX_POINT('',#3179);
#3179 = CARTESIAN_POINT('',(125.73,-119.78,1.51));
#3180 = CIRCLE('',#3181,0.4);
#3181 = AXIS2_PLACEMENT_3D('',#3182,#3183,#3184);
#3182 = CARTESIAN_POINT('',(125.73,-119.38,1.51));
#3183 = DIRECTION('',(-0.,0.,-1.));
#3184 = DIRECTION('',(3.5527136788E-14,-1.,-0.));
#3185 = FACE_BOUND('',#3186,.T.);
#3186 = EDGE_LOOP('',(#3187));
#3187 = ORIENTED_EDGE('',*,*,#3188,.T.);
#3188 = EDGE_CURVE('',#3189,#3189,#3191,.T.);
#3189 = VERTEX_POINT('',#3190);
#3190 = CARTESIAN_POINT('',(128.27,-119.78,1.51));
#3191 = CIRCLE('',#3192,0.4);
#3192 = AXIS2_PLACEMENT_3D('',#3193,#3194,#3195);
#3193 = CARTESIAN_POINT('',(128.27,-119.38,1.51));
#3194 = DIRECTION('',(-0.,0.,-1.));
#3195 = DIRECTION('',(7.105427357601E-14,-1.,-0.));
#3196 = FACE_BOUND('',#3197,.T.);
#3197 = EDGE_LOOP('',(#3198));
#3198 = ORIENTED_EDGE('',*,*,#3199,.T.);
#3199 = EDGE_CURVE('',#3200,#3200,#3202,.T.);
#3200 = VERTEX_POINT('',#3201);
#3201 = CARTESIAN_POINT('',(130.81,-119.78,1.51));
#3202 = CIRCLE('',#3203,0.4);
#3203 = AXIS2_PLACEMENT_3D('',#3204,#3205,#3206);
#3204 = CARTESIAN_POINT('',(130.81,-119.38,1.51));
#3205 = DIRECTION('',(-0.,0.,-1.));
#3206 = DIRECTION('',(-0.,-1.,0.));
#3207 = FACE_BOUND('',#3208,.T.);
#3208 = EDGE_LOOP('',(#3209));
#3209 = ORIENTED_EDGE('',*,*,#3210,.T.);
#3210 = EDGE_CURVE('',#3211,#3211,#3213,.T.);
#3211 = VERTEX_POINT('',#3212);
#3212 = CARTESIAN_POINT('',(135.255,-122.32,1.51));
#3213 = CIRCLE('',#3214,0.4);
#3214 = AXIS2_PLACEMENT_3D('',#3215,#3216,#3217);
#3215 = CARTESIAN_POINT('',(135.255,-121.92,1.51));
#3216 = DIRECTION('',(-0.,0.,-1.));
#3217 = DIRECTION('',(-0.,-1.,0.));
#3218 = FACE_BOUND('',#3219,.T.);
#3219 = EDGE_LOOP('',(#3220));
#3220 = ORIENTED_EDGE('',*,*,#3221,.T.);
#3221 = EDGE_CURVE('',#3222,#3222,#3224,.T.);
#3222 = VERTEX_POINT('',#3223);
#3223 = CARTESIAN_POINT('',(140.335,-122.32,1.51));
#3224 = CIRCLE('',#3225,0.4);
#3225 = AXIS2_PLACEMENT_3D('',#3226,#3227,#3228);
#3226 = CARTESIAN_POINT('',(140.335,-121.92,1.51));
#3227 = DIRECTION('',(-0.,0.,-1.));
#3228 = DIRECTION('',(-0.,-1.,0.));
#3229 = FACE_BOUND('',#3230,.T.);
#3230 = EDGE_LOOP('',(#3231));
#3231 = ORIENTED_EDGE('',*,*,#3232,.T.);
#3232 = EDGE_CURVE('',#3233,#3233,#3235,.T.);
#3233 = VERTEX_POINT('',#3234);
#3234 = CARTESIAN_POINT('',(79.76,-113.775,1.51));
#3235 = CIRCLE('',#3236,0.5);
#3236 = AXIS2_PLACEMENT_3D('',#3237,#3238,#3239);
#3237 = CARTESIAN_POINT('',(79.76,-113.275,1.51));
#3238 = DIRECTION('',(-0.,0.,-1.));
#3239 = DIRECTION('',(-0.,-1.,0.));
#3240 = FACE_BOUND('',#3241,.T.);
#3241 = EDGE_LOOP('',(#3242));
#3242 = ORIENTED_EDGE('',*,*,#3243,.T.);
#3243 = EDGE_CURVE('',#3244,#3244,#3246,.T.);
#3244 = VERTEX_POINT('',#3245);
#3245 = CARTESIAN_POINT('',(82.6,-112.39,1.51));
#3246 = CIRCLE('',#3247,0.5);
#3247 = AXIS2_PLACEMENT_3D('',#3248,#3249,#3250);
#3248 = CARTESIAN_POINT('',(82.6,-111.89,1.51));
#3249 = DIRECTION('',(-0.,0.,-1.));
#3250 = DIRECTION('',(-0.,-1.,0.));
#3251 = FACE_BOUND('',#3252,.T.);
#3252 = EDGE_LOOP('',(#3253));
#3253 = ORIENTED_EDGE('',*,*,#3254,.T.);
#3254 = EDGE_CURVE('',#3255,#3255,#3257,.T.);
#3255 = VERTEX_POINT('',#3256);
#3256 = CARTESIAN_POINT('',(79.76,-111.005,1.51));
#3257 = CIRCLE('',#3258,0.5);
#3258 = AXIS2_PLACEMENT_3D('',#3259,#3260,#3261);
#3259 = CARTESIAN_POINT('',(79.76,-110.505,1.51));
#3260 = DIRECTION('',(-0.,0.,-1.));
#3261 = DIRECTION('',(-0.,-1.,0.));
#3262 = FACE_BOUND('',#3263,.T.);
#3263 = EDGE_LOOP('',(#3264));
#3264 = ORIENTED_EDGE('',*,*,#3265,.T.);
#3265 = EDGE_CURVE('',#3266,#3266,#3268,.T.);
#3266 = VERTEX_POINT('',#3267);
#3267 = CARTESIAN_POINT('',(82.6,-109.62,1.51));
#3268 = CIRCLE('',#3269,0.5);
#3269 = AXIS2_PLACEMENT_3D('',#3270,#3271,#3272);
#3270 = CARTESIAN_POINT('',(82.6,-109.12,1.51));
#3271 = DIRECTION('',(-0.,0.,-1.));
#3272 = DIRECTION('',(-0.,-1.,0.));
#3273 = FACE_BOUND('',#3274,.T.);
#3274 = EDGE_LOOP('',(#3275));
#3275 = ORIENTED_EDGE('',*,*,#3276,.T.);
#3276 = EDGE_CURVE('',#3277,#3277,#3279,.T.);
#3277 = VERTEX_POINT('',#3278);
#3278 = CARTESIAN_POINT('',(87.63,-111.525,1.51));
#3279 = CIRCLE('',#3280,0.4);
#3280 = AXIS2_PLACEMENT_3D('',#3281,#3282,#3283);
#3281 = CARTESIAN_POINT('',(87.63,-111.125,1.51));
#3282 = DIRECTION('',(-0.,0.,-1.));
#3283 = DIRECTION('',(-0.,-1.,0.));
#3284 = FACE_BOUND('',#3285,.T.);
#3285 = EDGE_LOOP('',(#3286));
#3286 = ORIENTED_EDGE('',*,*,#3287,.T.);
#3287 = EDGE_CURVE('',#3288,#3288,#3290,.T.);
#3288 = VERTEX_POINT('',#3289);
#3289 = CARTESIAN_POINT('',(81.18,-103.76,1.51));
#3290 = CIRCLE('',#3291,1.6);
#3291 = AXIS2_PLACEMENT_3D('',#3292,#3293,#3294);
#3292 = CARTESIAN_POINT('',(81.18,-102.16,1.51));
#3293 = DIRECTION('',(-0.,0.,-1.));
#3294 = DIRECTION('',(-0.,-1.,0.));
#3295 = FACE_BOUND('',#3296,.T.);
#3296 = EDGE_LOOP('',(#3297));
#3297 = ORIENTED_EDGE('',*,*,#3298,.T.);
#3298 = EDGE_CURVE('',#3299,#3299,#3301,.T.);
#3299 = VERTEX_POINT('',#3300);
#3300 = CARTESIAN_POINT('',(87.63,-108.223,1.51));
#3301 = CIRCLE('',#3302,0.4);
#3302 = AXIS2_PLACEMENT_3D('',#3303,#3304,#3305);
#3303 = CARTESIAN_POINT('',(87.63,-107.823,1.51));
#3304 = DIRECTION('',(-0.,0.,-1.));
#3305 = DIRECTION('',(-0.,-1.,0.));
#3306 = FACE_BOUND('',#3307,.T.);
#3307 = EDGE_LOOP('',(#3308));
#3308 = ORIENTED_EDGE('',*,*,#3309,.T.);
#3309 = EDGE_CURVE('',#3310,#3310,#3312,.T.);
#3310 = VERTEX_POINT('',#3311);
#3311 = CARTESIAN_POINT('',(97.79,-111.525,1.51));
#3312 = CIRCLE('',#3313,0.4);
#3313 = AXIS2_PLACEMENT_3D('',#3314,#3315,#3316);
#3314 = CARTESIAN_POINT('',(97.79,-111.125,1.51));
#3315 = DIRECTION('',(-0.,0.,-1.));
#3316 = DIRECTION('',(3.5527136788E-14,-1.,-0.));
#3317 = FACE_BOUND('',#3318,.T.);
#3318 = EDGE_LOOP('',(#3319));
#3319 = ORIENTED_EDGE('',*,*,#3320,.T.);
#3320 = EDGE_CURVE('',#3321,#3321,#3323,.T.);
#3321 = VERTEX_POINT('',#3322);
#3322 = CARTESIAN_POINT('',(100.33,-112.287,1.51));
#3323 = CIRCLE('',#3324,0.4);
#3324 = AXIS2_PLACEMENT_3D('',#3325,#3326,#3327);
#3325 = CARTESIAN_POINT('',(100.33,-111.887,1.51));
#3326 = DIRECTION('',(-0.,0.,-1.));
#3327 = DIRECTION('',(-3.552713678801E-14,-1.,0.));
#3328 = FACE_BOUND('',#3329,.T.);
#3329 = EDGE_LOOP('',(#3330));
#3330 = ORIENTED_EDGE('',*,*,#3331,.T.);
#3331 = EDGE_CURVE('',#3332,#3332,#3334,.T.);
#3332 = VERTEX_POINT('',#3333);
#3333 = CARTESIAN_POINT('',(100.33,-108.985,1.51));
#3334 = CIRCLE('',#3335,0.4);
#3335 = AXIS2_PLACEMENT_3D('',#3336,#3337,#3338);
#3336 = CARTESIAN_POINT('',(100.33,-108.585,1.51));
#3337 = DIRECTION('',(-0.,0.,-1.));
#3338 = DIRECTION('',(-3.552713678801E-14,-1.,0.));
#3339 = FACE_BOUND('',#3340,.T.);
#3340 = EDGE_LOOP('',(#3341));
#3341 = ORIENTED_EDGE('',*,*,#3342,.T.);
#3342 = EDGE_CURVE('',#3343,#3343,#3345,.T.);
#3343 = VERTEX_POINT('',#3344);
#3344 = CARTESIAN_POINT('',(107.95,-112.287,1.51));
#3345 = CIRCLE('',#3346,0.4);
#3346 = AXIS2_PLACEMENT_3D('',#3347,#3348,#3349);
#3347 = CARTESIAN_POINT('',(107.95,-111.887,1.51));
#3348 = DIRECTION('',(-0.,0.,-1.));
#3349 = DIRECTION('',(3.5527136788E-14,-1.,-0.));
#3350 = FACE_BOUND('',#3351,.T.);
#3351 = EDGE_LOOP('',(#3352));
#3352 = ORIENTED_EDGE('',*,*,#3353,.T.);
#3353 = EDGE_CURVE('',#3354,#3354,#3356,.T.);
#3354 = VERTEX_POINT('',#3355);
#3355 = CARTESIAN_POINT('',(107.95,-108.985,1.51));
#3356 = CIRCLE('',#3357,0.4);
#3357 = AXIS2_PLACEMENT_3D('',#3358,#3359,#3360);
#3358 = CARTESIAN_POINT('',(107.95,-108.585,1.51));
#3359 = DIRECTION('',(-0.,0.,-1.));
#3360 = DIRECTION('',(3.5527136788E-14,-1.,-0.));
#3361 = FACE_BOUND('',#3362,.T.);
#3362 = EDGE_LOOP('',(#3363));
#3363 = ORIENTED_EDGE('',*,*,#3364,.T.);
#3364 = EDGE_CURVE('',#3365,#3365,#3367,.T.);
#3365 = VERTEX_POINT('',#3366);
#3366 = CARTESIAN_POINT('',(97.79,-108.223,1.51));
#3367 = CIRCLE('',#3368,0.4);
#3368 = AXIS2_PLACEMENT_3D('',#3369,#3370,#3371);
#3369 = CARTESIAN_POINT('',(97.79,-107.823,1.51));
#3370 = DIRECTION('',(-0.,0.,-1.));
#3371 = DIRECTION('',(3.5527136788E-14,-1.,-0.));
#3372 = FACE_BOUND('',#3373,.T.);
#3373 = EDGE_LOOP('',(#3374));
#3374 = ORIENTED_EDGE('',*,*,#3375,.T.);
#3375 = EDGE_CURVE('',#3376,#3376,#3378,.T.);
#3376 = VERTEX_POINT('',#3377);
#3377 = CARTESIAN_POINT('',(115.57,-112.16,1.51));
#3378 = CIRCLE('',#3379,0.4);
#3379 = AXIS2_PLACEMENT_3D('',#3380,#3381,#3382);
#3380 = CARTESIAN_POINT('',(115.57,-111.76,1.51));
#3381 = DIRECTION('',(-0.,0.,-1.));
#3382 = DIRECTION('',(-0.,-1.,0.));
#3383 = FACE_BOUND('',#3384,.T.);
#3384 = EDGE_LOOP('',(#3385));
#3385 = ORIENTED_EDGE('',*,*,#3386,.T.);
#3386 = EDGE_CURVE('',#3387,#3387,#3389,.T.);
#3387 = VERTEX_POINT('',#3388);
#3388 = CARTESIAN_POINT('',(118.11,-112.16,1.51));
#3389 = CIRCLE('',#3390,0.4);
#3390 = AXIS2_PLACEMENT_3D('',#3391,#3392,#3393);
#3391 = CARTESIAN_POINT('',(118.11,-111.76,1.51));
#3392 = DIRECTION('',(-0.,0.,-1.));
#3393 = DIRECTION('',(-0.,-1.,0.));
#3394 = FACE_BOUND('',#3395,.T.);
#3395 = EDGE_LOOP('',(#3396));
#3396 = ORIENTED_EDGE('',*,*,#3397,.T.);
#3397 = EDGE_CURVE('',#3398,#3398,#3400,.T.);
#3398 = VERTEX_POINT('',#3399);
#3399 = CARTESIAN_POINT('',(120.65,-112.16,1.51));
#3400 = CIRCLE('',#3401,0.4);
#3401 = AXIS2_PLACEMENT_3D('',#3402,#3403,#3404);
#3402 = CARTESIAN_POINT('',(120.65,-111.76,1.51));
#3403 = DIRECTION('',(-0.,0.,-1.));
#3404 = DIRECTION('',(-0.,-1.,0.));
#3405 = FACE_BOUND('',#3406,.T.);
#3406 = EDGE_LOOP('',(#3407));
#3407 = ORIENTED_EDGE('',*,*,#3408,.T.);
#3408 = EDGE_CURVE('',#3409,#3409,#3411,.T.);
#3409 = VERTEX_POINT('',#3410);
#3410 = CARTESIAN_POINT('',(123.19,-112.16,1.51));
#3411 = CIRCLE('',#3412,0.4);
#3412 = AXIS2_PLACEMENT_3D('',#3413,#3414,#3415);
#3413 = CARTESIAN_POINT('',(123.19,-111.76,1.51));
#3414 = DIRECTION('',(-0.,0.,-1.));
#3415 = DIRECTION('',(-0.,-1.,0.));
#3416 = FACE_BOUND('',#3417,.T.);
#3417 = EDGE_LOOP('',(#3418));
#3418 = ORIENTED_EDGE('',*,*,#3419,.T.);
#3419 = EDGE_CURVE('',#3420,#3420,#3422,.T.);
#3420 = VERTEX_POINT('',#3421);
#3421 = CARTESIAN_POINT('',(125.73,-112.16,1.51));
#3422 = CIRCLE('',#3423,0.4);
#3423 = AXIS2_PLACEMENT_3D('',#3424,#3425,#3426);
#3424 = CARTESIAN_POINT('',(125.73,-111.76,1.51));
#3425 = DIRECTION('',(-0.,0.,-1.));
#3426 = DIRECTION('',(3.5527136788E-14,-1.,-0.));
#3427 = FACE_BOUND('',#3428,.T.);
#3428 = EDGE_LOOP('',(#3429));
#3429 = ORIENTED_EDGE('',*,*,#3430,.T.);
#3430 = EDGE_CURVE('',#3431,#3431,#3433,.T.);
#3431 = VERTEX_POINT('',#3432);
#3432 = CARTESIAN_POINT('',(128.27,-112.16,1.51));
#3433 = CIRCLE('',#3434,0.4);
#3434 = AXIS2_PLACEMENT_3D('',#3435,#3436,#3437);
#3435 = CARTESIAN_POINT('',(128.27,-111.76,1.51));
#3436 = DIRECTION('',(-0.,0.,-1.));
#3437 = DIRECTION('',(7.105427357601E-14,-1.,-0.));
#3438 = FACE_BOUND('',#3439,.T.);
#3439 = EDGE_LOOP('',(#3440));
#3440 = ORIENTED_EDGE('',*,*,#3441,.T.);
#3441 = EDGE_CURVE('',#3442,#3442,#3444,.T.);
#3442 = VERTEX_POINT('',#3443);
#3443 = CARTESIAN_POINT('',(130.81,-112.16,1.51));
#3444 = CIRCLE('',#3445,0.4);
#3445 = AXIS2_PLACEMENT_3D('',#3446,#3447,#3448);
#3446 = CARTESIAN_POINT('',(130.81,-111.76,1.51));
#3447 = DIRECTION('',(-0.,0.,-1.));
#3448 = DIRECTION('',(-0.,-1.,0.));
#3449 = FACE_BOUND('',#3450,.T.);
#3450 = EDGE_LOOP('',(#3451));
#3451 = ORIENTED_EDGE('',*,*,#3452,.T.);
#3452 = EDGE_CURVE('',#3453,#3453,#3455,.T.);
#3453 = VERTEX_POINT('',#3454);
#3454 = CARTESIAN_POINT('',(135.255,-112.16,1.51));
#3455 = CIRCLE('',#3456,0.4);
#3456 = AXIS2_PLACEMENT_3D('',#3457,#3458,#3459);
#3457 = CARTESIAN_POINT('',(135.255,-111.76,1.51));
#3458 = DIRECTION('',(-0.,0.,-1.));
#3459 = DIRECTION('',(-0.,-1.,0.));
#3460 = FACE_BOUND('',#3461,.T.);
#3461 = EDGE_LOOP('',(#3462));
#3462 = ORIENTED_EDGE('',*,*,#3463,.T.);
#3463 = EDGE_CURVE('',#3464,#3464,#3466,.T.);
#3464 = VERTEX_POINT('',#3465);
#3465 = CARTESIAN_POINT('',(140.335,-112.16,1.51));
#3466 = CIRCLE('',#3467,0.4);
#3467 = AXIS2_PLACEMENT_3D('',#3468,#3469,#3470);
#3468 = CARTESIAN_POINT('',(140.335,-111.76,1.51));
#3469 = DIRECTION('',(-0.,0.,-1.));
#3470 = DIRECTION('',(-0.,-1.,0.));
#3471 = FACE_BOUND('',#3472,.T.);
#3472 = EDGE_LOOP('',(#3473));
#3473 = ORIENTED_EDGE('',*,*,#3474,.T.);
#3474 = EDGE_CURVE('',#3475,#3475,#3477,.T.);
#3475 = VERTEX_POINT('',#3476);
#3476 = CARTESIAN_POINT('',(134.62,-102.635,1.51));
#3477 = CIRCLE('',#3478,0.4);
#3478 = AXIS2_PLACEMENT_3D('',#3479,#3480,#3481);
#3479 = CARTESIAN_POINT('',(134.62,-102.235,1.51));
#3480 = DIRECTION('',(-0.,0.,-1.));
#3481 = DIRECTION('',(-0.,-1.,0.));
#3482 = FACE_BOUND('',#3483,.T.);
#3483 = EDGE_LOOP('',(#3484));
#3484 = ORIENTED_EDGE('',*,*,#3485,.T.);
#3485 = EDGE_CURVE('',#3486,#3486,#3488,.T.);
#3486 = VERTEX_POINT('',#3487);
#3487 = CARTESIAN_POINT('',(144.78,-102.635,1.51));
#3488 = CIRCLE('',#3489,0.4);
#3489 = AXIS2_PLACEMENT_3D('',#3490,#3491,#3492);
#3490 = CARTESIAN_POINT('',(144.78,-102.235,1.51));
#3491 = DIRECTION('',(-0.,0.,-1.));
#3492 = DIRECTION('',(-0.,-1.,0.));
#3493 = FACE_BOUND('',#3494,.T.);
#3494 = EDGE_LOOP('',(#3495));
#3495 = ORIENTED_EDGE('',*,*,#3496,.T.);
#3496 = EDGE_CURVE('',#3497,#3497,#3499,.T.);
#3497 = VERTEX_POINT('',#3498);
#3498 = CARTESIAN_POINT('',(147.955,-102.635,1.51));
#3499 = CIRCLE('',#3500,0.4);
#3500 = AXIS2_PLACEMENT_3D('',#3501,#3502,#3503);
#3501 = CARTESIAN_POINT('',(147.955,-102.235,1.51));
#3502 = DIRECTION('',(-0.,0.,-1.));
#3503 = DIRECTION('',(7.105427357601E-14,-1.,-0.));
#3504 = FACE_BOUND('',#3505,.T.);
#3505 = EDGE_LOOP('',(#3506));
#3506 = ORIENTED_EDGE('',*,*,#3507,.T.);
#3507 = EDGE_CURVE('',#3508,#3508,#3510,.T.);
#3508 = VERTEX_POINT('',#3509);
#3509 = CARTESIAN_POINT('',(127.635,-91.44,1.51));
#3510 = CIRCLE('',#3511,0.635);
#3511 = AXIS2_PLACEMENT_3D('',#3512,#3513,#3514);
#3512 = CARTESIAN_POINT('',(127.635,-90.805,1.51));
#3513 = DIRECTION('',(-0.,0.,-1.));
#3514 = DIRECTION('',(-0.,-1.,0.));
#3515 = FACE_BOUND('',#3516,.T.);
#3516 = EDGE_LOOP('',(#3517));
#3517 = ORIENTED_EDGE('',*,*,#3518,.T.);
#3518 = EDGE_CURVE('',#3519,#3519,#3521,.T.);
#3519 = VERTEX_POINT('',#3520);
#3520 = CARTESIAN_POINT('',(142.24,-98.165,1.51));
#3521 = CIRCLE('',#3522,0.375);
#3522 = AXIS2_PLACEMENT_3D('',#3523,#3524,#3525);
#3523 = CARTESIAN_POINT('',(142.24,-97.79,1.51));
#3524 = DIRECTION('',(-0.,0.,-1.));
#3525 = DIRECTION('',(-0.,-1.,0.));
#3526 = FACE_BOUND('',#3527,.T.);
#3527 = EDGE_LOOP('',(#3528));
#3528 = ORIENTED_EDGE('',*,*,#3529,.T.);
#3529 = EDGE_CURVE('',#3530,#3530,#3532,.T.);
#3530 = VERTEX_POINT('',#3531);
#3531 = CARTESIAN_POINT('',(143.51,-96.895,1.51));
#3532 = CIRCLE('',#3533,0.375);
#3533 = AXIS2_PLACEMENT_3D('',#3534,#3535,#3536);
#3534 = CARTESIAN_POINT('',(143.51,-96.52,1.51));
#3535 = DIRECTION('',(-0.,0.,-1.));
#3536 = DIRECTION('',(-0.,-1.,0.));
#3537 = FACE_BOUND('',#3538,.T.);
#3538 = EDGE_LOOP('',(#3539));
#3539 = ORIENTED_EDGE('',*,*,#3540,.T.);
#3540 = EDGE_CURVE('',#3541,#3541,#3543,.T.);
#3541 = VERTEX_POINT('',#3542);
#3542 = CARTESIAN_POINT('',(144.78,-98.165,1.51));
#3543 = CIRCLE('',#3544,0.375);
#3544 = AXIS2_PLACEMENT_3D('',#3545,#3546,#3547);
#3545 = CARTESIAN_POINT('',(144.78,-97.79,1.51));
#3546 = DIRECTION('',(-0.,0.,-1.));
#3547 = DIRECTION('',(-0.,-1.,0.));
#3548 = FACE_BOUND('',#3549,.T.);
#3549 = EDGE_LOOP('',(#3550));
#3550 = ORIENTED_EDGE('',*,*,#3551,.T.);
#3551 = EDGE_CURVE('',#3552,#3552,#3554,.T.);
#3552 = VERTEX_POINT('',#3553);
#3553 = CARTESIAN_POINT('',(139.065,-91.459,1.51));
#3554 = CIRCLE('',#3555,0.4);
#3555 = AXIS2_PLACEMENT_3D('',#3556,#3557,#3558);
#3556 = CARTESIAN_POINT('',(139.065,-91.059,1.51));
#3557 = DIRECTION('',(-0.,0.,-1.));
#3558 = DIRECTION('',(-0.,-1.,0.));
#3559 = FACE_BOUND('',#3560,.T.);
#3560 = EDGE_LOOP('',(#3561));
#3561 = ORIENTED_EDGE('',*,*,#3562,.T.);
#3562 = EDGE_CURVE('',#3563,#3563,#3565,.T.);
#3563 = VERTEX_POINT('',#3564);
#3564 = CARTESIAN_POINT('',(149.225,-91.459,1.51));
#3565 = CIRCLE('',#3566,0.4);
#3566 = AXIS2_PLACEMENT_3D('',#3567,#3568,#3569);
#3567 = CARTESIAN_POINT('',(149.225,-91.059,1.51));
#3568 = DIRECTION('',(-0.,0.,-1.));
#3569 = DIRECTION('',(-0.,-1.,0.));
#3570 = FACE_BOUND('',#3571,.T.);
#3571 = EDGE_LOOP('',(#3572));
#3572 = ORIENTED_EDGE('',*,*,#3573,.T.);
#3573 = EDGE_CURVE('',#3574,#3574,#3576,.T.);
#3574 = VERTEX_POINT('',#3575);
#3575 = CARTESIAN_POINT('',(158.75,-138.04,1.51));
#3576 = CIRCLE('',#3577,2.15);
#3577 = AXIS2_PLACEMENT_3D('',#3578,#3579,#3580);
#3578 = CARTESIAN_POINT('',(158.75,-135.89,1.51));
#3579 = DIRECTION('',(-0.,0.,-1.));
#3580 = DIRECTION('',(-0.,-1.,0.));
#3581 = FACE_BOUND('',#3582,.T.);
#3582 = EDGE_LOOP('',(#3583));
#3583 = ORIENTED_EDGE('',*,*,#3584,.T.);
#3584 = EDGE_CURVE('',#3585,#3585,#3587,.T.);
#3585 = VERTEX_POINT('',#3586);
#3586 = CARTESIAN_POINT('',(179.07,-128.67,1.51));
#3587 = CIRCLE('',#3588,0.4);
#3588 = AXIS2_PLACEMENT_3D('',#3589,#3590,#3591);
#3589 = CARTESIAN_POINT('',(179.07,-128.27,1.51));
#3590 = DIRECTION('',(-0.,0.,-1.));
#3591 = DIRECTION('',(-0.,-1.,0.));
#3592 = FACE_BOUND('',#3593,.T.);
#3593 = EDGE_LOOP('',(#3594));
#3594 = ORIENTED_EDGE('',*,*,#3595,.T.);
#3595 = EDGE_CURVE('',#3596,#3596,#3598,.T.);
#3596 = VERTEX_POINT('',#3597);
#3597 = CARTESIAN_POINT('',(186.69,-128.67,1.51));
#3598 = CIRCLE('',#3599,0.4);
#3599 = AXIS2_PLACEMENT_3D('',#3600,#3601,#3602);
#3600 = CARTESIAN_POINT('',(186.69,-128.27,1.51));
#3601 = DIRECTION('',(-0.,0.,-1.));
#3602 = DIRECTION('',(-0.,-1.,0.));
#3603 = FACE_BOUND('',#3604,.T.);
#3604 = EDGE_LOOP('',(#3605));
#3605 = ORIENTED_EDGE('',*,*,#3606,.T.);
#3606 = EDGE_CURVE('',#3607,#3607,#3609,.T.);
#3607 = VERTEX_POINT('',#3608);
#3608 = CARTESIAN_POINT('',(179.07,-126.13,1.51));
#3609 = CIRCLE('',#3610,0.4);
#3610 = AXIS2_PLACEMENT_3D('',#3611,#3612,#3613);
#3611 = CARTESIAN_POINT('',(179.07,-125.73,1.51));
#3612 = DIRECTION('',(-0.,0.,-1.));
#3613 = DIRECTION('',(-0.,-1.,0.));
#3614 = FACE_BOUND('',#3615,.T.);
#3615 = EDGE_LOOP('',(#3616));
#3616 = ORIENTED_EDGE('',*,*,#3617,.T.);
#3617 = EDGE_CURVE('',#3618,#3618,#3620,.T.);
#3618 = VERTEX_POINT('',#3619);
#3619 = CARTESIAN_POINT('',(179.07,-123.59,1.51));
#3620 = CIRCLE('',#3621,0.4);
#3621 = AXIS2_PLACEMENT_3D('',#3622,#3623,#3624);
#3622 = CARTESIAN_POINT('',(179.07,-123.19,1.51));
#3623 = DIRECTION('',(-0.,0.,-1.));
#3624 = DIRECTION('',(-0.,-1.,0.));
#3625 = FACE_BOUND('',#3626,.T.);
#3626 = EDGE_LOOP('',(#3627));
#3627 = ORIENTED_EDGE('',*,*,#3628,.T.);
#3628 = EDGE_CURVE('',#3629,#3629,#3631,.T.);
#3629 = VERTEX_POINT('',#3630);
#3630 = CARTESIAN_POINT('',(179.07,-121.05,1.51));
#3631 = CIRCLE('',#3632,0.4);
#3632 = AXIS2_PLACEMENT_3D('',#3633,#3634,#3635);
#3633 = CARTESIAN_POINT('',(179.07,-120.65,1.51));
#3634 = DIRECTION('',(-0.,0.,-1.));
#3635 = DIRECTION('',(-0.,-1.,0.));
#3636 = FACE_BOUND('',#3637,.T.);
#3637 = EDGE_LOOP('',(#3638));
#3638 = ORIENTED_EDGE('',*,*,#3639,.T.);
#3639 = EDGE_CURVE('',#3640,#3640,#3642,.T.);
#3640 = VERTEX_POINT('',#3641);
#3641 = CARTESIAN_POINT('',(186.69,-126.13,1.51));
#3642 = CIRCLE('',#3643,0.4);
#3643 = AXIS2_PLACEMENT_3D('',#3644,#3645,#3646);
#3644 = CARTESIAN_POINT('',(186.69,-125.73,1.51));
#3645 = DIRECTION('',(-0.,0.,-1.));
#3646 = DIRECTION('',(-0.,-1.,0.));
#3647 = FACE_BOUND('',#3648,.T.);
#3648 = EDGE_LOOP('',(#3649));
#3649 = ORIENTED_EDGE('',*,*,#3650,.T.);
#3650 = EDGE_CURVE('',#3651,#3651,#3653,.T.);
#3651 = VERTEX_POINT('',#3652);
#3652 = CARTESIAN_POINT('',(186.69,-123.59,1.51));
#3653 = CIRCLE('',#3654,0.4);
#3654 = AXIS2_PLACEMENT_3D('',#3655,#3656,#3657);
#3655 = CARTESIAN_POINT('',(186.69,-123.19,1.51));
#3656 = DIRECTION('',(-0.,0.,-1.));
#3657 = DIRECTION('',(-0.,-1.,0.));
#3658 = FACE_BOUND('',#3659,.T.);
#3659 = EDGE_LOOP('',(#3660));
#3660 = ORIENTED_EDGE('',*,*,#3661,.T.);
#3661 = EDGE_CURVE('',#3662,#3662,#3664,.T.);
#3662 = VERTEX_POINT('',#3663);
#3663 = CARTESIAN_POINT('',(186.69,-121.05,1.51));
#3664 = CIRCLE('',#3665,0.4);
#3665 = AXIS2_PLACEMENT_3D('',#3666,#3667,#3668);
#3666 = CARTESIAN_POINT('',(186.69,-120.65,1.51));
#3667 = DIRECTION('',(-0.,0.,-1.));
#3668 = DIRECTION('',(-0.,-1.,0.));
#3669 = FACE_BOUND('',#3670,.T.);
#3670 = EDGE_LOOP('',(#3671));
#3671 = ORIENTED_EDGE('',*,*,#3672,.T.);
#3672 = EDGE_CURVE('',#3673,#3673,#3675,.T.);
#3673 = VERTEX_POINT('',#3674);
#3674 = CARTESIAN_POINT('',(179.07,-117.24,1.51));
#3675 = CIRCLE('',#3676,0.4);
#3676 = AXIS2_PLACEMENT_3D('',#3677,#3678,#3679);
#3677 = CARTESIAN_POINT('',(179.07,-116.84,1.51));
#3678 = DIRECTION('',(-0.,0.,-1.));
#3679 = DIRECTION('',(-0.,-1.,0.));
#3680 = FACE_BOUND('',#3681,.T.);
#3681 = EDGE_LOOP('',(#3682));
#3682 = ORIENTED_EDGE('',*,*,#3683,.T.);
#3683 = EDGE_CURVE('',#3684,#3684,#3686,.T.);
#3684 = VERTEX_POINT('',#3685);
#3685 = CARTESIAN_POINT('',(179.07,-114.7,1.51));
#3686 = CIRCLE('',#3687,0.4);
#3687 = AXIS2_PLACEMENT_3D('',#3688,#3689,#3690);
#3688 = CARTESIAN_POINT('',(179.07,-114.3,1.51));
#3689 = DIRECTION('',(-0.,0.,-1.));
#3690 = DIRECTION('',(-0.,-1.,0.));
#3691 = FACE_BOUND('',#3692,.T.);
#3692 = EDGE_LOOP('',(#3693));
#3693 = ORIENTED_EDGE('',*,*,#3694,.T.);
#3694 = EDGE_CURVE('',#3695,#3695,#3697,.T.);
#3695 = VERTEX_POINT('',#3696);
#3696 = CARTESIAN_POINT('',(186.69,-117.24,1.51));
#3697 = CIRCLE('',#3698,0.4);
#3698 = AXIS2_PLACEMENT_3D('',#3699,#3700,#3701);
#3699 = CARTESIAN_POINT('',(186.69,-116.84,1.51));
#3700 = DIRECTION('',(-0.,0.,-1.));
#3701 = DIRECTION('',(-0.,-1.,0.));
#3702 = FACE_BOUND('',#3703,.T.);
#3703 = EDGE_LOOP('',(#3704));
#3704 = ORIENTED_EDGE('',*,*,#3705,.T.);
#3705 = EDGE_CURVE('',#3706,#3706,#3708,.T.);
#3706 = VERTEX_POINT('',#3707);
#3707 = CARTESIAN_POINT('',(186.69,-114.7,1.51));
#3708 = CIRCLE('',#3709,0.4);
#3709 = AXIS2_PLACEMENT_3D('',#3710,#3711,#3712);
#3710 = CARTESIAN_POINT('',(186.69,-114.3,1.51));
#3711 = DIRECTION('',(-0.,0.,-1.));
#3712 = DIRECTION('',(-0.,-1.,0.));
#3713 = FACE_BOUND('',#3714,.T.);
#3714 = EDGE_LOOP('',(#3715));
#3715 = ORIENTED_EDGE('',*,*,#3716,.T.);
#3716 = EDGE_CURVE('',#3717,#3717,#3719,.T.);
#3717 = VERTEX_POINT('',#3718);
#3718 = CARTESIAN_POINT('',(207.899,-128.67,1.51));
#3719 = CIRCLE('',#3720,0.4);
#3720 = AXIS2_PLACEMENT_3D('',#3721,#3722,#3723);
#3721 = CARTESIAN_POINT('',(207.899,-128.27,1.51));
#3722 = DIRECTION('',(-0.,0.,-1.));
#3723 = DIRECTION('',(-0.,-1.,0.));
#3724 = FACE_BOUND('',#3725,.T.);
#3725 = EDGE_LOOP('',(#3726));
#3726 = ORIENTED_EDGE('',*,*,#3727,.T.);
#3727 = EDGE_CURVE('',#3728,#3728,#3730,.T.);
#3728 = VERTEX_POINT('',#3729);
#3729 = CARTESIAN_POINT('',(229.87,-138.04,1.51));
#3730 = CIRCLE('',#3731,2.15);
#3731 = AXIS2_PLACEMENT_3D('',#3732,#3733,#3734);
#3732 = CARTESIAN_POINT('',(229.87,-135.89,1.51));
#3733 = DIRECTION('',(-0.,0.,-1.));
#3734 = DIRECTION('',(-0.,-1.,0.));
#3735 = FACE_BOUND('',#3736,.T.);
#3736 = EDGE_LOOP('',(#3737));
#3737 = ORIENTED_EDGE('',*,*,#3738,.T.);
#3738 = EDGE_CURVE('',#3739,#3739,#3741,.T.);
#3739 = VERTEX_POINT('',#3740);
#3740 = CARTESIAN_POINT('',(215.519,-128.67,1.51));
#3741 = CIRCLE('',#3742,0.4);
#3742 = AXIS2_PLACEMENT_3D('',#3743,#3744,#3745);
#3743 = CARTESIAN_POINT('',(215.519,-128.27,1.51));
#3744 = DIRECTION('',(-0.,0.,-1.));
#3745 = DIRECTION('',(-0.,-1.,0.));
#3746 = FACE_BOUND('',#3747,.T.);
#3747 = EDGE_LOOP('',(#3748));
#3748 = ORIENTED_EDGE('',*,*,#3749,.T.);
#3749 = EDGE_CURVE('',#3750,#3750,#3752,.T.);
#3750 = VERTEX_POINT('',#3751);
#3751 = CARTESIAN_POINT('',(207.899,-126.13,1.51));
#3752 = CIRCLE('',#3753,0.4);
#3753 = AXIS2_PLACEMENT_3D('',#3754,#3755,#3756);
#3754 = CARTESIAN_POINT('',(207.899,-125.73,1.51));
#3755 = DIRECTION('',(-0.,0.,-1.));
#3756 = DIRECTION('',(-0.,-1.,0.));
#3757 = FACE_BOUND('',#3758,.T.);
#3758 = EDGE_LOOP('',(#3759));
#3759 = ORIENTED_EDGE('',*,*,#3760,.T.);
#3760 = EDGE_CURVE('',#3761,#3761,#3763,.T.);
#3761 = VERTEX_POINT('',#3762);
#3762 = CARTESIAN_POINT('',(207.899,-123.59,1.51));
#3763 = CIRCLE('',#3764,0.4);
#3764 = AXIS2_PLACEMENT_3D('',#3765,#3766,#3767);
#3765 = CARTESIAN_POINT('',(207.899,-123.19,1.51));
#3766 = DIRECTION('',(-0.,0.,-1.));
#3767 = DIRECTION('',(-0.,-1.,0.));
#3768 = FACE_BOUND('',#3769,.T.);
#3769 = EDGE_LOOP('',(#3770));
#3770 = ORIENTED_EDGE('',*,*,#3771,.T.);
#3771 = EDGE_CURVE('',#3772,#3772,#3774,.T.);
#3772 = VERTEX_POINT('',#3773);
#3773 = CARTESIAN_POINT('',(207.899,-121.05,1.51));
#3774 = CIRCLE('',#3775,0.4);
#3775 = AXIS2_PLACEMENT_3D('',#3776,#3777,#3778);
#3776 = CARTESIAN_POINT('',(207.899,-120.65,1.51));
#3777 = DIRECTION('',(-0.,0.,-1.));
#3778 = DIRECTION('',(-0.,-1.,0.));
#3779 = FACE_BOUND('',#3780,.T.);
#3780 = EDGE_LOOP('',(#3781));
#3781 = ORIENTED_EDGE('',*,*,#3782,.T.);
#3782 = EDGE_CURVE('',#3783,#3783,#3785,.T.);
#3783 = VERTEX_POINT('',#3784);
#3784 = CARTESIAN_POINT('',(196.85,-117.795,1.51));
#3785 = CIRCLE('',#3786,0.4);
#3786 = AXIS2_PLACEMENT_3D('',#3787,#3788,#3789);
#3787 = CARTESIAN_POINT('',(196.85,-117.395,1.51));
#3788 = DIRECTION('',(-0.,0.,-1.));
#3789 = DIRECTION('',(-0.,-1.,0.));
#3790 = FACE_BOUND('',#3791,.T.);
#3791 = EDGE_LOOP('',(#3792));
#3792 = ORIENTED_EDGE('',*,*,#3793,.T.);
#3793 = EDGE_CURVE('',#3794,#3794,#3796,.T.);
#3794 = VERTEX_POINT('',#3795);
#3795 = CARTESIAN_POINT('',(207.899,-118.51,1.51));
#3796 = CIRCLE('',#3797,0.4);
#3797 = AXIS2_PLACEMENT_3D('',#3798,#3799,#3800);
#3798 = CARTESIAN_POINT('',(207.899,-118.11,1.51));
#3799 = DIRECTION('',(-0.,0.,-1.));
#3800 = DIRECTION('',(-0.,-1.,0.));
#3801 = FACE_BOUND('',#3802,.T.);
#3802 = EDGE_LOOP('',(#3803));
#3803 = ORIENTED_EDGE('',*,*,#3804,.T.);
#3804 = EDGE_CURVE('',#3805,#3805,#3807,.T.);
#3805 = VERTEX_POINT('',#3806);
#3806 = CARTESIAN_POINT('',(207.899,-115.97,1.51));
#3807 = CIRCLE('',#3808,0.4);
#3808 = AXIS2_PLACEMENT_3D('',#3809,#3810,#3811);
#3809 = CARTESIAN_POINT('',(207.899,-115.57,1.51));
#3810 = DIRECTION('',(-0.,0.,-1.));
#3811 = DIRECTION('',(-0.,-1.,0.));
#3812 = FACE_BOUND('',#3813,.T.);
#3813 = EDGE_LOOP('',(#3814));
#3814 = ORIENTED_EDGE('',*,*,#3815,.T.);
#3815 = EDGE_CURVE('',#3816,#3816,#3818,.T.);
#3816 = VERTEX_POINT('',#3817);
#3817 = CARTESIAN_POINT('',(215.519,-126.13,1.51));
#3818 = CIRCLE('',#3819,0.4);
#3819 = AXIS2_PLACEMENT_3D('',#3820,#3821,#3822);
#3820 = CARTESIAN_POINT('',(215.519,-125.73,1.51));
#3821 = DIRECTION('',(-0.,0.,-1.));
#3822 = DIRECTION('',(-0.,-1.,0.));
#3823 = FACE_BOUND('',#3824,.T.);
#3824 = EDGE_LOOP('',(#3825));
#3825 = ORIENTED_EDGE('',*,*,#3826,.T.);
#3826 = EDGE_CURVE('',#3827,#3827,#3829,.T.);
#3827 = VERTEX_POINT('',#3828);
#3828 = CARTESIAN_POINT('',(215.519,-123.59,1.51));
#3829 = CIRCLE('',#3830,0.4);
#3830 = AXIS2_PLACEMENT_3D('',#3831,#3832,#3833);
#3831 = CARTESIAN_POINT('',(215.519,-123.19,1.51));
#3832 = DIRECTION('',(-0.,0.,-1.));
#3833 = DIRECTION('',(-0.,-1.,0.));
#3834 = FACE_BOUND('',#3835,.T.);
#3835 = EDGE_LOOP('',(#3836));
#3836 = ORIENTED_EDGE('',*,*,#3837,.T.);
#3837 = EDGE_CURVE('',#3838,#3838,#3840,.T.);
#3838 = VERTEX_POINT('',#3839);
#3839 = CARTESIAN_POINT('',(215.519,-121.05,1.51));
#3840 = CIRCLE('',#3841,0.4);
#3841 = AXIS2_PLACEMENT_3D('',#3842,#3843,#3844);
#3842 = CARTESIAN_POINT('',(215.519,-120.65,1.51));
#3843 = DIRECTION('',(-0.,0.,-1.));
#3844 = DIRECTION('',(-0.,-1.,0.));
#3845 = FACE_BOUND('',#3846,.T.);
#3846 = EDGE_LOOP('',(#3847));
#3847 = ORIENTED_EDGE('',*,*,#3848,.T.);
#3848 = EDGE_CURVE('',#3849,#3849,#3851,.T.);
#3849 = VERTEX_POINT('',#3850);
#3850 = CARTESIAN_POINT('',(215.519,-118.51,1.51));
#3851 = CIRCLE('',#3852,0.4);
#3852 = AXIS2_PLACEMENT_3D('',#3853,#3854,#3855);
#3853 = CARTESIAN_POINT('',(215.519,-118.11,1.51));
#3854 = DIRECTION('',(-0.,0.,-1.));
#3855 = DIRECTION('',(-0.,-1.,0.));
#3856 = FACE_BOUND('',#3857,.T.);
#3857 = EDGE_LOOP('',(#3858));
#3858 = ORIENTED_EDGE('',*,*,#3859,.T.);
#3859 = EDGE_CURVE('',#3860,#3860,#3862,.T.);
#3860 = VERTEX_POINT('',#3861);
#3861 = CARTESIAN_POINT('',(215.519,-115.97,1.51));
#3862 = CIRCLE('',#3863,0.4);
#3863 = AXIS2_PLACEMENT_3D('',#3864,#3865,#3866);
#3864 = CARTESIAN_POINT('',(215.519,-115.57,1.51));
#3865 = DIRECTION('',(-0.,0.,-1.));
#3866 = DIRECTION('',(-0.,-1.,0.));
#3867 = FACE_BOUND('',#3868,.T.);
#3868 = EDGE_LOOP('',(#3869));
#3869 = ORIENTED_EDGE('',*,*,#3870,.T.);
#3870 = EDGE_CURVE('',#3871,#3871,#3873,.T.);
#3871 = VERTEX_POINT('',#3872);
#3872 = CARTESIAN_POINT('',(158.115,-102.635,1.51));
#3873 = CIRCLE('',#3874,0.4);
#3874 = AXIS2_PLACEMENT_3D('',#3875,#3876,#3877);
#3875 = CARTESIAN_POINT('',(158.115,-102.235,1.51));
#3876 = DIRECTION('',(-0.,0.,-1.));
#3877 = DIRECTION('',(-0.,-1.,0.));
#3878 = FACE_BOUND('',#3879,.T.);
#3879 = EDGE_LOOP('',(#3880));
#3880 = ORIENTED_EDGE('',*,*,#3881,.T.);
#3881 = EDGE_CURVE('',#3882,#3882,#3884,.T.);
#3882 = VERTEX_POINT('',#3883);
#3883 = CARTESIAN_POINT('',(179.07,-112.16,1.51));
#3884 = CIRCLE('',#3885,0.4);
#3885 = AXIS2_PLACEMENT_3D('',#3886,#3887,#3888);
#3886 = CARTESIAN_POINT('',(179.07,-111.76,1.51));
#3887 = DIRECTION('',(-0.,0.,-1.));
#3888 = DIRECTION('',(-0.,-1.,0.));
#3889 = FACE_BOUND('',#3890,.T.);
#3890 = EDGE_LOOP('',(#3891));
#3891 = ORIENTED_EDGE('',*,*,#3892,.T.);
#3892 = EDGE_CURVE('',#3893,#3893,#3895,.T.);
#3893 = VERTEX_POINT('',#3894);
#3894 = CARTESIAN_POINT('',(179.07,-109.62,1.51));
#3895 = CIRCLE('',#3896,0.4);
#3896 = AXIS2_PLACEMENT_3D('',#3897,#3898,#3899);
#3897 = CARTESIAN_POINT('',(179.07,-109.22,1.51));
#3898 = DIRECTION('',(-0.,0.,-1.));
#3899 = DIRECTION('',(-0.,-1.,0.));
#3900 = FACE_BOUND('',#3901,.T.);
#3901 = EDGE_LOOP('',(#3902));
#3902 = ORIENTED_EDGE('',*,*,#3903,.T.);
#3903 = EDGE_CURVE('',#3904,#3904,#3906,.T.);
#3904 = VERTEX_POINT('',#3905);
#3905 = CARTESIAN_POINT('',(186.69,-112.16,1.51));
#3906 = CIRCLE('',#3907,0.4);
#3907 = AXIS2_PLACEMENT_3D('',#3908,#3909,#3910);
#3908 = CARTESIAN_POINT('',(186.69,-111.76,1.51));
#3909 = DIRECTION('',(-0.,0.,-1.));
#3910 = DIRECTION('',(-0.,-1.,0.));
#3911 = FACE_BOUND('',#3912,.T.);
#3912 = EDGE_LOOP('',(#3913));
#3913 = ORIENTED_EDGE('',*,*,#3914,.T.);
#3914 = EDGE_CURVE('',#3915,#3915,#3917,.T.);
#3915 = VERTEX_POINT('',#3916);
#3916 = CARTESIAN_POINT('',(186.69,-109.62,1.51));
#3917 = CIRCLE('',#3918,0.4);
#3918 = AXIS2_PLACEMENT_3D('',#3919,#3920,#3921);
#3919 = CARTESIAN_POINT('',(186.69,-109.22,1.51));
#3920 = DIRECTION('',(-0.,0.,-1.));
#3921 = DIRECTION('',(-0.,-1.,0.));
#3922 = FACE_BOUND('',#3923,.T.);
#3923 = EDGE_LOOP('',(#3924));
#3924 = ORIENTED_EDGE('',*,*,#3925,.T.);
#3925 = EDGE_CURVE('',#3926,#3926,#3928,.T.);
#3926 = VERTEX_POINT('',#3927);
#3927 = CARTESIAN_POINT('',(153.67,-97.605,1.51));
#3928 = CIRCLE('',#3929,0.45);
#3929 = AXIS2_PLACEMENT_3D('',#3930,#3931,#3932);
#3930 = CARTESIAN_POINT('',(153.67,-97.155,1.51));
#3931 = DIRECTION('',(-0.,0.,-1.));
#3932 = DIRECTION('',(-6.315935428979E-14,-1.,0.));
#3933 = FACE_BOUND('',#3934,.T.);
#3934 = EDGE_LOOP('',(#3935));
#3935 = ORIENTED_EDGE('',*,*,#3936,.T.);
#3936 = EDGE_CURVE('',#3937,#3937,#3939,.T.);
#3937 = VERTEX_POINT('',#3938);
#3938 = CARTESIAN_POINT('',(156.21,-97.605,1.51));
#3939 = CIRCLE('',#3940,0.45);
#3940 = AXIS2_PLACEMENT_3D('',#3941,#3942,#3943);
#3941 = CARTESIAN_POINT('',(156.21,-97.155,1.51));
#3942 = DIRECTION('',(-0.,0.,-1.));
#3943 = DIRECTION('',(6.315935428978E-14,-1.,-0.));
#3944 = FACE_BOUND('',#3945,.T.);
#3945 = EDGE_LOOP('',(#3946));
#3946 = ORIENTED_EDGE('',*,*,#3947,.T.);
#3947 = EDGE_CURVE('',#3948,#3948,#3950,.T.);
#3948 = VERTEX_POINT('',#3949);
#3949 = CARTESIAN_POINT('',(168.91,-97.52,1.51));
#3950 = CIRCLE('',#3951,1.);
#3951 = AXIS2_PLACEMENT_3D('',#3952,#3953,#3954);
#3952 = CARTESIAN_POINT('',(168.91,-96.52,1.51));
#3953 = DIRECTION('',(-0.,0.,-1.));
#3954 = DIRECTION('',(-0.,-1.,0.));
#3955 = FACE_BOUND('',#3956,.T.);
#3956 = EDGE_LOOP('',(#3957));
#3957 = ORIENTED_EDGE('',*,*,#3958,.T.);
#3958 = EDGE_CURVE('',#3959,#3959,#3961,.T.);
#3959 = VERTEX_POINT('',#3960);
#3960 = CARTESIAN_POINT('',(175.26,-99.56,1.51));
#3961 = CIRCLE('',#3962,0.5);
#3962 = AXIS2_PLACEMENT_3D('',#3963,#3964,#3965);
#3963 = CARTESIAN_POINT('',(175.26,-99.06,1.51));
#3964 = DIRECTION('',(-0.,0.,-1.));
#3965 = DIRECTION('',(-0.,-1.,0.));
#3966 = FACE_BOUND('',#3967,.T.);
#3967 = EDGE_LOOP('',(#3968));
#3968 = ORIENTED_EDGE('',*,*,#3969,.T.);
#3969 = EDGE_CURVE('',#3970,#3970,#3972,.T.);
#3970 = VERTEX_POINT('',#3971);
#3971 = CARTESIAN_POINT('',(175.26,-97.02,1.51));
#3972 = CIRCLE('',#3973,0.5);
#3973 = AXIS2_PLACEMENT_3D('',#3974,#3975,#3976);
#3974 = CARTESIAN_POINT('',(175.26,-96.52,1.51));
#3975 = DIRECTION('',(-0.,0.,-1.));
#3976 = DIRECTION('',(-0.,-1.,0.));
#3977 = FACE_BOUND('',#3978,.T.);
#3978 = EDGE_LOOP('',(#3979));
#3979 = ORIENTED_EDGE('',*,*,#3980,.T.);
#3980 = EDGE_CURVE('',#3981,#3981,#3983,.T.);
#3981 = VERTEX_POINT('',#3982);
#3982 = CARTESIAN_POINT('',(190.5,-99.56,1.51));
#3983 = CIRCLE('',#3984,0.5);
#3984 = AXIS2_PLACEMENT_3D('',#3985,#3986,#3987);
#3985 = CARTESIAN_POINT('',(190.5,-99.06,1.51));
#3986 = DIRECTION('',(-0.,0.,-1.));
#3987 = DIRECTION('',(-0.,-1.,0.));
#3988 = FACE_BOUND('',#3989,.T.);
#3989 = EDGE_LOOP('',(#3990));
#3990 = ORIENTED_EDGE('',*,*,#3991,.T.);
#3991 = EDGE_CURVE('',#3992,#3992,#3994,.T.);
#3992 = VERTEX_POINT('',#3993);
#3993 = CARTESIAN_POINT('',(190.5,-97.02,1.51));
#3994 = CIRCLE('',#3995,0.5);
#3995 = AXIS2_PLACEMENT_3D('',#3996,#3997,#3998);
#3996 = CARTESIAN_POINT('',(190.5,-96.52,1.51));
#3997 = DIRECTION('',(-0.,0.,-1.));
#3998 = DIRECTION('',(-0.,-1.,0.));
#3999 = FACE_BOUND('',#4000,.T.);
#4000 = EDGE_LOOP('',(#4001));
#4001 = ORIENTED_EDGE('',*,*,#4002,.T.);
#4002 = EDGE_CURVE('',#4003,#4003,#4005,.T.);
#4003 = VERTEX_POINT('',#4004);
#4004 = CARTESIAN_POINT('',(175.26,-94.48,1.51));
#4005 = CIRCLE('',#4006,0.5);
#4006 = AXIS2_PLACEMENT_3D('',#4007,#4008,#4009);
#4007 = CARTESIAN_POINT('',(175.26,-93.98,1.51));
#4008 = DIRECTION('',(-0.,0.,-1.));
#4009 = DIRECTION('',(-0.,-1.,0.));
#4010 = FACE_BOUND('',#4011,.T.);
#4011 = EDGE_LOOP('',(#4012));
#4012 = ORIENTED_EDGE('',*,*,#4013,.T.);
#4013 = EDGE_CURVE('',#4014,#4014,#4016,.T.);
#4014 = VERTEX_POINT('',#4015);
#4015 = CARTESIAN_POINT('',(175.26,-91.94,1.51));
#4016 = CIRCLE('',#4017,0.5);
#4017 = AXIS2_PLACEMENT_3D('',#4018,#4019,#4020);
#4018 = CARTESIAN_POINT('',(175.26,-91.44,1.51));
#4019 = DIRECTION('',(-0.,0.,-1.));
#4020 = DIRECTION('',(-0.,-1.,0.));
#4021 = FACE_BOUND('',#4022,.T.);
#4022 = EDGE_LOOP('',(#4023));
#4023 = ORIENTED_EDGE('',*,*,#4024,.T.);
#4024 = EDGE_CURVE('',#4025,#4025,#4027,.T.);
#4025 = VERTEX_POINT('',#4026);
#4026 = CARTESIAN_POINT('',(190.5,-94.48,1.51));
#4027 = CIRCLE('',#4028,0.5);
#4028 = AXIS2_PLACEMENT_3D('',#4029,#4030,#4031);
#4029 = CARTESIAN_POINT('',(190.5,-93.98,1.51));
#4030 = DIRECTION('',(-0.,0.,-1.));
#4031 = DIRECTION('',(-0.,-1.,0.));
#4032 = FACE_BOUND('',#4033,.T.);
#4033 = EDGE_LOOP('',(#4034));
#4034 = ORIENTED_EDGE('',*,*,#4035,.T.);
#4035 = EDGE_CURVE('',#4036,#4036,#4038,.T.);
#4036 = VERTEX_POINT('',#4037);
#4037 = CARTESIAN_POINT('',(190.5,-91.94,1.51));
#4038 = CIRCLE('',#4039,0.5);
#4039 = AXIS2_PLACEMENT_3D('',#4040,#4041,#4042);
#4040 = CARTESIAN_POINT('',(190.5,-91.44,1.51));
#4041 = DIRECTION('',(-0.,0.,-1.));
#4042 = DIRECTION('',(-0.,-1.,0.));
#4043 = FACE_BOUND('',#4044,.T.);
#4044 = EDGE_LOOP('',(#4045));
#4045 = ORIENTED_EDGE('',*,*,#4046,.T.);
#4046 = EDGE_CURVE('',#4047,#4047,#4049,.T.);
#4047 = VERTEX_POINT('',#4048);
#4048 = CARTESIAN_POINT('',(196.85,-112.795,1.51));
#4049 = CIRCLE('',#4050,0.4);
#4050 = AXIS2_PLACEMENT_3D('',#4051,#4052,#4053);
#4051 = CARTESIAN_POINT('',(196.85,-112.395,1.51));
#4052 = DIRECTION('',(-0.,0.,-1.));
#4053 = DIRECTION('',(-0.,-1.,0.));
#4054 = FACE_BOUND('',#4055,.T.);
#4055 = EDGE_LOOP('',(#4056));
#4056 = ORIENTED_EDGE('',*,*,#4057,.T.);
#4057 = EDGE_CURVE('',#4058,#4058,#4060,.T.);
#4058 = VERTEX_POINT('',#4059);
#4059 = CARTESIAN_POINT('',(207.899,-113.43,1.51));
#4060 = CIRCLE('',#4061,0.4);
#4061 = AXIS2_PLACEMENT_3D('',#4062,#4063,#4064);
#4062 = CARTESIAN_POINT('',(207.899,-113.03,1.51));
#4063 = DIRECTION('',(-0.,0.,-1.));
#4064 = DIRECTION('',(-0.,-1.,0.));
#4065 = FACE_BOUND('',#4066,.T.);
#4066 = EDGE_LOOP('',(#4067));
#4067 = ORIENTED_EDGE('',*,*,#4068,.T.);
#4068 = EDGE_CURVE('',#4069,#4069,#4071,.T.);
#4069 = VERTEX_POINT('',#4070);
#4070 = CARTESIAN_POINT('',(207.899,-110.89,1.51));
#4071 = CIRCLE('',#4072,0.4);
#4072 = AXIS2_PLACEMENT_3D('',#4073,#4074,#4075);
#4073 = CARTESIAN_POINT('',(207.899,-110.49,1.51));
#4074 = DIRECTION('',(-0.,0.,-1.));
#4075 = DIRECTION('',(-0.,-1.,0.));
#4076 = FACE_BOUND('',#4077,.T.);
#4077 = EDGE_LOOP('',(#4078));
#4078 = ORIENTED_EDGE('',*,*,#4079,.T.);
#4079 = EDGE_CURVE('',#4080,#4080,#4082,.T.);
#4080 = VERTEX_POINT('',#4081);
#4081 = CARTESIAN_POINT('',(207.899,-108.35,1.51));
#4082 = CIRCLE('',#4083,0.4);
#4083 = AXIS2_PLACEMENT_3D('',#4084,#4085,#4086);
#4084 = CARTESIAN_POINT('',(207.899,-107.95,1.51));
#4085 = DIRECTION('',(-0.,0.,-1.));
#4086 = DIRECTION('',(-0.,-1.,0.));
#4087 = FACE_BOUND('',#4088,.T.);
#4088 = EDGE_LOOP('',(#4089));
#4089 = ORIENTED_EDGE('',*,*,#4090,.T.);
#4090 = EDGE_CURVE('',#4091,#4091,#4093,.T.);
#4091 = VERTEX_POINT('',#4092);
#4092 = CARTESIAN_POINT('',(215.519,-113.43,1.51));
#4093 = CIRCLE('',#4094,0.4);
#4094 = AXIS2_PLACEMENT_3D('',#4095,#4096,#4097);
#4095 = CARTESIAN_POINT('',(215.519,-113.03,1.51));
#4096 = DIRECTION('',(-0.,0.,-1.));
#4097 = DIRECTION('',(-0.,-1.,0.));
#4098 = FACE_BOUND('',#4099,.T.);
#4099 = EDGE_LOOP('',(#4100));
#4100 = ORIENTED_EDGE('',*,*,#4101,.T.);
#4101 = EDGE_CURVE('',#4102,#4102,#4104,.T.);
#4102 = VERTEX_POINT('',#4103);
#4103 = CARTESIAN_POINT('',(215.519,-110.89,1.51));
#4104 = CIRCLE('',#4105,0.4);
#4105 = AXIS2_PLACEMENT_3D('',#4106,#4107,#4108);
#4106 = CARTESIAN_POINT('',(215.519,-110.49,1.51));
#4107 = DIRECTION('',(-0.,0.,-1.));
#4108 = DIRECTION('',(-0.,-1.,0.));
#4109 = FACE_BOUND('',#4110,.T.);
#4110 = EDGE_LOOP('',(#4111));
#4111 = ORIENTED_EDGE('',*,*,#4112,.T.);
#4112 = EDGE_CURVE('',#4113,#4113,#4115,.T.);
#4113 = VERTEX_POINT('',#4114);
#4114 = CARTESIAN_POINT('',(215.519,-108.35,1.51));
#4115 = CIRCLE('',#4116,0.4);
#4116 = AXIS2_PLACEMENT_3D('',#4117,#4118,#4119);
#4117 = CARTESIAN_POINT('',(215.519,-107.95,1.51));
#4118 = DIRECTION('',(-0.,0.,-1.));
#4119 = DIRECTION('',(-0.,-1.,0.));
#4120 = FACE_BOUND('',#4121,.T.);
#4121 = EDGE_LOOP('',(#4122));
#4122 = ORIENTED_EDGE('',*,*,#4123,.T.);
#4123 = EDGE_CURVE('',#4124,#4124,#4126,.T.);
#4124 = VERTEX_POINT('',#4125);
#4125 = CARTESIAN_POINT('',(78.3,-90.1,1.51));
#4126 = CIRCLE('',#4127,0.4);
#4127 = AXIS2_PLACEMENT_3D('',#4128,#4129,#4130);
#4128 = CARTESIAN_POINT('',(78.3,-89.7,1.51));
#4129 = DIRECTION('',(-0.,0.,-1.));
#4130 = DIRECTION('',(-3.552713678801E-14,-1.,0.));
#4131 = FACE_BOUND('',#4132,.T.);
#4132 = EDGE_LOOP('',(#4133));
#4133 = ORIENTED_EDGE('',*,*,#4134,.T.);
#4134 = EDGE_CURVE('',#4135,#4135,#4137,.T.);
#4135 = VERTEX_POINT('',#4136);
#4136 = CARTESIAN_POINT('',(84.582,-90.77,1.51));
#4137 = CIRCLE('',#4138,0.6);
#4138 = AXIS2_PLACEMENT_3D('',#4139,#4140,#4141);
#4139 = CARTESIAN_POINT('',(84.582,-90.17,1.51));
#4140 = DIRECTION('',(-0.,0.,-1.));
#4141 = DIRECTION('',(-0.,-1.,0.));
#4142 = FACE_BOUND('',#4143,.T.);
#4143 = EDGE_LOOP('',(#4144));
#4144 = ORIENTED_EDGE('',*,*,#4145,.T.);
#4145 = EDGE_CURVE('',#4146,#4146,#4148,.T.);
#4146 = VERTEX_POINT('',#4147);
#4147 = CARTESIAN_POINT('',(85.49,-79.467,1.51));
#4148 = CIRCLE('',#4149,0.6);
#4149 = AXIS2_PLACEMENT_3D('',#4150,#4151,#4152);
#4150 = CARTESIAN_POINT('',(85.49,-78.867,1.51));
#4151 = DIRECTION('',(-0.,0.,-1.));
#4152 = DIRECTION('',(-2.368475785867E-14,-1.,0.));
#4153 = FACE_BOUND('',#4154,.T.);
#4154 = EDGE_LOOP('',(#4155));
#4155 = ORIENTED_EDGE('',*,*,#4156,.T.);
#4156 = EDGE_CURVE('',#4157,#4157,#4159,.T.);
#4157 = VERTEX_POINT('',#4158);
#4158 = CARTESIAN_POINT('',(109.582,-90.77,1.51));
#4159 = CIRCLE('',#4160,0.6);
#4160 = AXIS2_PLACEMENT_3D('',#4161,#4162,#4163);
#4161 = CARTESIAN_POINT('',(109.582,-90.17,1.51));
#4162 = DIRECTION('',(-0.,0.,-1.));
#4163 = DIRECTION('',(-0.,-1.,0.));
#4164 = FACE_BOUND('',#4165,.T.);
#4165 = EDGE_LOOP('',(#4166));
#4166 = ORIENTED_EDGE('',*,*,#4167,.T.);
#4167 = EDGE_CURVE('',#4168,#4168,#4170,.T.);
#4168 = VERTEX_POINT('',#4169);
#4169 = CARTESIAN_POINT('',(110.49,-79.467,1.51));
#4170 = CIRCLE('',#4171,0.6);
#4171 = AXIS2_PLACEMENT_3D('',#4172,#4173,#4174);
#4172 = CARTESIAN_POINT('',(110.49,-78.867,1.51));
#4173 = DIRECTION('',(-0.,0.,-1.));
#4174 = DIRECTION('',(-2.368475785867E-14,-1.,0.));
#4175 = FACE_BOUND('',#4176,.T.);
#4176 = EDGE_LOOP('',(#4177));
#4177 = ORIENTED_EDGE('',*,*,#4178,.T.);
#4178 = EDGE_CURVE('',#4179,#4179,#4181,.T.);
#4179 = VERTEX_POINT('',#4180);
#4180 = CARTESIAN_POINT('',(78.3,-77.4,1.51));
#4181 = CIRCLE('',#4182,0.4);
#4182 = AXIS2_PLACEMENT_3D('',#4183,#4184,#4185);
#4183 = CARTESIAN_POINT('',(78.3,-77.,1.51));
#4184 = DIRECTION('',(-0.,0.,-1.));
#4185 = DIRECTION('',(-3.552713678801E-14,-1.,0.));
#4186 = FACE_BOUND('',#4187,.T.);
#4187 = EDGE_LOOP('',(#4188));
#4188 = ORIENTED_EDGE('',*,*,#4189,.T.);
#4189 = EDGE_CURVE('',#4190,#4190,#4192,.T.);
#4190 = VERTEX_POINT('',#4191);
#4191 = CARTESIAN_POINT('',(96.52,-71.67,1.51));
#4192 = CIRCLE('',#4193,0.55);
#4193 = AXIS2_PLACEMENT_3D('',#4194,#4195,#4196);
#4194 = CARTESIAN_POINT('',(96.52,-71.12,1.51));
#4195 = DIRECTION('',(-0.,0.,-1.));
#4196 = DIRECTION('',(-0.,-1.,0.));
#4197 = FACE_BOUND('',#4198,.T.);
#4198 = EDGE_LOOP('',(#4199));
#4199 = ORIENTED_EDGE('',*,*,#4200,.T.);
#4200 = EDGE_CURVE('',#4201,#4201,#4203,.T.);
#4201 = VERTEX_POINT('',#4202);
#4202 = CARTESIAN_POINT('',(99.06,-71.67,1.51));
#4203 = CIRCLE('',#4204,0.55);
#4204 = AXIS2_PLACEMENT_3D('',#4205,#4206,#4207);
#4205 = CARTESIAN_POINT('',(99.06,-71.12,1.51));
#4206 = DIRECTION('',(-0.,0.,-1.));
#4207 = DIRECTION('',(-0.,-1.,0.));
#4208 = FACE_BOUND('',#4209,.T.);
#4209 = EDGE_LOOP('',(#4210));
#4210 = ORIENTED_EDGE('',*,*,#4211,.T.);
#4211 = EDGE_CURVE('',#4212,#4212,#4214,.T.);
#4212 = VERTEX_POINT('',#4213);
#4213 = CARTESIAN_POINT('',(101.6,-71.67,1.51));
#4214 = CIRCLE('',#4215,0.55);
#4215 = AXIS2_PLACEMENT_3D('',#4216,#4217,#4218);
#4216 = CARTESIAN_POINT('',(101.6,-71.12,1.51));
#4217 = DIRECTION('',(-0.,0.,-1.));
#4218 = DIRECTION('',(-0.,-1.,0.));
#4219 = FACE_BOUND('',#4220,.T.);
#4220 = EDGE_LOOP('',(#4221));
#4221 = ORIENTED_EDGE('',*,*,#4222,.T.);
#4222 = EDGE_CURVE('',#4223,#4223,#4225,.T.);
#4223 = VERTEX_POINT('',#4224);
#4224 = CARTESIAN_POINT('',(117.475,-88.9,1.51));
#4225 = CIRCLE('',#4226,0.635);
#4226 = AXIS2_PLACEMENT_3D('',#4227,#4228,#4229);
#4227 = CARTESIAN_POINT('',(117.475,-88.265,1.51));
#4228 = DIRECTION('',(-0.,0.,-1.));
#4229 = DIRECTION('',(-0.,-1.,0.));
#4230 = FACE_BOUND('',#4231,.T.);
#4231 = EDGE_LOOP('',(#4232));
#4232 = ORIENTED_EDGE('',*,*,#4233,.T.);
#4233 = EDGE_CURVE('',#4234,#4234,#4236,.T.);
#4234 = VERTEX_POINT('',#4235);
#4235 = CARTESIAN_POINT('',(127.635,-86.36,1.51));
#4236 = CIRCLE('',#4237,0.635);
#4237 = AXIS2_PLACEMENT_3D('',#4238,#4239,#4240);
#4238 = CARTESIAN_POINT('',(127.635,-85.725,1.51));
#4239 = DIRECTION('',(-0.,0.,-1.));
#4240 = DIRECTION('',(-0.,-1.,0.));
#4241 = FACE_BOUND('',#4242,.T.);
#4242 = EDGE_LOOP('',(#4243));
#4243 = ORIENTED_EDGE('',*,*,#4244,.T.);
#4244 = EDGE_CURVE('',#4245,#4245,#4247,.T.);
#4245 = VERTEX_POINT('',#4246);
#4246 = CARTESIAN_POINT('',(118.11,-79.14,1.51));
#4247 = CIRCLE('',#4248,0.4);
#4248 = AXIS2_PLACEMENT_3D('',#4249,#4250,#4251);
#4249 = CARTESIAN_POINT('',(118.11,-78.74,1.51));
#4250 = DIRECTION('',(-0.,0.,-1.));
#4251 = DIRECTION('',(-0.,-1.,0.));
#4252 = FACE_BOUND('',#4253,.T.);
#4253 = EDGE_LOOP('',(#4254));
#4254 = ORIENTED_EDGE('',*,*,#4255,.T.);
#4255 = EDGE_CURVE('',#4256,#4256,#4258,.T.);
#4256 = VERTEX_POINT('',#4257);
#4257 = CARTESIAN_POINT('',(128.27,-79.14,1.51));
#4258 = CIRCLE('',#4259,0.4);
#4259 = AXIS2_PLACEMENT_3D('',#4260,#4261,#4262);
#4260 = CARTESIAN_POINT('',(128.27,-78.74,1.51));
#4261 = DIRECTION('',(-0.,0.,-1.));
#4262 = DIRECTION('',(7.105427357601E-14,-1.,-0.));
#4263 = FACE_BOUND('',#4264,.T.);
#4264 = EDGE_LOOP('',(#4265));
#4265 = ORIENTED_EDGE('',*,*,#4266,.T.);
#4266 = EDGE_CURVE('',#4267,#4267,#4269,.T.);
#4267 = VERTEX_POINT('',#4268);
#4268 = CARTESIAN_POINT('',(139.065,-88.03,1.51));
#4269 = CIRCLE('',#4270,0.4);
#4270 = AXIS2_PLACEMENT_3D('',#4271,#4272,#4273);
#4271 = CARTESIAN_POINT('',(139.065,-87.63,1.51));
#4272 = DIRECTION('',(-0.,0.,-1.));
#4273 = DIRECTION('',(-0.,-1.,0.));
#4274 = FACE_BOUND('',#4275,.T.);
#4275 = EDGE_LOOP('',(#4276));
#4276 = ORIENTED_EDGE('',*,*,#4277,.T.);
#4277 = EDGE_CURVE('',#4278,#4278,#4280,.T.);
#4278 = VERTEX_POINT('',#4279);
#4279 = CARTESIAN_POINT('',(149.225,-88.03,1.51));
#4280 = CIRCLE('',#4281,0.4);
#4281 = AXIS2_PLACEMENT_3D('',#4282,#4283,#4284);
#4282 = CARTESIAN_POINT('',(149.225,-87.63,1.51));
#4283 = DIRECTION('',(-0.,0.,-1.));
#4284 = DIRECTION('',(-0.,-1.,0.));
#4285 = FACE_BOUND('',#4286,.T.);
#4286 = EDGE_LOOP('',(#4287));
#4287 = ORIENTED_EDGE('',*,*,#4288,.T.);
#4288 = EDGE_CURVE('',#4289,#4289,#4291,.T.);
#4289 = VERTEX_POINT('',#4290);
#4290 = CARTESIAN_POINT('',(134.112,-82.63,1.51));
#4291 = CIRCLE('',#4292,0.4);
#4292 = AXIS2_PLACEMENT_3D('',#4293,#4294,#4295);
#4293 = CARTESIAN_POINT('',(134.112,-82.23,1.51));
#4294 = DIRECTION('',(-0.,0.,-1.));
#4295 = DIRECTION('',(-0.,-1.,0.));
#4296 = FACE_BOUND('',#4297,.T.);
#4297 = EDGE_LOOP('',(#4298));
#4298 = ORIENTED_EDGE('',*,*,#4299,.T.);
#4299 = EDGE_CURVE('',#4300,#4300,#4302,.T.);
#4300 = VERTEX_POINT('',#4301);
#4301 = CARTESIAN_POINT('',(139.065,-84.22,1.51));
#4302 = CIRCLE('',#4303,0.4);
#4303 = AXIS2_PLACEMENT_3D('',#4304,#4305,#4306);
#4304 = CARTESIAN_POINT('',(139.065,-83.82,1.51));
#4305 = DIRECTION('',(-0.,0.,-1.));
#4306 = DIRECTION('',(-0.,-1.,0.));
#4307 = FACE_BOUND('',#4308,.T.);
#4308 = EDGE_LOOP('',(#4309));
#4309 = ORIENTED_EDGE('',*,*,#4310,.T.);
#4310 = EDGE_CURVE('',#4311,#4311,#4313,.T.);
#4311 = VERTEX_POINT('',#4312);
#4312 = CARTESIAN_POINT('',(139.065,-81.045,1.51));
#4313 = CIRCLE('',#4314,0.4);
#4314 = AXIS2_PLACEMENT_3D('',#4315,#4316,#4317);
#4315 = CARTESIAN_POINT('',(139.065,-80.645,1.51));
#4316 = DIRECTION('',(-0.,0.,-1.));
#4317 = DIRECTION('',(-0.,-1.,0.));
#4318 = FACE_BOUND('',#4319,.T.);
#4319 = EDGE_LOOP('',(#4320));
#4320 = ORIENTED_EDGE('',*,*,#4321,.T.);
#4321 = EDGE_CURVE('',#4322,#4322,#4324,.T.);
#4322 = VERTEX_POINT('',#4323);
#4323 = CARTESIAN_POINT('',(149.225,-84.22,1.51));
#4324 = CIRCLE('',#4325,0.4);
#4325 = AXIS2_PLACEMENT_3D('',#4326,#4327,#4328);
#4326 = CARTESIAN_POINT('',(149.225,-83.82,1.51));
#4327 = DIRECTION('',(-0.,0.,-1.));
#4328 = DIRECTION('',(-0.,-1.,0.));
#4329 = FACE_BOUND('',#4330,.T.);
#4330 = EDGE_LOOP('',(#4331));
#4331 = ORIENTED_EDGE('',*,*,#4332,.T.);
#4332 = EDGE_CURVE('',#4333,#4333,#4335,.T.);
#4333 = VERTEX_POINT('',#4334);
#4334 = CARTESIAN_POINT('',(146.685,-81.045,1.51));
#4335 = CIRCLE('',#4336,0.4);
#4336 = AXIS2_PLACEMENT_3D('',#4337,#4338,#4339);
#4337 = CARTESIAN_POINT('',(146.685,-80.645,1.51));
#4338 = DIRECTION('',(-0.,0.,-1.));
#4339 = DIRECTION('',(-0.,-1.,0.));
#4340 = FACE_BOUND('',#4341,.T.);
#4341 = EDGE_LOOP('',(#4342));
#4342 = ORIENTED_EDGE('',*,*,#4343,.T.);
#4343 = EDGE_CURVE('',#4344,#4344,#4346,.T.);
#4344 = VERTEX_POINT('',#4345);
#4345 = CARTESIAN_POINT('',(118.11,-75.584,1.51));
#4346 = CIRCLE('',#4347,0.4);
#4347 = AXIS2_PLACEMENT_3D('',#4348,#4349,#4350);
#4348 = CARTESIAN_POINT('',(118.11,-75.184,1.51));
#4349 = DIRECTION('',(-0.,0.,-1.));
#4350 = DIRECTION('',(-0.,-1.,0.));
#4351 = FACE_BOUND('',#4352,.T.);
#4352 = EDGE_LOOP('',(#4353));
#4353 = ORIENTED_EDGE('',*,*,#4354,.T.);
#4354 = EDGE_CURVE('',#4355,#4355,#4357,.T.);
#4355 = VERTEX_POINT('',#4356);
#4356 = CARTESIAN_POINT('',(128.27,-75.584,1.51));
#4357 = CIRCLE('',#4358,0.4);
#4358 = AXIS2_PLACEMENT_3D('',#4359,#4360,#4361);
#4359 = CARTESIAN_POINT('',(128.27,-75.184,1.51));
#4360 = DIRECTION('',(-0.,0.,-1.));
#4361 = DIRECTION('',(7.105427357601E-14,-1.,-0.));
#4362 = FACE_BOUND('',#4363,.T.);
#4363 = EDGE_LOOP('',(#4364));
#4364 = ORIENTED_EDGE('',*,*,#4365,.T.);
#4365 = EDGE_CURVE('',#4366,#4366,#4368,.T.);
#4366 = VERTEX_POINT('',#4367);
#4367 = CARTESIAN_POINT('',(125.73,-67.88,1.51));
#4368 = CIRCLE('',#4369,0.65);
#4369 = AXIS2_PLACEMENT_3D('',#4370,#4371,#4372);
#4370 = CARTESIAN_POINT('',(125.73,-67.23,1.51));
#4371 = DIRECTION('',(-0.,0.,-1.));
#4372 = DIRECTION('',(2.1862853408E-14,-1.,-0.));
#4373 = FACE_BOUND('',#4374,.T.);
#4374 = EDGE_LOOP('',(#4375));
#4375 = ORIENTED_EDGE('',*,*,#4376,.T.);
#4376 = EDGE_CURVE('',#4377,#4377,#4379,.T.);
#4377 = VERTEX_POINT('',#4378);
#4378 = CARTESIAN_POINT('',(139.065,-77.87,1.51));
#4379 = CIRCLE('',#4380,0.4);
#4380 = AXIS2_PLACEMENT_3D('',#4381,#4382,#4383);
#4381 = CARTESIAN_POINT('',(139.065,-77.47,1.51));
#4382 = DIRECTION('',(-0.,0.,-1.));
#4383 = DIRECTION('',(-0.,-1.,0.));
#4384 = FACE_BOUND('',#4385,.T.);
#4385 = EDGE_LOOP('',(#4386));
#4386 = ORIENTED_EDGE('',*,*,#4387,.T.);
#4387 = EDGE_CURVE('',#4388,#4388,#4390,.T.);
#4388 = VERTEX_POINT('',#4389);
#4389 = CARTESIAN_POINT('',(149.225,-77.87,1.51));
#4390 = CIRCLE('',#4391,0.4);
#4391 = AXIS2_PLACEMENT_3D('',#4392,#4393,#4394);
#4392 = CARTESIAN_POINT('',(149.225,-77.47,1.51));
#4393 = DIRECTION('',(-0.,0.,-1.));
#4394 = DIRECTION('',(-0.,-1.,0.));
#4395 = FACE_BOUND('',#4396,.T.);
#4396 = EDGE_LOOP('',(#4397));
#4397 = ORIENTED_EDGE('',*,*,#4398,.T.);
#4398 = EDGE_CURVE('',#4399,#4399,#4401,.T.);
#4399 = VERTEX_POINT('',#4400);
#4400 = CARTESIAN_POINT('',(140.081,-71.393,1.51));
#4401 = CIRCLE('',#4402,0.4);
#4402 = AXIS2_PLACEMENT_3D('',#4403,#4404,#4405);
#4403 = CARTESIAN_POINT('',(140.081,-70.993,1.51));
#4404 = DIRECTION('',(-0.,0.,-1.));
#4405 = DIRECTION('',(-7.105427357601E-14,-1.,0.));
#4406 = FACE_BOUND('',#4407,.T.);
#4407 = EDGE_LOOP('',(#4408));
#4408 = ORIENTED_EDGE('',*,*,#4409,.T.);
#4409 = EDGE_CURVE('',#4410,#4410,#4412,.T.);
#4410 = VERTEX_POINT('',#4411);
#4411 = CARTESIAN_POINT('',(146.05,-70.225,1.51));
#4412 = CIRCLE('',#4413,0.375);
#4413 = AXIS2_PLACEMENT_3D('',#4414,#4415,#4416);
#4414 = CARTESIAN_POINT('',(146.05,-69.85,1.51));
#4415 = DIRECTION('',(-0.,0.,-1.));
#4416 = DIRECTION('',(-0.,-1.,0.));
#4417 = FACE_BOUND('',#4418,.T.);
#4418 = EDGE_LOOP('',(#4419));
#4419 = ORIENTED_EDGE('',*,*,#4420,.T.);
#4420 = EDGE_CURVE('',#4421,#4421,#4423,.T.);
#4421 = VERTEX_POINT('',#4422);
#4422 = CARTESIAN_POINT('',(148.59,-70.225,1.51));
#4423 = CIRCLE('',#4424,0.375);
#4424 = AXIS2_PLACEMENT_3D('',#4425,#4426,#4427);
#4425 = CARTESIAN_POINT('',(148.59,-69.85,1.51));
#4426 = DIRECTION('',(-0.,0.,-1.));
#4427 = DIRECTION('',(-0.,-1.,0.));
#4428 = FACE_BOUND('',#4429,.T.);
#4429 = EDGE_LOOP('',(#4430));
#4430 = ORIENTED_EDGE('',*,*,#4431,.T.);
#4431 = EDGE_CURVE('',#4432,#4432,#4434,.T.);
#4432 = VERTEX_POINT('',#4433);
#4433 = CARTESIAN_POINT('',(147.32,-68.955,1.51));
#4434 = CIRCLE('',#4435,0.375);
#4435 = AXIS2_PLACEMENT_3D('',#4436,#4437,#4438);
#4436 = CARTESIAN_POINT('',(147.32,-68.58,1.51));
#4437 = DIRECTION('',(-0.,0.,-1.));
#4438 = DIRECTION('',(-0.,-1.,0.));
#4439 = FACE_BOUND('',#4440,.T.);
#4440 = EDGE_LOOP('',(#4441));
#4441 = ORIENTED_EDGE('',*,*,#4442,.T.);
#4442 = EDGE_CURVE('',#4443,#4443,#4445,.T.);
#4443 = VERTEX_POINT('',#4444);
#4444 = CARTESIAN_POINT('',(152.4,-68.98,1.51));
#4445 = CIRCLE('',#4446,0.4);
#4446 = AXIS2_PLACEMENT_3D('',#4447,#4448,#4449);
#4447 = CARTESIAN_POINT('',(152.4,-68.58,1.51));
#4448 = DIRECTION('',(-0.,0.,-1.));
#4449 = DIRECTION('',(-0.,-1.,0.));
#4450 = FACE_BOUND('',#4451,.T.);
#4451 = EDGE_LOOP('',(#4452));
#4452 = ORIENTED_EDGE('',*,*,#4453,.T.);
#4453 = EDGE_CURVE('',#4454,#4454,#4456,.T.);
#4454 = VERTEX_POINT('',#4455);
#4455 = CARTESIAN_POINT('',(81.8,-65.65,1.51));
#4456 = CIRCLE('',#4457,0.65);
#4457 = AXIS2_PLACEMENT_3D('',#4458,#4459,#4460);
#4458 = CARTESIAN_POINT('',(81.8,-65.,1.51));
#4459 = DIRECTION('',(-0.,0.,-1.));
#4460 = DIRECTION('',(-2.1862853408E-14,-1.,0.));
#4461 = FACE_BOUND('',#4462,.T.);
#4462 = EDGE_LOOP('',(#4463));
#4463 = ORIENTED_EDGE('',*,*,#4464,.T.);
#4464 = EDGE_CURVE('',#4465,#4465,#4467,.T.);
#4465 = VERTEX_POINT('',#4466);
#4466 = CARTESIAN_POINT('',(81.8,-60.65,1.51));
#4467 = CIRCLE('',#4468,0.65);
#4468 = AXIS2_PLACEMENT_3D('',#4469,#4470,#4471);
#4469 = CARTESIAN_POINT('',(81.8,-60.,1.51));
#4470 = DIRECTION('',(-0.,0.,-1.));
#4471 = DIRECTION('',(-2.1862853408E-14,-1.,0.));
#4472 = FACE_BOUND('',#4473,.T.);
#4473 = EDGE_LOOP('',(#4474));
#4474 = ORIENTED_EDGE('',*,*,#4475,.T.);
#4475 = EDGE_CURVE('',#4476,#4476,#4478,.T.);
#4476 = VERTEX_POINT('',#4477);
#4477 = CARTESIAN_POINT('',(110.49,-65.17,1.51));
#4478 = CIRCLE('',#4479,0.4);
#4479 = AXIS2_PLACEMENT_3D('',#4480,#4481,#4482);
#4480 = CARTESIAN_POINT('',(110.49,-64.77,1.51));
#4481 = DIRECTION('',(-0.,0.,-1.));
#4482 = DIRECTION('',(-3.552713678801E-14,-1.,0.));
#4483 = FACE_BOUND('',#4484,.T.);
#4484 = EDGE_LOOP('',(#4485));
#4485 = ORIENTED_EDGE('',*,*,#4486,.T.);
#4486 = EDGE_CURVE('',#4487,#4487,#4489,.T.);
#4487 = VERTEX_POINT('',#4488);
#4488 = CARTESIAN_POINT('',(110.49,-62.63,1.51));
#4489 = CIRCLE('',#4490,0.4);
#4490 = AXIS2_PLACEMENT_3D('',#4491,#4492,#4493);
#4491 = CARTESIAN_POINT('',(110.49,-62.23,1.51));
#4492 = DIRECTION('',(-0.,0.,-1.));
#4493 = DIRECTION('',(-3.552713678801E-14,-1.,0.));
#4494 = FACE_BOUND('',#4495,.T.);
#4495 = EDGE_LOOP('',(#4496));
#4496 = ORIENTED_EDGE('',*,*,#4497,.T.);
#4497 = EDGE_CURVE('',#4498,#4498,#4500,.T.);
#4498 = VERTEX_POINT('',#4499);
#4499 = CARTESIAN_POINT('',(99.06,-56.21,1.51));
#4500 = CIRCLE('',#4501,1.75);
#4501 = AXIS2_PLACEMENT_3D('',#4502,#4503,#4504);
#4502 = CARTESIAN_POINT('',(99.06,-54.46,1.51));
#4503 = DIRECTION('',(-0.,0.,-1.));
#4504 = DIRECTION('',(-0.,-1.,0.));
#4505 = FACE_BOUND('',#4506,.T.);
#4506 = EDGE_LOOP('',(#4507));
#4507 = ORIENTED_EDGE('',*,*,#4508,.T.);
#4508 = EDGE_CURVE('',#4509,#4509,#4511,.T.);
#4509 = VERTEX_POINT('',#4510);
#4510 = CARTESIAN_POINT('',(110.49,-60.09,1.51));
#4511 = CIRCLE('',#4512,0.4);
#4512 = AXIS2_PLACEMENT_3D('',#4513,#4514,#4515);
#4513 = CARTESIAN_POINT('',(110.49,-59.69,1.51));
#4514 = DIRECTION('',(-0.,0.,-1.));
#4515 = DIRECTION('',(-3.552713678801E-14,-1.,0.));
#4516 = FACE_BOUND('',#4517,.T.);
#4517 = EDGE_LOOP('',(#4518));
#4518 = ORIENTED_EDGE('',*,*,#4519,.T.);
#4519 = EDGE_CURVE('',#4520,#4520,#4522,.T.);
#4520 = VERTEX_POINT('',#4521);
#4521 = CARTESIAN_POINT('',(110.49,-57.55,1.51));
#4522 = CIRCLE('',#4523,0.4);
#4523 = AXIS2_PLACEMENT_3D('',#4524,#4525,#4526);
#4524 = CARTESIAN_POINT('',(110.49,-57.15,1.51));
#4525 = DIRECTION('',(-0.,0.,-1.));
#4526 = DIRECTION('',(-3.552713678801E-14,-1.,0.));
#4527 = FACE_BOUND('',#4528,.T.);
#4528 = EDGE_LOOP('',(#4529));
#4529 = ORIENTED_EDGE('',*,*,#4530,.T.);
#4530 = EDGE_CURVE('',#4531,#4531,#4533,.T.);
#4531 = VERTEX_POINT('',#4532);
#4532 = CARTESIAN_POINT('',(77.47,-46.6,1.51));
#4533 = CIRCLE('',#4534,2.15);
#4534 = AXIS2_PLACEMENT_3D('',#4535,#4536,#4537);
#4535 = CARTESIAN_POINT('',(77.47,-44.45,1.51));
#4536 = DIRECTION('',(-0.,0.,-1.));
#4537 = DIRECTION('',(-0.,-1.,0.));
#4538 = FACE_BOUND('',#4539,.T.);
#4539 = EDGE_LOOP('',(#4540));
#4540 = ORIENTED_EDGE('',*,*,#4541,.T.);
#4541 = EDGE_CURVE('',#4542,#4542,#4544,.T.);
#4542 = VERTEX_POINT('',#4543);
#4543 = CARTESIAN_POINT('',(114.3,-52.47,1.51));
#4544 = CIRCLE('',#4545,0.4);
#4545 = AXIS2_PLACEMENT_3D('',#4546,#4547,#4548);
#4546 = CARTESIAN_POINT('',(114.3,-52.07,1.51));
#4547 = DIRECTION('',(-0.,0.,-1.));
#4548 = DIRECTION('',(-3.552713678801E-14,-1.,0.));
#4549 = FACE_BOUND('',#4550,.T.);
#4550 = EDGE_LOOP('',(#4551));
#4551 = ORIENTED_EDGE('',*,*,#4552,.T.);
#4552 = EDGE_CURVE('',#4553,#4553,#4555,.T.);
#4553 = VERTEX_POINT('',#4554);
#4554 = CARTESIAN_POINT('',(114.3,-48.66,1.51));
#4555 = CIRCLE('',#4556,0.4);
#4556 = AXIS2_PLACEMENT_3D('',#4557,#4558,#4559);
#4557 = CARTESIAN_POINT('',(114.3,-48.26,1.51));
#4558 = DIRECTION('',(-0.,0.,-1.));
#4559 = DIRECTION('',(-3.552713678801E-14,-1.,0.));
#4560 = FACE_BOUND('',#4561,.T.);
#4561 = EDGE_LOOP('',(#4562));
#4562 = ORIENTED_EDGE('',*,*,#4563,.T.);
#4563 = EDGE_CURVE('',#4564,#4564,#4566,.T.);
#4564 = VERTEX_POINT('',#4565);
#4565 = CARTESIAN_POINT('',(118.11,-65.17,1.51));
#4566 = CIRCLE('',#4567,0.4);
#4567 = AXIS2_PLACEMENT_3D('',#4568,#4569,#4570);
#4568 = CARTESIAN_POINT('',(118.11,-64.77,1.51));
#4569 = DIRECTION('',(-0.,0.,-1.));
#4570 = DIRECTION('',(-0.,-1.,0.));
#4571 = FACE_BOUND('',#4572,.T.);
#4572 = EDGE_LOOP('',(#4573));
#4573 = ORIENTED_EDGE('',*,*,#4574,.T.);
#4574 = EDGE_CURVE('',#4575,#4575,#4577,.T.);
#4575 = VERTEX_POINT('',#4576);
#4576 = CARTESIAN_POINT('',(118.11,-62.63,1.51));
#4577 = CIRCLE('',#4578,0.4);
#4578 = AXIS2_PLACEMENT_3D('',#4579,#4580,#4581);
#4579 = CARTESIAN_POINT('',(118.11,-62.23,1.51));
#4580 = DIRECTION('',(-0.,0.,-1.));
#4581 = DIRECTION('',(-0.,-1.,0.));
#4582 = FACE_BOUND('',#4583,.T.);
#4583 = EDGE_LOOP('',(#4584));
#4584 = ORIENTED_EDGE('',*,*,#4585,.T.);
#4585 = EDGE_CURVE('',#4586,#4586,#4588,.T.);
#4586 = VERTEX_POINT('',#4587);
#4587 = CARTESIAN_POINT('',(125.73,-62.88,1.51));
#4588 = CIRCLE('',#4589,0.65);
#4589 = AXIS2_PLACEMENT_3D('',#4590,#4591,#4592);
#4590 = CARTESIAN_POINT('',(125.73,-62.23,1.51));
#4591 = DIRECTION('',(-0.,0.,-1.));
#4592 = DIRECTION('',(2.1862853408E-14,-1.,-0.));
#4593 = FACE_BOUND('',#4594,.T.);
#4594 = EDGE_LOOP('',(#4595));
#4595 = ORIENTED_EDGE('',*,*,#4596,.T.);
#4596 = EDGE_CURVE('',#4597,#4597,#4599,.T.);
#4597 = VERTEX_POINT('',#4598);
#4598 = CARTESIAN_POINT('',(118.11,-60.09,1.51));
#4599 = CIRCLE('',#4600,0.4);
#4600 = AXIS2_PLACEMENT_3D('',#4601,#4602,#4603);
#4601 = CARTESIAN_POINT('',(118.11,-59.69,1.51));
#4602 = DIRECTION('',(-0.,0.,-1.));
#4603 = DIRECTION('',(-0.,-1.,0.));
#4604 = FACE_BOUND('',#4605,.T.);
#4605 = EDGE_LOOP('',(#4606));
#4606 = ORIENTED_EDGE('',*,*,#4607,.T.);
#4607 = EDGE_CURVE('',#4608,#4608,#4610,.T.);
#4608 = VERTEX_POINT('',#4609);
#4609 = CARTESIAN_POINT('',(118.11,-57.55,1.51));
#4610 = CIRCLE('',#4611,0.4);
#4611 = AXIS2_PLACEMENT_3D('',#4612,#4613,#4614);
#4612 = CARTESIAN_POINT('',(118.11,-57.15,1.51));
#4613 = DIRECTION('',(-0.,0.,-1.));
#4614 = DIRECTION('',(-0.,-1.,0.));
#4615 = FACE_BOUND('',#4616,.T.);
#4616 = EDGE_LOOP('',(#4617));
#4617 = ORIENTED_EDGE('',*,*,#4618,.T.);
#4618 = EDGE_CURVE('',#4619,#4619,#4621,.T.);
#4619 = VERTEX_POINT('',#4620);
#4620 = CARTESIAN_POINT('',(124.46,-57.55,1.51));
#4621 = CIRCLE('',#4622,0.4);
#4622 = AXIS2_PLACEMENT_3D('',#4623,#4624,#4625);
#4623 = CARTESIAN_POINT('',(124.46,-57.15,1.51));
#4624 = DIRECTION('',(-0.,0.,-1.));
#4625 = DIRECTION('',(-3.552713678801E-14,-1.,0.));
#4626 = FACE_BOUND('',#4627,.T.);
#4627 = EDGE_LOOP('',(#4628));
#4628 = ORIENTED_EDGE('',*,*,#4629,.T.);
#4629 = EDGE_CURVE('',#4630,#4630,#4632,.T.);
#4630 = VERTEX_POINT('',#4631);
#4631 = CARTESIAN_POINT('',(134.112,-62.63,1.51));
#4632 = CIRCLE('',#4633,0.4);
#4633 = AXIS2_PLACEMENT_3D('',#4634,#4635,#4636);
#4634 = CARTESIAN_POINT('',(134.112,-62.23,1.51));
#4635 = DIRECTION('',(-0.,0.,-1.));
#4636 = DIRECTION('',(-0.,-1.,0.));
#4637 = FACE_BOUND('',#4638,.T.);
#4638 = EDGE_LOOP('',(#4639));
#4639 = ORIENTED_EDGE('',*,*,#4640,.T.);
#4640 = EDGE_CURVE('',#4641,#4641,#4643,.T.);
#4641 = VERTEX_POINT('',#4642);
#4642 = CARTESIAN_POINT('',(140.081,-61.233,1.51));
#4643 = CIRCLE('',#4644,0.4);
#4644 = AXIS2_PLACEMENT_3D('',#4645,#4646,#4647);
#4645 = CARTESIAN_POINT('',(140.081,-60.833,1.51));
#4646 = DIRECTION('',(-0.,0.,-1.));
#4647 = DIRECTION('',(-7.105427357601E-14,-1.,0.));
#4648 = FACE_BOUND('',#4649,.T.);
#4649 = EDGE_LOOP('',(#4650));
#4650 = ORIENTED_EDGE('',*,*,#4651,.T.);
#4651 = EDGE_CURVE('',#4652,#4652,#4654,.T.);
#4652 = VERTEX_POINT('',#4653);
#4653 = CARTESIAN_POINT('',(146.812,-62.351,1.51));
#4654 = CIRCLE('',#4655,0.375);
#4655 = AXIS2_PLACEMENT_3D('',#4656,#4657,#4658);
#4656 = CARTESIAN_POINT('',(146.812,-61.976,1.51));
#4657 = DIRECTION('',(-0.,0.,-1.));
#4658 = DIRECTION('',(-0.,-1.,0.));
#4659 = FACE_BOUND('',#4660,.T.);
#4660 = EDGE_LOOP('',(#4661));
#4661 = ORIENTED_EDGE('',*,*,#4662,.T.);
#4662 = EDGE_CURVE('',#4663,#4663,#4665,.T.);
#4663 = VERTEX_POINT('',#4664);
#4664 = CARTESIAN_POINT('',(145.542,-61.081,1.51));
#4665 = CIRCLE('',#4666,0.375);
#4666 = AXIS2_PLACEMENT_3D('',#4667,#4668,#4669);
#4667 = CARTESIAN_POINT('',(145.542,-60.706,1.51));
#4668 = DIRECTION('',(-0.,0.,-1.));
#4669 = DIRECTION('',(-0.,-1.,0.));
#4670 = FACE_BOUND('',#4671,.T.);
#4671 = EDGE_LOOP('',(#4672));
#4672 = ORIENTED_EDGE('',*,*,#4673,.T.);
#4673 = EDGE_CURVE('',#4674,#4674,#4676,.T.);
#4674 = VERTEX_POINT('',#4675);
#4675 = CARTESIAN_POINT('',(148.082,-61.081,1.51));
#4676 = CIRCLE('',#4677,0.375);
#4677 = AXIS2_PLACEMENT_3D('',#4678,#4679,#4680);
#4678 = CARTESIAN_POINT('',(148.082,-60.706,1.51));
#4679 = DIRECTION('',(-0.,0.,-1.));
#4680 = DIRECTION('',(-0.,-1.,0.));
#4681 = FACE_BOUND('',#4682,.T.);
#4682 = EDGE_LOOP('',(#4683));
#4683 = ORIENTED_EDGE('',*,*,#4684,.T.);
#4684 = EDGE_CURVE('',#4685,#4685,#4687,.T.);
#4685 = VERTEX_POINT('',#4686);
#4686 = CARTESIAN_POINT('',(137.16,-57.55,1.51));
#4687 = CIRCLE('',#4688,0.4);
#4688 = AXIS2_PLACEMENT_3D('',#4689,#4690,#4691);
#4689 = CARTESIAN_POINT('',(137.16,-57.15,1.51));
#4690 = DIRECTION('',(-0.,0.,-1.));
#4691 = DIRECTION('',(-0.,-1.,0.));
#4692 = FACE_BOUND('',#4693,.T.);
#4693 = EDGE_LOOP('',(#4694));
#4694 = ORIENTED_EDGE('',*,*,#4695,.T.);
#4695 = EDGE_CURVE('',#4696,#4696,#4698,.T.);
#4696 = VERTEX_POINT('',#4697);
#4697 = CARTESIAN_POINT('',(139.7,-55.01,1.51));
#4698 = CIRCLE('',#4699,0.4);
#4699 = AXIS2_PLACEMENT_3D('',#4700,#4701,#4702);
#4700 = CARTESIAN_POINT('',(139.7,-54.61,1.51));
#4701 = DIRECTION('',(-0.,0.,-1.));
#4702 = DIRECTION('',(-0.,-1.,0.));
#4703 = FACE_BOUND('',#4704,.T.);
#4704 = EDGE_LOOP('',(#4705));
#4705 = ORIENTED_EDGE('',*,*,#4706,.T.);
#4706 = EDGE_CURVE('',#4707,#4707,#4709,.T.);
#4707 = VERTEX_POINT('',#4708);
#4708 = CARTESIAN_POINT('',(152.4,-58.82,1.51));
#4709 = CIRCLE('',#4710,0.4);
#4710 = AXIS2_PLACEMENT_3D('',#4711,#4712,#4713);
#4711 = CARTESIAN_POINT('',(152.4,-58.42,1.51));
#4712 = DIRECTION('',(-0.,0.,-1.));
#4713 = DIRECTION('',(-0.,-1.,0.));
#4714 = FACE_BOUND('',#4715,.T.);
#4715 = EDGE_LOOP('',(#4716));
#4716 = ORIENTED_EDGE('',*,*,#4717,.T.);
#4717 = EDGE_CURVE('',#4718,#4718,#4720,.T.);
#4718 = VERTEX_POINT('',#4719);
#4719 = CARTESIAN_POINT('',(149.86,-55.01,1.51));
#4720 = CIRCLE('',#4721,0.4);
#4721 = AXIS2_PLACEMENT_3D('',#4722,#4723,#4724);
#4722 = CARTESIAN_POINT('',(149.86,-54.61,1.51));
#4723 = DIRECTION('',(-0.,0.,-1.));
#4724 = DIRECTION('',(-0.,-1.,0.));
#4725 = FACE_BOUND('',#4726,.T.);
#4726 = EDGE_LOOP('',(#4727));
#4727 = ORIENTED_EDGE('',*,*,#4728,.T.);
#4728 = EDGE_CURVE('',#4729,#4729,#4731,.T.);
#4729 = VERTEX_POINT('',#4730);
#4730 = CARTESIAN_POINT('',(119.3,-52.47,1.51));
#4731 = CIRCLE('',#4732,0.4);
#4732 = AXIS2_PLACEMENT_3D('',#4733,#4734,#4735);
#4733 = CARTESIAN_POINT('',(119.3,-52.07,1.51));
#4734 = DIRECTION('',(-0.,0.,-1.));
#4735 = DIRECTION('',(-3.552713678801E-14,-1.,0.));
#4736 = FACE_BOUND('',#4737,.T.);
#4737 = EDGE_LOOP('',(#4738));
#4738 = ORIENTED_EDGE('',*,*,#4739,.T.);
#4739 = EDGE_CURVE('',#4740,#4740,#4742,.T.);
#4740 = VERTEX_POINT('',#4741);
#4741 = CARTESIAN_POINT('',(129.54,-49.93,1.51));
#4742 = CIRCLE('',#4743,0.4);
#4743 = AXIS2_PLACEMENT_3D('',#4744,#4745,#4746);
#4744 = CARTESIAN_POINT('',(129.54,-49.53,1.51));
#4745 = DIRECTION('',(-0.,0.,-1.));
#4746 = DIRECTION('',(-0.,-1.,0.));
#4747 = FACE_BOUND('',#4748,.T.);
#4748 = EDGE_LOOP('',(#4749));
#4749 = ORIENTED_EDGE('',*,*,#4750,.T.);
#4750 = EDGE_CURVE('',#4751,#4751,#4753,.T.);
#4751 = VERTEX_POINT('',#4752);
#4752 = CARTESIAN_POINT('',(124.46,-48.66,1.51));
#4753 = CIRCLE('',#4754,0.4);
#4754 = AXIS2_PLACEMENT_3D('',#4755,#4756,#4757);
#4755 = CARTESIAN_POINT('',(124.46,-48.26,1.51));
#4756 = DIRECTION('',(-0.,0.,-1.));
#4757 = DIRECTION('',(-3.552713678801E-14,-1.,0.));
#4758 = FACE_BOUND('',#4759,.T.);
#4759 = EDGE_LOOP('',(#4760));
#4760 = ORIENTED_EDGE('',*,*,#4761,.T.);
#4761 = EDGE_CURVE('',#4762,#4762,#4764,.T.);
#4762 = VERTEX_POINT('',#4763);
#4763 = CARTESIAN_POINT('',(134.54,-49.93,1.51));
#4764 = CIRCLE('',#4765,0.4);
#4765 = AXIS2_PLACEMENT_3D('',#4766,#4767,#4768);
#4766 = CARTESIAN_POINT('',(134.54,-49.53,1.51));
#4767 = DIRECTION('',(-0.,0.,-1.));
#4768 = DIRECTION('',(-0.,-1.,0.));
#4769 = FACE_BOUND('',#4770,.T.);
#4770 = EDGE_LOOP('',(#4771));
#4771 = ORIENTED_EDGE('',*,*,#4772,.T.);
#4772 = EDGE_CURVE('',#4773,#4773,#4775,.T.);
#4773 = VERTEX_POINT('',#4774);
#4774 = CARTESIAN_POINT('',(143.002,-50.184,1.51));
#4775 = CIRCLE('',#4776,0.4);
#4776 = AXIS2_PLACEMENT_3D('',#4777,#4778,#4779);
#4777 = CARTESIAN_POINT('',(143.002,-49.784,1.51));
#4778 = DIRECTION('',(-0.,0.,-1.));
#4779 = DIRECTION('',(-0.,-1.,0.));
#4780 = FACE_BOUND('',#4781,.T.);
#4781 = EDGE_LOOP('',(#4782));
#4782 = ORIENTED_EDGE('',*,*,#4783,.T.);
#4783 = EDGE_CURVE('',#4784,#4784,#4786,.T.);
#4784 = VERTEX_POINT('',#4785);
#4785 = CARTESIAN_POINT('',(148.002,-50.184,1.51));
#4786 = CIRCLE('',#4787,0.4);
#4787 = AXIS2_PLACEMENT_3D('',#4788,#4789,#4790);
#4788 = CARTESIAN_POINT('',(148.002,-49.784,1.51));
#4789 = DIRECTION('',(-0.,0.,-1.));
#4790 = DIRECTION('',(-0.,-1.,0.));
#4791 = FACE_BOUND('',#4792,.T.);
#4792 = EDGE_LOOP('',(#4793));
#4793 = ORIENTED_EDGE('',*,*,#4794,.T.);
#4794 = EDGE_CURVE('',#4795,#4795,#4797,.T.);
#4795 = VERTEX_POINT('',#4796);
#4796 = CARTESIAN_POINT('',(153.67,-88.08,1.51));
#4797 = CIRCLE('',#4798,0.45);
#4798 = AXIS2_PLACEMENT_3D('',#4799,#4800,#4801);
#4799 = CARTESIAN_POINT('',(153.67,-87.63,1.51));
#4800 = DIRECTION('',(-0.,0.,-1.));
#4801 = DIRECTION('',(-6.315935428979E-14,-1.,0.));
#4802 = FACE_BOUND('',#4803,.T.);
#4803 = EDGE_LOOP('',(#4804));
#4804 = ORIENTED_EDGE('',*,*,#4805,.T.);
#4805 = EDGE_CURVE('',#4806,#4806,#4808,.T.);
#4806 = VERTEX_POINT('',#4807);
#4807 = CARTESIAN_POINT('',(156.21,-88.08,1.51));
#4808 = CIRCLE('',#4809,0.45);
#4809 = AXIS2_PLACEMENT_3D('',#4810,#4811,#4812);
#4810 = CARTESIAN_POINT('',(156.21,-87.63,1.51));
#4811 = DIRECTION('',(-0.,0.,-1.));
#4812 = DIRECTION('',(6.315935428978E-14,-1.,-0.));
#4813 = FACE_BOUND('',#4814,.T.);
#4814 = EDGE_LOOP('',(#4815));
#4815 = ORIENTED_EDGE('',*,*,#4816,.T.);
#4816 = EDGE_CURVE('',#4817,#4817,#4819,.T.);
#4817 = VERTEX_POINT('',#4818);
#4818 = CARTESIAN_POINT('',(175.26,-89.4,1.51));
#4819 = CIRCLE('',#4820,0.5);
#4820 = AXIS2_PLACEMENT_3D('',#4821,#4822,#4823);
#4821 = CARTESIAN_POINT('',(175.26,-88.9,1.51));
#4822 = DIRECTION('',(-0.,0.,-1.));
#4823 = DIRECTION('',(-0.,-1.,0.));
#4824 = FACE_BOUND('',#4825,.T.);
#4825 = EDGE_LOOP('',(#4826));
#4826 = ORIENTED_EDGE('',*,*,#4827,.T.);
#4827 = EDGE_CURVE('',#4828,#4828,#4830,.T.);
#4828 = VERTEX_POINT('',#4829);
#4829 = CARTESIAN_POINT('',(175.26,-86.86,1.51));
#4830 = CIRCLE('',#4831,0.5);
#4831 = AXIS2_PLACEMENT_3D('',#4832,#4833,#4834);
#4832 = CARTESIAN_POINT('',(175.26,-86.36,1.51));
#4833 = DIRECTION('',(-0.,0.,-1.));
#4834 = DIRECTION('',(-0.,-1.,0.));
#4835 = FACE_BOUND('',#4836,.T.);
#4836 = EDGE_LOOP('',(#4837));
#4837 = ORIENTED_EDGE('',*,*,#4838,.T.);
#4838 = EDGE_CURVE('',#4839,#4839,#4841,.T.);
#4839 = VERTEX_POINT('',#4840);
#4840 = CARTESIAN_POINT('',(190.5,-89.4,1.51));
#4841 = CIRCLE('',#4842,0.5);
#4842 = AXIS2_PLACEMENT_3D('',#4843,#4844,#4845);
#4843 = CARTESIAN_POINT('',(190.5,-88.9,1.51));
#4844 = DIRECTION('',(-0.,0.,-1.));
#4845 = DIRECTION('',(-0.,-1.,0.));
#4846 = FACE_BOUND('',#4847,.T.);
#4847 = EDGE_LOOP('',(#4848));
#4848 = ORIENTED_EDGE('',*,*,#4849,.T.);
#4849 = EDGE_CURVE('',#4850,#4850,#4852,.T.);
#4850 = VERTEX_POINT('',#4851);
#4851 = CARTESIAN_POINT('',(190.5,-86.86,1.51));
#4852 = CIRCLE('',#4853,0.5);
#4853 = AXIS2_PLACEMENT_3D('',#4854,#4855,#4856);
#4854 = CARTESIAN_POINT('',(190.5,-86.36,1.51));
#4855 = DIRECTION('',(-0.,0.,-1.));
#4856 = DIRECTION('',(-0.,-1.,0.));
#4857 = FACE_BOUND('',#4858,.T.);
#4858 = EDGE_LOOP('',(#4859));
#4859 = ORIENTED_EDGE('',*,*,#4860,.T.);
#4860 = EDGE_CURVE('',#4861,#4861,#4863,.T.);
#4861 = VERTEX_POINT('',#4862);
#4862 = CARTESIAN_POINT('',(175.26,-84.32,1.51));
#4863 = CIRCLE('',#4864,0.5);
#4864 = AXIS2_PLACEMENT_3D('',#4865,#4866,#4867);
#4865 = CARTESIAN_POINT('',(175.26,-83.82,1.51));
#4866 = DIRECTION('',(-0.,0.,-1.));
#4867 = DIRECTION('',(-0.,-1.,0.));
#4868 = FACE_BOUND('',#4869,.T.);
#4869 = EDGE_LOOP('',(#4870));
#4870 = ORIENTED_EDGE('',*,*,#4871,.T.);
#4871 = EDGE_CURVE('',#4872,#4872,#4874,.T.);
#4872 = VERTEX_POINT('',#4873);
#4873 = CARTESIAN_POINT('',(175.26,-81.78,1.51));
#4874 = CIRCLE('',#4875,0.5);
#4875 = AXIS2_PLACEMENT_3D('',#4876,#4877,#4878);
#4876 = CARTESIAN_POINT('',(175.26,-81.28,1.51));
#4877 = DIRECTION('',(-0.,0.,-1.));
#4878 = DIRECTION('',(-0.,-1.,0.));
#4879 = FACE_BOUND('',#4880,.T.);
#4880 = EDGE_LOOP('',(#4881));
#4881 = ORIENTED_EDGE('',*,*,#4882,.T.);
#4882 = EDGE_CURVE('',#4883,#4883,#4885,.T.);
#4883 = VERTEX_POINT('',#4884);
#4884 = CARTESIAN_POINT('',(175.26,-79.24,1.51));
#4885 = CIRCLE('',#4886,0.5);
#4886 = AXIS2_PLACEMENT_3D('',#4887,#4888,#4889);
#4887 = CARTESIAN_POINT('',(175.26,-78.74,1.51));
#4888 = DIRECTION('',(-0.,0.,-1.));
#4889 = DIRECTION('',(-0.,-1.,0.));
#4890 = FACE_BOUND('',#4891,.T.);
#4891 = EDGE_LOOP('',(#4892));
#4892 = ORIENTED_EDGE('',*,*,#4893,.T.);
#4893 = EDGE_CURVE('',#4894,#4894,#4896,.T.);
#4894 = VERTEX_POINT('',#4895);
#4895 = CARTESIAN_POINT('',(190.5,-84.32,1.51));
#4896 = CIRCLE('',#4897,0.5);
#4897 = AXIS2_PLACEMENT_3D('',#4898,#4899,#4900);
#4898 = CARTESIAN_POINT('',(190.5,-83.82,1.51));
#4899 = DIRECTION('',(-0.,0.,-1.));
#4900 = DIRECTION('',(-0.,-1.,0.));
#4901 = FACE_BOUND('',#4902,.T.);
#4902 = EDGE_LOOP('',(#4903));
#4903 = ORIENTED_EDGE('',*,*,#4904,.T.);
#4904 = EDGE_CURVE('',#4905,#4905,#4907,.T.);
#4905 = VERTEX_POINT('',#4906);
#4906 = CARTESIAN_POINT('',(190.5,-81.78,1.51));
#4907 = CIRCLE('',#4908,0.5);
#4908 = AXIS2_PLACEMENT_3D('',#4909,#4910,#4911);
#4909 = CARTESIAN_POINT('',(190.5,-81.28,1.51));
#4910 = DIRECTION('',(-0.,0.,-1.));
#4911 = DIRECTION('',(-0.,-1.,0.));
#4912 = FACE_BOUND('',#4913,.T.);
#4913 = EDGE_LOOP('',(#4914));
#4914 = ORIENTED_EDGE('',*,*,#4915,.T.);
#4915 = EDGE_CURVE('',#4916,#4916,#4918,.T.);
#4916 = VERTEX_POINT('',#4917);
#4917 = CARTESIAN_POINT('',(190.5,-79.24,1.51));
#4918 = CIRCLE('',#4919,0.5);
#4919 = AXIS2_PLACEMENT_3D('',#4920,#4921,#4922);
#4920 = CARTESIAN_POINT('',(190.5,-78.74,1.51));
#4921 = DIRECTION('',(-0.,0.,-1.));
#4922 = DIRECTION('',(-0.,-1.,0.));
#4923 = FACE_BOUND('',#4924,.T.);
#4924 = EDGE_LOOP('',(#4925));
#4925 = ORIENTED_EDGE('',*,*,#4926,.T.);
#4926 = EDGE_CURVE('',#4927,#4927,#4929,.T.);
#4927 = VERTEX_POINT('',#4928);
#4928 = CARTESIAN_POINT('',(153.67,-77.92,1.51));
#4929 = CIRCLE('',#4930,0.45);
#4930 = AXIS2_PLACEMENT_3D('',#4931,#4932,#4933);
#4931 = CARTESIAN_POINT('',(153.67,-77.47,1.51));
#4932 = DIRECTION('',(-0.,0.,-1.));
#4933 = DIRECTION('',(-6.315935428979E-14,-1.,0.));
#4934 = FACE_BOUND('',#4935,.T.);
#4935 = EDGE_LOOP('',(#4936));
#4936 = ORIENTED_EDGE('',*,*,#4937,.T.);
#4937 = EDGE_CURVE('',#4938,#4938,#4940,.T.);
#4938 = VERTEX_POINT('',#4939);
#4939 = CARTESIAN_POINT('',(156.21,-77.92,1.51));
#4940 = CIRCLE('',#4941,0.45);
#4941 = AXIS2_PLACEMENT_3D('',#4942,#4943,#4944);
#4942 = CARTESIAN_POINT('',(156.21,-77.47,1.51));
#4943 = DIRECTION('',(-0.,0.,-1.));
#4944 = DIRECTION('',(6.315935428978E-14,-1.,-0.));
#4945 = FACE_BOUND('',#4946,.T.);
#4946 = EDGE_LOOP('',(#4947));
#4947 = ORIENTED_EDGE('',*,*,#4948,.T.);
#4948 = EDGE_CURVE('',#4949,#4949,#4951,.T.);
#4949 = VERTEX_POINT('',#4950);
#4950 = CARTESIAN_POINT('',(156.21,-68.98,1.51));
#4951 = CIRCLE('',#4952,0.4);
#4952 = AXIS2_PLACEMENT_3D('',#4953,#4954,#4955);
#4953 = CARTESIAN_POINT('',(156.21,-68.58,1.51));
#4954 = DIRECTION('',(-0.,0.,-1.));
#4955 = DIRECTION('',(-0.,-1.,0.));
#4956 = FACE_BOUND('',#4957,.T.);
#4957 = EDGE_LOOP('',(#4958));
#4958 = ORIENTED_EDGE('',*,*,#4959,.T.);
#4959 = EDGE_CURVE('',#4960,#4960,#4962,.T.);
#4960 = VERTEX_POINT('',#4961);
#4961 = CARTESIAN_POINT('',(175.26,-76.7,1.51));
#4962 = CIRCLE('',#4963,0.5);
#4963 = AXIS2_PLACEMENT_3D('',#4964,#4965,#4966);
#4964 = CARTESIAN_POINT('',(175.26,-76.2,1.51));
#4965 = DIRECTION('',(-0.,0.,-1.));
#4966 = DIRECTION('',(-0.,-1.,0.));
#4967 = FACE_BOUND('',#4968,.T.);
#4968 = EDGE_LOOP('',(#4969));
#4969 = ORIENTED_EDGE('',*,*,#4970,.T.);
#4970 = EDGE_CURVE('',#4971,#4971,#4973,.T.);
#4971 = VERTEX_POINT('',#4972);
#4972 = CARTESIAN_POINT('',(175.26,-74.16,1.51));
#4973 = CIRCLE('',#4974,0.5);
#4974 = AXIS2_PLACEMENT_3D('',#4975,#4976,#4977);
#4975 = CARTESIAN_POINT('',(175.26,-73.66,1.51));
#4976 = DIRECTION('',(-0.,0.,-1.));
#4977 = DIRECTION('',(-0.,-1.,0.));
#4978 = FACE_BOUND('',#4979,.T.);
#4979 = EDGE_LOOP('',(#4980));
#4980 = ORIENTED_EDGE('',*,*,#4981,.T.);
#4981 = EDGE_CURVE('',#4982,#4982,#4984,.T.);
#4982 = VERTEX_POINT('',#4983);
#4983 = CARTESIAN_POINT('',(190.5,-76.7,1.51));
#4984 = CIRCLE('',#4985,0.5);
#4985 = AXIS2_PLACEMENT_3D('',#4986,#4987,#4988);
#4986 = CARTESIAN_POINT('',(190.5,-76.2,1.51));
#4987 = DIRECTION('',(-0.,0.,-1.));
#4988 = DIRECTION('',(-0.,-1.,0.));
#4989 = FACE_BOUND('',#4990,.T.);
#4990 = EDGE_LOOP('',(#4991));
#4991 = ORIENTED_EDGE('',*,*,#4992,.T.);
#4992 = EDGE_CURVE('',#4993,#4993,#4995,.T.);
#4993 = VERTEX_POINT('',#4994);
#4994 = CARTESIAN_POINT('',(190.5,-74.16,1.51));
#4995 = CIRCLE('',#4996,0.5);
#4996 = AXIS2_PLACEMENT_3D('',#4997,#4998,#4999);
#4997 = CARTESIAN_POINT('',(190.5,-73.66,1.51));
#4998 = DIRECTION('',(-0.,0.,-1.));
#4999 = DIRECTION('',(-0.,-1.,0.));
#5000 = FACE_BOUND('',#5001,.T.);
#5001 = EDGE_LOOP('',(#5002));
#5002 = ORIENTED_EDGE('',*,*,#5003,.T.);
#5003 = EDGE_CURVE('',#5004,#5004,#5006,.T.);
#5004 = VERTEX_POINT('',#5005);
#5005 = CARTESIAN_POINT('',(175.26,-71.62,1.51));
#5006 = CIRCLE('',#5007,0.5);
#5007 = AXIS2_PLACEMENT_3D('',#5008,#5009,#5010);
#5008 = CARTESIAN_POINT('',(175.26,-71.12,1.51));
#5009 = DIRECTION('',(-0.,0.,-1.));
#5010 = DIRECTION('',(-0.,-1.,0.));
#5011 = FACE_BOUND('',#5012,.T.);
#5012 = EDGE_LOOP('',(#5013));
#5013 = ORIENTED_EDGE('',*,*,#5014,.T.);
#5014 = EDGE_CURVE('',#5015,#5015,#5017,.T.);
#5015 = VERTEX_POINT('',#5016);
#5016 = CARTESIAN_POINT('',(175.26,-69.08,1.51));
#5017 = CIRCLE('',#5018,0.5);
#5018 = AXIS2_PLACEMENT_3D('',#5019,#5020,#5021);
#5019 = CARTESIAN_POINT('',(175.26,-68.58,1.51));
#5020 = DIRECTION('',(-0.,0.,-1.));
#5021 = DIRECTION('',(-0.,-1.,0.));
#5022 = FACE_BOUND('',#5023,.T.);
#5023 = EDGE_LOOP('',(#5024));
#5024 = ORIENTED_EDGE('',*,*,#5025,.T.);
#5025 = EDGE_CURVE('',#5026,#5026,#5028,.T.);
#5026 = VERTEX_POINT('',#5027);
#5027 = CARTESIAN_POINT('',(190.5,-71.62,1.51));
#5028 = CIRCLE('',#5029,0.5);
#5029 = AXIS2_PLACEMENT_3D('',#5030,#5031,#5032);
#5030 = CARTESIAN_POINT('',(190.5,-71.12,1.51));
#5031 = DIRECTION('',(-0.,0.,-1.));
#5032 = DIRECTION('',(-0.,-1.,0.));
#5033 = FACE_BOUND('',#5034,.T.);
#5034 = EDGE_LOOP('',(#5035));
#5035 = ORIENTED_EDGE('',*,*,#5036,.T.);
#5036 = EDGE_CURVE('',#5037,#5037,#5039,.T.);
#5037 = VERTEX_POINT('',#5038);
#5038 = CARTESIAN_POINT('',(190.5,-69.08,1.51));
#5039 = CIRCLE('',#5040,0.5);
#5040 = AXIS2_PLACEMENT_3D('',#5041,#5042,#5043);
#5041 = CARTESIAN_POINT('',(190.5,-68.58,1.51));
#5042 = DIRECTION('',(-0.,0.,-1.));
#5043 = DIRECTION('',(-0.,-1.,0.));
#5044 = FACE_BOUND('',#5045,.T.);
#5045 = EDGE_LOOP('',(#5046));
#5046 = ORIENTED_EDGE('',*,*,#5047,.T.);
#5047 = EDGE_CURVE('',#5048,#5048,#5050,.T.);
#5048 = VERTEX_POINT('',#5049);
#5049 = CARTESIAN_POINT('',(207.645,-84.22,1.51));
#5050 = CIRCLE('',#5051,0.4);
#5051 = AXIS2_PLACEMENT_3D('',#5052,#5053,#5054);
#5052 = CARTESIAN_POINT('',(207.645,-83.82,1.51));
#5053 = DIRECTION('',(-0.,0.,-1.));
#5054 = DIRECTION('',(7.105427357601E-14,-1.,-0.));
#5055 = FACE_BOUND('',#5056,.T.);
#5056 = EDGE_LOOP('',(#5057));
#5057 = ORIENTED_EDGE('',*,*,#5058,.T.);
#5058 = EDGE_CURVE('',#5059,#5059,#5061,.T.);
#5059 = VERTEX_POINT('',#5060);
#5060 = CARTESIAN_POINT('',(207.645,-81.68,1.51));
#5061 = CIRCLE('',#5062,0.4);
#5062 = AXIS2_PLACEMENT_3D('',#5063,#5064,#5065);
#5063 = CARTESIAN_POINT('',(207.645,-81.28,1.51));
#5064 = DIRECTION('',(-0.,0.,-1.));
#5065 = DIRECTION('',(7.105427357601E-14,-1.,-0.));
#5066 = FACE_BOUND('',#5067,.T.);
#5067 = EDGE_LOOP('',(#5068));
#5068 = ORIENTED_EDGE('',*,*,#5069,.T.);
#5069 = EDGE_CURVE('',#5070,#5070,#5072,.T.);
#5070 = VERTEX_POINT('',#5071);
#5071 = CARTESIAN_POINT('',(207.645,-79.14,1.51));
#5072 = CIRCLE('',#5073,0.4);
#5073 = AXIS2_PLACEMENT_3D('',#5074,#5075,#5076);
#5074 = CARTESIAN_POINT('',(207.645,-78.74,1.51));
#5075 = DIRECTION('',(-0.,0.,-1.));
#5076 = DIRECTION('',(7.105427357601E-14,-1.,-0.));
#5077 = FACE_BOUND('',#5078,.T.);
#5078 = EDGE_LOOP('',(#5079));
#5079 = ORIENTED_EDGE('',*,*,#5080,.T.);
#5080 = EDGE_CURVE('',#5081,#5081,#5083,.T.);
#5081 = VERTEX_POINT('',#5082);
#5082 = CARTESIAN_POINT('',(215.265,-84.22,1.51));
#5083 = CIRCLE('',#5084,0.4);
#5084 = AXIS2_PLACEMENT_3D('',#5085,#5086,#5087);
#5085 = CARTESIAN_POINT('',(215.265,-83.82,1.51));
#5086 = DIRECTION('',(-0.,0.,-1.));
#5087 = DIRECTION('',(-0.,-1.,0.));
#5088 = FACE_BOUND('',#5089,.T.);
#5089 = EDGE_LOOP('',(#5090));
#5090 = ORIENTED_EDGE('',*,*,#5091,.T.);
#5091 = EDGE_CURVE('',#5092,#5092,#5094,.T.);
#5092 = VERTEX_POINT('',#5093);
#5093 = CARTESIAN_POINT('',(215.265,-81.68,1.51));
#5094 = CIRCLE('',#5095,0.4);
#5095 = AXIS2_PLACEMENT_3D('',#5096,#5097,#5098);
#5096 = CARTESIAN_POINT('',(215.265,-81.28,1.51));
#5097 = DIRECTION('',(-0.,0.,-1.));
#5098 = DIRECTION('',(-0.,-1.,0.));
#5099 = FACE_BOUND('',#5100,.T.);
#5100 = EDGE_LOOP('',(#5101));
#5101 = ORIENTED_EDGE('',*,*,#5102,.T.);
#5102 = EDGE_CURVE('',#5103,#5103,#5105,.T.);
#5103 = VERTEX_POINT('',#5104);
#5104 = CARTESIAN_POINT('',(215.265,-79.14,1.51));
#5105 = CIRCLE('',#5106,0.4);
#5106 = AXIS2_PLACEMENT_3D('',#5107,#5108,#5109);
#5107 = CARTESIAN_POINT('',(215.265,-78.74,1.51));
#5108 = DIRECTION('',(-0.,0.,-1.));
#5109 = DIRECTION('',(-0.,-1.,0.));
#5110 = FACE_BOUND('',#5111,.T.);
#5111 = EDGE_LOOP('',(#5112));
#5112 = ORIENTED_EDGE('',*,*,#5113,.T.);
#5113 = EDGE_CURVE('',#5114,#5114,#5116,.T.);
#5114 = VERTEX_POINT('',#5115);
#5115 = CARTESIAN_POINT('',(198.755,-76.52,1.51));
#5116 = CIRCLE('',#5117,0.4);
#5117 = AXIS2_PLACEMENT_3D('',#5118,#5119,#5120);
#5118 = CARTESIAN_POINT('',(198.755,-76.12,1.51));
#5119 = DIRECTION('',(-0.,0.,-1.));
#5120 = DIRECTION('',(-0.,-1.,0.));
#5121 = FACE_BOUND('',#5122,.T.);
#5122 = EDGE_LOOP('',(#5123));
#5123 = ORIENTED_EDGE('',*,*,#5124,.T.);
#5124 = EDGE_CURVE('',#5125,#5125,#5127,.T.);
#5125 = VERTEX_POINT('',#5126);
#5126 = CARTESIAN_POINT('',(207.645,-76.6,1.51));
#5127 = CIRCLE('',#5128,0.4);
#5128 = AXIS2_PLACEMENT_3D('',#5129,#5130,#5131);
#5129 = CARTESIAN_POINT('',(207.645,-76.2,1.51));
#5130 = DIRECTION('',(-0.,0.,-1.));
#5131 = DIRECTION('',(7.105427357601E-14,-1.,-0.));
#5132 = FACE_BOUND('',#5133,.T.);
#5133 = EDGE_LOOP('',(#5134));
#5134 = ORIENTED_EDGE('',*,*,#5135,.T.);
#5135 = EDGE_CURVE('',#5136,#5136,#5138,.T.);
#5136 = VERTEX_POINT('',#5137);
#5137 = CARTESIAN_POINT('',(207.645,-74.06,1.51));
#5138 = CIRCLE('',#5139,0.4);
#5139 = AXIS2_PLACEMENT_3D('',#5140,#5141,#5142);
#5140 = CARTESIAN_POINT('',(207.645,-73.66,1.51));
#5141 = DIRECTION('',(-0.,0.,-1.));
#5142 = DIRECTION('',(7.105427357601E-14,-1.,-0.));
#5143 = FACE_BOUND('',#5144,.T.);
#5144 = EDGE_LOOP('',(#5145));
#5145 = ORIENTED_EDGE('',*,*,#5146,.T.);
#5146 = EDGE_CURVE('',#5147,#5147,#5149,.T.);
#5147 = VERTEX_POINT('',#5148);
#5148 = CARTESIAN_POINT('',(198.755,-71.52,1.51));
#5149 = CIRCLE('',#5150,0.4);
#5150 = AXIS2_PLACEMENT_3D('',#5151,#5152,#5153);
#5151 = CARTESIAN_POINT('',(198.755,-71.12,1.51));
#5152 = DIRECTION('',(-0.,0.,-1.));
#5153 = DIRECTION('',(-0.,-1.,0.));
#5154 = FACE_BOUND('',#5155,.T.);
#5155 = EDGE_LOOP('',(#5156));
#5156 = ORIENTED_EDGE('',*,*,#5157,.T.);
#5157 = EDGE_CURVE('',#5158,#5158,#5160,.T.);
#5158 = VERTEX_POINT('',#5159);
#5159 = CARTESIAN_POINT('',(207.645,-71.52,1.51));
#5160 = CIRCLE('',#5161,0.4);
#5161 = AXIS2_PLACEMENT_3D('',#5162,#5163,#5164);
#5162 = CARTESIAN_POINT('',(207.645,-71.12,1.51));
#5163 = DIRECTION('',(-0.,0.,-1.));
#5164 = DIRECTION('',(7.105427357601E-14,-1.,-0.));
#5165 = FACE_BOUND('',#5166,.T.);
#5166 = EDGE_LOOP('',(#5167));
#5167 = ORIENTED_EDGE('',*,*,#5168,.T.);
#5168 = EDGE_CURVE('',#5169,#5169,#5171,.T.);
#5169 = VERTEX_POINT('',#5170);
#5170 = CARTESIAN_POINT('',(207.645,-68.98,1.51));
#5171 = CIRCLE('',#5172,0.4);
#5172 = AXIS2_PLACEMENT_3D('',#5173,#5174,#5175);
#5173 = CARTESIAN_POINT('',(207.645,-68.58,1.51));
#5174 = DIRECTION('',(-0.,0.,-1.));
#5175 = DIRECTION('',(7.105427357601E-14,-1.,-0.));
#5176 = FACE_BOUND('',#5177,.T.);
#5177 = EDGE_LOOP('',(#5178));
#5178 = ORIENTED_EDGE('',*,*,#5179,.T.);
#5179 = EDGE_CURVE('',#5180,#5180,#5182,.T.);
#5180 = VERTEX_POINT('',#5181);
#5181 = CARTESIAN_POINT('',(215.265,-76.6,1.51));
#5182 = CIRCLE('',#5183,0.4);
#5183 = AXIS2_PLACEMENT_3D('',#5184,#5185,#5186);
#5184 = CARTESIAN_POINT('',(215.265,-76.2,1.51));
#5185 = DIRECTION('',(-0.,0.,-1.));
#5186 = DIRECTION('',(-0.,-1.,0.));
#5187 = FACE_BOUND('',#5188,.T.);
#5188 = EDGE_LOOP('',(#5189));
#5189 = ORIENTED_EDGE('',*,*,#5190,.T.);
#5190 = EDGE_CURVE('',#5191,#5191,#5193,.T.);
#5191 = VERTEX_POINT('',#5192);
#5192 = CARTESIAN_POINT('',(215.265,-74.06,1.51));
#5193 = CIRCLE('',#5194,0.4);
#5194 = AXIS2_PLACEMENT_3D('',#5195,#5196,#5197);
#5195 = CARTESIAN_POINT('',(215.265,-73.66,1.51));
#5196 = DIRECTION('',(-0.,0.,-1.));
#5197 = DIRECTION('',(-0.,-1.,0.));
#5198 = FACE_BOUND('',#5199,.T.);
#5199 = EDGE_LOOP('',(#5200));
#5200 = ORIENTED_EDGE('',*,*,#5201,.T.);
#5201 = EDGE_CURVE('',#5202,#5202,#5204,.T.);
#5202 = VERTEX_POINT('',#5203);
#5203 = CARTESIAN_POINT('',(215.265,-71.52,1.51));
#5204 = CIRCLE('',#5205,0.4);
#5205 = AXIS2_PLACEMENT_3D('',#5206,#5207,#5208);
#5206 = CARTESIAN_POINT('',(215.265,-71.12,1.51));
#5207 = DIRECTION('',(-0.,0.,-1.));
#5208 = DIRECTION('',(-0.,-1.,0.));
#5209 = FACE_BOUND('',#5210,.T.);
#5210 = EDGE_LOOP('',(#5211));
#5211 = ORIENTED_EDGE('',*,*,#5212,.T.);
#5212 = EDGE_CURVE('',#5213,#5213,#5215,.T.);
#5213 = VERTEX_POINT('',#5214);
#5214 = CARTESIAN_POINT('',(215.265,-68.98,1.51));
#5215 = CIRCLE('',#5216,0.4);
#5216 = AXIS2_PLACEMENT_3D('',#5217,#5218,#5219);
#5217 = CARTESIAN_POINT('',(215.265,-68.58,1.51));
#5218 = DIRECTION('',(-0.,0.,-1.));
#5219 = DIRECTION('',(-0.,-1.,0.));
#5220 = FACE_BOUND('',#5221,.T.);
#5221 = EDGE_LOOP('',(#5222));
#5222 = ORIENTED_EDGE('',*,*,#5223,.T.);
#5223 = EDGE_CURVE('',#5224,#5224,#5226,.T.);
#5224 = VERTEX_POINT('',#5225);
#5225 = CARTESIAN_POINT('',(156.21,-58.82,1.51));
#5226 = CIRCLE('',#5227,0.4);
#5227 = AXIS2_PLACEMENT_3D('',#5228,#5229,#5230);
#5228 = CARTESIAN_POINT('',(156.21,-58.42,1.51));
#5229 = DIRECTION('',(-0.,0.,-1.));
#5230 = DIRECTION('',(-0.,-1.,0.));
#5231 = FACE_BOUND('',#5232,.T.);
#5232 = EDGE_LOOP('',(#5233));
#5233 = ORIENTED_EDGE('',*,*,#5234,.T.);
#5234 = EDGE_CURVE('',#5235,#5235,#5237,.T.);
#5235 = VERTEX_POINT('',#5236);
#5236 = CARTESIAN_POINT('',(175.26,-66.54,1.51));
#5237 = CIRCLE('',#5238,0.5);
#5238 = AXIS2_PLACEMENT_3D('',#5239,#5240,#5241);
#5239 = CARTESIAN_POINT('',(175.26,-66.04,1.51));
#5240 = DIRECTION('',(-0.,0.,-1.));
#5241 = DIRECTION('',(-0.,-1.,0.));
#5242 = FACE_BOUND('',#5243,.T.);
#5243 = EDGE_LOOP('',(#5244));
#5244 = ORIENTED_EDGE('',*,*,#5245,.T.);
#5245 = EDGE_CURVE('',#5246,#5246,#5248,.T.);
#5246 = VERTEX_POINT('',#5247);
#5247 = CARTESIAN_POINT('',(175.26,-64.,1.51));
#5248 = CIRCLE('',#5249,0.5);
#5249 = AXIS2_PLACEMENT_3D('',#5250,#5251,#5252);
#5250 = CARTESIAN_POINT('',(175.26,-63.5,1.51));
#5251 = DIRECTION('',(-0.,0.,-1.));
#5252 = DIRECTION('',(-0.,-1.,0.));
#5253 = FACE_BOUND('',#5254,.T.);
#5254 = EDGE_LOOP('',(#5255));
#5255 = ORIENTED_EDGE('',*,*,#5256,.T.);
#5256 = EDGE_CURVE('',#5257,#5257,#5259,.T.);
#5257 = VERTEX_POINT('',#5258);
#5258 = CARTESIAN_POINT('',(175.26,-61.46,1.51));
#5259 = CIRCLE('',#5260,0.5);
#5260 = AXIS2_PLACEMENT_3D('',#5261,#5262,#5263);
#5261 = CARTESIAN_POINT('',(175.26,-60.96,1.51));
#5262 = DIRECTION('',(-0.,0.,-1.));
#5263 = DIRECTION('',(-0.,-1.,0.));
#5264 = FACE_BOUND('',#5265,.T.);
#5265 = EDGE_LOOP('',(#5266));
#5266 = ORIENTED_EDGE('',*,*,#5267,.T.);
#5267 = EDGE_CURVE('',#5268,#5268,#5270,.T.);
#5268 = VERTEX_POINT('',#5269);
#5269 = CARTESIAN_POINT('',(190.5,-66.54,1.51));
#5270 = CIRCLE('',#5271,0.5);
#5271 = AXIS2_PLACEMENT_3D('',#5272,#5273,#5274);
#5272 = CARTESIAN_POINT('',(190.5,-66.04,1.51));
#5273 = DIRECTION('',(-0.,0.,-1.));
#5274 = DIRECTION('',(-0.,-1.,0.));
#5275 = FACE_BOUND('',#5276,.T.);
#5276 = EDGE_LOOP('',(#5277));
#5277 = ORIENTED_EDGE('',*,*,#5278,.T.);
#5278 = EDGE_CURVE('',#5279,#5279,#5281,.T.);
#5279 = VERTEX_POINT('',#5280);
#5280 = CARTESIAN_POINT('',(190.5,-64.,1.51));
#5281 = CIRCLE('',#5282,0.5);
#5282 = AXIS2_PLACEMENT_3D('',#5283,#5284,#5285);
#5283 = CARTESIAN_POINT('',(190.5,-63.5,1.51));
#5284 = DIRECTION('',(-0.,0.,-1.));
#5285 = DIRECTION('',(-0.,-1.,0.));
#5286 = FACE_BOUND('',#5287,.T.);
#5287 = EDGE_LOOP('',(#5288));
#5288 = ORIENTED_EDGE('',*,*,#5289,.T.);
#5289 = EDGE_CURVE('',#5290,#5290,#5292,.T.);
#5290 = VERTEX_POINT('',#5291);
#5291 = CARTESIAN_POINT('',(190.5,-61.46,1.51));
#5292 = CIRCLE('',#5293,0.5);
#5293 = AXIS2_PLACEMENT_3D('',#5294,#5295,#5296);
#5294 = CARTESIAN_POINT('',(190.5,-60.96,1.51));
#5295 = DIRECTION('',(-0.,0.,-1.));
#5296 = DIRECTION('',(-0.,-1.,0.));
#5297 = FACE_BOUND('',#5298,.T.);
#5298 = EDGE_LOOP('',(#5299));
#5299 = ORIENTED_EDGE('',*,*,#5300,.T.);
#5300 = EDGE_CURVE('',#5301,#5301,#5303,.T.);
#5301 = VERTEX_POINT('',#5302);
#5302 = CARTESIAN_POINT('',(175.26,-58.92,1.51));
#5303 = CIRCLE('',#5304,0.5);
#5304 = AXIS2_PLACEMENT_3D('',#5305,#5306,#5307);
#5305 = CARTESIAN_POINT('',(175.26,-58.42,1.51));
#5306 = DIRECTION('',(-0.,0.,-1.));
#5307 = DIRECTION('',(-0.,-1.,0.));
#5308 = FACE_BOUND('',#5309,.T.);
#5309 = EDGE_LOOP('',(#5310));
#5310 = ORIENTED_EDGE('',*,*,#5311,.T.);
#5311 = EDGE_CURVE('',#5312,#5312,#5314,.T.);
#5312 = VERTEX_POINT('',#5313);
#5313 = CARTESIAN_POINT('',(175.26,-56.38,1.51));
#5314 = CIRCLE('',#5315,0.5);
#5315 = AXIS2_PLACEMENT_3D('',#5316,#5317,#5318);
#5316 = CARTESIAN_POINT('',(175.26,-55.88,1.51));
#5317 = DIRECTION('',(-0.,0.,-1.));
#5318 = DIRECTION('',(-0.,-1.,0.));
#5319 = FACE_BOUND('',#5320,.T.);
#5320 = EDGE_LOOP('',(#5321));
#5321 = ORIENTED_EDGE('',*,*,#5322,.T.);
#5322 = EDGE_CURVE('',#5323,#5323,#5325,.T.);
#5323 = VERTEX_POINT('',#5324);
#5324 = CARTESIAN_POINT('',(190.5,-58.92,1.51));
#5325 = CIRCLE('',#5326,0.5);
#5326 = AXIS2_PLACEMENT_3D('',#5327,#5328,#5329);
#5327 = CARTESIAN_POINT('',(190.5,-58.42,1.51));
#5328 = DIRECTION('',(-0.,0.,-1.));
#5329 = DIRECTION('',(-0.,-1.,0.));
#5330 = FACE_BOUND('',#5331,.T.);
#5331 = EDGE_LOOP('',(#5332));
#5332 = ORIENTED_EDGE('',*,*,#5333,.T.);
#5333 = EDGE_CURVE('',#5334,#5334,#5336,.T.);
#5334 = VERTEX_POINT('',#5335);
#5335 = CARTESIAN_POINT('',(190.5,-56.38,1.51));
#5336 = CIRCLE('',#5337,0.5);
#5337 = AXIS2_PLACEMENT_3D('',#5338,#5339,#5340);
#5338 = CARTESIAN_POINT('',(190.5,-55.88,1.51));
#5339 = DIRECTION('',(-0.,0.,-1.));
#5340 = DIRECTION('',(-0.,-1.,0.));
#5341 = FACE_BOUND('',#5342,.T.);
#5342 = EDGE_LOOP('',(#5343));
#5343 = ORIENTED_EDGE('',*,*,#5344,.T.);
#5344 = EDGE_CURVE('',#5345,#5345,#5347,.T.);
#5345 = VERTEX_POINT('',#5346);
#5346 = CARTESIAN_POINT('',(158.75,-46.6,1.51));
#5347 = CIRCLE('',#5348,2.15);
#5348 = AXIS2_PLACEMENT_3D('',#5349,#5350,#5351);
#5349 = CARTESIAN_POINT('',(158.75,-44.45,1.51));
#5350 = DIRECTION('',(-0.,0.,-1.));
#5351 = DIRECTION('',(-0.,-1.,0.));
#5352 = FACE_BOUND('',#5353,.T.);
#5353 = EDGE_LOOP('',(#5354));
#5354 = ORIENTED_EDGE('',*,*,#5355,.T.);
#5355 = EDGE_CURVE('',#5356,#5356,#5358,.T.);
#5356 = VERTEX_POINT('',#5357);
#5357 = CARTESIAN_POINT('',(175.26,-53.84,1.51));
#5358 = CIRCLE('',#5359,0.5);
#5359 = AXIS2_PLACEMENT_3D('',#5360,#5361,#5362);
#5360 = CARTESIAN_POINT('',(175.26,-53.34,1.51));
#5361 = DIRECTION('',(-0.,0.,-1.));
#5362 = DIRECTION('',(-0.,-1.,0.));
#5363 = FACE_BOUND('',#5364,.T.);
#5364 = EDGE_LOOP('',(#5365));
#5365 = ORIENTED_EDGE('',*,*,#5366,.T.);
#5366 = EDGE_CURVE('',#5367,#5367,#5369,.T.);
#5367 = VERTEX_POINT('',#5368);
#5368 = CARTESIAN_POINT('',(175.26,-51.3,1.51));
#5369 = CIRCLE('',#5370,0.5);
#5370 = AXIS2_PLACEMENT_3D('',#5371,#5372,#5373);
#5371 = CARTESIAN_POINT('',(175.26,-50.8,1.51));
#5372 = DIRECTION('',(-0.,0.,-1.));
#5373 = DIRECTION('',(-0.,-1.,0.));
#5374 = FACE_BOUND('',#5375,.T.);
#5375 = EDGE_LOOP('',(#5376));
#5376 = ORIENTED_EDGE('',*,*,#5377,.T.);
#5377 = EDGE_CURVE('',#5378,#5378,#5380,.T.);
#5378 = VERTEX_POINT('',#5379);
#5379 = CARTESIAN_POINT('',(190.5,-53.84,1.51));
#5380 = CIRCLE('',#5381,0.5);
#5381 = AXIS2_PLACEMENT_3D('',#5382,#5383,#5384);
#5382 = CARTESIAN_POINT('',(190.5,-53.34,1.51));
#5383 = DIRECTION('',(-0.,0.,-1.));
#5384 = DIRECTION('',(-0.,-1.,0.));
#5385 = FACE_BOUND('',#5386,.T.);
#5386 = EDGE_LOOP('',(#5387));
#5387 = ORIENTED_EDGE('',*,*,#5388,.T.);
#5388 = EDGE_CURVE('',#5389,#5389,#5391,.T.);
#5389 = VERTEX_POINT('',#5390);
#5390 = CARTESIAN_POINT('',(190.5,-51.3,1.51));
#5391 = CIRCLE('',#5392,0.5);
#5392 = AXIS2_PLACEMENT_3D('',#5393,#5394,#5395);
#5393 = CARTESIAN_POINT('',(190.5,-50.8,1.51));
#5394 = DIRECTION('',(-0.,0.,-1.));
#5395 = DIRECTION('',(-0.,-1.,0.));
#5396 = FACE_BOUND('',#5397,.T.);
#5397 = EDGE_LOOP('',(#5398));
#5398 = ORIENTED_EDGE('',*,*,#5399,.T.);
#5399 = EDGE_CURVE('',#5400,#5400,#5402,.T.);
#5400 = VERTEX_POINT('',#5401);
#5401 = CARTESIAN_POINT('',(207.645,-66.44,1.51));
#5402 = CIRCLE('',#5403,0.4);
#5403 = AXIS2_PLACEMENT_3D('',#5404,#5405,#5406);
#5404 = CARTESIAN_POINT('',(207.645,-66.04,1.51));
#5405 = DIRECTION('',(-0.,0.,-1.));
#5406 = DIRECTION('',(7.105427357601E-14,-1.,-0.));
#5407 = FACE_BOUND('',#5408,.T.);
#5408 = EDGE_LOOP('',(#5409));
#5409 = ORIENTED_EDGE('',*,*,#5410,.T.);
#5410 = EDGE_CURVE('',#5411,#5411,#5413,.T.);
#5411 = VERTEX_POINT('',#5412);
#5412 = CARTESIAN_POINT('',(207.645,-63.9,1.51));
#5413 = CIRCLE('',#5414,0.4);
#5414 = AXIS2_PLACEMENT_3D('',#5415,#5416,#5417);
#5415 = CARTESIAN_POINT('',(207.645,-63.5,1.51));
#5416 = DIRECTION('',(-0.,0.,-1.));
#5417 = DIRECTION('',(7.105427357601E-14,-1.,-0.));
#5418 = FACE_BOUND('',#5419,.T.);
#5419 = EDGE_LOOP('',(#5420));
#5420 = ORIENTED_EDGE('',*,*,#5421,.T.);
#5421 = EDGE_CURVE('',#5422,#5422,#5424,.T.);
#5422 = VERTEX_POINT('',#5423);
#5423 = CARTESIAN_POINT('',(207.645,-61.36,1.51));
#5424 = CIRCLE('',#5425,0.4);
#5425 = AXIS2_PLACEMENT_3D('',#5426,#5427,#5428);
#5426 = CARTESIAN_POINT('',(207.645,-60.96,1.51));
#5427 = DIRECTION('',(-0.,0.,-1.));
#5428 = DIRECTION('',(7.105427357601E-14,-1.,-0.));
#5429 = FACE_BOUND('',#5430,.T.);
#5430 = EDGE_LOOP('',(#5431));
#5431 = ORIENTED_EDGE('',*,*,#5432,.T.);
#5432 = EDGE_CURVE('',#5433,#5433,#5435,.T.);
#5433 = VERTEX_POINT('',#5434);
#5434 = CARTESIAN_POINT('',(207.645,-58.82,1.51));
#5435 = CIRCLE('',#5436,0.4);
#5436 = AXIS2_PLACEMENT_3D('',#5437,#5438,#5439);
#5437 = CARTESIAN_POINT('',(207.645,-58.42,1.51));
#5438 = DIRECTION('',(-0.,0.,-1.));
#5439 = DIRECTION('',(7.105427357601E-14,-1.,-0.));
#5440 = FACE_BOUND('',#5441,.T.);
#5441 = EDGE_LOOP('',(#5442));
#5442 = ORIENTED_EDGE('',*,*,#5443,.T.);
#5443 = EDGE_CURVE('',#5444,#5444,#5446,.T.);
#5444 = VERTEX_POINT('',#5445);
#5445 = CARTESIAN_POINT('',(207.645,-56.28,1.51));
#5446 = CIRCLE('',#5447,0.4);
#5447 = AXIS2_PLACEMENT_3D('',#5448,#5449,#5450);
#5448 = CARTESIAN_POINT('',(207.645,-55.88,1.51));
#5449 = DIRECTION('',(-0.,0.,-1.));
#5450 = DIRECTION('',(7.105427357601E-14,-1.,-0.));
#5451 = FACE_BOUND('',#5452,.T.);
#5452 = EDGE_LOOP('',(#5453));
#5453 = ORIENTED_EDGE('',*,*,#5454,.T.);
#5454 = EDGE_CURVE('',#5455,#5455,#5457,.T.);
#5455 = VERTEX_POINT('',#5456);
#5456 = CARTESIAN_POINT('',(215.265,-66.44,1.51));
#5457 = CIRCLE('',#5458,0.4);
#5458 = AXIS2_PLACEMENT_3D('',#5459,#5460,#5461);
#5459 = CARTESIAN_POINT('',(215.265,-66.04,1.51));
#5460 = DIRECTION('',(-0.,0.,-1.));
#5461 = DIRECTION('',(-0.,-1.,0.));
#5462 = FACE_BOUND('',#5463,.T.);
#5463 = EDGE_LOOP('',(#5464));
#5464 = ORIENTED_EDGE('',*,*,#5465,.T.);
#5465 = EDGE_CURVE('',#5466,#5466,#5468,.T.);
#5466 = VERTEX_POINT('',#5467);
#5467 = CARTESIAN_POINT('',(215.265,-63.9,1.51));
#5468 = CIRCLE('',#5469,0.4);
#5469 = AXIS2_PLACEMENT_3D('',#5470,#5471,#5472);
#5470 = CARTESIAN_POINT('',(215.265,-63.5,1.51));
#5471 = DIRECTION('',(-0.,0.,-1.));
#5472 = DIRECTION('',(-0.,-1.,0.));
#5473 = FACE_BOUND('',#5474,.T.);
#5474 = EDGE_LOOP('',(#5475));
#5475 = ORIENTED_EDGE('',*,*,#5476,.T.);
#5476 = EDGE_CURVE('',#5477,#5477,#5479,.T.);
#5477 = VERTEX_POINT('',#5478);
#5478 = CARTESIAN_POINT('',(215.265,-61.36,1.51));
#5479 = CIRCLE('',#5480,0.4);
#5480 = AXIS2_PLACEMENT_3D('',#5481,#5482,#5483);
#5481 = CARTESIAN_POINT('',(215.265,-60.96,1.51));
#5482 = DIRECTION('',(-0.,0.,-1.));
#5483 = DIRECTION('',(-0.,-1.,0.));
#5484 = FACE_BOUND('',#5485,.T.);
#5485 = EDGE_LOOP('',(#5486));
#5486 = ORIENTED_EDGE('',*,*,#5487,.T.);
#5487 = EDGE_CURVE('',#5488,#5488,#5490,.T.);
#5488 = VERTEX_POINT('',#5489);
#5489 = CARTESIAN_POINT('',(215.265,-58.82,1.51));
#5490 = CIRCLE('',#5491,0.4);
#5491 = AXIS2_PLACEMENT_3D('',#5492,#5493,#5494);
#5492 = CARTESIAN_POINT('',(215.265,-58.42,1.51));
#5493 = DIRECTION('',(-0.,0.,-1.));
#5494 = DIRECTION('',(-0.,-1.,0.));
#5495 = FACE_BOUND('',#5496,.T.);
#5496 = EDGE_LOOP('',(#5497));
#5497 = ORIENTED_EDGE('',*,*,#5498,.T.);
#5498 = EDGE_CURVE('',#5499,#5499,#5501,.T.);
#5499 = VERTEX_POINT('',#5500);
#5500 = CARTESIAN_POINT('',(215.265,-56.28,1.51));
#5501 = CIRCLE('',#5502,0.4);
#5502 = AXIS2_PLACEMENT_3D('',#5503,#5504,#5505);
#5503 = CARTESIAN_POINT('',(215.265,-55.88,1.51));
#5504 = DIRECTION('',(-0.,0.,-1.));
#5505 = DIRECTION('',(-0.,-1.,0.));
#5506 = FACE_BOUND('',#5507,.T.);
#5507 = EDGE_LOOP('',(#5508));
#5508 = ORIENTED_EDGE('',*,*,#5509,.T.);
#5509 = EDGE_CURVE('',#5510,#5510,#5512,.T.);
#5510 = VERTEX_POINT('',#5511);
#5511 = CARTESIAN_POINT('',(207.645,-53.74,1.51));
#5512 = CIRCLE('',#5513,0.4);
#5513 = AXIS2_PLACEMENT_3D('',#5514,#5515,#5516);
#5514 = CARTESIAN_POINT('',(207.645,-53.34,1.51));
#5515 = DIRECTION('',(-0.,0.,-1.));
#5516 = DIRECTION('',(7.105427357601E-14,-1.,-0.));
#5517 = FACE_BOUND('',#5518,.T.);
#5518 = EDGE_LOOP('',(#5519));
#5519 = ORIENTED_EDGE('',*,*,#5520,.T.);
#5520 = EDGE_CURVE('',#5521,#5521,#5523,.T.);
#5521 = VERTEX_POINT('',#5522);
#5522 = CARTESIAN_POINT('',(207.645,-51.2,1.51));
#5523 = CIRCLE('',#5524,0.4);
#5524 = AXIS2_PLACEMENT_3D('',#5525,#5526,#5527);
#5525 = CARTESIAN_POINT('',(207.645,-50.8,1.51));
#5526 = DIRECTION('',(-0.,0.,-1.));
#5527 = DIRECTION('',(7.105427357601E-14,-1.,-0.));
#5528 = FACE_BOUND('',#5529,.T.);
#5529 = EDGE_LOOP('',(#5530));
#5530 = ORIENTED_EDGE('',*,*,#5531,.T.);
#5531 = EDGE_CURVE('',#5532,#5532,#5534,.T.);
#5532 = VERTEX_POINT('',#5533);
#5533 = CARTESIAN_POINT('',(196.85,-49.26,1.51));
#5534 = CIRCLE('',#5535,1.);
#5535 = AXIS2_PLACEMENT_3D('',#5536,#5537,#5538);
#5536 = CARTESIAN_POINT('',(196.85,-48.26,1.51));
#5537 = DIRECTION('',(-0.,0.,-1.));
#5538 = DIRECTION('',(-0.,-1.,0.));
#5539 = FACE_BOUND('',#5540,.T.);
#5540 = EDGE_LOOP('',(#5541));
#5541 = ORIENTED_EDGE('',*,*,#5542,.T.);
#5542 = EDGE_CURVE('',#5543,#5543,#5545,.T.);
#5543 = VERTEX_POINT('',#5544);
#5544 = CARTESIAN_POINT('',(215.265,-53.74,1.51));
#5545 = CIRCLE('',#5546,0.4);
#5546 = AXIS2_PLACEMENT_3D('',#5547,#5548,#5549);
#5547 = CARTESIAN_POINT('',(215.265,-53.34,1.51));
#5548 = DIRECTION('',(-0.,0.,-1.));
#5549 = DIRECTION('',(-0.,-1.,0.));
#5550 = FACE_BOUND('',#5551,.T.);
#5551 = EDGE_LOOP('',(#5552));
#5552 = ORIENTED_EDGE('',*,*,#5553,.T.);
#5553 = EDGE_CURVE('',#5554,#5554,#5556,.T.);
#5554 = VERTEX_POINT('',#5555);
#5555 = CARTESIAN_POINT('',(215.265,-51.2,1.51));
#5556 = CIRCLE('',#5557,0.4);
#5557 = AXIS2_PLACEMENT_3D('',#5558,#5559,#5560);
#5558 = CARTESIAN_POINT('',(215.265,-50.8,1.51));
#5559 = DIRECTION('',(-0.,0.,-1.));
#5560 = DIRECTION('',(-0.,-1.,0.));
#5561 = FACE_BOUND('',#5562,.T.);
#5562 = EDGE_LOOP('',(#5563));
#5563 = ORIENTED_EDGE('',*,*,#5564,.T.);
#5564 = EDGE_CURVE('',#5565,#5565,#5567,.T.);
#5565 = VERTEX_POINT('',#5566);
#5566 = CARTESIAN_POINT('',(229.87,-46.6,1.51));
#5567 = CIRCLE('',#5568,2.15);
#5568 = AXIS2_PLACEMENT_3D('',#5569,#5570,#5571);
#5569 = CARTESIAN_POINT('',(229.87,-44.45,1.51));
#5570 = DIRECTION('',(-0.,0.,-1.));
#5571 = DIRECTION('',(-0.,-1.,0.));
#5572 = PLANE('',#5573);
#5573 = AXIS2_PLACEMENT_3D('',#5574,#5575,#5576);
#5574 = CARTESIAN_POINT('',(0.,0.,1.51));
#5575 = DIRECTION('',(0.,0.,1.));
#5576 = DIRECTION('',(1.,0.,-0.));
#5577 = ADVANCED_FACE('',(#5578),#5589,.T.);
#5578 = FACE_BOUND('',#5579,.T.);
#5579 = EDGE_LOOP('',(#5580,#5586,#5587,#5588));
#5580 = ORIENTED_EDGE('',*,*,#5581,.T.);
#5581 = EDGE_CURVE('',#144,#2864,#5582,.T.);
#5582 = LINE('',#5583,#5584);
#5583 = CARTESIAN_POINT('',(173.99,-40.64,0.));
#5584 = VECTOR('',#5585,1.);
#5585 = DIRECTION('',(0.,0.,1.));
#5586 = ORIENTED_EDGE('',*,*,#2863,.T.);
#5587 = ORIENTED_EDGE('',*,*,#79,.F.);
#5588 = ORIENTED_EDGE('',*,*,#143,.F.);
#5589 = PLANE('',#5590);
#5590 = AXIS2_PLACEMENT_3D('',#5591,#5592,#5593);
#5591 = CARTESIAN_POINT('',(173.99,-40.64,0.));
#5592 = DIRECTION('',(0.,1.,0.));
#5593 = DIRECTION('',(1.,0.,0.));
#5594 = ADVANCED_FACE('',(#5595),#5601,.T.);
#5595 = FACE_BOUND('',#5596,.T.);
#5596 = EDGE_LOOP('',(#5597,#5598,#5599,#5600));
#5597 = ORIENTED_EDGE('',*,*,#119,.T.);
#5598 = ORIENTED_EDGE('',*,*,#2871,.T.);
#5599 = ORIENTED_EDGE('',*,*,#5581,.F.);
#5600 = ORIENTED_EDGE('',*,*,#151,.F.);
#5601 = PLANE('',#5602);
#5602 = AXIS2_PLACEMENT_3D('',#5603,#5604,#5605);
#5603 = CARTESIAN_POINT('',(73.66,-40.64,0.));
#5604 = DIRECTION('',(0.,1.,0.));
#5605 = DIRECTION('',(1.,0.,0.));
#5606 = ADVANCED_FACE('',(#5607),#5618,.F.);
#5607 = FACE_BOUND('',#5608,.T.);
#5608 = EDGE_LOOP('',(#5609,#5610,#5616,#5617));
#5609 = ORIENTED_EDGE('',*,*,#160,.T.);
#5610 = ORIENTED_EDGE('',*,*,#5611,.T.);
#5611 = EDGE_CURVE('',#161,#2881,#5612,.T.);
#5612 = LINE('',#5613,#5614);
#5613 = CARTESIAN_POINT('',(77.47,-138.04,-4.6E-02));
#5614 = VECTOR('',#5615,1.);
#5615 = DIRECTION('',(0.,0.,1.));
#5616 = ORIENTED_EDGE('',*,*,#2880,.F.);
#5617 = ORIENTED_EDGE('',*,*,#5611,.F.);
#5618 = CYLINDRICAL_SURFACE('',#5619,2.15);
#5619 = AXIS2_PLACEMENT_3D('',#5620,#5621,#5622);
#5620 = CARTESIAN_POINT('',(77.47,-135.89,-4.6E-02));
#5621 = DIRECTION('',(-0.,-0.,-1.));
#5622 = DIRECTION('',(-0.,-1.,0.));
#5623 = ADVANCED_FACE('',(#5624),#5635,.F.);
#5624 = FACE_BOUND('',#5625,.T.);
#5625 = EDGE_LOOP('',(#5626,#5627,#5633,#5634));
#5626 = ORIENTED_EDGE('',*,*,#171,.T.);
#5627 = ORIENTED_EDGE('',*,*,#5628,.T.);
#5628 = EDGE_CURVE('',#172,#2892,#5629,.T.);
#5629 = LINE('',#5630,#5631);
#5630 = CARTESIAN_POINT('',(81.18,-128.76,-4.6E-02));
#5631 = VECTOR('',#5632,1.);
#5632 = DIRECTION('',(0.,0.,1.));
#5633 = ORIENTED_EDGE('',*,*,#2891,.F.);
#5634 = ORIENTED_EDGE('',*,*,#5628,.F.);
#5635 = CYLINDRICAL_SURFACE('',#5636,1.6);
#5636 = AXIS2_PLACEMENT_3D('',#5637,#5638,#5639);
#5637 = CARTESIAN_POINT('',(81.18,-127.16,-4.6E-02));
#5638 = DIRECTION('',(-0.,-0.,-1.));
#5639 = DIRECTION('',(-0.,-1.,0.));
#5640 = ADVANCED_FACE('',(#5641),#5652,.F.);
#5641 = FACE_BOUND('',#5642,.T.);
#5642 = EDGE_LOOP('',(#5643,#5644,#5650,#5651));
#5643 = ORIENTED_EDGE('',*,*,#182,.T.);
#5644 = ORIENTED_EDGE('',*,*,#5645,.T.);
#5645 = EDGE_CURVE('',#183,#2903,#5646,.T.);
#5646 = LINE('',#5647,#5648);
#5647 = CARTESIAN_POINT('',(82.6,-120.7,-4.6E-02));
#5648 = VECTOR('',#5649,1.);
#5649 = DIRECTION('',(0.,0.,1.));
#5650 = ORIENTED_EDGE('',*,*,#2902,.F.);
#5651 = ORIENTED_EDGE('',*,*,#5645,.F.);
#5652 = CYLINDRICAL_SURFACE('',#5653,0.5);
#5653 = AXIS2_PLACEMENT_3D('',#5654,#5655,#5656);
#5654 = CARTESIAN_POINT('',(82.6,-120.2,-4.6E-02));
#5655 = DIRECTION('',(-0.,-0.,-1.));
#5656 = DIRECTION('',(-0.,-1.,0.));
#5657 = ADVANCED_FACE('',(#5658),#5669,.F.);
#5658 = FACE_BOUND('',#5659,.T.);
#5659 = EDGE_LOOP('',(#5660,#5661,#5667,#5668));
#5660 = ORIENTED_EDGE('',*,*,#193,.T.);
#5661 = ORIENTED_EDGE('',*,*,#5662,.T.);
#5662 = EDGE_CURVE('',#194,#2914,#5663,.T.);
#5663 = LINE('',#5664,#5665);
#5664 = CARTESIAN_POINT('',(87.757,-125.876,-4.6E-02));
#5665 = VECTOR('',#5666,1.);
#5666 = DIRECTION('',(0.,0.,1.));
#5667 = ORIENTED_EDGE('',*,*,#2913,.F.);
#5668 = ORIENTED_EDGE('',*,*,#5662,.F.);
#5669 = CYLINDRICAL_SURFACE('',#5670,0.4);
#5670 = AXIS2_PLACEMENT_3D('',#5671,#5672,#5673);
#5671 = CARTESIAN_POINT('',(87.757,-125.476,-4.6E-02));
#5672 = DIRECTION('',(-0.,-0.,-1.));
#5673 = DIRECTION('',(-0.,-1.,0.));
#5674 = ADVANCED_FACE('',(#5675),#5686,.F.);
#5675 = FACE_BOUND('',#5676,.T.);
#5676 = EDGE_LOOP('',(#5677,#5678,#5684,#5685));
#5677 = ORIENTED_EDGE('',*,*,#204,.T.);
#5678 = ORIENTED_EDGE('',*,*,#5679,.T.);
#5679 = EDGE_CURVE('',#205,#2925,#5680,.T.);
#5680 = LINE('',#5681,#5682);
#5681 = CARTESIAN_POINT('',(87.757,-122.32,-4.6E-02));
#5682 = VECTOR('',#5683,1.);
#5683 = DIRECTION('',(0.,0.,1.));
#5684 = ORIENTED_EDGE('',*,*,#2924,.F.);
#5685 = ORIENTED_EDGE('',*,*,#5679,.F.);
#5686 = CYLINDRICAL_SURFACE('',#5687,0.4);
#5687 = AXIS2_PLACEMENT_3D('',#5688,#5689,#5690);
#5688 = CARTESIAN_POINT('',(87.757,-121.92,-4.6E-02));
#5689 = DIRECTION('',(-0.,-0.,-1.));
#5690 = DIRECTION('',(-0.,-1.,0.));
#5691 = ADVANCED_FACE('',(#5692),#5703,.F.);
#5692 = FACE_BOUND('',#5693,.T.);
#5693 = EDGE_LOOP('',(#5694,#5695,#5701,#5702));
#5694 = ORIENTED_EDGE('',*,*,#215,.T.);
#5695 = ORIENTED_EDGE('',*,*,#5696,.T.);
#5696 = EDGE_CURVE('',#216,#2936,#5697,.T.);
#5697 = LINE('',#5698,#5699);
#5698 = CARTESIAN_POINT('',(79.76,-119.315,-4.6E-02));
#5699 = VECTOR('',#5700,1.);
#5700 = DIRECTION('',(0.,0.,1.));
#5701 = ORIENTED_EDGE('',*,*,#2935,.F.);
#5702 = ORIENTED_EDGE('',*,*,#5696,.F.);
#5703 = CYLINDRICAL_SURFACE('',#5704,0.5);
#5704 = AXIS2_PLACEMENT_3D('',#5705,#5706,#5707);
#5705 = CARTESIAN_POINT('',(79.76,-118.815,-4.6E-02));
#5706 = DIRECTION('',(-0.,-0.,-1.));
#5707 = DIRECTION('',(-0.,-1.,0.));
#5708 = ADVANCED_FACE('',(#5709),#5720,.F.);
#5709 = FACE_BOUND('',#5710,.T.);
#5710 = EDGE_LOOP('',(#5711,#5712,#5718,#5719));
#5711 = ORIENTED_EDGE('',*,*,#226,.T.);
#5712 = ORIENTED_EDGE('',*,*,#5713,.T.);
#5713 = EDGE_CURVE('',#227,#2947,#5714,.T.);
#5714 = LINE('',#5715,#5716);
#5715 = CARTESIAN_POINT('',(82.6,-117.93,-4.6E-02));
#5716 = VECTOR('',#5717,1.);
#5717 = DIRECTION('',(0.,0.,1.));
#5718 = ORIENTED_EDGE('',*,*,#2946,.F.);
#5719 = ORIENTED_EDGE('',*,*,#5713,.F.);
#5720 = CYLINDRICAL_SURFACE('',#5721,0.5);
#5721 = AXIS2_PLACEMENT_3D('',#5722,#5723,#5724);
#5722 = CARTESIAN_POINT('',(82.6,-117.43,-4.6E-02));
#5723 = DIRECTION('',(-0.,-0.,-1.));
#5724 = DIRECTION('',(-0.,-1.,0.));
#5725 = ADVANCED_FACE('',(#5726),#5737,.F.);
#5726 = FACE_BOUND('',#5727,.T.);
#5727 = EDGE_LOOP('',(#5728,#5729,#5735,#5736));
#5728 = ORIENTED_EDGE('',*,*,#237,.T.);
#5729 = ORIENTED_EDGE('',*,*,#5730,.T.);
#5730 = EDGE_CURVE('',#238,#2958,#5731,.T.);
#5731 = LINE('',#5732,#5733);
#5732 = CARTESIAN_POINT('',(79.76,-116.545,-4.6E-02));
#5733 = VECTOR('',#5734,1.);
#5734 = DIRECTION('',(0.,0.,1.));
#5735 = ORIENTED_EDGE('',*,*,#2957,.F.);
#5736 = ORIENTED_EDGE('',*,*,#5730,.F.);
#5737 = CYLINDRICAL_SURFACE('',#5738,0.5);
#5738 = AXIS2_PLACEMENT_3D('',#5739,#5740,#5741);
#5739 = CARTESIAN_POINT('',(79.76,-116.045,-4.6E-02));
#5740 = DIRECTION('',(-0.,-0.,-1.));
#5741 = DIRECTION('',(-0.,-1.,0.));
#5742 = ADVANCED_FACE('',(#5743),#5754,.F.);
#5743 = FACE_BOUND('',#5744,.T.);
#5744 = EDGE_LOOP('',(#5745,#5746,#5752,#5753));
#5745 = ORIENTED_EDGE('',*,*,#248,.T.);
#5746 = ORIENTED_EDGE('',*,*,#5747,.T.);
#5747 = EDGE_CURVE('',#249,#2969,#5748,.T.);
#5748 = LINE('',#5749,#5750);
#5749 = CARTESIAN_POINT('',(82.6,-115.16,-4.6E-02));
#5750 = VECTOR('',#5751,1.);
#5751 = DIRECTION('',(0.,0.,1.));
#5752 = ORIENTED_EDGE('',*,*,#2968,.F.);
#5753 = ORIENTED_EDGE('',*,*,#5747,.F.);
#5754 = CYLINDRICAL_SURFACE('',#5755,0.5);
#5755 = AXIS2_PLACEMENT_3D('',#5756,#5757,#5758);
#5756 = CARTESIAN_POINT('',(82.6,-114.66,-4.6E-02));
#5757 = DIRECTION('',(-0.,-0.,-1.));
#5758 = DIRECTION('',(-0.,-1.,0.));
#5759 = ADVANCED_FACE('',(#5760),#5771,.F.);
#5760 = FACE_BOUND('',#5761,.T.);
#5761 = EDGE_LOOP('',(#5762,#5763,#5769,#5770));
#5762 = ORIENTED_EDGE('',*,*,#259,.T.);
#5763 = ORIENTED_EDGE('',*,*,#5764,.T.);
#5764 = EDGE_CURVE('',#260,#2980,#5765,.T.);
#5765 = LINE('',#5766,#5767);
#5766 = CARTESIAN_POINT('',(87.63,-118.51,-4.6E-02));
#5767 = VECTOR('',#5768,1.);
#5768 = DIRECTION('',(0.,0.,1.));
#5769 = ORIENTED_EDGE('',*,*,#2979,.F.);
#5770 = ORIENTED_EDGE('',*,*,#5764,.F.);
#5771 = CYLINDRICAL_SURFACE('',#5772,0.4);
#5772 = AXIS2_PLACEMENT_3D('',#5773,#5774,#5775);
#5773 = CARTESIAN_POINT('',(87.63,-118.11,-4.6E-02));
#5774 = DIRECTION('',(-0.,-0.,-1.));
#5775 = DIRECTION('',(-0.,-1.,0.));
#5776 = ADVANCED_FACE('',(#5777),#5788,.F.);
#5777 = FACE_BOUND('',#5778,.T.);
#5778 = EDGE_LOOP('',(#5779,#5780,#5786,#5787));
#5779 = ORIENTED_EDGE('',*,*,#270,.T.);
#5780 = ORIENTED_EDGE('',*,*,#5781,.T.);
#5781 = EDGE_CURVE('',#271,#2991,#5782,.T.);
#5782 = LINE('',#5783,#5784);
#5783 = CARTESIAN_POINT('',(87.63,-114.954,-4.6E-02));
#5784 = VECTOR('',#5785,1.);
#5785 = DIRECTION('',(0.,0.,1.));
#5786 = ORIENTED_EDGE('',*,*,#2990,.F.);
#5787 = ORIENTED_EDGE('',*,*,#5781,.F.);
#5788 = CYLINDRICAL_SURFACE('',#5789,0.4);
#5789 = AXIS2_PLACEMENT_3D('',#5790,#5791,#5792);
#5790 = CARTESIAN_POINT('',(87.63,-114.554,-4.6E-02));
#5791 = DIRECTION('',(-0.,-0.,-1.));
#5792 = DIRECTION('',(-0.,-1.,0.));
#5793 = ADVANCED_FACE('',(#5794),#5805,.F.);
#5794 = FACE_BOUND('',#5795,.T.);
#5795 = EDGE_LOOP('',(#5796,#5797,#5803,#5804));
#5796 = ORIENTED_EDGE('',*,*,#281,.T.);
#5797 = ORIENTED_EDGE('',*,*,#5798,.T.);
#5798 = EDGE_CURVE('',#282,#3002,#5799,.T.);
#5799 = LINE('',#5800,#5801);
#5800 = CARTESIAN_POINT('',(97.917,-125.876,-4.6E-02));
#5801 = VECTOR('',#5802,1.);
#5802 = DIRECTION('',(0.,0.,1.));
#5803 = ORIENTED_EDGE('',*,*,#3001,.F.);
#5804 = ORIENTED_EDGE('',*,*,#5798,.F.);
#5805 = CYLINDRICAL_SURFACE('',#5806,0.4);
#5806 = AXIS2_PLACEMENT_3D('',#5807,#5808,#5809);
#5807 = CARTESIAN_POINT('',(97.917,-125.476,-4.6E-02));
#5808 = DIRECTION('',(-0.,-0.,-1.));
#5809 = DIRECTION('',(-0.,-1.,0.));
#5810 = ADVANCED_FACE('',(#5811),#5822,.F.);
#5811 = FACE_BOUND('',#5812,.T.);
#5812 = EDGE_LOOP('',(#5813,#5814,#5820,#5821));
#5813 = ORIENTED_EDGE('',*,*,#292,.T.);
#5814 = ORIENTED_EDGE('',*,*,#5815,.T.);
#5815 = EDGE_CURVE('',#293,#3013,#5816,.T.);
#5816 = LINE('',#5817,#5818);
#5817 = CARTESIAN_POINT('',(100.33,-125.495,-4.6E-02));
#5818 = VECTOR('',#5819,1.);
#5819 = DIRECTION('',(0.,0.,1.));
#5820 = ORIENTED_EDGE('',*,*,#3012,.F.);
#5821 = ORIENTED_EDGE('',*,*,#5815,.F.);
#5822 = CYLINDRICAL_SURFACE('',#5823,0.4);
#5823 = AXIS2_PLACEMENT_3D('',#5824,#5825,#5826);
#5824 = CARTESIAN_POINT('',(100.33,-125.095,-4.6E-02));
#5825 = DIRECTION('',(-0.,-0.,-1.));
#5826 = DIRECTION('',(-3.552713678801E-14,-1.,0.));
#5827 = ADVANCED_FACE('',(#5828),#5839,.F.);
#5828 = FACE_BOUND('',#5829,.T.);
#5829 = EDGE_LOOP('',(#5830,#5831,#5837,#5838));
#5830 = ORIENTED_EDGE('',*,*,#303,.T.);
#5831 = ORIENTED_EDGE('',*,*,#5832,.T.);
#5832 = EDGE_CURVE('',#304,#3024,#5833,.T.);
#5833 = LINE('',#5834,#5835);
#5834 = CARTESIAN_POINT('',(97.917,-122.32,-4.6E-02));
#5835 = VECTOR('',#5836,1.);
#5836 = DIRECTION('',(0.,0.,1.));
#5837 = ORIENTED_EDGE('',*,*,#3023,.F.);
#5838 = ORIENTED_EDGE('',*,*,#5832,.F.);
#5839 = CYLINDRICAL_SURFACE('',#5840,0.4);
#5840 = AXIS2_PLACEMENT_3D('',#5841,#5842,#5843);
#5841 = CARTESIAN_POINT('',(97.917,-121.92,-4.6E-02));
#5842 = DIRECTION('',(-0.,-0.,-1.));
#5843 = DIRECTION('',(-0.,-1.,0.));
#5844 = ADVANCED_FACE('',(#5845),#5856,.F.);
#5845 = FACE_BOUND('',#5846,.T.);
#5846 = EDGE_LOOP('',(#5847,#5848,#5854,#5855));
#5847 = ORIENTED_EDGE('',*,*,#314,.T.);
#5848 = ORIENTED_EDGE('',*,*,#5849,.T.);
#5849 = EDGE_CURVE('',#315,#3035,#5850,.T.);
#5850 = LINE('',#5851,#5852);
#5851 = CARTESIAN_POINT('',(100.33,-122.32,-4.6E-02));
#5852 = VECTOR('',#5853,1.);
#5853 = DIRECTION('',(0.,0.,1.));
#5854 = ORIENTED_EDGE('',*,*,#3034,.F.);
#5855 = ORIENTED_EDGE('',*,*,#5849,.F.);
#5856 = CYLINDRICAL_SURFACE('',#5857,0.4);
#5857 = AXIS2_PLACEMENT_3D('',#5858,#5859,#5860);
#5858 = CARTESIAN_POINT('',(100.33,-121.92,-4.6E-02));
#5859 = DIRECTION('',(-0.,-0.,-1.));
#5860 = DIRECTION('',(-3.552713678801E-14,-1.,0.));
#5861 = ADVANCED_FACE('',(#5862),#5873,.F.);
#5862 = FACE_BOUND('',#5863,.T.);
#5863 = EDGE_LOOP('',(#5864,#5865,#5871,#5872));
#5864 = ORIENTED_EDGE('',*,*,#325,.T.);
#5865 = ORIENTED_EDGE('',*,*,#5866,.T.);
#5866 = EDGE_CURVE('',#326,#3046,#5867,.T.);
#5867 = LINE('',#5868,#5869);
#5868 = CARTESIAN_POINT('',(107.95,-125.495,-4.6E-02));
#5869 = VECTOR('',#5870,1.);
#5870 = DIRECTION('',(0.,0.,1.));
#5871 = ORIENTED_EDGE('',*,*,#3045,.F.);
#5872 = ORIENTED_EDGE('',*,*,#5866,.F.);
#5873 = CYLINDRICAL_SURFACE('',#5874,0.4);
#5874 = AXIS2_PLACEMENT_3D('',#5875,#5876,#5877);
#5875 = CARTESIAN_POINT('',(107.95,-125.095,-4.6E-02));
#5876 = DIRECTION('',(-0.,0.,-1.));
#5877 = DIRECTION('',(3.5527136788E-14,-1.,-0.));
#5878 = ADVANCED_FACE('',(#5879),#5890,.F.);
#5879 = FACE_BOUND('',#5880,.T.);
#5880 = EDGE_LOOP('',(#5881,#5882,#5888,#5889));
#5881 = ORIENTED_EDGE('',*,*,#336,.T.);
#5882 = ORIENTED_EDGE('',*,*,#5883,.T.);
#5883 = EDGE_CURVE('',#337,#3057,#5884,.T.);
#5884 = LINE('',#5885,#5886);
#5885 = CARTESIAN_POINT('',(107.95,-122.32,-4.6E-02));
#5886 = VECTOR('',#5887,1.);
#5887 = DIRECTION('',(0.,0.,1.));
#5888 = ORIENTED_EDGE('',*,*,#3056,.F.);
#5889 = ORIENTED_EDGE('',*,*,#5883,.F.);
#5890 = CYLINDRICAL_SURFACE('',#5891,0.4);
#5891 = AXIS2_PLACEMENT_3D('',#5892,#5893,#5894);
#5892 = CARTESIAN_POINT('',(107.95,-121.92,-4.6E-02));
#5893 = DIRECTION('',(-0.,0.,-1.));
#5894 = DIRECTION('',(3.5527136788E-14,-1.,-0.));
#5895 = ADVANCED_FACE('',(#5896),#5907,.F.);
#5896 = FACE_BOUND('',#5897,.T.);
#5897 = EDGE_LOOP('',(#5898,#5899,#5905,#5906));
#5898 = ORIENTED_EDGE('',*,*,#347,.T.);
#5899 = ORIENTED_EDGE('',*,*,#5900,.T.);
#5900 = EDGE_CURVE('',#348,#3068,#5901,.T.);
#5901 = LINE('',#5902,#5903);
#5902 = CARTESIAN_POINT('',(97.79,-118.51,-4.6E-02));
#5903 = VECTOR('',#5904,1.);
#5904 = DIRECTION('',(0.,0.,1.));
#5905 = ORIENTED_EDGE('',*,*,#3067,.F.);
#5906 = ORIENTED_EDGE('',*,*,#5900,.F.);
#5907 = CYLINDRICAL_SURFACE('',#5908,0.4);
#5908 = AXIS2_PLACEMENT_3D('',#5909,#5910,#5911);
#5909 = CARTESIAN_POINT('',(97.79,-118.11,-4.6E-02));
#5910 = DIRECTION('',(-0.,0.,-1.));
#5911 = DIRECTION('',(3.5527136788E-14,-1.,-0.));
#5912 = ADVANCED_FACE('',(#5913),#5924,.F.);
#5913 = FACE_BOUND('',#5914,.T.);
#5914 = EDGE_LOOP('',(#5915,#5916,#5922,#5923));
#5915 = ORIENTED_EDGE('',*,*,#358,.T.);
#5916 = ORIENTED_EDGE('',*,*,#5917,.T.);
#5917 = EDGE_CURVE('',#359,#3079,#5918,.T.);
#5918 = LINE('',#5919,#5920);
#5919 = CARTESIAN_POINT('',(100.33,-118.637,-4.6E-02));
#5920 = VECTOR('',#5921,1.);
#5921 = DIRECTION('',(0.,0.,1.));
#5922 = ORIENTED_EDGE('',*,*,#3078,.F.);
#5923 = ORIENTED_EDGE('',*,*,#5917,.F.);
#5924 = CYLINDRICAL_SURFACE('',#5925,0.4);
#5925 = AXIS2_PLACEMENT_3D('',#5926,#5927,#5928);
#5926 = CARTESIAN_POINT('',(100.33,-118.237,-4.6E-02));
#5927 = DIRECTION('',(-0.,-0.,-1.));
#5928 = DIRECTION('',(-3.552713678801E-14,-1.,0.));
#5929 = ADVANCED_FACE('',(#5930),#5941,.F.);
#5930 = FACE_BOUND('',#5931,.T.);
#5931 = EDGE_LOOP('',(#5932,#5933,#5939,#5940));
#5932 = ORIENTED_EDGE('',*,*,#369,.T.);
#5933 = ORIENTED_EDGE('',*,*,#5934,.T.);
#5934 = EDGE_CURVE('',#370,#3090,#5935,.T.);
#5935 = LINE('',#5936,#5937);
#5936 = CARTESIAN_POINT('',(97.79,-114.954,-4.6E-02));
#5937 = VECTOR('',#5938,1.);
#5938 = DIRECTION('',(0.,0.,1.));
#5939 = ORIENTED_EDGE('',*,*,#3089,.F.);
#5940 = ORIENTED_EDGE('',*,*,#5934,.F.);
#5941 = CYLINDRICAL_SURFACE('',#5942,0.4);
#5942 = AXIS2_PLACEMENT_3D('',#5943,#5944,#5945);
#5943 = CARTESIAN_POINT('',(97.79,-114.554,-4.6E-02));
#5944 = DIRECTION('',(-0.,0.,-1.));
#5945 = DIRECTION('',(3.5527136788E-14,-1.,-0.));
#5946 = ADVANCED_FACE('',(#5947),#5958,.F.);
#5947 = FACE_BOUND('',#5948,.T.);
#5948 = EDGE_LOOP('',(#5949,#5950,#5956,#5957));
#5949 = ORIENTED_EDGE('',*,*,#380,.T.);
#5950 = ORIENTED_EDGE('',*,*,#5951,.T.);
#5951 = EDGE_CURVE('',#381,#3101,#5952,.T.);
#5952 = LINE('',#5953,#5954);
#5953 = CARTESIAN_POINT('',(100.33,-115.716,-4.6E-02));
#5954 = VECTOR('',#5955,1.);
#5955 = DIRECTION('',(0.,0.,1.));
#5956 = ORIENTED_EDGE('',*,*,#3100,.F.);
#5957 = ORIENTED_EDGE('',*,*,#5951,.F.);
#5958 = CYLINDRICAL_SURFACE('',#5959,0.4);
#5959 = AXIS2_PLACEMENT_3D('',#5960,#5961,#5962);
#5960 = CARTESIAN_POINT('',(100.33,-115.316,-4.6E-02));
#5961 = DIRECTION('',(-0.,-0.,-1.));
#5962 = DIRECTION('',(-3.552713678801E-14,-1.,0.));
#5963 = ADVANCED_FACE('',(#5964),#5975,.F.);
#5964 = FACE_BOUND('',#5965,.T.);
#5965 = EDGE_LOOP('',(#5966,#5967,#5973,#5974));
#5966 = ORIENTED_EDGE('',*,*,#391,.T.);
#5967 = ORIENTED_EDGE('',*,*,#5968,.T.);
#5968 = EDGE_CURVE('',#392,#3112,#5969,.T.);
#5969 = LINE('',#5970,#5971);
#5970 = CARTESIAN_POINT('',(107.95,-118.637,-4.6E-02));
#5971 = VECTOR('',#5972,1.);
#5972 = DIRECTION('',(0.,0.,1.));
#5973 = ORIENTED_EDGE('',*,*,#3111,.F.);
#5974 = ORIENTED_EDGE('',*,*,#5968,.F.);
#5975 = CYLINDRICAL_SURFACE('',#5976,0.4);
#5976 = AXIS2_PLACEMENT_3D('',#5977,#5978,#5979);
#5977 = CARTESIAN_POINT('',(107.95,-118.237,-4.6E-02));
#5978 = DIRECTION('',(-0.,0.,-1.));
#5979 = DIRECTION('',(3.5527136788E-14,-1.,-0.));
#5980 = ADVANCED_FACE('',(#5981),#5992,.F.);
#5981 = FACE_BOUND('',#5982,.T.);
#5982 = EDGE_LOOP('',(#5983,#5984,#5990,#5991));
#5983 = ORIENTED_EDGE('',*,*,#402,.T.);
#5984 = ORIENTED_EDGE('',*,*,#5985,.T.);
#5985 = EDGE_CURVE('',#403,#3123,#5986,.T.);
#5986 = LINE('',#5987,#5988);
#5987 = CARTESIAN_POINT('',(107.95,-115.716,-4.6E-02));
#5988 = VECTOR('',#5989,1.);
#5989 = DIRECTION('',(0.,0.,1.));
#5990 = ORIENTED_EDGE('',*,*,#3122,.F.);
#5991 = ORIENTED_EDGE('',*,*,#5985,.F.);
#5992 = CYLINDRICAL_SURFACE('',#5993,0.4);
#5993 = AXIS2_PLACEMENT_3D('',#5994,#5995,#5996);
#5994 = CARTESIAN_POINT('',(107.95,-115.316,-4.6E-02));
#5995 = DIRECTION('',(-0.,0.,-1.));
#5996 = DIRECTION('',(3.5527136788E-14,-1.,-0.));
#5997 = ADVANCED_FACE('',(#5998),#6009,.F.);
#5998 = FACE_BOUND('',#5999,.T.);
#5999 = EDGE_LOOP('',(#6000,#6001,#6007,#6008));
#6000 = ORIENTED_EDGE('',*,*,#413,.T.);
#6001 = ORIENTED_EDGE('',*,*,#6002,.T.);
#6002 = EDGE_CURVE('',#414,#3134,#6003,.T.);
#6003 = LINE('',#6004,#6005);
#6004 = CARTESIAN_POINT('',(115.57,-119.78,-4.6E-02));
#6005 = VECTOR('',#6006,1.);
#6006 = DIRECTION('',(0.,0.,1.));
#6007 = ORIENTED_EDGE('',*,*,#3133,.F.);
#6008 = ORIENTED_EDGE('',*,*,#6002,.F.);
#6009 = CYLINDRICAL_SURFACE('',#6010,0.4);
#6010 = AXIS2_PLACEMENT_3D('',#6011,#6012,#6013);
#6011 = CARTESIAN_POINT('',(115.57,-119.38,-4.6E-02));
#6012 = DIRECTION('',(-0.,-0.,-1.));
#6013 = DIRECTION('',(-0.,-1.,0.));
#6014 = ADVANCED_FACE('',(#6015),#6026,.F.);
#6015 = FACE_BOUND('',#6016,.T.);
#6016 = EDGE_LOOP('',(#6017,#6018,#6024,#6025));
#6017 = ORIENTED_EDGE('',*,*,#424,.T.);
#6018 = ORIENTED_EDGE('',*,*,#6019,.T.);
#6019 = EDGE_CURVE('',#425,#3145,#6020,.T.);
#6020 = LINE('',#6021,#6022);
#6021 = CARTESIAN_POINT('',(118.11,-119.78,-4.6E-02));
#6022 = VECTOR('',#6023,1.);
#6023 = DIRECTION('',(0.,0.,1.));
#6024 = ORIENTED_EDGE('',*,*,#3144,.F.);
#6025 = ORIENTED_EDGE('',*,*,#6019,.F.);
#6026 = CYLINDRICAL_SURFACE('',#6027,0.4);
#6027 = AXIS2_PLACEMENT_3D('',#6028,#6029,#6030);
#6028 = CARTESIAN_POINT('',(118.11,-119.38,-4.6E-02));
#6029 = DIRECTION('',(-0.,-0.,-1.));
#6030 = DIRECTION('',(-0.,-1.,0.));
#6031 = ADVANCED_FACE('',(#6032),#6043,.F.);
#6032 = FACE_BOUND('',#6033,.T.);
#6033 = EDGE_LOOP('',(#6034,#6035,#6041,#6042));
#6034 = ORIENTED_EDGE('',*,*,#435,.T.);
#6035 = ORIENTED_EDGE('',*,*,#6036,.T.);
#6036 = EDGE_CURVE('',#436,#3156,#6037,.T.);
#6037 = LINE('',#6038,#6039);
#6038 = CARTESIAN_POINT('',(120.65,-119.78,-4.6E-02));
#6039 = VECTOR('',#6040,1.);
#6040 = DIRECTION('',(0.,0.,1.));
#6041 = ORIENTED_EDGE('',*,*,#3155,.F.);
#6042 = ORIENTED_EDGE('',*,*,#6036,.F.);
#6043 = CYLINDRICAL_SURFACE('',#6044,0.4);
#6044 = AXIS2_PLACEMENT_3D('',#6045,#6046,#6047);
#6045 = CARTESIAN_POINT('',(120.65,-119.38,-4.6E-02));
#6046 = DIRECTION('',(-0.,-0.,-1.));
#6047 = DIRECTION('',(-0.,-1.,0.));
#6048 = ADVANCED_FACE('',(#6049),#6060,.F.);
#6049 = FACE_BOUND('',#6050,.T.);
#6050 = EDGE_LOOP('',(#6051,#6052,#6058,#6059));
#6051 = ORIENTED_EDGE('',*,*,#446,.T.);
#6052 = ORIENTED_EDGE('',*,*,#6053,.T.);
#6053 = EDGE_CURVE('',#447,#3167,#6054,.T.);
#6054 = LINE('',#6055,#6056);
#6055 = CARTESIAN_POINT('',(123.19,-119.78,-4.6E-02));
#6056 = VECTOR('',#6057,1.);
#6057 = DIRECTION('',(0.,0.,1.));
#6058 = ORIENTED_EDGE('',*,*,#3166,.F.);
#6059 = ORIENTED_EDGE('',*,*,#6053,.F.);
#6060 = CYLINDRICAL_SURFACE('',#6061,0.4);
#6061 = AXIS2_PLACEMENT_3D('',#6062,#6063,#6064);
#6062 = CARTESIAN_POINT('',(123.19,-119.38,-4.6E-02));
#6063 = DIRECTION('',(-0.,-0.,-1.));
#6064 = DIRECTION('',(-0.,-1.,0.));
#6065 = ADVANCED_FACE('',(#6066),#6077,.F.);
#6066 = FACE_BOUND('',#6067,.T.);
#6067 = EDGE_LOOP('',(#6068,#6069,#6075,#6076));
#6068 = ORIENTED_EDGE('',*,*,#457,.T.);
#6069 = ORIENTED_EDGE('',*,*,#6070,.T.);
#6070 = EDGE_CURVE('',#458,#3178,#6071,.T.);
#6071 = LINE('',#6072,#6073);
#6072 = CARTESIAN_POINT('',(125.73,-119.78,-4.6E-02));
#6073 = VECTOR('',#6074,1.);
#6074 = DIRECTION('',(0.,0.,1.));
#6075 = ORIENTED_EDGE('',*,*,#3177,.F.);
#6076 = ORIENTED_EDGE('',*,*,#6070,.F.);
#6077 = CYLINDRICAL_SURFACE('',#6078,0.4);
#6078 = AXIS2_PLACEMENT_3D('',#6079,#6080,#6081);
#6079 = CARTESIAN_POINT('',(125.73,-119.38,-4.6E-02));
#6080 = DIRECTION('',(-0.,0.,-1.));
#6081 = DIRECTION('',(3.5527136788E-14,-1.,-0.));
#6082 = ADVANCED_FACE('',(#6083),#6094,.F.);
#6083 = FACE_BOUND('',#6084,.T.);
#6084 = EDGE_LOOP('',(#6085,#6086,#6092,#6093));
#6085 = ORIENTED_EDGE('',*,*,#468,.T.);
#6086 = ORIENTED_EDGE('',*,*,#6087,.T.);
#6087 = EDGE_CURVE('',#469,#3189,#6088,.T.);
#6088 = LINE('',#6089,#6090);
#6089 = CARTESIAN_POINT('',(128.27,-119.78,-4.6E-02));
#6090 = VECTOR('',#6091,1.);
#6091 = DIRECTION('',(0.,0.,1.));
#6092 = ORIENTED_EDGE('',*,*,#3188,.F.);
#6093 = ORIENTED_EDGE('',*,*,#6087,.F.);
#6094 = CYLINDRICAL_SURFACE('',#6095,0.4);
#6095 = AXIS2_PLACEMENT_3D('',#6096,#6097,#6098);
#6096 = CARTESIAN_POINT('',(128.27,-119.38,-4.6E-02));
#6097 = DIRECTION('',(-0.,0.,-1.));
#6098 = DIRECTION('',(7.105427357601E-14,-1.,-0.));
#6099 = ADVANCED_FACE('',(#6100),#6111,.F.);
#6100 = FACE_BOUND('',#6101,.T.);
#6101 = EDGE_LOOP('',(#6102,#6103,#6109,#6110));
#6102 = ORIENTED_EDGE('',*,*,#479,.T.);
#6103 = ORIENTED_EDGE('',*,*,#6104,.T.);
#6104 = EDGE_CURVE('',#480,#3200,#6105,.T.);
#6105 = LINE('',#6106,#6107);
#6106 = CARTESIAN_POINT('',(130.81,-119.78,-4.6E-02));
#6107 = VECTOR('',#6108,1.);
#6108 = DIRECTION('',(0.,0.,1.));
#6109 = ORIENTED_EDGE('',*,*,#3199,.F.);
#6110 = ORIENTED_EDGE('',*,*,#6104,.F.);
#6111 = CYLINDRICAL_SURFACE('',#6112,0.4);
#6112 = AXIS2_PLACEMENT_3D('',#6113,#6114,#6115);
#6113 = CARTESIAN_POINT('',(130.81,-119.38,-4.6E-02));
#6114 = DIRECTION('',(-0.,-0.,-1.));
#6115 = DIRECTION('',(-0.,-1.,0.));
#6116 = ADVANCED_FACE('',(#6117),#6128,.F.);
#6117 = FACE_BOUND('',#6118,.T.);
#6118 = EDGE_LOOP('',(#6119,#6120,#6126,#6127));
#6119 = ORIENTED_EDGE('',*,*,#490,.T.);
#6120 = ORIENTED_EDGE('',*,*,#6121,.T.);
#6121 = EDGE_CURVE('',#491,#3211,#6122,.T.);
#6122 = LINE('',#6123,#6124);
#6123 = CARTESIAN_POINT('',(135.255,-122.32,-4.6E-02));
#6124 = VECTOR('',#6125,1.);
#6125 = DIRECTION('',(0.,0.,1.));
#6126 = ORIENTED_EDGE('',*,*,#3210,.F.);
#6127 = ORIENTED_EDGE('',*,*,#6121,.F.);
#6128 = CYLINDRICAL_SURFACE('',#6129,0.4);
#6129 = AXIS2_PLACEMENT_3D('',#6130,#6131,#6132);
#6130 = CARTESIAN_POINT('',(135.255,-121.92,-4.6E-02));
#6131 = DIRECTION('',(-0.,-0.,-1.));
#6132 = DIRECTION('',(-0.,-1.,0.));
#6133 = ADVANCED_FACE('',(#6134),#6145,.F.);
#6134 = FACE_BOUND('',#6135,.T.);
#6135 = EDGE_LOOP('',(#6136,#6137,#6143,#6144));
#6136 = ORIENTED_EDGE('',*,*,#501,.T.);
#6137 = ORIENTED_EDGE('',*,*,#6138,.T.);
#6138 = EDGE_CURVE('',#502,#3222,#6139,.T.);
#6139 = LINE('',#6140,#6141);
#6140 = CARTESIAN_POINT('',(140.335,-122.32,-4.6E-02));
#6141 = VECTOR('',#6142,1.);
#6142 = DIRECTION('',(0.,0.,1.));
#6143 = ORIENTED_EDGE('',*,*,#3221,.F.);
#6144 = ORIENTED_EDGE('',*,*,#6138,.F.);
#6145 = CYLINDRICAL_SURFACE('',#6146,0.4);
#6146 = AXIS2_PLACEMENT_3D('',#6147,#6148,#6149);
#6147 = CARTESIAN_POINT('',(140.335,-121.92,-4.6E-02));
#6148 = DIRECTION('',(-0.,-0.,-1.));
#6149 = DIRECTION('',(-0.,-1.,0.));
#6150 = ADVANCED_FACE('',(#6151),#6162,.F.);
#6151 = FACE_BOUND('',#6152,.T.);
#6152 = EDGE_LOOP('',(#6153,#6154,#6160,#6161));
#6153 = ORIENTED_EDGE('',*,*,#512,.T.);
#6154 = ORIENTED_EDGE('',*,*,#6155,.T.);
#6155 = EDGE_CURVE('',#513,#3233,#6156,.T.);
#6156 = LINE('',#6157,#6158);
#6157 = CARTESIAN_POINT('',(79.76,-113.775,-4.6E-02));
#6158 = VECTOR('',#6159,1.);
#6159 = DIRECTION('',(0.,0.,1.));
#6160 = ORIENTED_EDGE('',*,*,#3232,.F.);
#6161 = ORIENTED_EDGE('',*,*,#6155,.F.);
#6162 = CYLINDRICAL_SURFACE('',#6163,0.5);
#6163 = AXIS2_PLACEMENT_3D('',#6164,#6165,#6166);
#6164 = CARTESIAN_POINT('',(79.76,-113.275,-4.6E-02));
#6165 = DIRECTION('',(-0.,-0.,-1.));
#6166 = DIRECTION('',(-0.,-1.,0.));
#6167 = ADVANCED_FACE('',(#6168),#6179,.F.);
#6168 = FACE_BOUND('',#6169,.T.);
#6169 = EDGE_LOOP('',(#6170,#6171,#6177,#6178));
#6170 = ORIENTED_EDGE('',*,*,#523,.T.);
#6171 = ORIENTED_EDGE('',*,*,#6172,.T.);
#6172 = EDGE_CURVE('',#524,#3244,#6173,.T.);
#6173 = LINE('',#6174,#6175);
#6174 = CARTESIAN_POINT('',(82.6,-112.39,-4.6E-02));
#6175 = VECTOR('',#6176,1.);
#6176 = DIRECTION('',(0.,0.,1.));
#6177 = ORIENTED_EDGE('',*,*,#3243,.F.);
#6178 = ORIENTED_EDGE('',*,*,#6172,.F.);
#6179 = CYLINDRICAL_SURFACE('',#6180,0.5);
#6180 = AXIS2_PLACEMENT_3D('',#6181,#6182,#6183);
#6181 = CARTESIAN_POINT('',(82.6,-111.89,-4.6E-02));
#6182 = DIRECTION('',(-0.,-0.,-1.));
#6183 = DIRECTION('',(-0.,-1.,0.));
#6184 = ADVANCED_FACE('',(#6185),#6196,.F.);
#6185 = FACE_BOUND('',#6186,.T.);
#6186 = EDGE_LOOP('',(#6187,#6188,#6194,#6195));
#6187 = ORIENTED_EDGE('',*,*,#534,.T.);
#6188 = ORIENTED_EDGE('',*,*,#6189,.T.);
#6189 = EDGE_CURVE('',#535,#3255,#6190,.T.);
#6190 = LINE('',#6191,#6192);
#6191 = CARTESIAN_POINT('',(79.76,-111.005,-4.6E-02));
#6192 = VECTOR('',#6193,1.);
#6193 = DIRECTION('',(0.,0.,1.));
#6194 = ORIENTED_EDGE('',*,*,#3254,.F.);
#6195 = ORIENTED_EDGE('',*,*,#6189,.F.);
#6196 = CYLINDRICAL_SURFACE('',#6197,0.5);
#6197 = AXIS2_PLACEMENT_3D('',#6198,#6199,#6200);
#6198 = CARTESIAN_POINT('',(79.76,-110.505,-4.6E-02));
#6199 = DIRECTION('',(-0.,-0.,-1.));
#6200 = DIRECTION('',(-0.,-1.,0.));
#6201 = ADVANCED_FACE('',(#6202),#6213,.F.);
#6202 = FACE_BOUND('',#6203,.T.);
#6203 = EDGE_LOOP('',(#6204,#6205,#6211,#6212));
#6204 = ORIENTED_EDGE('',*,*,#545,.T.);
#6205 = ORIENTED_EDGE('',*,*,#6206,.T.);
#6206 = EDGE_CURVE('',#546,#3266,#6207,.T.);
#6207 = LINE('',#6208,#6209);
#6208 = CARTESIAN_POINT('',(82.6,-109.62,-4.6E-02));
#6209 = VECTOR('',#6210,1.);
#6210 = DIRECTION('',(0.,0.,1.));
#6211 = ORIENTED_EDGE('',*,*,#3265,.F.);
#6212 = ORIENTED_EDGE('',*,*,#6206,.F.);
#6213 = CYLINDRICAL_SURFACE('',#6214,0.5);
#6214 = AXIS2_PLACEMENT_3D('',#6215,#6216,#6217);
#6215 = CARTESIAN_POINT('',(82.6,-109.12,-4.6E-02));
#6216 = DIRECTION('',(-0.,-0.,-1.));
#6217 = DIRECTION('',(-0.,-1.,0.));
#6218 = ADVANCED_FACE('',(#6219),#6230,.F.);
#6219 = FACE_BOUND('',#6220,.T.);
#6220 = EDGE_LOOP('',(#6221,#6222,#6228,#6229));
#6221 = ORIENTED_EDGE('',*,*,#556,.T.);
#6222 = ORIENTED_EDGE('',*,*,#6223,.T.);
#6223 = EDGE_CURVE('',#557,#3277,#6224,.T.);
#6224 = LINE('',#6225,#6226);
#6225 = CARTESIAN_POINT('',(87.63,-111.525,-4.6E-02));
#6226 = VECTOR('',#6227,1.);
#6227 = DIRECTION('',(0.,0.,1.));
#6228 = ORIENTED_EDGE('',*,*,#3276,.F.);
#6229 = ORIENTED_EDGE('',*,*,#6223,.F.);
#6230 = CYLINDRICAL_SURFACE('',#6231,0.4);
#6231 = AXIS2_PLACEMENT_3D('',#6232,#6233,#6234);
#6232 = CARTESIAN_POINT('',(87.63,-111.125,-4.6E-02));
#6233 = DIRECTION('',(-0.,-0.,-1.));
#6234 = DIRECTION('',(-0.,-1.,0.));
#6235 = ADVANCED_FACE('',(#6236),#6247,.F.);
#6236 = FACE_BOUND('',#6237,.T.);
#6237 = EDGE_LOOP('',(#6238,#6239,#6245,#6246));
#6238 = ORIENTED_EDGE('',*,*,#567,.T.);
#6239 = ORIENTED_EDGE('',*,*,#6240,.T.);
#6240 = EDGE_CURVE('',#568,#3288,#6241,.T.);
#6241 = LINE('',#6242,#6243);
#6242 = CARTESIAN_POINT('',(81.18,-103.76,-4.6E-02));
#6243 = VECTOR('',#6244,1.);
#6244 = DIRECTION('',(0.,0.,1.));
#6245 = ORIENTED_EDGE('',*,*,#3287,.F.);
#6246 = ORIENTED_EDGE('',*,*,#6240,.F.);
#6247 = CYLINDRICAL_SURFACE('',#6248,1.6);
#6248 = AXIS2_PLACEMENT_3D('',#6249,#6250,#6251);
#6249 = CARTESIAN_POINT('',(81.18,-102.16,-4.6E-02));
#6250 = DIRECTION('',(-0.,-0.,-1.));
#6251 = DIRECTION('',(-0.,-1.,0.));
#6252 = ADVANCED_FACE('',(#6253),#6264,.F.);
#6253 = FACE_BOUND('',#6254,.T.);
#6254 = EDGE_LOOP('',(#6255,#6256,#6262,#6263));
#6255 = ORIENTED_EDGE('',*,*,#578,.T.);
#6256 = ORIENTED_EDGE('',*,*,#6257,.T.);
#6257 = EDGE_CURVE('',#579,#3299,#6258,.T.);
#6258 = LINE('',#6259,#6260);
#6259 = CARTESIAN_POINT('',(87.63,-108.223,-4.6E-02));
#6260 = VECTOR('',#6261,1.);
#6261 = DIRECTION('',(0.,0.,1.));
#6262 = ORIENTED_EDGE('',*,*,#3298,.F.);
#6263 = ORIENTED_EDGE('',*,*,#6257,.F.);
#6264 = CYLINDRICAL_SURFACE('',#6265,0.4);
#6265 = AXIS2_PLACEMENT_3D('',#6266,#6267,#6268);
#6266 = CARTESIAN_POINT('',(87.63,-107.823,-4.6E-02));
#6267 = DIRECTION('',(-0.,-0.,-1.));
#6268 = DIRECTION('',(-0.,-1.,0.));
#6269 = ADVANCED_FACE('',(#6270),#6281,.F.);
#6270 = FACE_BOUND('',#6271,.T.);
#6271 = EDGE_LOOP('',(#6272,#6273,#6279,#6280));
#6272 = ORIENTED_EDGE('',*,*,#589,.T.);
#6273 = ORIENTED_EDGE('',*,*,#6274,.T.);
#6274 = EDGE_CURVE('',#590,#3310,#6275,.T.);
#6275 = LINE('',#6276,#6277);
#6276 = CARTESIAN_POINT('',(97.79,-111.525,-4.6E-02));
#6277 = VECTOR('',#6278,1.);
#6278 = DIRECTION('',(0.,0.,1.));
#6279 = ORIENTED_EDGE('',*,*,#3309,.F.);
#6280 = ORIENTED_EDGE('',*,*,#6274,.F.);
#6281 = CYLINDRICAL_SURFACE('',#6282,0.4);
#6282 = AXIS2_PLACEMENT_3D('',#6283,#6284,#6285);
#6283 = CARTESIAN_POINT('',(97.79,-111.125,-4.6E-02));
#6284 = DIRECTION('',(-0.,0.,-1.));
#6285 = DIRECTION('',(3.5527136788E-14,-1.,-0.));
#6286 = ADVANCED_FACE('',(#6287),#6298,.F.);
#6287 = FACE_BOUND('',#6288,.T.);
#6288 = EDGE_LOOP('',(#6289,#6290,#6296,#6297));
#6289 = ORIENTED_EDGE('',*,*,#600,.T.);
#6290 = ORIENTED_EDGE('',*,*,#6291,.T.);
#6291 = EDGE_CURVE('',#601,#3321,#6292,.T.);
#6292 = LINE('',#6293,#6294);
#6293 = CARTESIAN_POINT('',(100.33,-112.287,-4.6E-02));
#6294 = VECTOR('',#6295,1.);
#6295 = DIRECTION('',(0.,0.,1.));
#6296 = ORIENTED_EDGE('',*,*,#3320,.F.);
#6297 = ORIENTED_EDGE('',*,*,#6291,.F.);
#6298 = CYLINDRICAL_SURFACE('',#6299,0.4);
#6299 = AXIS2_PLACEMENT_3D('',#6300,#6301,#6302);
#6300 = CARTESIAN_POINT('',(100.33,-111.887,-4.6E-02));
#6301 = DIRECTION('',(-0.,-0.,-1.));
#6302 = DIRECTION('',(-3.552713678801E-14,-1.,0.));
#6303 = ADVANCED_FACE('',(#6304),#6315,.F.);
#6304 = FACE_BOUND('',#6305,.T.);
#6305 = EDGE_LOOP('',(#6306,#6307,#6313,#6314));
#6306 = ORIENTED_EDGE('',*,*,#611,.T.);
#6307 = ORIENTED_EDGE('',*,*,#6308,.T.);
#6308 = EDGE_CURVE('',#612,#3332,#6309,.T.);
#6309 = LINE('',#6310,#6311);
#6310 = CARTESIAN_POINT('',(100.33,-108.985,-4.6E-02));
#6311 = VECTOR('',#6312,1.);
#6312 = DIRECTION('',(0.,0.,1.));
#6313 = ORIENTED_EDGE('',*,*,#3331,.F.);
#6314 = ORIENTED_EDGE('',*,*,#6308,.F.);
#6315 = CYLINDRICAL_SURFACE('',#6316,0.4);
#6316 = AXIS2_PLACEMENT_3D('',#6317,#6318,#6319);
#6317 = CARTESIAN_POINT('',(100.33,-108.585,-4.6E-02));
#6318 = DIRECTION('',(-0.,-0.,-1.));
#6319 = DIRECTION('',(-3.552713678801E-14,-1.,0.));
#6320 = ADVANCED_FACE('',(#6321),#6332,.F.);
#6321 = FACE_BOUND('',#6322,.T.);
#6322 = EDGE_LOOP('',(#6323,#6324,#6330,#6331));
#6323 = ORIENTED_EDGE('',*,*,#622,.T.);
#6324 = ORIENTED_EDGE('',*,*,#6325,.T.);
#6325 = EDGE_CURVE('',#623,#3343,#6326,.T.);
#6326 = LINE('',#6327,#6328);
#6327 = CARTESIAN_POINT('',(107.95,-112.287,-4.6E-02));
#6328 = VECTOR('',#6329,1.);
#6329 = DIRECTION('',(0.,0.,1.));
#6330 = ORIENTED_EDGE('',*,*,#3342,.F.);
#6331 = ORIENTED_EDGE('',*,*,#6325,.F.);
#6332 = CYLINDRICAL_SURFACE('',#6333,0.4);
#6333 = AXIS2_PLACEMENT_3D('',#6334,#6335,#6336);
#6334 = CARTESIAN_POINT('',(107.95,-111.887,-4.6E-02));
#6335 = DIRECTION('',(-0.,0.,-1.));
#6336 = DIRECTION('',(3.5527136788E-14,-1.,-0.));
#6337 = ADVANCED_FACE('',(#6338),#6349,.F.);
#6338 = FACE_BOUND('',#6339,.T.);
#6339 = EDGE_LOOP('',(#6340,#6341,#6347,#6348));
#6340 = ORIENTED_EDGE('',*,*,#633,.T.);
#6341 = ORIENTED_EDGE('',*,*,#6342,.T.);
#6342 = EDGE_CURVE('',#634,#3354,#6343,.T.);
#6343 = LINE('',#6344,#6345);
#6344 = CARTESIAN_POINT('',(107.95,-108.985,-4.6E-02));
#6345 = VECTOR('',#6346,1.);
#6346 = DIRECTION('',(0.,0.,1.));
#6347 = ORIENTED_EDGE('',*,*,#3353,.F.);
#6348 = ORIENTED_EDGE('',*,*,#6342,.F.);
#6349 = CYLINDRICAL_SURFACE('',#6350,0.4);
#6350 = AXIS2_PLACEMENT_3D('',#6351,#6352,#6353);
#6351 = CARTESIAN_POINT('',(107.95,-108.585,-4.6E-02));
#6352 = DIRECTION('',(-0.,0.,-1.));
#6353 = DIRECTION('',(3.5527136788E-14,-1.,-0.));
#6354 = ADVANCED_FACE('',(#6355),#6366,.F.);
#6355 = FACE_BOUND('',#6356,.T.);
#6356 = EDGE_LOOP('',(#6357,#6358,#6364,#6365));
#6357 = ORIENTED_EDGE('',*,*,#644,.T.);
#6358 = ORIENTED_EDGE('',*,*,#6359,.T.);
#6359 = EDGE_CURVE('',#645,#3365,#6360,.T.);
#6360 = LINE('',#6361,#6362);
#6361 = CARTESIAN_POINT('',(97.79,-108.223,-4.6E-02));
#6362 = VECTOR('',#6363,1.);
#6363 = DIRECTION('',(0.,0.,1.));
#6364 = ORIENTED_EDGE('',*,*,#3364,.F.);
#6365 = ORIENTED_EDGE('',*,*,#6359,.F.);
#6366 = CYLINDRICAL_SURFACE('',#6367,0.4);
#6367 = AXIS2_PLACEMENT_3D('',#6368,#6369,#6370);
#6368 = CARTESIAN_POINT('',(97.79,-107.823,-4.6E-02));
#6369 = DIRECTION('',(-0.,0.,-1.));
#6370 = DIRECTION('',(3.5527136788E-14,-1.,-0.));
#6371 = ADVANCED_FACE('',(#6372),#6383,.F.);
#6372 = FACE_BOUND('',#6373,.T.);
#6373 = EDGE_LOOP('',(#6374,#6375,#6381,#6382));
#6374 = ORIENTED_EDGE('',*,*,#655,.T.);
#6375 = ORIENTED_EDGE('',*,*,#6376,.T.);
#6376 = EDGE_CURVE('',#656,#3376,#6377,.T.);
#6377 = LINE('',#6378,#6379);
#6378 = CARTESIAN_POINT('',(115.57,-112.16,-4.6E-02));
#6379 = VECTOR('',#6380,1.);
#6380 = DIRECTION('',(0.,0.,1.));
#6381 = ORIENTED_EDGE('',*,*,#3375,.F.);
#6382 = ORIENTED_EDGE('',*,*,#6376,.F.);
#6383 = CYLINDRICAL_SURFACE('',#6384,0.4);
#6384 = AXIS2_PLACEMENT_3D('',#6385,#6386,#6387);
#6385 = CARTESIAN_POINT('',(115.57,-111.76,-4.6E-02));
#6386 = DIRECTION('',(-0.,-0.,-1.));
#6387 = DIRECTION('',(-0.,-1.,0.));
#6388 = ADVANCED_FACE('',(#6389),#6400,.F.);
#6389 = FACE_BOUND('',#6390,.T.);
#6390 = EDGE_LOOP('',(#6391,#6392,#6398,#6399));
#6391 = ORIENTED_EDGE('',*,*,#666,.T.);
#6392 = ORIENTED_EDGE('',*,*,#6393,.T.);
#6393 = EDGE_CURVE('',#667,#3387,#6394,.T.);
#6394 = LINE('',#6395,#6396);
#6395 = CARTESIAN_POINT('',(118.11,-112.16,-4.6E-02));
#6396 = VECTOR('',#6397,1.);
#6397 = DIRECTION('',(0.,0.,1.));
#6398 = ORIENTED_EDGE('',*,*,#3386,.F.);
#6399 = ORIENTED_EDGE('',*,*,#6393,.F.);
#6400 = CYLINDRICAL_SURFACE('',#6401,0.4);
#6401 = AXIS2_PLACEMENT_3D('',#6402,#6403,#6404);
#6402 = CARTESIAN_POINT('',(118.11,-111.76,-4.6E-02));
#6403 = DIRECTION('',(-0.,-0.,-1.));
#6404 = DIRECTION('',(-0.,-1.,0.));
#6405 = ADVANCED_FACE('',(#6406),#6417,.F.);
#6406 = FACE_BOUND('',#6407,.T.);
#6407 = EDGE_LOOP('',(#6408,#6409,#6415,#6416));
#6408 = ORIENTED_EDGE('',*,*,#677,.T.);
#6409 = ORIENTED_EDGE('',*,*,#6410,.T.);
#6410 = EDGE_CURVE('',#678,#3398,#6411,.T.);
#6411 = LINE('',#6412,#6413);
#6412 = CARTESIAN_POINT('',(120.65,-112.16,-4.6E-02));
#6413 = VECTOR('',#6414,1.);
#6414 = DIRECTION('',(0.,0.,1.));
#6415 = ORIENTED_EDGE('',*,*,#3397,.F.);
#6416 = ORIENTED_EDGE('',*,*,#6410,.F.);
#6417 = CYLINDRICAL_SURFACE('',#6418,0.4);
#6418 = AXIS2_PLACEMENT_3D('',#6419,#6420,#6421);
#6419 = CARTESIAN_POINT('',(120.65,-111.76,-4.6E-02));
#6420 = DIRECTION('',(-0.,-0.,-1.));
#6421 = DIRECTION('',(-0.,-1.,0.));
#6422 = ADVANCED_FACE('',(#6423),#6434,.F.);
#6423 = FACE_BOUND('',#6424,.T.);
#6424 = EDGE_LOOP('',(#6425,#6426,#6432,#6433));
#6425 = ORIENTED_EDGE('',*,*,#688,.T.);
#6426 = ORIENTED_EDGE('',*,*,#6427,.T.);
#6427 = EDGE_CURVE('',#689,#3409,#6428,.T.);
#6428 = LINE('',#6429,#6430);
#6429 = CARTESIAN_POINT('',(123.19,-112.16,-4.6E-02));
#6430 = VECTOR('',#6431,1.);
#6431 = DIRECTION('',(0.,0.,1.));
#6432 = ORIENTED_EDGE('',*,*,#3408,.F.);
#6433 = ORIENTED_EDGE('',*,*,#6427,.F.);
#6434 = CYLINDRICAL_SURFACE('',#6435,0.4);
#6435 = AXIS2_PLACEMENT_3D('',#6436,#6437,#6438);
#6436 = CARTESIAN_POINT('',(123.19,-111.76,-4.6E-02));
#6437 = DIRECTION('',(-0.,-0.,-1.));
#6438 = DIRECTION('',(-0.,-1.,0.));
#6439 = ADVANCED_FACE('',(#6440),#6451,.F.);
#6440 = FACE_BOUND('',#6441,.T.);
#6441 = EDGE_LOOP('',(#6442,#6443,#6449,#6450));
#6442 = ORIENTED_EDGE('',*,*,#699,.T.);
#6443 = ORIENTED_EDGE('',*,*,#6444,.T.);
#6444 = EDGE_CURVE('',#700,#3420,#6445,.T.);
#6445 = LINE('',#6446,#6447);
#6446 = CARTESIAN_POINT('',(125.73,-112.16,-4.6E-02));
#6447 = VECTOR('',#6448,1.);
#6448 = DIRECTION('',(0.,0.,1.));
#6449 = ORIENTED_EDGE('',*,*,#3419,.F.);
#6450 = ORIENTED_EDGE('',*,*,#6444,.F.);
#6451 = CYLINDRICAL_SURFACE('',#6452,0.4);
#6452 = AXIS2_PLACEMENT_3D('',#6453,#6454,#6455);
#6453 = CARTESIAN_POINT('',(125.73,-111.76,-4.6E-02));
#6454 = DIRECTION('',(-0.,0.,-1.));
#6455 = DIRECTION('',(3.5527136788E-14,-1.,-0.));
#6456 = ADVANCED_FACE('',(#6457),#6468,.F.);
#6457 = FACE_BOUND('',#6458,.T.);
#6458 = EDGE_LOOP('',(#6459,#6460,#6466,#6467));
#6459 = ORIENTED_EDGE('',*,*,#710,.T.);
#6460 = ORIENTED_EDGE('',*,*,#6461,.T.);
#6461 = EDGE_CURVE('',#711,#3431,#6462,.T.);
#6462 = LINE('',#6463,#6464);
#6463 = CARTESIAN_POINT('',(128.27,-112.16,-4.6E-02));
#6464 = VECTOR('',#6465,1.);
#6465 = DIRECTION('',(0.,0.,1.));
#6466 = ORIENTED_EDGE('',*,*,#3430,.F.);
#6467 = ORIENTED_EDGE('',*,*,#6461,.F.);
#6468 = CYLINDRICAL_SURFACE('',#6469,0.4);
#6469 = AXIS2_PLACEMENT_3D('',#6470,#6471,#6472);
#6470 = CARTESIAN_POINT('',(128.27,-111.76,-4.6E-02));
#6471 = DIRECTION('',(-0.,0.,-1.));
#6472 = DIRECTION('',(7.105427357601E-14,-1.,-0.));
#6473 = ADVANCED_FACE('',(#6474),#6485,.F.);
#6474 = FACE_BOUND('',#6475,.T.);
#6475 = EDGE_LOOP('',(#6476,#6477,#6483,#6484));
#6476 = ORIENTED_EDGE('',*,*,#721,.T.);
#6477 = ORIENTED_EDGE('',*,*,#6478,.T.);
#6478 = EDGE_CURVE('',#722,#3442,#6479,.T.);
#6479 = LINE('',#6480,#6481);
#6480 = CARTESIAN_POINT('',(130.81,-112.16,-4.6E-02));
#6481 = VECTOR('',#6482,1.);
#6482 = DIRECTION('',(0.,0.,1.));
#6483 = ORIENTED_EDGE('',*,*,#3441,.F.);
#6484 = ORIENTED_EDGE('',*,*,#6478,.F.);
#6485 = CYLINDRICAL_SURFACE('',#6486,0.4);
#6486 = AXIS2_PLACEMENT_3D('',#6487,#6488,#6489);
#6487 = CARTESIAN_POINT('',(130.81,-111.76,-4.6E-02));
#6488 = DIRECTION('',(-0.,-0.,-1.));
#6489 = DIRECTION('',(-0.,-1.,0.));
#6490 = ADVANCED_FACE('',(#6491),#6502,.F.);
#6491 = FACE_BOUND('',#6492,.T.);
#6492 = EDGE_LOOP('',(#6493,#6494,#6500,#6501));
#6493 = ORIENTED_EDGE('',*,*,#732,.T.);
#6494 = ORIENTED_EDGE('',*,*,#6495,.T.);
#6495 = EDGE_CURVE('',#733,#3453,#6496,.T.);
#6496 = LINE('',#6497,#6498);
#6497 = CARTESIAN_POINT('',(135.255,-112.16,-4.6E-02));
#6498 = VECTOR('',#6499,1.);
#6499 = DIRECTION('',(0.,0.,1.));
#6500 = ORIENTED_EDGE('',*,*,#3452,.F.);
#6501 = ORIENTED_EDGE('',*,*,#6495,.F.);
#6502 = CYLINDRICAL_SURFACE('',#6503,0.4);
#6503 = AXIS2_PLACEMENT_3D('',#6504,#6505,#6506);
#6504 = CARTESIAN_POINT('',(135.255,-111.76,-4.6E-02));
#6505 = DIRECTION('',(-0.,-0.,-1.));
#6506 = DIRECTION('',(-0.,-1.,0.));
#6507 = ADVANCED_FACE('',(#6508),#6519,.F.);
#6508 = FACE_BOUND('',#6509,.T.);
#6509 = EDGE_LOOP('',(#6510,#6511,#6517,#6518));
#6510 = ORIENTED_EDGE('',*,*,#743,.T.);
#6511 = ORIENTED_EDGE('',*,*,#6512,.T.);
#6512 = EDGE_CURVE('',#744,#3464,#6513,.T.);
#6513 = LINE('',#6514,#6515);
#6514 = CARTESIAN_POINT('',(140.335,-112.16,-4.6E-02));
#6515 = VECTOR('',#6516,1.);
#6516 = DIRECTION('',(0.,0.,1.));
#6517 = ORIENTED_EDGE('',*,*,#3463,.F.);
#6518 = ORIENTED_EDGE('',*,*,#6512,.F.);
#6519 = CYLINDRICAL_SURFACE('',#6520,0.4);
#6520 = AXIS2_PLACEMENT_3D('',#6521,#6522,#6523);
#6521 = CARTESIAN_POINT('',(140.335,-111.76,-4.6E-02));
#6522 = DIRECTION('',(-0.,-0.,-1.));
#6523 = DIRECTION('',(-0.,-1.,0.));
#6524 = ADVANCED_FACE('',(#6525),#6536,.F.);
#6525 = FACE_BOUND('',#6526,.T.);
#6526 = EDGE_LOOP('',(#6527,#6528,#6534,#6535));
#6527 = ORIENTED_EDGE('',*,*,#754,.T.);
#6528 = ORIENTED_EDGE('',*,*,#6529,.T.);
#6529 = EDGE_CURVE('',#755,#3475,#6530,.T.);
#6530 = LINE('',#6531,#6532);
#6531 = CARTESIAN_POINT('',(134.62,-102.635,-4.6E-02));
#6532 = VECTOR('',#6533,1.);
#6533 = DIRECTION('',(0.,0.,1.));
#6534 = ORIENTED_EDGE('',*,*,#3474,.F.);
#6535 = ORIENTED_EDGE('',*,*,#6529,.F.);
#6536 = CYLINDRICAL_SURFACE('',#6537,0.4);
#6537 = AXIS2_PLACEMENT_3D('',#6538,#6539,#6540);
#6538 = CARTESIAN_POINT('',(134.62,-102.235,-4.6E-02));
#6539 = DIRECTION('',(-0.,-0.,-1.));
#6540 = DIRECTION('',(-0.,-1.,0.));
#6541 = ADVANCED_FACE('',(#6542),#6553,.F.);
#6542 = FACE_BOUND('',#6543,.T.);
#6543 = EDGE_LOOP('',(#6544,#6545,#6551,#6552));
#6544 = ORIENTED_EDGE('',*,*,#765,.T.);
#6545 = ORIENTED_EDGE('',*,*,#6546,.T.);
#6546 = EDGE_CURVE('',#766,#3486,#6547,.T.);
#6547 = LINE('',#6548,#6549);
#6548 = CARTESIAN_POINT('',(144.78,-102.635,-4.6E-02));
#6549 = VECTOR('',#6550,1.);
#6550 = DIRECTION('',(0.,0.,1.));
#6551 = ORIENTED_EDGE('',*,*,#3485,.F.);
#6552 = ORIENTED_EDGE('',*,*,#6546,.F.);
#6553 = CYLINDRICAL_SURFACE('',#6554,0.4);
#6554 = AXIS2_PLACEMENT_3D('',#6555,#6556,#6557);
#6555 = CARTESIAN_POINT('',(144.78,-102.235,-4.6E-02));
#6556 = DIRECTION('',(-0.,-0.,-1.));
#6557 = DIRECTION('',(-0.,-1.,0.));
#6558 = ADVANCED_FACE('',(#6559),#6570,.F.);
#6559 = FACE_BOUND('',#6560,.T.);
#6560 = EDGE_LOOP('',(#6561,#6562,#6568,#6569));
#6561 = ORIENTED_EDGE('',*,*,#776,.T.);
#6562 = ORIENTED_EDGE('',*,*,#6563,.T.);
#6563 = EDGE_CURVE('',#777,#3497,#6564,.T.);
#6564 = LINE('',#6565,#6566);
#6565 = CARTESIAN_POINT('',(147.955,-102.635,-4.6E-02));
#6566 = VECTOR('',#6567,1.);
#6567 = DIRECTION('',(0.,0.,1.));
#6568 = ORIENTED_EDGE('',*,*,#3496,.F.);
#6569 = ORIENTED_EDGE('',*,*,#6563,.F.);
#6570 = CYLINDRICAL_SURFACE('',#6571,0.4);
#6571 = AXIS2_PLACEMENT_3D('',#6572,#6573,#6574);
#6572 = CARTESIAN_POINT('',(147.955,-102.235,-4.6E-02));
#6573 = DIRECTION('',(-0.,0.,-1.));
#6574 = DIRECTION('',(7.105427357601E-14,-1.,-0.));
#6575 = ADVANCED_FACE('',(#6576),#6587,.F.);
#6576 = FACE_BOUND('',#6577,.T.);
#6577 = EDGE_LOOP('',(#6578,#6579,#6585,#6586));
#6578 = ORIENTED_EDGE('',*,*,#787,.T.);
#6579 = ORIENTED_EDGE('',*,*,#6580,.T.);
#6580 = EDGE_CURVE('',#788,#3508,#6581,.T.);
#6581 = LINE('',#6582,#6583);
#6582 = CARTESIAN_POINT('',(127.635,-91.44,-4.6E-02));
#6583 = VECTOR('',#6584,1.);
#6584 = DIRECTION('',(0.,0.,1.));
#6585 = ORIENTED_EDGE('',*,*,#3507,.F.);
#6586 = ORIENTED_EDGE('',*,*,#6580,.F.);
#6587 = CYLINDRICAL_SURFACE('',#6588,0.635);
#6588 = AXIS2_PLACEMENT_3D('',#6589,#6590,#6591);
#6589 = CARTESIAN_POINT('',(127.635,-90.805,-4.6E-02));
#6590 = DIRECTION('',(-0.,-0.,-1.));
#6591 = DIRECTION('',(-0.,-1.,0.));
#6592 = ADVANCED_FACE('',(#6593),#6604,.F.);
#6593 = FACE_BOUND('',#6594,.T.);
#6594 = EDGE_LOOP('',(#6595,#6596,#6602,#6603));
#6595 = ORIENTED_EDGE('',*,*,#798,.T.);
#6596 = ORIENTED_EDGE('',*,*,#6597,.T.);
#6597 = EDGE_CURVE('',#799,#3519,#6598,.T.);
#6598 = LINE('',#6599,#6600);
#6599 = CARTESIAN_POINT('',(142.24,-98.165,-4.6E-02));
#6600 = VECTOR('',#6601,1.);
#6601 = DIRECTION('',(0.,0.,1.));
#6602 = ORIENTED_EDGE('',*,*,#3518,.F.);
#6603 = ORIENTED_EDGE('',*,*,#6597,.F.);
#6604 = CYLINDRICAL_SURFACE('',#6605,0.375);
#6605 = AXIS2_PLACEMENT_3D('',#6606,#6607,#6608);
#6606 = CARTESIAN_POINT('',(142.24,-97.79,-4.6E-02));
#6607 = DIRECTION('',(-0.,-0.,-1.));
#6608 = DIRECTION('',(-0.,-1.,0.));
#6609 = ADVANCED_FACE('',(#6610),#6621,.F.);
#6610 = FACE_BOUND('',#6611,.T.);
#6611 = EDGE_LOOP('',(#6612,#6613,#6619,#6620));
#6612 = ORIENTED_EDGE('',*,*,#809,.T.);
#6613 = ORIENTED_EDGE('',*,*,#6614,.T.);
#6614 = EDGE_CURVE('',#810,#3530,#6615,.T.);
#6615 = LINE('',#6616,#6617);
#6616 = CARTESIAN_POINT('',(143.51,-96.895,-4.6E-02));
#6617 = VECTOR('',#6618,1.);
#6618 = DIRECTION('',(0.,0.,1.));
#6619 = ORIENTED_EDGE('',*,*,#3529,.F.);
#6620 = ORIENTED_EDGE('',*,*,#6614,.F.);
#6621 = CYLINDRICAL_SURFACE('',#6622,0.375);
#6622 = AXIS2_PLACEMENT_3D('',#6623,#6624,#6625);
#6623 = CARTESIAN_POINT('',(143.51,-96.52,-4.6E-02));
#6624 = DIRECTION('',(-0.,-0.,-1.));
#6625 = DIRECTION('',(-0.,-1.,0.));
#6626 = ADVANCED_FACE('',(#6627),#6638,.F.);
#6627 = FACE_BOUND('',#6628,.T.);
#6628 = EDGE_LOOP('',(#6629,#6630,#6636,#6637));
#6629 = ORIENTED_EDGE('',*,*,#820,.T.);
#6630 = ORIENTED_EDGE('',*,*,#6631,.T.);
#6631 = EDGE_CURVE('',#821,#3541,#6632,.T.);
#6632 = LINE('',#6633,#6634);
#6633 = CARTESIAN_POINT('',(144.78,-98.165,-4.6E-02));
#6634 = VECTOR('',#6635,1.);
#6635 = DIRECTION('',(0.,0.,1.));
#6636 = ORIENTED_EDGE('',*,*,#3540,.F.);
#6637 = ORIENTED_EDGE('',*,*,#6631,.F.);
#6638 = CYLINDRICAL_SURFACE('',#6639,0.375);
#6639 = AXIS2_PLACEMENT_3D('',#6640,#6641,#6642);
#6640 = CARTESIAN_POINT('',(144.78,-97.79,-4.6E-02));
#6641 = DIRECTION('',(-0.,-0.,-1.));
#6642 = DIRECTION('',(-0.,-1.,0.));
#6643 = ADVANCED_FACE('',(#6644),#6655,.F.);
#6644 = FACE_BOUND('',#6645,.T.);
#6645 = EDGE_LOOP('',(#6646,#6647,#6653,#6654));
#6646 = ORIENTED_EDGE('',*,*,#831,.T.);
#6647 = ORIENTED_EDGE('',*,*,#6648,.T.);
#6648 = EDGE_CURVE('',#832,#3552,#6649,.T.);
#6649 = LINE('',#6650,#6651);
#6650 = CARTESIAN_POINT('',(139.065,-91.459,-4.6E-02));
#6651 = VECTOR('',#6652,1.);
#6652 = DIRECTION('',(0.,0.,1.));
#6653 = ORIENTED_EDGE('',*,*,#3551,.F.);
#6654 = ORIENTED_EDGE('',*,*,#6648,.F.);
#6655 = CYLINDRICAL_SURFACE('',#6656,0.4);
#6656 = AXIS2_PLACEMENT_3D('',#6657,#6658,#6659);
#6657 = CARTESIAN_POINT('',(139.065,-91.059,-4.6E-02));
#6658 = DIRECTION('',(-0.,-0.,-1.));
#6659 = DIRECTION('',(-0.,-1.,0.));
#6660 = ADVANCED_FACE('',(#6661),#6672,.F.);
#6661 = FACE_BOUND('',#6662,.T.);
#6662 = EDGE_LOOP('',(#6663,#6664,#6670,#6671));
#6663 = ORIENTED_EDGE('',*,*,#842,.T.);
#6664 = ORIENTED_EDGE('',*,*,#6665,.T.);
#6665 = EDGE_CURVE('',#843,#3563,#6666,.T.);
#6666 = LINE('',#6667,#6668);
#6667 = CARTESIAN_POINT('',(149.225,-91.459,-4.6E-02));
#6668 = VECTOR('',#6669,1.);
#6669 = DIRECTION('',(0.,0.,1.));
#6670 = ORIENTED_EDGE('',*,*,#3562,.F.);
#6671 = ORIENTED_EDGE('',*,*,#6665,.F.);
#6672 = CYLINDRICAL_SURFACE('',#6673,0.4);
#6673 = AXIS2_PLACEMENT_3D('',#6674,#6675,#6676);
#6674 = CARTESIAN_POINT('',(149.225,-91.059,-4.6E-02));
#6675 = DIRECTION('',(-0.,-0.,-1.));
#6676 = DIRECTION('',(-0.,-1.,0.));
#6677 = ADVANCED_FACE('',(#6678),#6689,.F.);
#6678 = FACE_BOUND('',#6679,.T.);
#6679 = EDGE_LOOP('',(#6680,#6681,#6687,#6688));
#6680 = ORIENTED_EDGE('',*,*,#853,.T.);
#6681 = ORIENTED_EDGE('',*,*,#6682,.T.);
#6682 = EDGE_CURVE('',#854,#3574,#6683,.T.);
#6683 = LINE('',#6684,#6685);
#6684 = CARTESIAN_POINT('',(158.75,-138.04,-4.6E-02));
#6685 = VECTOR('',#6686,1.);
#6686 = DIRECTION('',(0.,0.,1.));
#6687 = ORIENTED_EDGE('',*,*,#3573,.F.);
#6688 = ORIENTED_EDGE('',*,*,#6682,.F.);
#6689 = CYLINDRICAL_SURFACE('',#6690,2.15);
#6690 = AXIS2_PLACEMENT_3D('',#6691,#6692,#6693);
#6691 = CARTESIAN_POINT('',(158.75,-135.89,-4.6E-02));
#6692 = DIRECTION('',(-0.,-0.,-1.));
#6693 = DIRECTION('',(-0.,-1.,0.));
#6694 = ADVANCED_FACE('',(#6695),#6706,.F.);
#6695 = FACE_BOUND('',#6696,.T.);
#6696 = EDGE_LOOP('',(#6697,#6698,#6704,#6705));
#6697 = ORIENTED_EDGE('',*,*,#864,.T.);
#6698 = ORIENTED_EDGE('',*,*,#6699,.T.);
#6699 = EDGE_CURVE('',#865,#3585,#6700,.T.);
#6700 = LINE('',#6701,#6702);
#6701 = CARTESIAN_POINT('',(179.07,-128.67,-4.6E-02));
#6702 = VECTOR('',#6703,1.);
#6703 = DIRECTION('',(0.,0.,1.));
#6704 = ORIENTED_EDGE('',*,*,#3584,.F.);
#6705 = ORIENTED_EDGE('',*,*,#6699,.F.);
#6706 = CYLINDRICAL_SURFACE('',#6707,0.4);
#6707 = AXIS2_PLACEMENT_3D('',#6708,#6709,#6710);
#6708 = CARTESIAN_POINT('',(179.07,-128.27,-4.6E-02));
#6709 = DIRECTION('',(-0.,-0.,-1.));
#6710 = DIRECTION('',(-0.,-1.,0.));
#6711 = ADVANCED_FACE('',(#6712),#6723,.F.);
#6712 = FACE_BOUND('',#6713,.T.);
#6713 = EDGE_LOOP('',(#6714,#6715,#6721,#6722));
#6714 = ORIENTED_EDGE('',*,*,#875,.T.);
#6715 = ORIENTED_EDGE('',*,*,#6716,.T.);
#6716 = EDGE_CURVE('',#876,#3596,#6717,.T.);
#6717 = LINE('',#6718,#6719);
#6718 = CARTESIAN_POINT('',(186.69,-128.67,-4.6E-02));
#6719 = VECTOR('',#6720,1.);
#6720 = DIRECTION('',(0.,0.,1.));
#6721 = ORIENTED_EDGE('',*,*,#3595,.F.);
#6722 = ORIENTED_EDGE('',*,*,#6716,.F.);
#6723 = CYLINDRICAL_SURFACE('',#6724,0.4);
#6724 = AXIS2_PLACEMENT_3D('',#6725,#6726,#6727);
#6725 = CARTESIAN_POINT('',(186.69,-128.27,-4.6E-02));
#6726 = DIRECTION('',(-0.,-0.,-1.));
#6727 = DIRECTION('',(-0.,-1.,0.));
#6728 = ADVANCED_FACE('',(#6729),#6740,.F.);
#6729 = FACE_BOUND('',#6730,.T.);
#6730 = EDGE_LOOP('',(#6731,#6732,#6738,#6739));
#6731 = ORIENTED_EDGE('',*,*,#886,.T.);
#6732 = ORIENTED_EDGE('',*,*,#6733,.T.);
#6733 = EDGE_CURVE('',#887,#3607,#6734,.T.);
#6734 = LINE('',#6735,#6736);
#6735 = CARTESIAN_POINT('',(179.07,-126.13,-4.6E-02));
#6736 = VECTOR('',#6737,1.);
#6737 = DIRECTION('',(0.,0.,1.));
#6738 = ORIENTED_EDGE('',*,*,#3606,.F.);
#6739 = ORIENTED_EDGE('',*,*,#6733,.F.);
#6740 = CYLINDRICAL_SURFACE('',#6741,0.4);
#6741 = AXIS2_PLACEMENT_3D('',#6742,#6743,#6744);
#6742 = CARTESIAN_POINT('',(179.07,-125.73,-4.6E-02));
#6743 = DIRECTION('',(-0.,-0.,-1.));
#6744 = DIRECTION('',(-0.,-1.,0.));
#6745 = ADVANCED_FACE('',(#6746),#6757,.F.);
#6746 = FACE_BOUND('',#6747,.T.);
#6747 = EDGE_LOOP('',(#6748,#6749,#6755,#6756));
#6748 = ORIENTED_EDGE('',*,*,#897,.T.);
#6749 = ORIENTED_EDGE('',*,*,#6750,.T.);
#6750 = EDGE_CURVE('',#898,#3618,#6751,.T.);
#6751 = LINE('',#6752,#6753);
#6752 = CARTESIAN_POINT('',(179.07,-123.59,-4.6E-02));
#6753 = VECTOR('',#6754,1.);
#6754 = DIRECTION('',(0.,0.,1.));
#6755 = ORIENTED_EDGE('',*,*,#3617,.F.);
#6756 = ORIENTED_EDGE('',*,*,#6750,.F.);
#6757 = CYLINDRICAL_SURFACE('',#6758,0.4);
#6758 = AXIS2_PLACEMENT_3D('',#6759,#6760,#6761);
#6759 = CARTESIAN_POINT('',(179.07,-123.19,-4.6E-02));
#6760 = DIRECTION('',(-0.,-0.,-1.));
#6761 = DIRECTION('',(-0.,-1.,0.));
#6762 = ADVANCED_FACE('',(#6763),#6774,.F.);
#6763 = FACE_BOUND('',#6764,.T.);
#6764 = EDGE_LOOP('',(#6765,#6766,#6772,#6773));
#6765 = ORIENTED_EDGE('',*,*,#908,.T.);
#6766 = ORIENTED_EDGE('',*,*,#6767,.T.);
#6767 = EDGE_CURVE('',#909,#3629,#6768,.T.);
#6768 = LINE('',#6769,#6770);
#6769 = CARTESIAN_POINT('',(179.07,-121.05,-4.6E-02));
#6770 = VECTOR('',#6771,1.);
#6771 = DIRECTION('',(0.,0.,1.));
#6772 = ORIENTED_EDGE('',*,*,#3628,.F.);
#6773 = ORIENTED_EDGE('',*,*,#6767,.F.);
#6774 = CYLINDRICAL_SURFACE('',#6775,0.4);
#6775 = AXIS2_PLACEMENT_3D('',#6776,#6777,#6778);
#6776 = CARTESIAN_POINT('',(179.07,-120.65,-4.6E-02));
#6777 = DIRECTION('',(-0.,-0.,-1.));
#6778 = DIRECTION('',(-0.,-1.,0.));
#6779 = ADVANCED_FACE('',(#6780),#6791,.F.);
#6780 = FACE_BOUND('',#6781,.T.);
#6781 = EDGE_LOOP('',(#6782,#6783,#6789,#6790));
#6782 = ORIENTED_EDGE('',*,*,#919,.T.);
#6783 = ORIENTED_EDGE('',*,*,#6784,.T.);
#6784 = EDGE_CURVE('',#920,#3640,#6785,.T.);
#6785 = LINE('',#6786,#6787);
#6786 = CARTESIAN_POINT('',(186.69,-126.13,-4.6E-02));
#6787 = VECTOR('',#6788,1.);
#6788 = DIRECTION('',(0.,0.,1.));
#6789 = ORIENTED_EDGE('',*,*,#3639,.F.);
#6790 = ORIENTED_EDGE('',*,*,#6784,.F.);
#6791 = CYLINDRICAL_SURFACE('',#6792,0.4);
#6792 = AXIS2_PLACEMENT_3D('',#6793,#6794,#6795);
#6793 = CARTESIAN_POINT('',(186.69,-125.73,-4.6E-02));
#6794 = DIRECTION('',(-0.,-0.,-1.));
#6795 = DIRECTION('',(-0.,-1.,0.));
#6796 = ADVANCED_FACE('',(#6797),#6808,.F.);
#6797 = FACE_BOUND('',#6798,.T.);
#6798 = EDGE_LOOP('',(#6799,#6800,#6806,#6807));
#6799 = ORIENTED_EDGE('',*,*,#930,.T.);
#6800 = ORIENTED_EDGE('',*,*,#6801,.T.);
#6801 = EDGE_CURVE('',#931,#3651,#6802,.T.);
#6802 = LINE('',#6803,#6804);
#6803 = CARTESIAN_POINT('',(186.69,-123.59,-4.6E-02));
#6804 = VECTOR('',#6805,1.);
#6805 = DIRECTION('',(0.,0.,1.));
#6806 = ORIENTED_EDGE('',*,*,#3650,.F.);
#6807 = ORIENTED_EDGE('',*,*,#6801,.F.);
#6808 = CYLINDRICAL_SURFACE('',#6809,0.4);
#6809 = AXIS2_PLACEMENT_3D('',#6810,#6811,#6812);
#6810 = CARTESIAN_POINT('',(186.69,-123.19,-4.6E-02));
#6811 = DIRECTION('',(-0.,-0.,-1.));
#6812 = DIRECTION('',(-0.,-1.,0.));
#6813 = ADVANCED_FACE('',(#6814),#6825,.F.);
#6814 = FACE_BOUND('',#6815,.T.);
#6815 = EDGE_LOOP('',(#6816,#6817,#6823,#6824));
#6816 = ORIENTED_EDGE('',*,*,#941,.T.);
#6817 = ORIENTED_EDGE('',*,*,#6818,.T.);
#6818 = EDGE_CURVE('',#942,#3662,#6819,.T.);
#6819 = LINE('',#6820,#6821);
#6820 = CARTESIAN_POINT('',(186.69,-121.05,-4.6E-02));
#6821 = VECTOR('',#6822,1.);
#6822 = DIRECTION('',(0.,0.,1.));
#6823 = ORIENTED_EDGE('',*,*,#3661,.F.);
#6824 = ORIENTED_EDGE('',*,*,#6818,.F.);
#6825 = CYLINDRICAL_SURFACE('',#6826,0.4);
#6826 = AXIS2_PLACEMENT_3D('',#6827,#6828,#6829);
#6827 = CARTESIAN_POINT('',(186.69,-120.65,-4.6E-02));
#6828 = DIRECTION('',(-0.,-0.,-1.));
#6829 = DIRECTION('',(-0.,-1.,0.));
#6830 = ADVANCED_FACE('',(#6831),#6842,.F.);
#6831 = FACE_BOUND('',#6832,.T.);
#6832 = EDGE_LOOP('',(#6833,#6834,#6840,#6841));
#6833 = ORIENTED_EDGE('',*,*,#952,.T.);
#6834 = ORIENTED_EDGE('',*,*,#6835,.T.);
#6835 = EDGE_CURVE('',#953,#3673,#6836,.T.);
#6836 = LINE('',#6837,#6838);
#6837 = CARTESIAN_POINT('',(179.07,-117.24,-4.6E-02));
#6838 = VECTOR('',#6839,1.);
#6839 = DIRECTION('',(0.,0.,1.));
#6840 = ORIENTED_EDGE('',*,*,#3672,.F.);
#6841 = ORIENTED_EDGE('',*,*,#6835,.F.);
#6842 = CYLINDRICAL_SURFACE('',#6843,0.4);
#6843 = AXIS2_PLACEMENT_3D('',#6844,#6845,#6846);
#6844 = CARTESIAN_POINT('',(179.07,-116.84,-4.6E-02));
#6845 = DIRECTION('',(-0.,-0.,-1.));
#6846 = DIRECTION('',(-0.,-1.,0.));
#6847 = ADVANCED_FACE('',(#6848),#6859,.F.);
#6848 = FACE_BOUND('',#6849,.T.);
#6849 = EDGE_LOOP('',(#6850,#6851,#6857,#6858));
#6850 = ORIENTED_EDGE('',*,*,#963,.T.);
#6851 = ORIENTED_EDGE('',*,*,#6852,.T.);
#6852 = EDGE_CURVE('',#964,#3684,#6853,.T.);
#6853 = LINE('',#6854,#6855);
#6854 = CARTESIAN_POINT('',(179.07,-114.7,-4.6E-02));
#6855 = VECTOR('',#6856,1.);
#6856 = DIRECTION('',(0.,0.,1.));
#6857 = ORIENTED_EDGE('',*,*,#3683,.F.);
#6858 = ORIENTED_EDGE('',*,*,#6852,.F.);
#6859 = CYLINDRICAL_SURFACE('',#6860,0.4);
#6860 = AXIS2_PLACEMENT_3D('',#6861,#6862,#6863);
#6861 = CARTESIAN_POINT('',(179.07,-114.3,-4.6E-02));
#6862 = DIRECTION('',(-0.,-0.,-1.));
#6863 = DIRECTION('',(-0.,-1.,0.));
#6864 = ADVANCED_FACE('',(#6865),#6876,.F.);
#6865 = FACE_BOUND('',#6866,.T.);
#6866 = EDGE_LOOP('',(#6867,#6868,#6874,#6875));
#6867 = ORIENTED_EDGE('',*,*,#974,.T.);
#6868 = ORIENTED_EDGE('',*,*,#6869,.T.);
#6869 = EDGE_CURVE('',#975,#3695,#6870,.T.);
#6870 = LINE('',#6871,#6872);
#6871 = CARTESIAN_POINT('',(186.69,-117.24,-4.6E-02));
#6872 = VECTOR('',#6873,1.);
#6873 = DIRECTION('',(0.,0.,1.));
#6874 = ORIENTED_EDGE('',*,*,#3694,.F.);
#6875 = ORIENTED_EDGE('',*,*,#6869,.F.);
#6876 = CYLINDRICAL_SURFACE('',#6877,0.4);
#6877 = AXIS2_PLACEMENT_3D('',#6878,#6879,#6880);
#6878 = CARTESIAN_POINT('',(186.69,-116.84,-4.6E-02));
#6879 = DIRECTION('',(-0.,-0.,-1.));
#6880 = DIRECTION('',(-0.,-1.,0.));
#6881 = ADVANCED_FACE('',(#6882),#6893,.F.);
#6882 = FACE_BOUND('',#6883,.T.);
#6883 = EDGE_LOOP('',(#6884,#6885,#6891,#6892));
#6884 = ORIENTED_EDGE('',*,*,#985,.T.);
#6885 = ORIENTED_EDGE('',*,*,#6886,.T.);
#6886 = EDGE_CURVE('',#986,#3706,#6887,.T.);
#6887 = LINE('',#6888,#6889);
#6888 = CARTESIAN_POINT('',(186.69,-114.7,-4.6E-02));
#6889 = VECTOR('',#6890,1.);
#6890 = DIRECTION('',(0.,0.,1.));
#6891 = ORIENTED_EDGE('',*,*,#3705,.F.);
#6892 = ORIENTED_EDGE('',*,*,#6886,.F.);
#6893 = CYLINDRICAL_SURFACE('',#6894,0.4);
#6894 = AXIS2_PLACEMENT_3D('',#6895,#6896,#6897);
#6895 = CARTESIAN_POINT('',(186.69,-114.3,-4.6E-02));
#6896 = DIRECTION('',(-0.,-0.,-1.));
#6897 = DIRECTION('',(-0.,-1.,0.));
#6898 = ADVANCED_FACE('',(#6899),#6910,.F.);
#6899 = FACE_BOUND('',#6900,.T.);
#6900 = EDGE_LOOP('',(#6901,#6902,#6908,#6909));
#6901 = ORIENTED_EDGE('',*,*,#996,.T.);
#6902 = ORIENTED_EDGE('',*,*,#6903,.T.);
#6903 = EDGE_CURVE('',#997,#3717,#6904,.T.);
#6904 = LINE('',#6905,#6906);
#6905 = CARTESIAN_POINT('',(207.899,-128.67,-4.6E-02));
#6906 = VECTOR('',#6907,1.);
#6907 = DIRECTION('',(0.,0.,1.));
#6908 = ORIENTED_EDGE('',*,*,#3716,.F.);
#6909 = ORIENTED_EDGE('',*,*,#6903,.F.);
#6910 = CYLINDRICAL_SURFACE('',#6911,0.4);
#6911 = AXIS2_PLACEMENT_3D('',#6912,#6913,#6914);
#6912 = CARTESIAN_POINT('',(207.899,-128.27,-4.6E-02));
#6913 = DIRECTION('',(-0.,-0.,-1.));
#6914 = DIRECTION('',(-0.,-1.,0.));
#6915 = ADVANCED_FACE('',(#6916),#6927,.F.);
#6916 = FACE_BOUND('',#6917,.T.);
#6917 = EDGE_LOOP('',(#6918,#6919,#6925,#6926));
#6918 = ORIENTED_EDGE('',*,*,#1007,.T.);
#6919 = ORIENTED_EDGE('',*,*,#6920,.T.);
#6920 = EDGE_CURVE('',#1008,#3728,#6921,.T.);
#6921 = LINE('',#6922,#6923);
#6922 = CARTESIAN_POINT('',(229.87,-138.04,-4.6E-02));
#6923 = VECTOR('',#6924,1.);
#6924 = DIRECTION('',(0.,0.,1.));
#6925 = ORIENTED_EDGE('',*,*,#3727,.F.);
#6926 = ORIENTED_EDGE('',*,*,#6920,.F.);
#6927 = CYLINDRICAL_SURFACE('',#6928,2.15);
#6928 = AXIS2_PLACEMENT_3D('',#6929,#6930,#6931);
#6929 = CARTESIAN_POINT('',(229.87,-135.89,-4.6E-02));
#6930 = DIRECTION('',(-0.,-0.,-1.));
#6931 = DIRECTION('',(-0.,-1.,0.));
#6932 = ADVANCED_FACE('',(#6933),#6944,.F.);
#6933 = FACE_BOUND('',#6934,.T.);
#6934 = EDGE_LOOP('',(#6935,#6936,#6942,#6943));
#6935 = ORIENTED_EDGE('',*,*,#1018,.T.);
#6936 = ORIENTED_EDGE('',*,*,#6937,.T.);
#6937 = EDGE_CURVE('',#1019,#3739,#6938,.T.);
#6938 = LINE('',#6939,#6940);
#6939 = CARTESIAN_POINT('',(215.519,-128.67,-4.6E-02));
#6940 = VECTOR('',#6941,1.);
#6941 = DIRECTION('',(0.,0.,1.));
#6942 = ORIENTED_EDGE('',*,*,#3738,.F.);
#6943 = ORIENTED_EDGE('',*,*,#6937,.F.);
#6944 = CYLINDRICAL_SURFACE('',#6945,0.4);
#6945 = AXIS2_PLACEMENT_3D('',#6946,#6947,#6948);
#6946 = CARTESIAN_POINT('',(215.519,-128.27,-4.6E-02));
#6947 = DIRECTION('',(-0.,-0.,-1.));
#6948 = DIRECTION('',(-0.,-1.,0.));
#6949 = ADVANCED_FACE('',(#6950),#6961,.F.);
#6950 = FACE_BOUND('',#6951,.T.);
#6951 = EDGE_LOOP('',(#6952,#6953,#6959,#6960));
#6952 = ORIENTED_EDGE('',*,*,#1029,.T.);
#6953 = ORIENTED_EDGE('',*,*,#6954,.T.);
#6954 = EDGE_CURVE('',#1030,#3750,#6955,.T.);
#6955 = LINE('',#6956,#6957);
#6956 = CARTESIAN_POINT('',(207.899,-126.13,-4.6E-02));
#6957 = VECTOR('',#6958,1.);
#6958 = DIRECTION('',(0.,0.,1.));
#6959 = ORIENTED_EDGE('',*,*,#3749,.F.);
#6960 = ORIENTED_EDGE('',*,*,#6954,.F.);
#6961 = CYLINDRICAL_SURFACE('',#6962,0.4);
#6962 = AXIS2_PLACEMENT_3D('',#6963,#6964,#6965);
#6963 = CARTESIAN_POINT('',(207.899,-125.73,-4.6E-02));
#6964 = DIRECTION('',(-0.,-0.,-1.));
#6965 = DIRECTION('',(-0.,-1.,0.));
#6966 = ADVANCED_FACE('',(#6967),#6978,.F.);
#6967 = FACE_BOUND('',#6968,.T.);
#6968 = EDGE_LOOP('',(#6969,#6970,#6976,#6977));
#6969 = ORIENTED_EDGE('',*,*,#1040,.T.);
#6970 = ORIENTED_EDGE('',*,*,#6971,.T.);
#6971 = EDGE_CURVE('',#1041,#3761,#6972,.T.);
#6972 = LINE('',#6973,#6974);
#6973 = CARTESIAN_POINT('',(207.899,-123.59,-4.6E-02));
#6974 = VECTOR('',#6975,1.);
#6975 = DIRECTION('',(0.,0.,1.));
#6976 = ORIENTED_EDGE('',*,*,#3760,.F.);
#6977 = ORIENTED_EDGE('',*,*,#6971,.F.);
#6978 = CYLINDRICAL_SURFACE('',#6979,0.4);
#6979 = AXIS2_PLACEMENT_3D('',#6980,#6981,#6982);
#6980 = CARTESIAN_POINT('',(207.899,-123.19,-4.6E-02));
#6981 = DIRECTION('',(-0.,-0.,-1.));
#6982 = DIRECTION('',(-0.,-1.,0.));
#6983 = ADVANCED_FACE('',(#6984),#6995,.F.);
#6984 = FACE_BOUND('',#6985,.T.);
#6985 = EDGE_LOOP('',(#6986,#6987,#6993,#6994));
#6986 = ORIENTED_EDGE('',*,*,#1051,.T.);
#6987 = ORIENTED_EDGE('',*,*,#6988,.T.);
#6988 = EDGE_CURVE('',#1052,#3772,#6989,.T.);
#6989 = LINE('',#6990,#6991);
#6990 = CARTESIAN_POINT('',(207.899,-121.05,-4.6E-02));
#6991 = VECTOR('',#6992,1.);
#6992 = DIRECTION('',(0.,0.,1.));
#6993 = ORIENTED_EDGE('',*,*,#3771,.F.);
#6994 = ORIENTED_EDGE('',*,*,#6988,.F.);
#6995 = CYLINDRICAL_SURFACE('',#6996,0.4);
#6996 = AXIS2_PLACEMENT_3D('',#6997,#6998,#6999);
#6997 = CARTESIAN_POINT('',(207.899,-120.65,-4.6E-02));
#6998 = DIRECTION('',(-0.,-0.,-1.));
#6999 = DIRECTION('',(-0.,-1.,0.));
#7000 = ADVANCED_FACE('',(#7001),#7012,.F.);
#7001 = FACE_BOUND('',#7002,.T.);
#7002 = EDGE_LOOP('',(#7003,#7004,#7010,#7011));
#7003 = ORIENTED_EDGE('',*,*,#1062,.T.);
#7004 = ORIENTED_EDGE('',*,*,#7005,.T.);
#7005 = EDGE_CURVE('',#1063,#3783,#7006,.T.);
#7006 = LINE('',#7007,#7008);
#7007 = CARTESIAN_POINT('',(196.85,-117.795,-4.6E-02));
#7008 = VECTOR('',#7009,1.);
#7009 = DIRECTION('',(0.,0.,1.));
#7010 = ORIENTED_EDGE('',*,*,#3782,.F.);
#7011 = ORIENTED_EDGE('',*,*,#7005,.F.);
#7012 = CYLINDRICAL_SURFACE('',#7013,0.4);
#7013 = AXIS2_PLACEMENT_3D('',#7014,#7015,#7016);
#7014 = CARTESIAN_POINT('',(196.85,-117.395,-4.6E-02));
#7015 = DIRECTION('',(-0.,-0.,-1.));
#7016 = DIRECTION('',(-0.,-1.,0.));
#7017 = ADVANCED_FACE('',(#7018),#7029,.F.);
#7018 = FACE_BOUND('',#7019,.T.);
#7019 = EDGE_LOOP('',(#7020,#7021,#7027,#7028));
#7020 = ORIENTED_EDGE('',*,*,#1073,.T.);
#7021 = ORIENTED_EDGE('',*,*,#7022,.T.);
#7022 = EDGE_CURVE('',#1074,#3794,#7023,.T.);
#7023 = LINE('',#7024,#7025);
#7024 = CARTESIAN_POINT('',(207.899,-118.51,-4.6E-02));
#7025 = VECTOR('',#7026,1.);
#7026 = DIRECTION('',(0.,0.,1.));
#7027 = ORIENTED_EDGE('',*,*,#3793,.F.);
#7028 = ORIENTED_EDGE('',*,*,#7022,.F.);
#7029 = CYLINDRICAL_SURFACE('',#7030,0.4);
#7030 = AXIS2_PLACEMENT_3D('',#7031,#7032,#7033);
#7031 = CARTESIAN_POINT('',(207.899,-118.11,-4.6E-02));
#7032 = DIRECTION('',(-0.,-0.,-1.));
#7033 = DIRECTION('',(-0.,-1.,0.));
#7034 = ADVANCED_FACE('',(#7035),#7046,.F.);
#7035 = FACE_BOUND('',#7036,.T.);
#7036 = EDGE_LOOP('',(#7037,#7038,#7044,#7045));
#7037 = ORIENTED_EDGE('',*,*,#1084,.T.);
#7038 = ORIENTED_EDGE('',*,*,#7039,.T.);
#7039 = EDGE_CURVE('',#1085,#3805,#7040,.T.);
#7040 = LINE('',#7041,#7042);
#7041 = CARTESIAN_POINT('',(207.899,-115.97,-4.6E-02));
#7042 = VECTOR('',#7043,1.);
#7043 = DIRECTION('',(0.,0.,1.));
#7044 = ORIENTED_EDGE('',*,*,#3804,.F.);
#7045 = ORIENTED_EDGE('',*,*,#7039,.F.);
#7046 = CYLINDRICAL_SURFACE('',#7047,0.4);
#7047 = AXIS2_PLACEMENT_3D('',#7048,#7049,#7050);
#7048 = CARTESIAN_POINT('',(207.899,-115.57,-4.6E-02));
#7049 = DIRECTION('',(-0.,-0.,-1.));
#7050 = DIRECTION('',(-0.,-1.,0.));
#7051 = ADVANCED_FACE('',(#7052),#7063,.F.);
#7052 = FACE_BOUND('',#7053,.T.);
#7053 = EDGE_LOOP('',(#7054,#7055,#7061,#7062));
#7054 = ORIENTED_EDGE('',*,*,#1095,.T.);
#7055 = ORIENTED_EDGE('',*,*,#7056,.T.);
#7056 = EDGE_CURVE('',#1096,#3816,#7057,.T.);
#7057 = LINE('',#7058,#7059);
#7058 = CARTESIAN_POINT('',(215.519,-126.13,-4.6E-02));
#7059 = VECTOR('',#7060,1.);
#7060 = DIRECTION('',(0.,0.,1.));
#7061 = ORIENTED_EDGE('',*,*,#3815,.F.);
#7062 = ORIENTED_EDGE('',*,*,#7056,.F.);
#7063 = CYLINDRICAL_SURFACE('',#7064,0.4);
#7064 = AXIS2_PLACEMENT_3D('',#7065,#7066,#7067);
#7065 = CARTESIAN_POINT('',(215.519,-125.73,-4.6E-02));
#7066 = DIRECTION('',(-0.,-0.,-1.));
#7067 = DIRECTION('',(-0.,-1.,0.));
#7068 = ADVANCED_FACE('',(#7069),#7080,.F.);
#7069 = FACE_BOUND('',#7070,.T.);
#7070 = EDGE_LOOP('',(#7071,#7072,#7078,#7079));
#7071 = ORIENTED_EDGE('',*,*,#1106,.T.);
#7072 = ORIENTED_EDGE('',*,*,#7073,.T.);
#7073 = EDGE_CURVE('',#1107,#3827,#7074,.T.);
#7074 = LINE('',#7075,#7076);
#7075 = CARTESIAN_POINT('',(215.519,-123.59,-4.6E-02));
#7076 = VECTOR('',#7077,1.);
#7077 = DIRECTION('',(0.,0.,1.));
#7078 = ORIENTED_EDGE('',*,*,#3826,.F.);
#7079 = ORIENTED_EDGE('',*,*,#7073,.F.);
#7080 = CYLINDRICAL_SURFACE('',#7081,0.4);
#7081 = AXIS2_PLACEMENT_3D('',#7082,#7083,#7084);
#7082 = CARTESIAN_POINT('',(215.519,-123.19,-4.6E-02));
#7083 = DIRECTION('',(-0.,-0.,-1.));
#7084 = DIRECTION('',(-0.,-1.,0.));
#7085 = ADVANCED_FACE('',(#7086),#7097,.F.);
#7086 = FACE_BOUND('',#7087,.T.);
#7087 = EDGE_LOOP('',(#7088,#7089,#7095,#7096));
#7088 = ORIENTED_EDGE('',*,*,#1117,.T.);
#7089 = ORIENTED_EDGE('',*,*,#7090,.T.);
#7090 = EDGE_CURVE('',#1118,#3838,#7091,.T.);
#7091 = LINE('',#7092,#7093);
#7092 = CARTESIAN_POINT('',(215.519,-121.05,-4.6E-02));
#7093 = VECTOR('',#7094,1.);
#7094 = DIRECTION('',(0.,0.,1.));
#7095 = ORIENTED_EDGE('',*,*,#3837,.F.);
#7096 = ORIENTED_EDGE('',*,*,#7090,.F.);
#7097 = CYLINDRICAL_SURFACE('',#7098,0.4);
#7098 = AXIS2_PLACEMENT_3D('',#7099,#7100,#7101);
#7099 = CARTESIAN_POINT('',(215.519,-120.65,-4.6E-02));
#7100 = DIRECTION('',(-0.,-0.,-1.));
#7101 = DIRECTION('',(-0.,-1.,0.));
#7102 = ADVANCED_FACE('',(#7103),#7114,.F.);
#7103 = FACE_BOUND('',#7104,.T.);
#7104 = EDGE_LOOP('',(#7105,#7106,#7112,#7113));
#7105 = ORIENTED_EDGE('',*,*,#1128,.T.);
#7106 = ORIENTED_EDGE('',*,*,#7107,.T.);
#7107 = EDGE_CURVE('',#1129,#3849,#7108,.T.);
#7108 = LINE('',#7109,#7110);
#7109 = CARTESIAN_POINT('',(215.519,-118.51,-4.6E-02));
#7110 = VECTOR('',#7111,1.);
#7111 = DIRECTION('',(0.,0.,1.));
#7112 = ORIENTED_EDGE('',*,*,#3848,.F.);
#7113 = ORIENTED_EDGE('',*,*,#7107,.F.);
#7114 = CYLINDRICAL_SURFACE('',#7115,0.4);
#7115 = AXIS2_PLACEMENT_3D('',#7116,#7117,#7118);
#7116 = CARTESIAN_POINT('',(215.519,-118.11,-4.6E-02));
#7117 = DIRECTION('',(-0.,-0.,-1.));
#7118 = DIRECTION('',(-0.,-1.,0.));
#7119 = ADVANCED_FACE('',(#7120),#7131,.F.);
#7120 = FACE_BOUND('',#7121,.T.);
#7121 = EDGE_LOOP('',(#7122,#7123,#7129,#7130));
#7122 = ORIENTED_EDGE('',*,*,#1139,.T.);
#7123 = ORIENTED_EDGE('',*,*,#7124,.T.);
#7124 = EDGE_CURVE('',#1140,#3860,#7125,.T.);
#7125 = LINE('',#7126,#7127);
#7126 = CARTESIAN_POINT('',(215.519,-115.97,-4.6E-02));
#7127 = VECTOR('',#7128,1.);
#7128 = DIRECTION('',(0.,0.,1.));
#7129 = ORIENTED_EDGE('',*,*,#3859,.F.);
#7130 = ORIENTED_EDGE('',*,*,#7124,.F.);
#7131 = CYLINDRICAL_SURFACE('',#7132,0.4);
#7132 = AXIS2_PLACEMENT_3D('',#7133,#7134,#7135);
#7133 = CARTESIAN_POINT('',(215.519,-115.57,-4.6E-02));
#7134 = DIRECTION('',(-0.,-0.,-1.));
#7135 = DIRECTION('',(-0.,-1.,0.));
#7136 = ADVANCED_FACE('',(#7137),#7148,.F.);
#7137 = FACE_BOUND('',#7138,.T.);
#7138 = EDGE_LOOP('',(#7139,#7140,#7146,#7147));
#7139 = ORIENTED_EDGE('',*,*,#1150,.T.);
#7140 = ORIENTED_EDGE('',*,*,#7141,.T.);
#7141 = EDGE_CURVE('',#1151,#3871,#7142,.T.);
#7142 = LINE('',#7143,#7144);
#7143 = CARTESIAN_POINT('',(158.115,-102.635,-4.6E-02));
#7144 = VECTOR('',#7145,1.);
#7145 = DIRECTION('',(0.,0.,1.));
#7146 = ORIENTED_EDGE('',*,*,#3870,.F.);
#7147 = ORIENTED_EDGE('',*,*,#7141,.F.);
#7148 = CYLINDRICAL_SURFACE('',#7149,0.4);
#7149 = AXIS2_PLACEMENT_3D('',#7150,#7151,#7152);
#7150 = CARTESIAN_POINT('',(158.115,-102.235,-4.6E-02));
#7151 = DIRECTION('',(-0.,-0.,-1.));
#7152 = DIRECTION('',(-0.,-1.,0.));
#7153 = ADVANCED_FACE('',(#7154),#7165,.F.);
#7154 = FACE_BOUND('',#7155,.T.);
#7155 = EDGE_LOOP('',(#7156,#7157,#7163,#7164));
#7156 = ORIENTED_EDGE('',*,*,#1161,.T.);
#7157 = ORIENTED_EDGE('',*,*,#7158,.T.);
#7158 = EDGE_CURVE('',#1162,#3882,#7159,.T.);
#7159 = LINE('',#7160,#7161);
#7160 = CARTESIAN_POINT('',(179.07,-112.16,-4.6E-02));
#7161 = VECTOR('',#7162,1.);
#7162 = DIRECTION('',(0.,0.,1.));
#7163 = ORIENTED_EDGE('',*,*,#3881,.F.);
#7164 = ORIENTED_EDGE('',*,*,#7158,.F.);
#7165 = CYLINDRICAL_SURFACE('',#7166,0.4);
#7166 = AXIS2_PLACEMENT_3D('',#7167,#7168,#7169);
#7167 = CARTESIAN_POINT('',(179.07,-111.76,-4.6E-02));
#7168 = DIRECTION('',(-0.,-0.,-1.));
#7169 = DIRECTION('',(-0.,-1.,0.));
#7170 = ADVANCED_FACE('',(#7171),#7182,.F.);
#7171 = FACE_BOUND('',#7172,.T.);
#7172 = EDGE_LOOP('',(#7173,#7174,#7180,#7181));
#7173 = ORIENTED_EDGE('',*,*,#1172,.T.);
#7174 = ORIENTED_EDGE('',*,*,#7175,.T.);
#7175 = EDGE_CURVE('',#1173,#3893,#7176,.T.);
#7176 = LINE('',#7177,#7178);
#7177 = CARTESIAN_POINT('',(179.07,-109.62,-4.6E-02));
#7178 = VECTOR('',#7179,1.);
#7179 = DIRECTION('',(0.,0.,1.));
#7180 = ORIENTED_EDGE('',*,*,#3892,.F.);
#7181 = ORIENTED_EDGE('',*,*,#7175,.F.);
#7182 = CYLINDRICAL_SURFACE('',#7183,0.4);
#7183 = AXIS2_PLACEMENT_3D('',#7184,#7185,#7186);
#7184 = CARTESIAN_POINT('',(179.07,-109.22,-4.6E-02));
#7185 = DIRECTION('',(-0.,-0.,-1.));
#7186 = DIRECTION('',(-0.,-1.,0.));
#7187 = ADVANCED_FACE('',(#7188),#7199,.F.);
#7188 = FACE_BOUND('',#7189,.T.);
#7189 = EDGE_LOOP('',(#7190,#7191,#7197,#7198));
#7190 = ORIENTED_EDGE('',*,*,#1183,.T.);
#7191 = ORIENTED_EDGE('',*,*,#7192,.T.);
#7192 = EDGE_CURVE('',#1184,#3904,#7193,.T.);
#7193 = LINE('',#7194,#7195);
#7194 = CARTESIAN_POINT('',(186.69,-112.16,-4.6E-02));
#7195 = VECTOR('',#7196,1.);
#7196 = DIRECTION('',(0.,0.,1.));
#7197 = ORIENTED_EDGE('',*,*,#3903,.F.);
#7198 = ORIENTED_EDGE('',*,*,#7192,.F.);
#7199 = CYLINDRICAL_SURFACE('',#7200,0.4);
#7200 = AXIS2_PLACEMENT_3D('',#7201,#7202,#7203);
#7201 = CARTESIAN_POINT('',(186.69,-111.76,-4.6E-02));
#7202 = DIRECTION('',(-0.,-0.,-1.));
#7203 = DIRECTION('',(-0.,-1.,0.));
#7204 = ADVANCED_FACE('',(#7205),#7216,.F.);
#7205 = FACE_BOUND('',#7206,.T.);
#7206 = EDGE_LOOP('',(#7207,#7208,#7214,#7215));
#7207 = ORIENTED_EDGE('',*,*,#1194,.T.);
#7208 = ORIENTED_EDGE('',*,*,#7209,.T.);
#7209 = EDGE_CURVE('',#1195,#3915,#7210,.T.);
#7210 = LINE('',#7211,#7212);
#7211 = CARTESIAN_POINT('',(186.69,-109.62,-4.6E-02));
#7212 = VECTOR('',#7213,1.);
#7213 = DIRECTION('',(0.,0.,1.));
#7214 = ORIENTED_EDGE('',*,*,#3914,.F.);
#7215 = ORIENTED_EDGE('',*,*,#7209,.F.);
#7216 = CYLINDRICAL_SURFACE('',#7217,0.4);
#7217 = AXIS2_PLACEMENT_3D('',#7218,#7219,#7220);
#7218 = CARTESIAN_POINT('',(186.69,-109.22,-4.6E-02));
#7219 = DIRECTION('',(-0.,-0.,-1.));
#7220 = DIRECTION('',(-0.,-1.,0.));
#7221 = ADVANCED_FACE('',(#7222),#7233,.F.);
#7222 = FACE_BOUND('',#7223,.T.);
#7223 = EDGE_LOOP('',(#7224,#7225,#7231,#7232));
#7224 = ORIENTED_EDGE('',*,*,#1205,.T.);
#7225 = ORIENTED_EDGE('',*,*,#7226,.T.);
#7226 = EDGE_CURVE('',#1206,#3926,#7227,.T.);
#7227 = LINE('',#7228,#7229);
#7228 = CARTESIAN_POINT('',(153.67,-97.605,-4.6E-02));
#7229 = VECTOR('',#7230,1.);
#7230 = DIRECTION('',(0.,0.,1.));
#7231 = ORIENTED_EDGE('',*,*,#3925,.F.);
#7232 = ORIENTED_EDGE('',*,*,#7226,.F.);
#7233 = CYLINDRICAL_SURFACE('',#7234,0.45);
#7234 = AXIS2_PLACEMENT_3D('',#7235,#7236,#7237);
#7235 = CARTESIAN_POINT('',(153.67,-97.155,-4.6E-02));
#7236 = DIRECTION('',(-0.,-0.,-1.));
#7237 = DIRECTION('',(-6.315935428979E-14,-1.,0.));
#7238 = ADVANCED_FACE('',(#7239),#7250,.F.);
#7239 = FACE_BOUND('',#7240,.T.);
#7240 = EDGE_LOOP('',(#7241,#7242,#7248,#7249));
#7241 = ORIENTED_EDGE('',*,*,#1216,.T.);
#7242 = ORIENTED_EDGE('',*,*,#7243,.T.);
#7243 = EDGE_CURVE('',#1217,#3937,#7244,.T.);
#7244 = LINE('',#7245,#7246);
#7245 = CARTESIAN_POINT('',(156.21,-97.605,-4.6E-02));
#7246 = VECTOR('',#7247,1.);
#7247 = DIRECTION('',(0.,0.,1.));
#7248 = ORIENTED_EDGE('',*,*,#3936,.F.);
#7249 = ORIENTED_EDGE('',*,*,#7243,.F.);
#7250 = CYLINDRICAL_SURFACE('',#7251,0.45);
#7251 = AXIS2_PLACEMENT_3D('',#7252,#7253,#7254);
#7252 = CARTESIAN_POINT('',(156.21,-97.155,-4.6E-02));
#7253 = DIRECTION('',(-0.,0.,-1.));
#7254 = DIRECTION('',(6.315935428978E-14,-1.,-0.));
#7255 = ADVANCED_FACE('',(#7256),#7267,.F.);
#7256 = FACE_BOUND('',#7257,.T.);
#7257 = EDGE_LOOP('',(#7258,#7259,#7265,#7266));
#7258 = ORIENTED_EDGE('',*,*,#1227,.T.);
#7259 = ORIENTED_EDGE('',*,*,#7260,.T.);
#7260 = EDGE_CURVE('',#1228,#3948,#7261,.T.);
#7261 = LINE('',#7262,#7263);
#7262 = CARTESIAN_POINT('',(168.91,-97.52,-4.6E-02));
#7263 = VECTOR('',#7264,1.);
#7264 = DIRECTION('',(0.,0.,1.));
#7265 = ORIENTED_EDGE('',*,*,#3947,.F.);
#7266 = ORIENTED_EDGE('',*,*,#7260,.F.);
#7267 = CYLINDRICAL_SURFACE('',#7268,1.);
#7268 = AXIS2_PLACEMENT_3D('',#7269,#7270,#7271);
#7269 = CARTESIAN_POINT('',(168.91,-96.52,-4.6E-02));
#7270 = DIRECTION('',(-0.,-0.,-1.));
#7271 = DIRECTION('',(-0.,-1.,0.));
#7272 = ADVANCED_FACE('',(#7273),#7284,.F.);
#7273 = FACE_BOUND('',#7274,.T.);
#7274 = EDGE_LOOP('',(#7275,#7276,#7282,#7283));
#7275 = ORIENTED_EDGE('',*,*,#1238,.T.);
#7276 = ORIENTED_EDGE('',*,*,#7277,.T.);
#7277 = EDGE_CURVE('',#1239,#3959,#7278,.T.);
#7278 = LINE('',#7279,#7280);
#7279 = CARTESIAN_POINT('',(175.26,-99.56,-4.6E-02));
#7280 = VECTOR('',#7281,1.);
#7281 = DIRECTION('',(0.,0.,1.));
#7282 = ORIENTED_EDGE('',*,*,#3958,.F.);
#7283 = ORIENTED_EDGE('',*,*,#7277,.F.);
#7284 = CYLINDRICAL_SURFACE('',#7285,0.5);
#7285 = AXIS2_PLACEMENT_3D('',#7286,#7287,#7288);
#7286 = CARTESIAN_POINT('',(175.26,-99.06,-4.6E-02));
#7287 = DIRECTION('',(-0.,-0.,-1.));
#7288 = DIRECTION('',(-0.,-1.,0.));
#7289 = ADVANCED_FACE('',(#7290),#7301,.F.);
#7290 = FACE_BOUND('',#7291,.T.);
#7291 = EDGE_LOOP('',(#7292,#7293,#7299,#7300));
#7292 = ORIENTED_EDGE('',*,*,#1249,.T.);
#7293 = ORIENTED_EDGE('',*,*,#7294,.T.);
#7294 = EDGE_CURVE('',#1250,#3970,#7295,.T.);
#7295 = LINE('',#7296,#7297);
#7296 = CARTESIAN_POINT('',(175.26,-97.02,-4.6E-02));
#7297 = VECTOR('',#7298,1.);
#7298 = DIRECTION('',(0.,0.,1.));
#7299 = ORIENTED_EDGE('',*,*,#3969,.F.);
#7300 = ORIENTED_EDGE('',*,*,#7294,.F.);
#7301 = CYLINDRICAL_SURFACE('',#7302,0.5);
#7302 = AXIS2_PLACEMENT_3D('',#7303,#7304,#7305);
#7303 = CARTESIAN_POINT('',(175.26,-96.52,-4.6E-02));
#7304 = DIRECTION('',(-0.,-0.,-1.));
#7305 = DIRECTION('',(-0.,-1.,0.));
#7306 = ADVANCED_FACE('',(#7307),#7318,.F.);
#7307 = FACE_BOUND('',#7308,.T.);
#7308 = EDGE_LOOP('',(#7309,#7310,#7316,#7317));
#7309 = ORIENTED_EDGE('',*,*,#1260,.T.);
#7310 = ORIENTED_EDGE('',*,*,#7311,.T.);
#7311 = EDGE_CURVE('',#1261,#3981,#7312,.T.);
#7312 = LINE('',#7313,#7314);
#7313 = CARTESIAN_POINT('',(190.5,-99.56,-4.6E-02));
#7314 = VECTOR('',#7315,1.);
#7315 = DIRECTION('',(0.,0.,1.));
#7316 = ORIENTED_EDGE('',*,*,#3980,.F.);
#7317 = ORIENTED_EDGE('',*,*,#7311,.F.);
#7318 = CYLINDRICAL_SURFACE('',#7319,0.5);
#7319 = AXIS2_PLACEMENT_3D('',#7320,#7321,#7322);
#7320 = CARTESIAN_POINT('',(190.5,-99.06,-4.6E-02));
#7321 = DIRECTION('',(-0.,-0.,-1.));
#7322 = DIRECTION('',(-0.,-1.,0.));
#7323 = ADVANCED_FACE('',(#7324),#7335,.F.);
#7324 = FACE_BOUND('',#7325,.T.);
#7325 = EDGE_LOOP('',(#7326,#7327,#7333,#7334));
#7326 = ORIENTED_EDGE('',*,*,#1271,.T.);
#7327 = ORIENTED_EDGE('',*,*,#7328,.T.);
#7328 = EDGE_CURVE('',#1272,#3992,#7329,.T.);
#7329 = LINE('',#7330,#7331);
#7330 = CARTESIAN_POINT('',(190.5,-97.02,-4.6E-02));
#7331 = VECTOR('',#7332,1.);
#7332 = DIRECTION('',(0.,0.,1.));
#7333 = ORIENTED_EDGE('',*,*,#3991,.F.);
#7334 = ORIENTED_EDGE('',*,*,#7328,.F.);
#7335 = CYLINDRICAL_SURFACE('',#7336,0.5);
#7336 = AXIS2_PLACEMENT_3D('',#7337,#7338,#7339);
#7337 = CARTESIAN_POINT('',(190.5,-96.52,-4.6E-02));
#7338 = DIRECTION('',(-0.,-0.,-1.));
#7339 = DIRECTION('',(-0.,-1.,0.));
#7340 = ADVANCED_FACE('',(#7341),#7352,.F.);
#7341 = FACE_BOUND('',#7342,.T.);
#7342 = EDGE_LOOP('',(#7343,#7344,#7350,#7351));
#7343 = ORIENTED_EDGE('',*,*,#1282,.T.);
#7344 = ORIENTED_EDGE('',*,*,#7345,.T.);
#7345 = EDGE_CURVE('',#1283,#4003,#7346,.T.);
#7346 = LINE('',#7347,#7348);
#7347 = CARTESIAN_POINT('',(175.26,-94.48,-4.6E-02));
#7348 = VECTOR('',#7349,1.);
#7349 = DIRECTION('',(0.,0.,1.));
#7350 = ORIENTED_EDGE('',*,*,#4002,.F.);
#7351 = ORIENTED_EDGE('',*,*,#7345,.F.);
#7352 = CYLINDRICAL_SURFACE('',#7353,0.5);
#7353 = AXIS2_PLACEMENT_3D('',#7354,#7355,#7356);
#7354 = CARTESIAN_POINT('',(175.26,-93.98,-4.6E-02));
#7355 = DIRECTION('',(-0.,-0.,-1.));
#7356 = DIRECTION('',(-0.,-1.,0.));
#7357 = ADVANCED_FACE('',(#7358),#7369,.F.);
#7358 = FACE_BOUND('',#7359,.T.);
#7359 = EDGE_LOOP('',(#7360,#7361,#7367,#7368));
#7360 = ORIENTED_EDGE('',*,*,#1293,.T.);
#7361 = ORIENTED_EDGE('',*,*,#7362,.T.);
#7362 = EDGE_CURVE('',#1294,#4014,#7363,.T.);
#7363 = LINE('',#7364,#7365);
#7364 = CARTESIAN_POINT('',(175.26,-91.94,-4.6E-02));
#7365 = VECTOR('',#7366,1.);
#7366 = DIRECTION('',(0.,0.,1.));
#7367 = ORIENTED_EDGE('',*,*,#4013,.F.);
#7368 = ORIENTED_EDGE('',*,*,#7362,.F.);
#7369 = CYLINDRICAL_SURFACE('',#7370,0.5);
#7370 = AXIS2_PLACEMENT_3D('',#7371,#7372,#7373);
#7371 = CARTESIAN_POINT('',(175.26,-91.44,-4.6E-02));
#7372 = DIRECTION('',(-0.,-0.,-1.));
#7373 = DIRECTION('',(-0.,-1.,0.));
#7374 = ADVANCED_FACE('',(#7375),#7386,.F.);
#7375 = FACE_BOUND('',#7376,.T.);
#7376 = EDGE_LOOP('',(#7377,#7378,#7384,#7385));
#7377 = ORIENTED_EDGE('',*,*,#1304,.T.);
#7378 = ORIENTED_EDGE('',*,*,#7379,.T.);
#7379 = EDGE_CURVE('',#1305,#4025,#7380,.T.);
#7380 = LINE('',#7381,#7382);
#7381 = CARTESIAN_POINT('',(190.5,-94.48,-4.6E-02));
#7382 = VECTOR('',#7383,1.);
#7383 = DIRECTION('',(0.,0.,1.));
#7384 = ORIENTED_EDGE('',*,*,#4024,.F.);
#7385 = ORIENTED_EDGE('',*,*,#7379,.F.);
#7386 = CYLINDRICAL_SURFACE('',#7387,0.5);
#7387 = AXIS2_PLACEMENT_3D('',#7388,#7389,#7390);
#7388 = CARTESIAN_POINT('',(190.5,-93.98,-4.6E-02));
#7389 = DIRECTION('',(-0.,-0.,-1.));
#7390 = DIRECTION('',(-0.,-1.,0.));
#7391 = ADVANCED_FACE('',(#7392),#7403,.F.);
#7392 = FACE_BOUND('',#7393,.T.);
#7393 = EDGE_LOOP('',(#7394,#7395,#7401,#7402));
#7394 = ORIENTED_EDGE('',*,*,#1315,.T.);
#7395 = ORIENTED_EDGE('',*,*,#7396,.T.);
#7396 = EDGE_CURVE('',#1316,#4036,#7397,.T.);
#7397 = LINE('',#7398,#7399);
#7398 = CARTESIAN_POINT('',(190.5,-91.94,-4.6E-02));
#7399 = VECTOR('',#7400,1.);
#7400 = DIRECTION('',(0.,0.,1.));
#7401 = ORIENTED_EDGE('',*,*,#4035,.F.);
#7402 = ORIENTED_EDGE('',*,*,#7396,.F.);
#7403 = CYLINDRICAL_SURFACE('',#7404,0.5);
#7404 = AXIS2_PLACEMENT_3D('',#7405,#7406,#7407);
#7405 = CARTESIAN_POINT('',(190.5,-91.44,-4.6E-02));
#7406 = DIRECTION('',(-0.,-0.,-1.));
#7407 = DIRECTION('',(-0.,-1.,0.));
#7408 = ADVANCED_FACE('',(#7409),#7420,.F.);
#7409 = FACE_BOUND('',#7410,.T.);
#7410 = EDGE_LOOP('',(#7411,#7412,#7418,#7419));
#7411 = ORIENTED_EDGE('',*,*,#1326,.T.);
#7412 = ORIENTED_EDGE('',*,*,#7413,.T.);
#7413 = EDGE_CURVE('',#1327,#4047,#7414,.T.);
#7414 = LINE('',#7415,#7416);
#7415 = CARTESIAN_POINT('',(196.85,-112.795,-4.6E-02));
#7416 = VECTOR('',#7417,1.);
#7417 = DIRECTION('',(0.,0.,1.));
#7418 = ORIENTED_EDGE('',*,*,#4046,.F.);
#7419 = ORIENTED_EDGE('',*,*,#7413,.F.);
#7420 = CYLINDRICAL_SURFACE('',#7421,0.4);
#7421 = AXIS2_PLACEMENT_3D('',#7422,#7423,#7424);
#7422 = CARTESIAN_POINT('',(196.85,-112.395,-4.6E-02));
#7423 = DIRECTION('',(-0.,-0.,-1.));
#7424 = DIRECTION('',(-0.,-1.,0.));
#7425 = ADVANCED_FACE('',(#7426),#7437,.F.);
#7426 = FACE_BOUND('',#7427,.T.);
#7427 = EDGE_LOOP('',(#7428,#7429,#7435,#7436));
#7428 = ORIENTED_EDGE('',*,*,#1337,.T.);
#7429 = ORIENTED_EDGE('',*,*,#7430,.T.);
#7430 = EDGE_CURVE('',#1338,#4058,#7431,.T.);
#7431 = LINE('',#7432,#7433);
#7432 = CARTESIAN_POINT('',(207.899,-113.43,-4.6E-02));
#7433 = VECTOR('',#7434,1.);
#7434 = DIRECTION('',(0.,0.,1.));
#7435 = ORIENTED_EDGE('',*,*,#4057,.F.);
#7436 = ORIENTED_EDGE('',*,*,#7430,.F.);
#7437 = CYLINDRICAL_SURFACE('',#7438,0.4);
#7438 = AXIS2_PLACEMENT_3D('',#7439,#7440,#7441);
#7439 = CARTESIAN_POINT('',(207.899,-113.03,-4.6E-02));
#7440 = DIRECTION('',(-0.,-0.,-1.));
#7441 = DIRECTION('',(-0.,-1.,0.));
#7442 = ADVANCED_FACE('',(#7443),#7454,.F.);
#7443 = FACE_BOUND('',#7444,.T.);
#7444 = EDGE_LOOP('',(#7445,#7446,#7452,#7453));
#7445 = ORIENTED_EDGE('',*,*,#1348,.T.);
#7446 = ORIENTED_EDGE('',*,*,#7447,.T.);
#7447 = EDGE_CURVE('',#1349,#4069,#7448,.T.);
#7448 = LINE('',#7449,#7450);
#7449 = CARTESIAN_POINT('',(207.899,-110.89,-4.6E-02));
#7450 = VECTOR('',#7451,1.);
#7451 = DIRECTION('',(0.,0.,1.));
#7452 = ORIENTED_EDGE('',*,*,#4068,.F.);
#7453 = ORIENTED_EDGE('',*,*,#7447,.F.);
#7454 = CYLINDRICAL_SURFACE('',#7455,0.4);
#7455 = AXIS2_PLACEMENT_3D('',#7456,#7457,#7458);
#7456 = CARTESIAN_POINT('',(207.899,-110.49,-4.6E-02));
#7457 = DIRECTION('',(-0.,-0.,-1.));
#7458 = DIRECTION('',(-0.,-1.,0.));
#7459 = ADVANCED_FACE('',(#7460),#7471,.F.);
#7460 = FACE_BOUND('',#7461,.T.);
#7461 = EDGE_LOOP('',(#7462,#7463,#7469,#7470));
#7462 = ORIENTED_EDGE('',*,*,#1359,.T.);
#7463 = ORIENTED_EDGE('',*,*,#7464,.T.);
#7464 = EDGE_CURVE('',#1360,#4080,#7465,.T.);
#7465 = LINE('',#7466,#7467);
#7466 = CARTESIAN_POINT('',(207.899,-108.35,-4.6E-02));
#7467 = VECTOR('',#7468,1.);
#7468 = DIRECTION('',(0.,0.,1.));
#7469 = ORIENTED_EDGE('',*,*,#4079,.F.);
#7470 = ORIENTED_EDGE('',*,*,#7464,.F.);
#7471 = CYLINDRICAL_SURFACE('',#7472,0.4);
#7472 = AXIS2_PLACEMENT_3D('',#7473,#7474,#7475);
#7473 = CARTESIAN_POINT('',(207.899,-107.95,-4.6E-02));
#7474 = DIRECTION('',(-0.,-0.,-1.));
#7475 = DIRECTION('',(-0.,-1.,0.));
#7476 = ADVANCED_FACE('',(#7477),#7488,.F.);
#7477 = FACE_BOUND('',#7478,.T.);
#7478 = EDGE_LOOP('',(#7479,#7480,#7486,#7487));
#7479 = ORIENTED_EDGE('',*,*,#1370,.T.);
#7480 = ORIENTED_EDGE('',*,*,#7481,.T.);
#7481 = EDGE_CURVE('',#1371,#4091,#7482,.T.);
#7482 = LINE('',#7483,#7484);
#7483 = CARTESIAN_POINT('',(215.519,-113.43,-4.6E-02));
#7484 = VECTOR('',#7485,1.);
#7485 = DIRECTION('',(0.,0.,1.));
#7486 = ORIENTED_EDGE('',*,*,#4090,.F.);
#7487 = ORIENTED_EDGE('',*,*,#7481,.F.);
#7488 = CYLINDRICAL_SURFACE('',#7489,0.4);
#7489 = AXIS2_PLACEMENT_3D('',#7490,#7491,#7492);
#7490 = CARTESIAN_POINT('',(215.519,-113.03,-4.6E-02));
#7491 = DIRECTION('',(-0.,-0.,-1.));
#7492 = DIRECTION('',(-0.,-1.,0.));
#7493 = ADVANCED_FACE('',(#7494),#7505,.F.);
#7494 = FACE_BOUND('',#7495,.T.);
#7495 = EDGE_LOOP('',(#7496,#7497,#7503,#7504));
#7496 = ORIENTED_EDGE('',*,*,#1381,.T.);
#7497 = ORIENTED_EDGE('',*,*,#7498,.T.);
#7498 = EDGE_CURVE('',#1382,#4102,#7499,.T.);
#7499 = LINE('',#7500,#7501);
#7500 = CARTESIAN_POINT('',(215.519,-110.89,-4.6E-02));
#7501 = VECTOR('',#7502,1.);
#7502 = DIRECTION('',(0.,0.,1.));
#7503 = ORIENTED_EDGE('',*,*,#4101,.F.);
#7504 = ORIENTED_EDGE('',*,*,#7498,.F.);
#7505 = CYLINDRICAL_SURFACE('',#7506,0.4);
#7506 = AXIS2_PLACEMENT_3D('',#7507,#7508,#7509);
#7507 = CARTESIAN_POINT('',(215.519,-110.49,-4.6E-02));
#7508 = DIRECTION('',(-0.,-0.,-1.));
#7509 = DIRECTION('',(-0.,-1.,0.));
#7510 = ADVANCED_FACE('',(#7511),#7522,.F.);
#7511 = FACE_BOUND('',#7512,.T.);
#7512 = EDGE_LOOP('',(#7513,#7514,#7520,#7521));
#7513 = ORIENTED_EDGE('',*,*,#1392,.T.);
#7514 = ORIENTED_EDGE('',*,*,#7515,.T.);
#7515 = EDGE_CURVE('',#1393,#4113,#7516,.T.);
#7516 = LINE('',#7517,#7518);
#7517 = CARTESIAN_POINT('',(215.519,-108.35,-4.6E-02));
#7518 = VECTOR('',#7519,1.);
#7519 = DIRECTION('',(0.,0.,1.));
#7520 = ORIENTED_EDGE('',*,*,#4112,.F.);
#7521 = ORIENTED_EDGE('',*,*,#7515,.F.);
#7522 = CYLINDRICAL_SURFACE('',#7523,0.4);
#7523 = AXIS2_PLACEMENT_3D('',#7524,#7525,#7526);
#7524 = CARTESIAN_POINT('',(215.519,-107.95,-4.6E-02));
#7525 = DIRECTION('',(-0.,-0.,-1.));
#7526 = DIRECTION('',(-0.,-1.,0.));
#7527 = ADVANCED_FACE('',(#7528),#7539,.F.);
#7528 = FACE_BOUND('',#7529,.T.);
#7529 = EDGE_LOOP('',(#7530,#7531,#7537,#7538));
#7530 = ORIENTED_EDGE('',*,*,#1403,.T.);
#7531 = ORIENTED_EDGE('',*,*,#7532,.T.);
#7532 = EDGE_CURVE('',#1404,#4124,#7533,.T.);
#7533 = LINE('',#7534,#7535);
#7534 = CARTESIAN_POINT('',(78.3,-90.1,-4.6E-02));
#7535 = VECTOR('',#7536,1.);
#7536 = DIRECTION('',(0.,0.,1.));
#7537 = ORIENTED_EDGE('',*,*,#4123,.F.);
#7538 = ORIENTED_EDGE('',*,*,#7532,.F.);
#7539 = CYLINDRICAL_SURFACE('',#7540,0.4);
#7540 = AXIS2_PLACEMENT_3D('',#7541,#7542,#7543);
#7541 = CARTESIAN_POINT('',(78.3,-89.7,-4.6E-02));
#7542 = DIRECTION('',(-0.,-0.,-1.));
#7543 = DIRECTION('',(-3.552713678801E-14,-1.,0.));
#7544 = ADVANCED_FACE('',(#7545),#7556,.F.);
#7545 = FACE_BOUND('',#7546,.T.);
#7546 = EDGE_LOOP('',(#7547,#7548,#7554,#7555));
#7547 = ORIENTED_EDGE('',*,*,#1414,.T.);
#7548 = ORIENTED_EDGE('',*,*,#7549,.T.);
#7549 = EDGE_CURVE('',#1415,#4135,#7550,.T.);
#7550 = LINE('',#7551,#7552);
#7551 = CARTESIAN_POINT('',(84.582,-90.77,-4.6E-02));
#7552 = VECTOR('',#7553,1.);
#7553 = DIRECTION('',(0.,0.,1.));
#7554 = ORIENTED_EDGE('',*,*,#4134,.F.);
#7555 = ORIENTED_EDGE('',*,*,#7549,.F.);
#7556 = CYLINDRICAL_SURFACE('',#7557,0.6);
#7557 = AXIS2_PLACEMENT_3D('',#7558,#7559,#7560);
#7558 = CARTESIAN_POINT('',(84.582,-90.17,-4.6E-02));
#7559 = DIRECTION('',(-0.,-0.,-1.));
#7560 = DIRECTION('',(-0.,-1.,0.));
#7561 = ADVANCED_FACE('',(#7562),#7573,.F.);
#7562 = FACE_BOUND('',#7563,.T.);
#7563 = EDGE_LOOP('',(#7564,#7565,#7571,#7572));
#7564 = ORIENTED_EDGE('',*,*,#1425,.T.);
#7565 = ORIENTED_EDGE('',*,*,#7566,.T.);
#7566 = EDGE_CURVE('',#1426,#4146,#7567,.T.);
#7567 = LINE('',#7568,#7569);
#7568 = CARTESIAN_POINT('',(85.49,-79.467,-4.6E-02));
#7569 = VECTOR('',#7570,1.);
#7570 = DIRECTION('',(0.,0.,1.));
#7571 = ORIENTED_EDGE('',*,*,#4145,.F.);
#7572 = ORIENTED_EDGE('',*,*,#7566,.F.);
#7573 = CYLINDRICAL_SURFACE('',#7574,0.6);
#7574 = AXIS2_PLACEMENT_3D('',#7575,#7576,#7577);
#7575 = CARTESIAN_POINT('',(85.49,-78.867,-4.6E-02));
#7576 = DIRECTION('',(-0.,-0.,-1.));
#7577 = DIRECTION('',(-2.368475785867E-14,-1.,0.));
#7578 = ADVANCED_FACE('',(#7579),#7590,.F.);
#7579 = FACE_BOUND('',#7580,.T.);
#7580 = EDGE_LOOP('',(#7581,#7582,#7588,#7589));
#7581 = ORIENTED_EDGE('',*,*,#1436,.T.);
#7582 = ORIENTED_EDGE('',*,*,#7583,.T.);
#7583 = EDGE_CURVE('',#1437,#4157,#7584,.T.);
#7584 = LINE('',#7585,#7586);
#7585 = CARTESIAN_POINT('',(109.582,-90.77,-4.6E-02));
#7586 = VECTOR('',#7587,1.);
#7587 = DIRECTION('',(0.,0.,1.));
#7588 = ORIENTED_EDGE('',*,*,#4156,.F.);
#7589 = ORIENTED_EDGE('',*,*,#7583,.F.);
#7590 = CYLINDRICAL_SURFACE('',#7591,0.6);
#7591 = AXIS2_PLACEMENT_3D('',#7592,#7593,#7594);
#7592 = CARTESIAN_POINT('',(109.582,-90.17,-4.6E-02));
#7593 = DIRECTION('',(-0.,-0.,-1.));
#7594 = DIRECTION('',(-0.,-1.,0.));
#7595 = ADVANCED_FACE('',(#7596),#7607,.F.);
#7596 = FACE_BOUND('',#7597,.T.);
#7597 = EDGE_LOOP('',(#7598,#7599,#7605,#7606));
#7598 = ORIENTED_EDGE('',*,*,#1447,.T.);
#7599 = ORIENTED_EDGE('',*,*,#7600,.T.);
#7600 = EDGE_CURVE('',#1448,#4168,#7601,.T.);
#7601 = LINE('',#7602,#7603);
#7602 = CARTESIAN_POINT('',(110.49,-79.467,-4.6E-02));
#7603 = VECTOR('',#7604,1.);
#7604 = DIRECTION('',(0.,0.,1.));
#7605 = ORIENTED_EDGE('',*,*,#4167,.F.);
#7606 = ORIENTED_EDGE('',*,*,#7600,.F.);
#7607 = CYLINDRICAL_SURFACE('',#7608,0.6);
#7608 = AXIS2_PLACEMENT_3D('',#7609,#7610,#7611);
#7609 = CARTESIAN_POINT('',(110.49,-78.867,-4.6E-02));
#7610 = DIRECTION('',(-0.,-0.,-1.));
#7611 = DIRECTION('',(-2.368475785867E-14,-1.,0.));
#7612 = ADVANCED_FACE('',(#7613),#7624,.F.);
#7613 = FACE_BOUND('',#7614,.T.);
#7614 = EDGE_LOOP('',(#7615,#7616,#7622,#7623));
#7615 = ORIENTED_EDGE('',*,*,#1458,.T.);
#7616 = ORIENTED_EDGE('',*,*,#7617,.T.);
#7617 = EDGE_CURVE('',#1459,#4179,#7618,.T.);
#7618 = LINE('',#7619,#7620);
#7619 = CARTESIAN_POINT('',(78.3,-77.4,-4.6E-02));
#7620 = VECTOR('',#7621,1.);
#7621 = DIRECTION('',(0.,0.,1.));
#7622 = ORIENTED_EDGE('',*,*,#4178,.F.);
#7623 = ORIENTED_EDGE('',*,*,#7617,.F.);
#7624 = CYLINDRICAL_SURFACE('',#7625,0.4);
#7625 = AXIS2_PLACEMENT_3D('',#7626,#7627,#7628);
#7626 = CARTESIAN_POINT('',(78.3,-77.,-4.6E-02));
#7627 = DIRECTION('',(-0.,-0.,-1.));
#7628 = DIRECTION('',(-3.552713678801E-14,-1.,0.));
#7629 = ADVANCED_FACE('',(#7630),#7641,.F.);
#7630 = FACE_BOUND('',#7631,.T.);
#7631 = EDGE_LOOP('',(#7632,#7633,#7639,#7640));
#7632 = ORIENTED_EDGE('',*,*,#1469,.T.);
#7633 = ORIENTED_EDGE('',*,*,#7634,.T.);
#7634 = EDGE_CURVE('',#1470,#4190,#7635,.T.);
#7635 = LINE('',#7636,#7637);
#7636 = CARTESIAN_POINT('',(96.52,-71.67,-4.6E-02));
#7637 = VECTOR('',#7638,1.);
#7638 = DIRECTION('',(0.,0.,1.));
#7639 = ORIENTED_EDGE('',*,*,#4189,.F.);
#7640 = ORIENTED_EDGE('',*,*,#7634,.F.);
#7641 = CYLINDRICAL_SURFACE('',#7642,0.55);
#7642 = AXIS2_PLACEMENT_3D('',#7643,#7644,#7645);
#7643 = CARTESIAN_POINT('',(96.52,-71.12,-4.6E-02));
#7644 = DIRECTION('',(-0.,-0.,-1.));
#7645 = DIRECTION('',(-0.,-1.,0.));
#7646 = ADVANCED_FACE('',(#7647),#7658,.F.);
#7647 = FACE_BOUND('',#7648,.T.);
#7648 = EDGE_LOOP('',(#7649,#7650,#7656,#7657));
#7649 = ORIENTED_EDGE('',*,*,#1480,.T.);
#7650 = ORIENTED_EDGE('',*,*,#7651,.T.);
#7651 = EDGE_CURVE('',#1481,#4201,#7652,.T.);
#7652 = LINE('',#7653,#7654);
#7653 = CARTESIAN_POINT('',(99.06,-71.67,-4.6E-02));
#7654 = VECTOR('',#7655,1.);
#7655 = DIRECTION('',(0.,0.,1.));
#7656 = ORIENTED_EDGE('',*,*,#4200,.F.);
#7657 = ORIENTED_EDGE('',*,*,#7651,.F.);
#7658 = CYLINDRICAL_SURFACE('',#7659,0.55);
#7659 = AXIS2_PLACEMENT_3D('',#7660,#7661,#7662);
#7660 = CARTESIAN_POINT('',(99.06,-71.12,-4.6E-02));
#7661 = DIRECTION('',(-0.,-0.,-1.));
#7662 = DIRECTION('',(-0.,-1.,0.));
#7663 = ADVANCED_FACE('',(#7664),#7675,.F.);
#7664 = FACE_BOUND('',#7665,.T.);
#7665 = EDGE_LOOP('',(#7666,#7667,#7673,#7674));
#7666 = ORIENTED_EDGE('',*,*,#1491,.T.);
#7667 = ORIENTED_EDGE('',*,*,#7668,.T.);
#7668 = EDGE_CURVE('',#1492,#4212,#7669,.T.);
#7669 = LINE('',#7670,#7671);
#7670 = CARTESIAN_POINT('',(101.6,-71.67,-4.6E-02));
#7671 = VECTOR('',#7672,1.);
#7672 = DIRECTION('',(0.,0.,1.));
#7673 = ORIENTED_EDGE('',*,*,#4211,.F.);
#7674 = ORIENTED_EDGE('',*,*,#7668,.F.);
#7675 = CYLINDRICAL_SURFACE('',#7676,0.55);
#7676 = AXIS2_PLACEMENT_3D('',#7677,#7678,#7679);
#7677 = CARTESIAN_POINT('',(101.6,-71.12,-4.6E-02));
#7678 = DIRECTION('',(-0.,-0.,-1.));
#7679 = DIRECTION('',(-0.,-1.,0.));
#7680 = ADVANCED_FACE('',(#7681),#7692,.F.);
#7681 = FACE_BOUND('',#7682,.T.);
#7682 = EDGE_LOOP('',(#7683,#7684,#7690,#7691));
#7683 = ORIENTED_EDGE('',*,*,#1502,.T.);
#7684 = ORIENTED_EDGE('',*,*,#7685,.T.);
#7685 = EDGE_CURVE('',#1503,#4223,#7686,.T.);
#7686 = LINE('',#7687,#7688);
#7687 = CARTESIAN_POINT('',(117.475,-88.9,-4.6E-02));
#7688 = VECTOR('',#7689,1.);
#7689 = DIRECTION('',(0.,0.,1.));
#7690 = ORIENTED_EDGE('',*,*,#4222,.F.);
#7691 = ORIENTED_EDGE('',*,*,#7685,.F.);
#7692 = CYLINDRICAL_SURFACE('',#7693,0.635);
#7693 = AXIS2_PLACEMENT_3D('',#7694,#7695,#7696);
#7694 = CARTESIAN_POINT('',(117.475,-88.265,-4.6E-02));
#7695 = DIRECTION('',(-0.,-0.,-1.));
#7696 = DIRECTION('',(-0.,-1.,0.));
#7697 = ADVANCED_FACE('',(#7698),#7709,.F.);
#7698 = FACE_BOUND('',#7699,.T.);
#7699 = EDGE_LOOP('',(#7700,#7701,#7707,#7708));
#7700 = ORIENTED_EDGE('',*,*,#1513,.T.);
#7701 = ORIENTED_EDGE('',*,*,#7702,.T.);
#7702 = EDGE_CURVE('',#1514,#4234,#7703,.T.);
#7703 = LINE('',#7704,#7705);
#7704 = CARTESIAN_POINT('',(127.635,-86.36,-4.6E-02));
#7705 = VECTOR('',#7706,1.);
#7706 = DIRECTION('',(0.,0.,1.));
#7707 = ORIENTED_EDGE('',*,*,#4233,.F.);
#7708 = ORIENTED_EDGE('',*,*,#7702,.F.);
#7709 = CYLINDRICAL_SURFACE('',#7710,0.635);
#7710 = AXIS2_PLACEMENT_3D('',#7711,#7712,#7713);
#7711 = CARTESIAN_POINT('',(127.635,-85.725,-4.6E-02));
#7712 = DIRECTION('',(-0.,-0.,-1.));
#7713 = DIRECTION('',(-0.,-1.,0.));
#7714 = ADVANCED_FACE('',(#7715),#7726,.F.);
#7715 = FACE_BOUND('',#7716,.T.);
#7716 = EDGE_LOOP('',(#7717,#7718,#7724,#7725));
#7717 = ORIENTED_EDGE('',*,*,#1524,.T.);
#7718 = ORIENTED_EDGE('',*,*,#7719,.T.);
#7719 = EDGE_CURVE('',#1525,#4245,#7720,.T.);
#7720 = LINE('',#7721,#7722);
#7721 = CARTESIAN_POINT('',(118.11,-79.14,-4.6E-02));
#7722 = VECTOR('',#7723,1.);
#7723 = DIRECTION('',(0.,0.,1.));
#7724 = ORIENTED_EDGE('',*,*,#4244,.F.);
#7725 = ORIENTED_EDGE('',*,*,#7719,.F.);
#7726 = CYLINDRICAL_SURFACE('',#7727,0.4);
#7727 = AXIS2_PLACEMENT_3D('',#7728,#7729,#7730);
#7728 = CARTESIAN_POINT('',(118.11,-78.74,-4.6E-02));
#7729 = DIRECTION('',(-0.,-0.,-1.));
#7730 = DIRECTION('',(-0.,-1.,0.));
#7731 = ADVANCED_FACE('',(#7732),#7743,.F.);
#7732 = FACE_BOUND('',#7733,.T.);
#7733 = EDGE_LOOP('',(#7734,#7735,#7741,#7742));
#7734 = ORIENTED_EDGE('',*,*,#1535,.T.);
#7735 = ORIENTED_EDGE('',*,*,#7736,.T.);
#7736 = EDGE_CURVE('',#1536,#4256,#7737,.T.);
#7737 = LINE('',#7738,#7739);
#7738 = CARTESIAN_POINT('',(128.27,-79.14,-4.6E-02));
#7739 = VECTOR('',#7740,1.);
#7740 = DIRECTION('',(0.,0.,1.));
#7741 = ORIENTED_EDGE('',*,*,#4255,.F.);
#7742 = ORIENTED_EDGE('',*,*,#7736,.F.);
#7743 = CYLINDRICAL_SURFACE('',#7744,0.4);
#7744 = AXIS2_PLACEMENT_3D('',#7745,#7746,#7747);
#7745 = CARTESIAN_POINT('',(128.27,-78.74,-4.6E-02));
#7746 = DIRECTION('',(-0.,0.,-1.));
#7747 = DIRECTION('',(7.105427357601E-14,-1.,-0.));
#7748 = ADVANCED_FACE('',(#7749),#7760,.F.);
#7749 = FACE_BOUND('',#7750,.T.);
#7750 = EDGE_LOOP('',(#7751,#7752,#7758,#7759));
#7751 = ORIENTED_EDGE('',*,*,#1546,.T.);
#7752 = ORIENTED_EDGE('',*,*,#7753,.T.);
#7753 = EDGE_CURVE('',#1547,#4267,#7754,.T.);
#7754 = LINE('',#7755,#7756);
#7755 = CARTESIAN_POINT('',(139.065,-88.03,-4.6E-02));
#7756 = VECTOR('',#7757,1.);
#7757 = DIRECTION('',(0.,0.,1.));
#7758 = ORIENTED_EDGE('',*,*,#4266,.F.);
#7759 = ORIENTED_EDGE('',*,*,#7753,.F.);
#7760 = CYLINDRICAL_SURFACE('',#7761,0.4);
#7761 = AXIS2_PLACEMENT_3D('',#7762,#7763,#7764);
#7762 = CARTESIAN_POINT('',(139.065,-87.63,-4.6E-02));
#7763 = DIRECTION('',(-0.,-0.,-1.));
#7764 = DIRECTION('',(-0.,-1.,0.));
#7765 = ADVANCED_FACE('',(#7766),#7777,.F.);
#7766 = FACE_BOUND('',#7767,.T.);
#7767 = EDGE_LOOP('',(#7768,#7769,#7775,#7776));
#7768 = ORIENTED_EDGE('',*,*,#1557,.T.);
#7769 = ORIENTED_EDGE('',*,*,#7770,.T.);
#7770 = EDGE_CURVE('',#1558,#4278,#7771,.T.);
#7771 = LINE('',#7772,#7773);
#7772 = CARTESIAN_POINT('',(149.225,-88.03,-4.6E-02));
#7773 = VECTOR('',#7774,1.);
#7774 = DIRECTION('',(0.,0.,1.));
#7775 = ORIENTED_EDGE('',*,*,#4277,.F.);
#7776 = ORIENTED_EDGE('',*,*,#7770,.F.);
#7777 = CYLINDRICAL_SURFACE('',#7778,0.4);
#7778 = AXIS2_PLACEMENT_3D('',#7779,#7780,#7781);
#7779 = CARTESIAN_POINT('',(149.225,-87.63,-4.6E-02));
#7780 = DIRECTION('',(-0.,-0.,-1.));
#7781 = DIRECTION('',(-0.,-1.,0.));
#7782 = ADVANCED_FACE('',(#7783),#7794,.F.);
#7783 = FACE_BOUND('',#7784,.T.);
#7784 = EDGE_LOOP('',(#7785,#7786,#7792,#7793));
#7785 = ORIENTED_EDGE('',*,*,#1568,.T.);
#7786 = ORIENTED_EDGE('',*,*,#7787,.T.);
#7787 = EDGE_CURVE('',#1569,#4289,#7788,.T.);
#7788 = LINE('',#7789,#7790);
#7789 = CARTESIAN_POINT('',(134.112,-82.63,-4.6E-02));
#7790 = VECTOR('',#7791,1.);
#7791 = DIRECTION('',(0.,0.,1.));
#7792 = ORIENTED_EDGE('',*,*,#4288,.F.);
#7793 = ORIENTED_EDGE('',*,*,#7787,.F.);
#7794 = CYLINDRICAL_SURFACE('',#7795,0.4);
#7795 = AXIS2_PLACEMENT_3D('',#7796,#7797,#7798);
#7796 = CARTESIAN_POINT('',(134.112,-82.23,-4.6E-02));
#7797 = DIRECTION('',(-0.,-0.,-1.));
#7798 = DIRECTION('',(-0.,-1.,0.));
#7799 = ADVANCED_FACE('',(#7800),#7811,.F.);
#7800 = FACE_BOUND('',#7801,.T.);
#7801 = EDGE_LOOP('',(#7802,#7803,#7809,#7810));
#7802 = ORIENTED_EDGE('',*,*,#1579,.T.);
#7803 = ORIENTED_EDGE('',*,*,#7804,.T.);
#7804 = EDGE_CURVE('',#1580,#4300,#7805,.T.);
#7805 = LINE('',#7806,#7807);
#7806 = CARTESIAN_POINT('',(139.065,-84.22,-4.6E-02));
#7807 = VECTOR('',#7808,1.);
#7808 = DIRECTION('',(0.,0.,1.));
#7809 = ORIENTED_EDGE('',*,*,#4299,.F.);
#7810 = ORIENTED_EDGE('',*,*,#7804,.F.);
#7811 = CYLINDRICAL_SURFACE('',#7812,0.4);
#7812 = AXIS2_PLACEMENT_3D('',#7813,#7814,#7815);
#7813 = CARTESIAN_POINT('',(139.065,-83.82,-4.6E-02));
#7814 = DIRECTION('',(-0.,-0.,-1.));
#7815 = DIRECTION('',(-0.,-1.,0.));
#7816 = ADVANCED_FACE('',(#7817),#7828,.F.);
#7817 = FACE_BOUND('',#7818,.T.);
#7818 = EDGE_LOOP('',(#7819,#7820,#7826,#7827));
#7819 = ORIENTED_EDGE('',*,*,#1590,.T.);
#7820 = ORIENTED_EDGE('',*,*,#7821,.T.);
#7821 = EDGE_CURVE('',#1591,#4311,#7822,.T.);
#7822 = LINE('',#7823,#7824);
#7823 = CARTESIAN_POINT('',(139.065,-81.045,-4.6E-02));
#7824 = VECTOR('',#7825,1.);
#7825 = DIRECTION('',(0.,0.,1.));
#7826 = ORIENTED_EDGE('',*,*,#4310,.F.);
#7827 = ORIENTED_EDGE('',*,*,#7821,.F.);
#7828 = CYLINDRICAL_SURFACE('',#7829,0.4);
#7829 = AXIS2_PLACEMENT_3D('',#7830,#7831,#7832);
#7830 = CARTESIAN_POINT('',(139.065,-80.645,-4.6E-02));
#7831 = DIRECTION('',(-0.,-0.,-1.));
#7832 = DIRECTION('',(-0.,-1.,0.));
#7833 = ADVANCED_FACE('',(#7834),#7845,.F.);
#7834 = FACE_BOUND('',#7835,.T.);
#7835 = EDGE_LOOP('',(#7836,#7837,#7843,#7844));
#7836 = ORIENTED_EDGE('',*,*,#1601,.T.);
#7837 = ORIENTED_EDGE('',*,*,#7838,.T.);
#7838 = EDGE_CURVE('',#1602,#4322,#7839,.T.);
#7839 = LINE('',#7840,#7841);
#7840 = CARTESIAN_POINT('',(149.225,-84.22,-4.6E-02));
#7841 = VECTOR('',#7842,1.);
#7842 = DIRECTION('',(0.,0.,1.));
#7843 = ORIENTED_EDGE('',*,*,#4321,.F.);
#7844 = ORIENTED_EDGE('',*,*,#7838,.F.);
#7845 = CYLINDRICAL_SURFACE('',#7846,0.4);
#7846 = AXIS2_PLACEMENT_3D('',#7847,#7848,#7849);
#7847 = CARTESIAN_POINT('',(149.225,-83.82,-4.6E-02));
#7848 = DIRECTION('',(-0.,-0.,-1.));
#7849 = DIRECTION('',(-0.,-1.,0.));
#7850 = ADVANCED_FACE('',(#7851),#7862,.F.);
#7851 = FACE_BOUND('',#7852,.T.);
#7852 = EDGE_LOOP('',(#7853,#7854,#7860,#7861));
#7853 = ORIENTED_EDGE('',*,*,#1612,.T.);
#7854 = ORIENTED_EDGE('',*,*,#7855,.T.);
#7855 = EDGE_CURVE('',#1613,#4333,#7856,.T.);
#7856 = LINE('',#7857,#7858);
#7857 = CARTESIAN_POINT('',(146.685,-81.045,-4.6E-02));
#7858 = VECTOR('',#7859,1.);
#7859 = DIRECTION('',(0.,0.,1.));
#7860 = ORIENTED_EDGE('',*,*,#4332,.F.);
#7861 = ORIENTED_EDGE('',*,*,#7855,.F.);
#7862 = CYLINDRICAL_SURFACE('',#7863,0.4);
#7863 = AXIS2_PLACEMENT_3D('',#7864,#7865,#7866);
#7864 = CARTESIAN_POINT('',(146.685,-80.645,-4.6E-02));
#7865 = DIRECTION('',(-0.,-0.,-1.));
#7866 = DIRECTION('',(-0.,-1.,0.));
#7867 = ADVANCED_FACE('',(#7868),#7879,.F.);
#7868 = FACE_BOUND('',#7869,.T.);
#7869 = EDGE_LOOP('',(#7870,#7871,#7877,#7878));
#7870 = ORIENTED_EDGE('',*,*,#1623,.T.);
#7871 = ORIENTED_EDGE('',*,*,#7872,.T.);
#7872 = EDGE_CURVE('',#1624,#4344,#7873,.T.);
#7873 = LINE('',#7874,#7875);
#7874 = CARTESIAN_POINT('',(118.11,-75.584,-4.6E-02));
#7875 = VECTOR('',#7876,1.);
#7876 = DIRECTION('',(0.,0.,1.));
#7877 = ORIENTED_EDGE('',*,*,#4343,.F.);
#7878 = ORIENTED_EDGE('',*,*,#7872,.F.);
#7879 = CYLINDRICAL_SURFACE('',#7880,0.4);
#7880 = AXIS2_PLACEMENT_3D('',#7881,#7882,#7883);
#7881 = CARTESIAN_POINT('',(118.11,-75.184,-4.6E-02));
#7882 = DIRECTION('',(-0.,-0.,-1.));
#7883 = DIRECTION('',(-0.,-1.,0.));
#7884 = ADVANCED_FACE('',(#7885),#7896,.F.);
#7885 = FACE_BOUND('',#7886,.T.);
#7886 = EDGE_LOOP('',(#7887,#7888,#7894,#7895));
#7887 = ORIENTED_EDGE('',*,*,#1634,.T.);
#7888 = ORIENTED_EDGE('',*,*,#7889,.T.);
#7889 = EDGE_CURVE('',#1635,#4355,#7890,.T.);
#7890 = LINE('',#7891,#7892);
#7891 = CARTESIAN_POINT('',(128.27,-75.584,-4.6E-02));
#7892 = VECTOR('',#7893,1.);
#7893 = DIRECTION('',(0.,0.,1.));
#7894 = ORIENTED_EDGE('',*,*,#4354,.F.);
#7895 = ORIENTED_EDGE('',*,*,#7889,.F.);
#7896 = CYLINDRICAL_SURFACE('',#7897,0.4);
#7897 = AXIS2_PLACEMENT_3D('',#7898,#7899,#7900);
#7898 = CARTESIAN_POINT('',(128.27,-75.184,-4.6E-02));
#7899 = DIRECTION('',(-0.,0.,-1.));
#7900 = DIRECTION('',(7.105427357601E-14,-1.,-0.));
#7901 = ADVANCED_FACE('',(#7902),#7913,.F.);
#7902 = FACE_BOUND('',#7903,.T.);
#7903 = EDGE_LOOP('',(#7904,#7905,#7911,#7912));
#7904 = ORIENTED_EDGE('',*,*,#1645,.T.);
#7905 = ORIENTED_EDGE('',*,*,#7906,.T.);
#7906 = EDGE_CURVE('',#1646,#4366,#7907,.T.);
#7907 = LINE('',#7908,#7909);
#7908 = CARTESIAN_POINT('',(125.73,-67.88,-4.6E-02));
#7909 = VECTOR('',#7910,1.);
#7910 = DIRECTION('',(0.,0.,1.));
#7911 = ORIENTED_EDGE('',*,*,#4365,.F.);
#7912 = ORIENTED_EDGE('',*,*,#7906,.F.);
#7913 = CYLINDRICAL_SURFACE('',#7914,0.65);
#7914 = AXIS2_PLACEMENT_3D('',#7915,#7916,#7917);
#7915 = CARTESIAN_POINT('',(125.73,-67.23,-4.6E-02));
#7916 = DIRECTION('',(-0.,0.,-1.));
#7917 = DIRECTION('',(2.1862853408E-14,-1.,-0.));
#7918 = ADVANCED_FACE('',(#7919),#7930,.F.);
#7919 = FACE_BOUND('',#7920,.T.);
#7920 = EDGE_LOOP('',(#7921,#7922,#7928,#7929));
#7921 = ORIENTED_EDGE('',*,*,#1656,.T.);
#7922 = ORIENTED_EDGE('',*,*,#7923,.T.);
#7923 = EDGE_CURVE('',#1657,#4377,#7924,.T.);
#7924 = LINE('',#7925,#7926);
#7925 = CARTESIAN_POINT('',(139.065,-77.87,-4.6E-02));
#7926 = VECTOR('',#7927,1.);
#7927 = DIRECTION('',(0.,0.,1.));
#7928 = ORIENTED_EDGE('',*,*,#4376,.F.);
#7929 = ORIENTED_EDGE('',*,*,#7923,.F.);
#7930 = CYLINDRICAL_SURFACE('',#7931,0.4);
#7931 = AXIS2_PLACEMENT_3D('',#7932,#7933,#7934);
#7932 = CARTESIAN_POINT('',(139.065,-77.47,-4.6E-02));
#7933 = DIRECTION('',(-0.,-0.,-1.));
#7934 = DIRECTION('',(-0.,-1.,0.));
#7935 = ADVANCED_FACE('',(#7936),#7947,.F.);
#7936 = FACE_BOUND('',#7937,.T.);
#7937 = EDGE_LOOP('',(#7938,#7939,#7945,#7946));
#7938 = ORIENTED_EDGE('',*,*,#1667,.T.);
#7939 = ORIENTED_EDGE('',*,*,#7940,.T.);
#7940 = EDGE_CURVE('',#1668,#4388,#7941,.T.);
#7941 = LINE('',#7942,#7943);
#7942 = CARTESIAN_POINT('',(149.225,-77.87,-4.6E-02));
#7943 = VECTOR('',#7944,1.);
#7944 = DIRECTION('',(0.,0.,1.));
#7945 = ORIENTED_EDGE('',*,*,#4387,.F.);
#7946 = ORIENTED_EDGE('',*,*,#7940,.F.);
#7947 = CYLINDRICAL_SURFACE('',#7948,0.4);
#7948 = AXIS2_PLACEMENT_3D('',#7949,#7950,#7951);
#7949 = CARTESIAN_POINT('',(149.225,-77.47,-4.6E-02));
#7950 = DIRECTION('',(-0.,-0.,-1.));
#7951 = DIRECTION('',(-0.,-1.,0.));
#7952 = ADVANCED_FACE('',(#7953),#7964,.F.);
#7953 = FACE_BOUND('',#7954,.T.);
#7954 = EDGE_LOOP('',(#7955,#7956,#7962,#7963));
#7955 = ORIENTED_EDGE('',*,*,#1678,.T.);
#7956 = ORIENTED_EDGE('',*,*,#7957,.T.);
#7957 = EDGE_CURVE('',#1679,#4399,#7958,.T.);
#7958 = LINE('',#7959,#7960);
#7959 = CARTESIAN_POINT('',(140.081,-71.393,-4.6E-02));
#7960 = VECTOR('',#7961,1.);
#7961 = DIRECTION('',(0.,0.,1.));
#7962 = ORIENTED_EDGE('',*,*,#4398,.F.);
#7963 = ORIENTED_EDGE('',*,*,#7957,.F.);
#7964 = CYLINDRICAL_SURFACE('',#7965,0.4);
#7965 = AXIS2_PLACEMENT_3D('',#7966,#7967,#7968);
#7966 = CARTESIAN_POINT('',(140.081,-70.993,-4.6E-02));
#7967 = DIRECTION('',(-0.,-0.,-1.));
#7968 = DIRECTION('',(-7.105427357601E-14,-1.,0.));
#7969 = ADVANCED_FACE('',(#7970),#7981,.F.);
#7970 = FACE_BOUND('',#7971,.T.);
#7971 = EDGE_LOOP('',(#7972,#7973,#7979,#7980));
#7972 = ORIENTED_EDGE('',*,*,#1689,.T.);
#7973 = ORIENTED_EDGE('',*,*,#7974,.T.);
#7974 = EDGE_CURVE('',#1690,#4410,#7975,.T.);
#7975 = LINE('',#7976,#7977);
#7976 = CARTESIAN_POINT('',(146.05,-70.225,-4.6E-02));
#7977 = VECTOR('',#7978,1.);
#7978 = DIRECTION('',(0.,0.,1.));
#7979 = ORIENTED_EDGE('',*,*,#4409,.F.);
#7980 = ORIENTED_EDGE('',*,*,#7974,.F.);
#7981 = CYLINDRICAL_SURFACE('',#7982,0.375);
#7982 = AXIS2_PLACEMENT_3D('',#7983,#7984,#7985);
#7983 = CARTESIAN_POINT('',(146.05,-69.85,-4.6E-02));
#7984 = DIRECTION('',(-0.,-0.,-1.));
#7985 = DIRECTION('',(-0.,-1.,0.));
#7986 = ADVANCED_FACE('',(#7987),#7998,.F.);
#7987 = FACE_BOUND('',#7988,.T.);
#7988 = EDGE_LOOP('',(#7989,#7990,#7996,#7997));
#7989 = ORIENTED_EDGE('',*,*,#1700,.T.);
#7990 = ORIENTED_EDGE('',*,*,#7991,.T.);
#7991 = EDGE_CURVE('',#1701,#4421,#7992,.T.);
#7992 = LINE('',#7993,#7994);
#7993 = CARTESIAN_POINT('',(148.59,-70.225,-4.6E-02));
#7994 = VECTOR('',#7995,1.);
#7995 = DIRECTION('',(0.,0.,1.));
#7996 = ORIENTED_EDGE('',*,*,#4420,.F.);
#7997 = ORIENTED_EDGE('',*,*,#7991,.F.);
#7998 = CYLINDRICAL_SURFACE('',#7999,0.375);
#7999 = AXIS2_PLACEMENT_3D('',#8000,#8001,#8002);
#8000 = CARTESIAN_POINT('',(148.59,-69.85,-4.6E-02));
#8001 = DIRECTION('',(-0.,-0.,-1.));
#8002 = DIRECTION('',(-0.,-1.,0.));
#8003 = ADVANCED_FACE('',(#8004),#8015,.F.);
#8004 = FACE_BOUND('',#8005,.T.);
#8005 = EDGE_LOOP('',(#8006,#8007,#8013,#8014));
#8006 = ORIENTED_EDGE('',*,*,#1711,.T.);
#8007 = ORIENTED_EDGE('',*,*,#8008,.T.);
#8008 = EDGE_CURVE('',#1712,#4432,#8009,.T.);
#8009 = LINE('',#8010,#8011);
#8010 = CARTESIAN_POINT('',(147.32,-68.955,-4.6E-02));
#8011 = VECTOR('',#8012,1.);
#8012 = DIRECTION('',(0.,0.,1.));
#8013 = ORIENTED_EDGE('',*,*,#4431,.F.);
#8014 = ORIENTED_EDGE('',*,*,#8008,.F.);
#8015 = CYLINDRICAL_SURFACE('',#8016,0.375);
#8016 = AXIS2_PLACEMENT_3D('',#8017,#8018,#8019);
#8017 = CARTESIAN_POINT('',(147.32,-68.58,-4.6E-02));
#8018 = DIRECTION('',(-0.,-0.,-1.));
#8019 = DIRECTION('',(-0.,-1.,0.));
#8020 = ADVANCED_FACE('',(#8021),#8032,.F.);
#8021 = FACE_BOUND('',#8022,.T.);
#8022 = EDGE_LOOP('',(#8023,#8024,#8030,#8031));
#8023 = ORIENTED_EDGE('',*,*,#1722,.T.);
#8024 = ORIENTED_EDGE('',*,*,#8025,.T.);
#8025 = EDGE_CURVE('',#1723,#4443,#8026,.T.);
#8026 = LINE('',#8027,#8028);
#8027 = CARTESIAN_POINT('',(152.4,-68.98,-4.6E-02));
#8028 = VECTOR('',#8029,1.);
#8029 = DIRECTION('',(0.,0.,1.));
#8030 = ORIENTED_EDGE('',*,*,#4442,.F.);
#8031 = ORIENTED_EDGE('',*,*,#8025,.F.);
#8032 = CYLINDRICAL_SURFACE('',#8033,0.4);
#8033 = AXIS2_PLACEMENT_3D('',#8034,#8035,#8036);
#8034 = CARTESIAN_POINT('',(152.4,-68.58,-4.6E-02));
#8035 = DIRECTION('',(-0.,-0.,-1.));
#8036 = DIRECTION('',(-0.,-1.,0.));
#8037 = ADVANCED_FACE('',(#8038),#8049,.F.);
#8038 = FACE_BOUND('',#8039,.T.);
#8039 = EDGE_LOOP('',(#8040,#8041,#8047,#8048));
#8040 = ORIENTED_EDGE('',*,*,#1733,.T.);
#8041 = ORIENTED_EDGE('',*,*,#8042,.T.);
#8042 = EDGE_CURVE('',#1734,#4454,#8043,.T.);
#8043 = LINE('',#8044,#8045);
#8044 = CARTESIAN_POINT('',(81.8,-65.65,-4.6E-02));
#8045 = VECTOR('',#8046,1.);
#8046 = DIRECTION('',(0.,0.,1.));
#8047 = ORIENTED_EDGE('',*,*,#4453,.F.);
#8048 = ORIENTED_EDGE('',*,*,#8042,.F.);
#8049 = CYLINDRICAL_SURFACE('',#8050,0.65);
#8050 = AXIS2_PLACEMENT_3D('',#8051,#8052,#8053);
#8051 = CARTESIAN_POINT('',(81.8,-65.,-4.6E-02));
#8052 = DIRECTION('',(-0.,-0.,-1.));
#8053 = DIRECTION('',(-2.1862853408E-14,-1.,0.));
#8054 = ADVANCED_FACE('',(#8055),#8066,.F.);
#8055 = FACE_BOUND('',#8056,.T.);
#8056 = EDGE_LOOP('',(#8057,#8058,#8064,#8065));
#8057 = ORIENTED_EDGE('',*,*,#1744,.T.);
#8058 = ORIENTED_EDGE('',*,*,#8059,.T.);
#8059 = EDGE_CURVE('',#1745,#4465,#8060,.T.);
#8060 = LINE('',#8061,#8062);
#8061 = CARTESIAN_POINT('',(81.8,-60.65,-4.6E-02));
#8062 = VECTOR('',#8063,1.);
#8063 = DIRECTION('',(0.,0.,1.));
#8064 = ORIENTED_EDGE('',*,*,#4464,.F.);
#8065 = ORIENTED_EDGE('',*,*,#8059,.F.);
#8066 = CYLINDRICAL_SURFACE('',#8067,0.65);
#8067 = AXIS2_PLACEMENT_3D('',#8068,#8069,#8070);
#8068 = CARTESIAN_POINT('',(81.8,-60.,-4.6E-02));
#8069 = DIRECTION('',(-0.,-0.,-1.));
#8070 = DIRECTION('',(-2.1862853408E-14,-1.,0.));
#8071 = ADVANCED_FACE('',(#8072),#8083,.F.);
#8072 = FACE_BOUND('',#8073,.T.);
#8073 = EDGE_LOOP('',(#8074,#8075,#8081,#8082));
#8074 = ORIENTED_EDGE('',*,*,#1755,.T.);
#8075 = ORIENTED_EDGE('',*,*,#8076,.T.);
#8076 = EDGE_CURVE('',#1756,#4476,#8077,.T.);
#8077 = LINE('',#8078,#8079);
#8078 = CARTESIAN_POINT('',(110.49,-65.17,-4.6E-02));
#8079 = VECTOR('',#8080,1.);
#8080 = DIRECTION('',(0.,0.,1.));
#8081 = ORIENTED_EDGE('',*,*,#4475,.F.);
#8082 = ORIENTED_EDGE('',*,*,#8076,.F.);
#8083 = CYLINDRICAL_SURFACE('',#8084,0.4);
#8084 = AXIS2_PLACEMENT_3D('',#8085,#8086,#8087);
#8085 = CARTESIAN_POINT('',(110.49,-64.77,-4.6E-02));
#8086 = DIRECTION('',(-0.,-0.,-1.));
#8087 = DIRECTION('',(-3.552713678801E-14,-1.,0.));
#8088 = ADVANCED_FACE('',(#8089),#8100,.F.);
#8089 = FACE_BOUND('',#8090,.T.);
#8090 = EDGE_LOOP('',(#8091,#8092,#8098,#8099));
#8091 = ORIENTED_EDGE('',*,*,#1766,.T.);
#8092 = ORIENTED_EDGE('',*,*,#8093,.T.);
#8093 = EDGE_CURVE('',#1767,#4487,#8094,.T.);
#8094 = LINE('',#8095,#8096);
#8095 = CARTESIAN_POINT('',(110.49,-62.63,-4.6E-02));
#8096 = VECTOR('',#8097,1.);
#8097 = DIRECTION('',(0.,0.,1.));
#8098 = ORIENTED_EDGE('',*,*,#4486,.F.);
#8099 = ORIENTED_EDGE('',*,*,#8093,.F.);
#8100 = CYLINDRICAL_SURFACE('',#8101,0.4);
#8101 = AXIS2_PLACEMENT_3D('',#8102,#8103,#8104);
#8102 = CARTESIAN_POINT('',(110.49,-62.23,-4.6E-02));
#8103 = DIRECTION('',(-0.,-0.,-1.));
#8104 = DIRECTION('',(-3.552713678801E-14,-1.,0.));
#8105 = ADVANCED_FACE('',(#8106),#8117,.F.);
#8106 = FACE_BOUND('',#8107,.T.);
#8107 = EDGE_LOOP('',(#8108,#8109,#8115,#8116));
#8108 = ORIENTED_EDGE('',*,*,#1777,.T.);
#8109 = ORIENTED_EDGE('',*,*,#8110,.T.);
#8110 = EDGE_CURVE('',#1778,#4498,#8111,.T.);
#8111 = LINE('',#8112,#8113);
#8112 = CARTESIAN_POINT('',(99.06,-56.21,-4.6E-02));
#8113 = VECTOR('',#8114,1.);
#8114 = DIRECTION('',(0.,0.,1.));
#8115 = ORIENTED_EDGE('',*,*,#4497,.F.);
#8116 = ORIENTED_EDGE('',*,*,#8110,.F.);
#8117 = CYLINDRICAL_SURFACE('',#8118,1.75);
#8118 = AXIS2_PLACEMENT_3D('',#8119,#8120,#8121);
#8119 = CARTESIAN_POINT('',(99.06,-54.46,-4.6E-02));
#8120 = DIRECTION('',(-0.,-0.,-1.));
#8121 = DIRECTION('',(-0.,-1.,0.));
#8122 = ADVANCED_FACE('',(#8123),#8134,.F.);
#8123 = FACE_BOUND('',#8124,.T.);
#8124 = EDGE_LOOP('',(#8125,#8126,#8132,#8133));
#8125 = ORIENTED_EDGE('',*,*,#1788,.T.);
#8126 = ORIENTED_EDGE('',*,*,#8127,.T.);
#8127 = EDGE_CURVE('',#1789,#4509,#8128,.T.);
#8128 = LINE('',#8129,#8130);
#8129 = CARTESIAN_POINT('',(110.49,-60.09,-4.6E-02));
#8130 = VECTOR('',#8131,1.);
#8131 = DIRECTION('',(0.,0.,1.));
#8132 = ORIENTED_EDGE('',*,*,#4508,.F.);
#8133 = ORIENTED_EDGE('',*,*,#8127,.F.);
#8134 = CYLINDRICAL_SURFACE('',#8135,0.4);
#8135 = AXIS2_PLACEMENT_3D('',#8136,#8137,#8138);
#8136 = CARTESIAN_POINT('',(110.49,-59.69,-4.6E-02));
#8137 = DIRECTION('',(-0.,-0.,-1.));
#8138 = DIRECTION('',(-3.552713678801E-14,-1.,0.));
#8139 = ADVANCED_FACE('',(#8140),#8151,.F.);
#8140 = FACE_BOUND('',#8141,.T.);
#8141 = EDGE_LOOP('',(#8142,#8143,#8149,#8150));
#8142 = ORIENTED_EDGE('',*,*,#1799,.T.);
#8143 = ORIENTED_EDGE('',*,*,#8144,.T.);
#8144 = EDGE_CURVE('',#1800,#4520,#8145,.T.);
#8145 = LINE('',#8146,#8147);
#8146 = CARTESIAN_POINT('',(110.49,-57.55,-4.6E-02));
#8147 = VECTOR('',#8148,1.);
#8148 = DIRECTION('',(0.,0.,1.));
#8149 = ORIENTED_EDGE('',*,*,#4519,.F.);
#8150 = ORIENTED_EDGE('',*,*,#8144,.F.);
#8151 = CYLINDRICAL_SURFACE('',#8152,0.4);
#8152 = AXIS2_PLACEMENT_3D('',#8153,#8154,#8155);
#8153 = CARTESIAN_POINT('',(110.49,-57.15,-4.6E-02));
#8154 = DIRECTION('',(-0.,-0.,-1.));
#8155 = DIRECTION('',(-3.552713678801E-14,-1.,0.));
#8156 = ADVANCED_FACE('',(#8157),#8168,.F.);
#8157 = FACE_BOUND('',#8158,.T.);
#8158 = EDGE_LOOP('',(#8159,#8160,#8166,#8167));
#8159 = ORIENTED_EDGE('',*,*,#1810,.T.);
#8160 = ORIENTED_EDGE('',*,*,#8161,.T.);
#8161 = EDGE_CURVE('',#1811,#4531,#8162,.T.);
#8162 = LINE('',#8163,#8164);
#8163 = CARTESIAN_POINT('',(77.47,-46.6,-4.6E-02));
#8164 = VECTOR('',#8165,1.);
#8165 = DIRECTION('',(0.,0.,1.));
#8166 = ORIENTED_EDGE('',*,*,#4530,.F.);
#8167 = ORIENTED_EDGE('',*,*,#8161,.F.);
#8168 = CYLINDRICAL_SURFACE('',#8169,2.15);
#8169 = AXIS2_PLACEMENT_3D('',#8170,#8171,#8172);
#8170 = CARTESIAN_POINT('',(77.47,-44.45,-4.6E-02));
#8171 = DIRECTION('',(-0.,-0.,-1.));
#8172 = DIRECTION('',(-0.,-1.,0.));
#8173 = ADVANCED_FACE('',(#8174),#8185,.F.);
#8174 = FACE_BOUND('',#8175,.T.);
#8175 = EDGE_LOOP('',(#8176,#8177,#8183,#8184));
#8176 = ORIENTED_EDGE('',*,*,#1821,.T.);
#8177 = ORIENTED_EDGE('',*,*,#8178,.T.);
#8178 = EDGE_CURVE('',#1822,#4542,#8179,.T.);
#8179 = LINE('',#8180,#8181);
#8180 = CARTESIAN_POINT('',(114.3,-52.47,-4.6E-02));
#8181 = VECTOR('',#8182,1.);
#8182 = DIRECTION('',(0.,0.,1.));
#8183 = ORIENTED_EDGE('',*,*,#4541,.F.);
#8184 = ORIENTED_EDGE('',*,*,#8178,.F.);
#8185 = CYLINDRICAL_SURFACE('',#8186,0.4);
#8186 = AXIS2_PLACEMENT_3D('',#8187,#8188,#8189);
#8187 = CARTESIAN_POINT('',(114.3,-52.07,-4.6E-02));
#8188 = DIRECTION('',(-0.,-0.,-1.));
#8189 = DIRECTION('',(-3.552713678801E-14,-1.,0.));
#8190 = ADVANCED_FACE('',(#8191),#8202,.F.);
#8191 = FACE_BOUND('',#8192,.T.);
#8192 = EDGE_LOOP('',(#8193,#8194,#8200,#8201));
#8193 = ORIENTED_EDGE('',*,*,#1832,.T.);
#8194 = ORIENTED_EDGE('',*,*,#8195,.T.);
#8195 = EDGE_CURVE('',#1833,#4553,#8196,.T.);
#8196 = LINE('',#8197,#8198);
#8197 = CARTESIAN_POINT('',(114.3,-48.66,-4.6E-02));
#8198 = VECTOR('',#8199,1.);
#8199 = DIRECTION('',(0.,0.,1.));
#8200 = ORIENTED_EDGE('',*,*,#4552,.F.);
#8201 = ORIENTED_EDGE('',*,*,#8195,.F.);
#8202 = CYLINDRICAL_SURFACE('',#8203,0.4);
#8203 = AXIS2_PLACEMENT_3D('',#8204,#8205,#8206);
#8204 = CARTESIAN_POINT('',(114.3,-48.26,-4.6E-02));
#8205 = DIRECTION('',(-0.,-0.,-1.));
#8206 = DIRECTION('',(-3.552713678801E-14,-1.,0.));
#8207 = ADVANCED_FACE('',(#8208),#8219,.F.);
#8208 = FACE_BOUND('',#8209,.T.);
#8209 = EDGE_LOOP('',(#8210,#8211,#8217,#8218));
#8210 = ORIENTED_EDGE('',*,*,#1843,.T.);
#8211 = ORIENTED_EDGE('',*,*,#8212,.T.);
#8212 = EDGE_CURVE('',#1844,#4564,#8213,.T.);
#8213 = LINE('',#8214,#8215);
#8214 = CARTESIAN_POINT('',(118.11,-65.17,-4.6E-02));
#8215 = VECTOR('',#8216,1.);
#8216 = DIRECTION('',(0.,0.,1.));
#8217 = ORIENTED_EDGE('',*,*,#4563,.F.);
#8218 = ORIENTED_EDGE('',*,*,#8212,.F.);
#8219 = CYLINDRICAL_SURFACE('',#8220,0.4);
#8220 = AXIS2_PLACEMENT_3D('',#8221,#8222,#8223);
#8221 = CARTESIAN_POINT('',(118.11,-64.77,-4.6E-02));
#8222 = DIRECTION('',(-0.,-0.,-1.));
#8223 = DIRECTION('',(-0.,-1.,0.));
#8224 = ADVANCED_FACE('',(#8225),#8236,.F.);
#8225 = FACE_BOUND('',#8226,.T.);
#8226 = EDGE_LOOP('',(#8227,#8228,#8234,#8235));
#8227 = ORIENTED_EDGE('',*,*,#1854,.T.);
#8228 = ORIENTED_EDGE('',*,*,#8229,.T.);
#8229 = EDGE_CURVE('',#1855,#4575,#8230,.T.);
#8230 = LINE('',#8231,#8232);
#8231 = CARTESIAN_POINT('',(118.11,-62.63,-4.6E-02));
#8232 = VECTOR('',#8233,1.);
#8233 = DIRECTION('',(0.,0.,1.));
#8234 = ORIENTED_EDGE('',*,*,#4574,.F.);
#8235 = ORIENTED_EDGE('',*,*,#8229,.F.);
#8236 = CYLINDRICAL_SURFACE('',#8237,0.4);
#8237 = AXIS2_PLACEMENT_3D('',#8238,#8239,#8240);
#8238 = CARTESIAN_POINT('',(118.11,-62.23,-4.6E-02));
#8239 = DIRECTION('',(-0.,-0.,-1.));
#8240 = DIRECTION('',(-0.,-1.,0.));
#8241 = ADVANCED_FACE('',(#8242),#8253,.F.);
#8242 = FACE_BOUND('',#8243,.T.);
#8243 = EDGE_LOOP('',(#8244,#8245,#8251,#8252));
#8244 = ORIENTED_EDGE('',*,*,#1865,.T.);
#8245 = ORIENTED_EDGE('',*,*,#8246,.T.);
#8246 = EDGE_CURVE('',#1866,#4586,#8247,.T.);
#8247 = LINE('',#8248,#8249);
#8248 = CARTESIAN_POINT('',(125.73,-62.88,-4.6E-02));
#8249 = VECTOR('',#8250,1.);
#8250 = DIRECTION('',(0.,0.,1.));
#8251 = ORIENTED_EDGE('',*,*,#4585,.F.);
#8252 = ORIENTED_EDGE('',*,*,#8246,.F.);
#8253 = CYLINDRICAL_SURFACE('',#8254,0.65);
#8254 = AXIS2_PLACEMENT_3D('',#8255,#8256,#8257);
#8255 = CARTESIAN_POINT('',(125.73,-62.23,-4.6E-02));
#8256 = DIRECTION('',(-0.,0.,-1.));
#8257 = DIRECTION('',(2.1862853408E-14,-1.,-0.));
#8258 = ADVANCED_FACE('',(#8259),#8270,.F.);
#8259 = FACE_BOUND('',#8260,.T.);
#8260 = EDGE_LOOP('',(#8261,#8262,#8268,#8269));
#8261 = ORIENTED_EDGE('',*,*,#1876,.T.);
#8262 = ORIENTED_EDGE('',*,*,#8263,.T.);
#8263 = EDGE_CURVE('',#1877,#4597,#8264,.T.);
#8264 = LINE('',#8265,#8266);
#8265 = CARTESIAN_POINT('',(118.11,-60.09,-4.6E-02));
#8266 = VECTOR('',#8267,1.);
#8267 = DIRECTION('',(0.,0.,1.));
#8268 = ORIENTED_EDGE('',*,*,#4596,.F.);
#8269 = ORIENTED_EDGE('',*,*,#8263,.F.);
#8270 = CYLINDRICAL_SURFACE('',#8271,0.4);
#8271 = AXIS2_PLACEMENT_3D('',#8272,#8273,#8274);
#8272 = CARTESIAN_POINT('',(118.11,-59.69,-4.6E-02));
#8273 = DIRECTION('',(-0.,-0.,-1.));
#8274 = DIRECTION('',(-0.,-1.,0.));
#8275 = ADVANCED_FACE('',(#8276),#8287,.F.);
#8276 = FACE_BOUND('',#8277,.T.);
#8277 = EDGE_LOOP('',(#8278,#8279,#8285,#8286));
#8278 = ORIENTED_EDGE('',*,*,#1887,.T.);
#8279 = ORIENTED_EDGE('',*,*,#8280,.T.);
#8280 = EDGE_CURVE('',#1888,#4608,#8281,.T.);
#8281 = LINE('',#8282,#8283);
#8282 = CARTESIAN_POINT('',(118.11,-57.55,-4.6E-02));
#8283 = VECTOR('',#8284,1.);
#8284 = DIRECTION('',(0.,0.,1.));
#8285 = ORIENTED_EDGE('',*,*,#4607,.F.);
#8286 = ORIENTED_EDGE('',*,*,#8280,.F.);
#8287 = CYLINDRICAL_SURFACE('',#8288,0.4);
#8288 = AXIS2_PLACEMENT_3D('',#8289,#8290,#8291);
#8289 = CARTESIAN_POINT('',(118.11,-57.15,-4.6E-02));
#8290 = DIRECTION('',(-0.,-0.,-1.));
#8291 = DIRECTION('',(-0.,-1.,0.));
#8292 = ADVANCED_FACE('',(#8293),#8304,.F.);
#8293 = FACE_BOUND('',#8294,.T.);
#8294 = EDGE_LOOP('',(#8295,#8296,#8302,#8303));
#8295 = ORIENTED_EDGE('',*,*,#1898,.T.);
#8296 = ORIENTED_EDGE('',*,*,#8297,.T.);
#8297 = EDGE_CURVE('',#1899,#4619,#8298,.T.);
#8298 = LINE('',#8299,#8300);
#8299 = CARTESIAN_POINT('',(124.46,-57.55,-4.6E-02));
#8300 = VECTOR('',#8301,1.);
#8301 = DIRECTION('',(0.,0.,1.));
#8302 = ORIENTED_EDGE('',*,*,#4618,.F.);
#8303 = ORIENTED_EDGE('',*,*,#8297,.F.);
#8304 = CYLINDRICAL_SURFACE('',#8305,0.4);
#8305 = AXIS2_PLACEMENT_3D('',#8306,#8307,#8308);
#8306 = CARTESIAN_POINT('',(124.46,-57.15,-4.6E-02));
#8307 = DIRECTION('',(-0.,-0.,-1.));
#8308 = DIRECTION('',(-3.552713678801E-14,-1.,0.));
#8309 = ADVANCED_FACE('',(#8310),#8321,.F.);
#8310 = FACE_BOUND('',#8311,.T.);
#8311 = EDGE_LOOP('',(#8312,#8313,#8319,#8320));
#8312 = ORIENTED_EDGE('',*,*,#1909,.T.);
#8313 = ORIENTED_EDGE('',*,*,#8314,.T.);
#8314 = EDGE_CURVE('',#1910,#4630,#8315,.T.);
#8315 = LINE('',#8316,#8317);
#8316 = CARTESIAN_POINT('',(134.112,-62.63,-4.6E-02));
#8317 = VECTOR('',#8318,1.);
#8318 = DIRECTION('',(0.,0.,1.));
#8319 = ORIENTED_EDGE('',*,*,#4629,.F.);
#8320 = ORIENTED_EDGE('',*,*,#8314,.F.);
#8321 = CYLINDRICAL_SURFACE('',#8322,0.4);
#8322 = AXIS2_PLACEMENT_3D('',#8323,#8324,#8325);
#8323 = CARTESIAN_POINT('',(134.112,-62.23,-4.6E-02));
#8324 = DIRECTION('',(-0.,-0.,-1.));
#8325 = DIRECTION('',(-0.,-1.,0.));
#8326 = ADVANCED_FACE('',(#8327),#8338,.F.);
#8327 = FACE_BOUND('',#8328,.T.);
#8328 = EDGE_LOOP('',(#8329,#8330,#8336,#8337));
#8329 = ORIENTED_EDGE('',*,*,#1920,.T.);
#8330 = ORIENTED_EDGE('',*,*,#8331,.T.);
#8331 = EDGE_CURVE('',#1921,#4641,#8332,.T.);
#8332 = LINE('',#8333,#8334);
#8333 = CARTESIAN_POINT('',(140.081,-61.233,-4.6E-02));
#8334 = VECTOR('',#8335,1.);
#8335 = DIRECTION('',(0.,0.,1.));
#8336 = ORIENTED_EDGE('',*,*,#4640,.F.);
#8337 = ORIENTED_EDGE('',*,*,#8331,.F.);
#8338 = CYLINDRICAL_SURFACE('',#8339,0.4);
#8339 = AXIS2_PLACEMENT_3D('',#8340,#8341,#8342);
#8340 = CARTESIAN_POINT('',(140.081,-60.833,-4.6E-02));
#8341 = DIRECTION('',(-0.,-0.,-1.));
#8342 = DIRECTION('',(-7.105427357601E-14,-1.,0.));
#8343 = ADVANCED_FACE('',(#8344),#8355,.F.);
#8344 = FACE_BOUND('',#8345,.T.);
#8345 = EDGE_LOOP('',(#8346,#8347,#8353,#8354));
#8346 = ORIENTED_EDGE('',*,*,#1931,.T.);
#8347 = ORIENTED_EDGE('',*,*,#8348,.T.);
#8348 = EDGE_CURVE('',#1932,#4652,#8349,.T.);
#8349 = LINE('',#8350,#8351);
#8350 = CARTESIAN_POINT('',(146.812,-62.351,-4.6E-02));
#8351 = VECTOR('',#8352,1.);
#8352 = DIRECTION('',(0.,0.,1.));
#8353 = ORIENTED_EDGE('',*,*,#4651,.F.);
#8354 = ORIENTED_EDGE('',*,*,#8348,.F.);
#8355 = CYLINDRICAL_SURFACE('',#8356,0.375);
#8356 = AXIS2_PLACEMENT_3D('',#8357,#8358,#8359);
#8357 = CARTESIAN_POINT('',(146.812,-61.976,-4.6E-02));
#8358 = DIRECTION('',(-0.,-0.,-1.));
#8359 = DIRECTION('',(-0.,-1.,0.));
#8360 = ADVANCED_FACE('',(#8361),#8372,.F.);
#8361 = FACE_BOUND('',#8362,.T.);
#8362 = EDGE_LOOP('',(#8363,#8364,#8370,#8371));
#8363 = ORIENTED_EDGE('',*,*,#1942,.T.);
#8364 = ORIENTED_EDGE('',*,*,#8365,.T.);
#8365 = EDGE_CURVE('',#1943,#4663,#8366,.T.);
#8366 = LINE('',#8367,#8368);
#8367 = CARTESIAN_POINT('',(145.542,-61.081,-4.6E-02));
#8368 = VECTOR('',#8369,1.);
#8369 = DIRECTION('',(0.,0.,1.));
#8370 = ORIENTED_EDGE('',*,*,#4662,.F.);
#8371 = ORIENTED_EDGE('',*,*,#8365,.F.);
#8372 = CYLINDRICAL_SURFACE('',#8373,0.375);
#8373 = AXIS2_PLACEMENT_3D('',#8374,#8375,#8376);
#8374 = CARTESIAN_POINT('',(145.542,-60.706,-4.6E-02));
#8375 = DIRECTION('',(-0.,-0.,-1.));
#8376 = DIRECTION('',(-0.,-1.,0.));
#8377 = ADVANCED_FACE('',(#8378),#8389,.F.);
#8378 = FACE_BOUND('',#8379,.T.);
#8379 = EDGE_LOOP('',(#8380,#8381,#8387,#8388));
#8380 = ORIENTED_EDGE('',*,*,#1953,.T.);
#8381 = ORIENTED_EDGE('',*,*,#8382,.T.);
#8382 = EDGE_CURVE('',#1954,#4674,#8383,.T.);
#8383 = LINE('',#8384,#8385);
#8384 = CARTESIAN_POINT('',(148.082,-61.081,-4.6E-02));
#8385 = VECTOR('',#8386,1.);
#8386 = DIRECTION('',(0.,0.,1.));
#8387 = ORIENTED_EDGE('',*,*,#4673,.F.);
#8388 = ORIENTED_EDGE('',*,*,#8382,.F.);
#8389 = CYLINDRICAL_SURFACE('',#8390,0.375);
#8390 = AXIS2_PLACEMENT_3D('',#8391,#8392,#8393);
#8391 = CARTESIAN_POINT('',(148.082,-60.706,-4.6E-02));
#8392 = DIRECTION('',(-0.,-0.,-1.));
#8393 = DIRECTION('',(-0.,-1.,0.));
#8394 = ADVANCED_FACE('',(#8395),#8406,.F.);
#8395 = FACE_BOUND('',#8396,.T.);
#8396 = EDGE_LOOP('',(#8397,#8398,#8404,#8405));
#8397 = ORIENTED_EDGE('',*,*,#1964,.T.);
#8398 = ORIENTED_EDGE('',*,*,#8399,.T.);
#8399 = EDGE_CURVE('',#1965,#4685,#8400,.T.);
#8400 = LINE('',#8401,#8402);
#8401 = CARTESIAN_POINT('',(137.16,-57.55,-4.6E-02));
#8402 = VECTOR('',#8403,1.);
#8403 = DIRECTION('',(0.,0.,1.));
#8404 = ORIENTED_EDGE('',*,*,#4684,.F.);
#8405 = ORIENTED_EDGE('',*,*,#8399,.F.);
#8406 = CYLINDRICAL_SURFACE('',#8407,0.4);
#8407 = AXIS2_PLACEMENT_3D('',#8408,#8409,#8410);
#8408 = CARTESIAN_POINT('',(137.16,-57.15,-4.6E-02));
#8409 = DIRECTION('',(-0.,-0.,-1.));
#8410 = DIRECTION('',(-0.,-1.,0.));
#8411 = ADVANCED_FACE('',(#8412),#8423,.F.);
#8412 = FACE_BOUND('',#8413,.T.);
#8413 = EDGE_LOOP('',(#8414,#8415,#8421,#8422));
#8414 = ORIENTED_EDGE('',*,*,#1975,.T.);
#8415 = ORIENTED_EDGE('',*,*,#8416,.T.);
#8416 = EDGE_CURVE('',#1976,#4696,#8417,.T.);
#8417 = LINE('',#8418,#8419);
#8418 = CARTESIAN_POINT('',(139.7,-55.01,-4.6E-02));
#8419 = VECTOR('',#8420,1.);
#8420 = DIRECTION('',(0.,0.,1.));
#8421 = ORIENTED_EDGE('',*,*,#4695,.F.);
#8422 = ORIENTED_EDGE('',*,*,#8416,.F.);
#8423 = CYLINDRICAL_SURFACE('',#8424,0.4);
#8424 = AXIS2_PLACEMENT_3D('',#8425,#8426,#8427);
#8425 = CARTESIAN_POINT('',(139.7,-54.61,-4.6E-02));
#8426 = DIRECTION('',(-0.,-0.,-1.));
#8427 = DIRECTION('',(-0.,-1.,0.));
#8428 = ADVANCED_FACE('',(#8429),#8440,.F.);
#8429 = FACE_BOUND('',#8430,.T.);
#8430 = EDGE_LOOP('',(#8431,#8432,#8438,#8439));
#8431 = ORIENTED_EDGE('',*,*,#1986,.T.);
#8432 = ORIENTED_EDGE('',*,*,#8433,.T.);
#8433 = EDGE_CURVE('',#1987,#4707,#8434,.T.);
#8434 = LINE('',#8435,#8436);
#8435 = CARTESIAN_POINT('',(152.4,-58.82,-4.6E-02));
#8436 = VECTOR('',#8437,1.);
#8437 = DIRECTION('',(0.,0.,1.));
#8438 = ORIENTED_EDGE('',*,*,#4706,.F.);
#8439 = ORIENTED_EDGE('',*,*,#8433,.F.);
#8440 = CYLINDRICAL_SURFACE('',#8441,0.4);
#8441 = AXIS2_PLACEMENT_3D('',#8442,#8443,#8444);
#8442 = CARTESIAN_POINT('',(152.4,-58.42,-4.6E-02));
#8443 = DIRECTION('',(-0.,-0.,-1.));
#8444 = DIRECTION('',(-0.,-1.,0.));
#8445 = ADVANCED_FACE('',(#8446),#8457,.F.);
#8446 = FACE_BOUND('',#8447,.T.);
#8447 = EDGE_LOOP('',(#8448,#8449,#8455,#8456));
#8448 = ORIENTED_EDGE('',*,*,#1997,.T.);
#8449 = ORIENTED_EDGE('',*,*,#8450,.T.);
#8450 = EDGE_CURVE('',#1998,#4718,#8451,.T.);
#8451 = LINE('',#8452,#8453);
#8452 = CARTESIAN_POINT('',(149.86,-55.01,-4.6E-02));
#8453 = VECTOR('',#8454,1.);
#8454 = DIRECTION('',(0.,0.,1.));
#8455 = ORIENTED_EDGE('',*,*,#4717,.F.);
#8456 = ORIENTED_EDGE('',*,*,#8450,.F.);
#8457 = CYLINDRICAL_SURFACE('',#8458,0.4);
#8458 = AXIS2_PLACEMENT_3D('',#8459,#8460,#8461);
#8459 = CARTESIAN_POINT('',(149.86,-54.61,-4.6E-02));
#8460 = DIRECTION('',(-0.,-0.,-1.));
#8461 = DIRECTION('',(-0.,-1.,0.));
#8462 = ADVANCED_FACE('',(#8463),#8474,.F.);
#8463 = FACE_BOUND('',#8464,.T.);
#8464 = EDGE_LOOP('',(#8465,#8466,#8472,#8473));
#8465 = ORIENTED_EDGE('',*,*,#2008,.T.);
#8466 = ORIENTED_EDGE('',*,*,#8467,.T.);
#8467 = EDGE_CURVE('',#2009,#4729,#8468,.T.);
#8468 = LINE('',#8469,#8470);
#8469 = CARTESIAN_POINT('',(119.3,-52.47,-4.6E-02));
#8470 = VECTOR('',#8471,1.);
#8471 = DIRECTION('',(0.,0.,1.));
#8472 = ORIENTED_EDGE('',*,*,#4728,.F.);
#8473 = ORIENTED_EDGE('',*,*,#8467,.F.);
#8474 = CYLINDRICAL_SURFACE('',#8475,0.4);
#8475 = AXIS2_PLACEMENT_3D('',#8476,#8477,#8478);
#8476 = CARTESIAN_POINT('',(119.3,-52.07,-4.6E-02));
#8477 = DIRECTION('',(-0.,-0.,-1.));
#8478 = DIRECTION('',(-3.552713678801E-14,-1.,0.));
#8479 = ADVANCED_FACE('',(#8480),#8491,.F.);
#8480 = FACE_BOUND('',#8481,.T.);
#8481 = EDGE_LOOP('',(#8482,#8483,#8489,#8490));
#8482 = ORIENTED_EDGE('',*,*,#2019,.T.);
#8483 = ORIENTED_EDGE('',*,*,#8484,.T.);
#8484 = EDGE_CURVE('',#2020,#4740,#8485,.T.);
#8485 = LINE('',#8486,#8487);
#8486 = CARTESIAN_POINT('',(129.54,-49.93,-4.6E-02));
#8487 = VECTOR('',#8488,1.);
#8488 = DIRECTION('',(0.,0.,1.));
#8489 = ORIENTED_EDGE('',*,*,#4739,.F.);
#8490 = ORIENTED_EDGE('',*,*,#8484,.F.);
#8491 = CYLINDRICAL_SURFACE('',#8492,0.4);
#8492 = AXIS2_PLACEMENT_3D('',#8493,#8494,#8495);
#8493 = CARTESIAN_POINT('',(129.54,-49.53,-4.6E-02));
#8494 = DIRECTION('',(-0.,-0.,-1.));
#8495 = DIRECTION('',(-0.,-1.,0.));
#8496 = ADVANCED_FACE('',(#8497),#8508,.F.);
#8497 = FACE_BOUND('',#8498,.T.);
#8498 = EDGE_LOOP('',(#8499,#8500,#8506,#8507));
#8499 = ORIENTED_EDGE('',*,*,#2030,.T.);
#8500 = ORIENTED_EDGE('',*,*,#8501,.T.);
#8501 = EDGE_CURVE('',#2031,#4751,#8502,.T.);
#8502 = LINE('',#8503,#8504);
#8503 = CARTESIAN_POINT('',(124.46,-48.66,-4.6E-02));
#8504 = VECTOR('',#8505,1.);
#8505 = DIRECTION('',(0.,0.,1.));
#8506 = ORIENTED_EDGE('',*,*,#4750,.F.);
#8507 = ORIENTED_EDGE('',*,*,#8501,.F.);
#8508 = CYLINDRICAL_SURFACE('',#8509,0.4);
#8509 = AXIS2_PLACEMENT_3D('',#8510,#8511,#8512);
#8510 = CARTESIAN_POINT('',(124.46,-48.26,-4.6E-02));
#8511 = DIRECTION('',(-0.,-0.,-1.));
#8512 = DIRECTION('',(-3.552713678801E-14,-1.,0.));
#8513 = ADVANCED_FACE('',(#8514),#8525,.F.);
#8514 = FACE_BOUND('',#8515,.T.);
#8515 = EDGE_LOOP('',(#8516,#8517,#8523,#8524));
#8516 = ORIENTED_EDGE('',*,*,#2041,.T.);
#8517 = ORIENTED_EDGE('',*,*,#8518,.T.);
#8518 = EDGE_CURVE('',#2042,#4762,#8519,.T.);
#8519 = LINE('',#8520,#8521);
#8520 = CARTESIAN_POINT('',(134.54,-49.93,-4.6E-02));
#8521 = VECTOR('',#8522,1.);
#8522 = DIRECTION('',(0.,0.,1.));
#8523 = ORIENTED_EDGE('',*,*,#4761,.F.);
#8524 = ORIENTED_EDGE('',*,*,#8518,.F.);
#8525 = CYLINDRICAL_SURFACE('',#8526,0.4);
#8526 = AXIS2_PLACEMENT_3D('',#8527,#8528,#8529);
#8527 = CARTESIAN_POINT('',(134.54,-49.53,-4.6E-02));
#8528 = DIRECTION('',(-0.,-0.,-1.));
#8529 = DIRECTION('',(-0.,-1.,0.));
#8530 = ADVANCED_FACE('',(#8531),#8542,.F.);
#8531 = FACE_BOUND('',#8532,.T.);
#8532 = EDGE_LOOP('',(#8533,#8534,#8540,#8541));
#8533 = ORIENTED_EDGE('',*,*,#2052,.T.);
#8534 = ORIENTED_EDGE('',*,*,#8535,.T.);
#8535 = EDGE_CURVE('',#2053,#4773,#8536,.T.);
#8536 = LINE('',#8537,#8538);
#8537 = CARTESIAN_POINT('',(143.002,-50.184,-4.6E-02));
#8538 = VECTOR('',#8539,1.);
#8539 = DIRECTION('',(0.,0.,1.));
#8540 = ORIENTED_EDGE('',*,*,#4772,.F.);
#8541 = ORIENTED_EDGE('',*,*,#8535,.F.);
#8542 = CYLINDRICAL_SURFACE('',#8543,0.4);
#8543 = AXIS2_PLACEMENT_3D('',#8544,#8545,#8546);
#8544 = CARTESIAN_POINT('',(143.002,-49.784,-4.6E-02));
#8545 = DIRECTION('',(-0.,-0.,-1.));
#8546 = DIRECTION('',(-0.,-1.,0.));
#8547 = ADVANCED_FACE('',(#8548),#8559,.F.);
#8548 = FACE_BOUND('',#8549,.T.);
#8549 = EDGE_LOOP('',(#8550,#8551,#8557,#8558));
#8550 = ORIENTED_EDGE('',*,*,#2063,.T.);
#8551 = ORIENTED_EDGE('',*,*,#8552,.T.);
#8552 = EDGE_CURVE('',#2064,#4784,#8553,.T.);
#8553 = LINE('',#8554,#8555);
#8554 = CARTESIAN_POINT('',(148.002,-50.184,-4.6E-02));
#8555 = VECTOR('',#8556,1.);
#8556 = DIRECTION('',(0.,0.,1.));
#8557 = ORIENTED_EDGE('',*,*,#4783,.F.);
#8558 = ORIENTED_EDGE('',*,*,#8552,.F.);
#8559 = CYLINDRICAL_SURFACE('',#8560,0.4);
#8560 = AXIS2_PLACEMENT_3D('',#8561,#8562,#8563);
#8561 = CARTESIAN_POINT('',(148.002,-49.784,-4.6E-02));
#8562 = DIRECTION('',(-0.,-0.,-1.));
#8563 = DIRECTION('',(-0.,-1.,0.));
#8564 = ADVANCED_FACE('',(#8565),#8576,.F.);
#8565 = FACE_BOUND('',#8566,.T.);
#8566 = EDGE_LOOP('',(#8567,#8568,#8574,#8575));
#8567 = ORIENTED_EDGE('',*,*,#2074,.T.);
#8568 = ORIENTED_EDGE('',*,*,#8569,.T.);
#8569 = EDGE_CURVE('',#2075,#4795,#8570,.T.);
#8570 = LINE('',#8571,#8572);
#8571 = CARTESIAN_POINT('',(153.67,-88.08,-4.6E-02));
#8572 = VECTOR('',#8573,1.);
#8573 = DIRECTION('',(0.,0.,1.));
#8574 = ORIENTED_EDGE('',*,*,#4794,.F.);
#8575 = ORIENTED_EDGE('',*,*,#8569,.F.);
#8576 = CYLINDRICAL_SURFACE('',#8577,0.45);
#8577 = AXIS2_PLACEMENT_3D('',#8578,#8579,#8580);
#8578 = CARTESIAN_POINT('',(153.67,-87.63,-4.6E-02));
#8579 = DIRECTION('',(-0.,-0.,-1.));
#8580 = DIRECTION('',(-6.315935428979E-14,-1.,0.));
#8581 = ADVANCED_FACE('',(#8582),#8593,.F.);
#8582 = FACE_BOUND('',#8583,.T.);
#8583 = EDGE_LOOP('',(#8584,#8585,#8591,#8592));
#8584 = ORIENTED_EDGE('',*,*,#2085,.T.);
#8585 = ORIENTED_EDGE('',*,*,#8586,.T.);
#8586 = EDGE_CURVE('',#2086,#4806,#8587,.T.);
#8587 = LINE('',#8588,#8589);
#8588 = CARTESIAN_POINT('',(156.21,-88.08,-4.6E-02));
#8589 = VECTOR('',#8590,1.);
#8590 = DIRECTION('',(0.,0.,1.));
#8591 = ORIENTED_EDGE('',*,*,#4805,.F.);
#8592 = ORIENTED_EDGE('',*,*,#8586,.F.);
#8593 = CYLINDRICAL_SURFACE('',#8594,0.45);
#8594 = AXIS2_PLACEMENT_3D('',#8595,#8596,#8597);
#8595 = CARTESIAN_POINT('',(156.21,-87.63,-4.6E-02));
#8596 = DIRECTION('',(-0.,0.,-1.));
#8597 = DIRECTION('',(6.315935428978E-14,-1.,-0.));
#8598 = ADVANCED_FACE('',(#8599),#8610,.F.);
#8599 = FACE_BOUND('',#8600,.T.);
#8600 = EDGE_LOOP('',(#8601,#8602,#8608,#8609));
#8601 = ORIENTED_EDGE('',*,*,#2096,.T.);
#8602 = ORIENTED_EDGE('',*,*,#8603,.T.);
#8603 = EDGE_CURVE('',#2097,#4817,#8604,.T.);
#8604 = LINE('',#8605,#8606);
#8605 = CARTESIAN_POINT('',(175.26,-89.4,-4.6E-02));
#8606 = VECTOR('',#8607,1.);
#8607 = DIRECTION('',(0.,0.,1.));
#8608 = ORIENTED_EDGE('',*,*,#4816,.F.);
#8609 = ORIENTED_EDGE('',*,*,#8603,.F.);
#8610 = CYLINDRICAL_SURFACE('',#8611,0.5);
#8611 = AXIS2_PLACEMENT_3D('',#8612,#8613,#8614);
#8612 = CARTESIAN_POINT('',(175.26,-88.9,-4.6E-02));
#8613 = DIRECTION('',(-0.,-0.,-1.));
#8614 = DIRECTION('',(-0.,-1.,0.));
#8615 = ADVANCED_FACE('',(#8616),#8627,.F.);
#8616 = FACE_BOUND('',#8617,.T.);
#8617 = EDGE_LOOP('',(#8618,#8619,#8625,#8626));
#8618 = ORIENTED_EDGE('',*,*,#2107,.T.);
#8619 = ORIENTED_EDGE('',*,*,#8620,.T.);
#8620 = EDGE_CURVE('',#2108,#4828,#8621,.T.);
#8621 = LINE('',#8622,#8623);
#8622 = CARTESIAN_POINT('',(175.26,-86.86,-4.6E-02));
#8623 = VECTOR('',#8624,1.);
#8624 = DIRECTION('',(0.,0.,1.));
#8625 = ORIENTED_EDGE('',*,*,#4827,.F.);
#8626 = ORIENTED_EDGE('',*,*,#8620,.F.);
#8627 = CYLINDRICAL_SURFACE('',#8628,0.5);
#8628 = AXIS2_PLACEMENT_3D('',#8629,#8630,#8631);
#8629 = CARTESIAN_POINT('',(175.26,-86.36,-4.6E-02));
#8630 = DIRECTION('',(-0.,-0.,-1.));
#8631 = DIRECTION('',(-0.,-1.,0.));
#8632 = ADVANCED_FACE('',(#8633),#8644,.F.);
#8633 = FACE_BOUND('',#8634,.T.);
#8634 = EDGE_LOOP('',(#8635,#8636,#8642,#8643));
#8635 = ORIENTED_EDGE('',*,*,#2118,.T.);
#8636 = ORIENTED_EDGE('',*,*,#8637,.T.);
#8637 = EDGE_CURVE('',#2119,#4839,#8638,.T.);
#8638 = LINE('',#8639,#8640);
#8639 = CARTESIAN_POINT('',(190.5,-89.4,-4.6E-02));
#8640 = VECTOR('',#8641,1.);
#8641 = DIRECTION('',(0.,0.,1.));
#8642 = ORIENTED_EDGE('',*,*,#4838,.F.);
#8643 = ORIENTED_EDGE('',*,*,#8637,.F.);
#8644 = CYLINDRICAL_SURFACE('',#8645,0.5);
#8645 = AXIS2_PLACEMENT_3D('',#8646,#8647,#8648);
#8646 = CARTESIAN_POINT('',(190.5,-88.9,-4.6E-02));
#8647 = DIRECTION('',(-0.,-0.,-1.));
#8648 = DIRECTION('',(-0.,-1.,0.));
#8649 = ADVANCED_FACE('',(#8650),#8661,.F.);
#8650 = FACE_BOUND('',#8651,.T.);
#8651 = EDGE_LOOP('',(#8652,#8653,#8659,#8660));
#8652 = ORIENTED_EDGE('',*,*,#2129,.T.);
#8653 = ORIENTED_EDGE('',*,*,#8654,.T.);
#8654 = EDGE_CURVE('',#2130,#4850,#8655,.T.);
#8655 = LINE('',#8656,#8657);
#8656 = CARTESIAN_POINT('',(190.5,-86.86,-4.6E-02));
#8657 = VECTOR('',#8658,1.);
#8658 = DIRECTION('',(0.,0.,1.));
#8659 = ORIENTED_EDGE('',*,*,#4849,.F.);
#8660 = ORIENTED_EDGE('',*,*,#8654,.F.);
#8661 = CYLINDRICAL_SURFACE('',#8662,0.5);
#8662 = AXIS2_PLACEMENT_3D('',#8663,#8664,#8665);
#8663 = CARTESIAN_POINT('',(190.5,-86.36,-4.6E-02));
#8664 = DIRECTION('',(-0.,-0.,-1.));
#8665 = DIRECTION('',(-0.,-1.,0.));
#8666 = ADVANCED_FACE('',(#8667),#8678,.F.);
#8667 = FACE_BOUND('',#8668,.T.);
#8668 = EDGE_LOOP('',(#8669,#8670,#8676,#8677));
#8669 = ORIENTED_EDGE('',*,*,#2140,.T.);
#8670 = ORIENTED_EDGE('',*,*,#8671,.T.);
#8671 = EDGE_CURVE('',#2141,#4861,#8672,.T.);
#8672 = LINE('',#8673,#8674);
#8673 = CARTESIAN_POINT('',(175.26,-84.32,-4.6E-02));
#8674 = VECTOR('',#8675,1.);
#8675 = DIRECTION('',(0.,0.,1.));
#8676 = ORIENTED_EDGE('',*,*,#4860,.F.);
#8677 = ORIENTED_EDGE('',*,*,#8671,.F.);
#8678 = CYLINDRICAL_SURFACE('',#8679,0.5);
#8679 = AXIS2_PLACEMENT_3D('',#8680,#8681,#8682);
#8680 = CARTESIAN_POINT('',(175.26,-83.82,-4.6E-02));
#8681 = DIRECTION('',(-0.,-0.,-1.));
#8682 = DIRECTION('',(-0.,-1.,0.));
#8683 = ADVANCED_FACE('',(#8684),#8695,.F.);
#8684 = FACE_BOUND('',#8685,.T.);
#8685 = EDGE_LOOP('',(#8686,#8687,#8693,#8694));
#8686 = ORIENTED_EDGE('',*,*,#2151,.T.);
#8687 = ORIENTED_EDGE('',*,*,#8688,.T.);
#8688 = EDGE_CURVE('',#2152,#4872,#8689,.T.);
#8689 = LINE('',#8690,#8691);
#8690 = CARTESIAN_POINT('',(175.26,-81.78,-4.6E-02));
#8691 = VECTOR('',#8692,1.);
#8692 = DIRECTION('',(0.,0.,1.));
#8693 = ORIENTED_EDGE('',*,*,#4871,.F.);
#8694 = ORIENTED_EDGE('',*,*,#8688,.F.);
#8695 = CYLINDRICAL_SURFACE('',#8696,0.5);
#8696 = AXIS2_PLACEMENT_3D('',#8697,#8698,#8699);
#8697 = CARTESIAN_POINT('',(175.26,-81.28,-4.6E-02));
#8698 = DIRECTION('',(-0.,-0.,-1.));
#8699 = DIRECTION('',(-0.,-1.,0.));
#8700 = ADVANCED_FACE('',(#8701),#8712,.F.);
#8701 = FACE_BOUND('',#8702,.T.);
#8702 = EDGE_LOOP('',(#8703,#8704,#8710,#8711));
#8703 = ORIENTED_EDGE('',*,*,#2162,.T.);
#8704 = ORIENTED_EDGE('',*,*,#8705,.T.);
#8705 = EDGE_CURVE('',#2163,#4883,#8706,.T.);
#8706 = LINE('',#8707,#8708);
#8707 = CARTESIAN_POINT('',(175.26,-79.24,-4.6E-02));
#8708 = VECTOR('',#8709,1.);
#8709 = DIRECTION('',(0.,0.,1.));
#8710 = ORIENTED_EDGE('',*,*,#4882,.F.);
#8711 = ORIENTED_EDGE('',*,*,#8705,.F.);
#8712 = CYLINDRICAL_SURFACE('',#8713,0.5);
#8713 = AXIS2_PLACEMENT_3D('',#8714,#8715,#8716);
#8714 = CARTESIAN_POINT('',(175.26,-78.74,-4.6E-02));
#8715 = DIRECTION('',(-0.,-0.,-1.));
#8716 = DIRECTION('',(-0.,-1.,0.));
#8717 = ADVANCED_FACE('',(#8718),#8729,.F.);
#8718 = FACE_BOUND('',#8719,.T.);
#8719 = EDGE_LOOP('',(#8720,#8721,#8727,#8728));
#8720 = ORIENTED_EDGE('',*,*,#2173,.T.);
#8721 = ORIENTED_EDGE('',*,*,#8722,.T.);
#8722 = EDGE_CURVE('',#2174,#4894,#8723,.T.);
#8723 = LINE('',#8724,#8725);
#8724 = CARTESIAN_POINT('',(190.5,-84.32,-4.6E-02));
#8725 = VECTOR('',#8726,1.);
#8726 = DIRECTION('',(0.,0.,1.));
#8727 = ORIENTED_EDGE('',*,*,#4893,.F.);
#8728 = ORIENTED_EDGE('',*,*,#8722,.F.);
#8729 = CYLINDRICAL_SURFACE('',#8730,0.5);
#8730 = AXIS2_PLACEMENT_3D('',#8731,#8732,#8733);
#8731 = CARTESIAN_POINT('',(190.5,-83.82,-4.6E-02));
#8732 = DIRECTION('',(-0.,-0.,-1.));
#8733 = DIRECTION('',(-0.,-1.,0.));
#8734 = ADVANCED_FACE('',(#8735),#8746,.F.);
#8735 = FACE_BOUND('',#8736,.T.);
#8736 = EDGE_LOOP('',(#8737,#8738,#8744,#8745));
#8737 = ORIENTED_EDGE('',*,*,#2184,.T.);
#8738 = ORIENTED_EDGE('',*,*,#8739,.T.);
#8739 = EDGE_CURVE('',#2185,#4905,#8740,.T.);
#8740 = LINE('',#8741,#8742);
#8741 = CARTESIAN_POINT('',(190.5,-81.78,-4.6E-02));
#8742 = VECTOR('',#8743,1.);
#8743 = DIRECTION('',(0.,0.,1.));
#8744 = ORIENTED_EDGE('',*,*,#4904,.F.);
#8745 = ORIENTED_EDGE('',*,*,#8739,.F.);
#8746 = CYLINDRICAL_SURFACE('',#8747,0.5);
#8747 = AXIS2_PLACEMENT_3D('',#8748,#8749,#8750);
#8748 = CARTESIAN_POINT('',(190.5,-81.28,-4.6E-02));
#8749 = DIRECTION('',(-0.,-0.,-1.));
#8750 = DIRECTION('',(-0.,-1.,0.));
#8751 = ADVANCED_FACE('',(#8752),#8763,.F.);
#8752 = FACE_BOUND('',#8753,.T.);
#8753 = EDGE_LOOP('',(#8754,#8755,#8761,#8762));
#8754 = ORIENTED_EDGE('',*,*,#2195,.T.);
#8755 = ORIENTED_EDGE('',*,*,#8756,.T.);
#8756 = EDGE_CURVE('',#2196,#4916,#8757,.T.);
#8757 = LINE('',#8758,#8759);
#8758 = CARTESIAN_POINT('',(190.5,-79.24,-4.6E-02));
#8759 = VECTOR('',#8760,1.);
#8760 = DIRECTION('',(0.,0.,1.));
#8761 = ORIENTED_EDGE('',*,*,#4915,.F.);
#8762 = ORIENTED_EDGE('',*,*,#8756,.F.);
#8763 = CYLINDRICAL_SURFACE('',#8764,0.5);
#8764 = AXIS2_PLACEMENT_3D('',#8765,#8766,#8767);
#8765 = CARTESIAN_POINT('',(190.5,-78.74,-4.6E-02));
#8766 = DIRECTION('',(-0.,-0.,-1.));
#8767 = DIRECTION('',(-0.,-1.,0.));
#8768 = ADVANCED_FACE('',(#8769),#8780,.F.);
#8769 = FACE_BOUND('',#8770,.T.);
#8770 = EDGE_LOOP('',(#8771,#8772,#8778,#8779));
#8771 = ORIENTED_EDGE('',*,*,#2206,.T.);
#8772 = ORIENTED_EDGE('',*,*,#8773,.T.);
#8773 = EDGE_CURVE('',#2207,#4927,#8774,.T.);
#8774 = LINE('',#8775,#8776);
#8775 = CARTESIAN_POINT('',(153.67,-77.92,-4.6E-02));
#8776 = VECTOR('',#8777,1.);
#8777 = DIRECTION('',(0.,0.,1.));
#8778 = ORIENTED_EDGE('',*,*,#4926,.F.);
#8779 = ORIENTED_EDGE('',*,*,#8773,.F.);
#8780 = CYLINDRICAL_SURFACE('',#8781,0.45);
#8781 = AXIS2_PLACEMENT_3D('',#8782,#8783,#8784);
#8782 = CARTESIAN_POINT('',(153.67,-77.47,-4.6E-02));
#8783 = DIRECTION('',(-0.,-0.,-1.));
#8784 = DIRECTION('',(-6.315935428979E-14,-1.,0.));
#8785 = ADVANCED_FACE('',(#8786),#8797,.F.);
#8786 = FACE_BOUND('',#8787,.T.);
#8787 = EDGE_LOOP('',(#8788,#8789,#8795,#8796));
#8788 = ORIENTED_EDGE('',*,*,#2217,.T.);
#8789 = ORIENTED_EDGE('',*,*,#8790,.T.);
#8790 = EDGE_CURVE('',#2218,#4938,#8791,.T.);
#8791 = LINE('',#8792,#8793);
#8792 = CARTESIAN_POINT('',(156.21,-77.92,-4.6E-02));
#8793 = VECTOR('',#8794,1.);
#8794 = DIRECTION('',(0.,0.,1.));
#8795 = ORIENTED_EDGE('',*,*,#4937,.F.);
#8796 = ORIENTED_EDGE('',*,*,#8790,.F.);
#8797 = CYLINDRICAL_SURFACE('',#8798,0.45);
#8798 = AXIS2_PLACEMENT_3D('',#8799,#8800,#8801);
#8799 = CARTESIAN_POINT('',(156.21,-77.47,-4.6E-02));
#8800 = DIRECTION('',(-0.,0.,-1.));
#8801 = DIRECTION('',(6.315935428978E-14,-1.,-0.));
#8802 = ADVANCED_FACE('',(#8803),#8814,.F.);
#8803 = FACE_BOUND('',#8804,.T.);
#8804 = EDGE_LOOP('',(#8805,#8806,#8812,#8813));
#8805 = ORIENTED_EDGE('',*,*,#2228,.T.);
#8806 = ORIENTED_EDGE('',*,*,#8807,.T.);
#8807 = EDGE_CURVE('',#2229,#4949,#8808,.T.);
#8808 = LINE('',#8809,#8810);
#8809 = CARTESIAN_POINT('',(156.21,-68.98,-4.6E-02));
#8810 = VECTOR('',#8811,1.);
#8811 = DIRECTION('',(0.,0.,1.));
#8812 = ORIENTED_EDGE('',*,*,#4948,.F.);
#8813 = ORIENTED_EDGE('',*,*,#8807,.F.);
#8814 = CYLINDRICAL_SURFACE('',#8815,0.4);
#8815 = AXIS2_PLACEMENT_3D('',#8816,#8817,#8818);
#8816 = CARTESIAN_POINT('',(156.21,-68.58,-4.6E-02));
#8817 = DIRECTION('',(-0.,-0.,-1.));
#8818 = DIRECTION('',(-0.,-1.,0.));
#8819 = ADVANCED_FACE('',(#8820),#8831,.F.);
#8820 = FACE_BOUND('',#8821,.T.);
#8821 = EDGE_LOOP('',(#8822,#8823,#8829,#8830));
#8822 = ORIENTED_EDGE('',*,*,#2239,.T.);
#8823 = ORIENTED_EDGE('',*,*,#8824,.T.);
#8824 = EDGE_CURVE('',#2240,#4960,#8825,.T.);
#8825 = LINE('',#8826,#8827);
#8826 = CARTESIAN_POINT('',(175.26,-76.7,-4.6E-02));
#8827 = VECTOR('',#8828,1.);
#8828 = DIRECTION('',(0.,0.,1.));
#8829 = ORIENTED_EDGE('',*,*,#4959,.F.);
#8830 = ORIENTED_EDGE('',*,*,#8824,.F.);
#8831 = CYLINDRICAL_SURFACE('',#8832,0.5);
#8832 = AXIS2_PLACEMENT_3D('',#8833,#8834,#8835);
#8833 = CARTESIAN_POINT('',(175.26,-76.2,-4.6E-02));
#8834 = DIRECTION('',(-0.,-0.,-1.));
#8835 = DIRECTION('',(-0.,-1.,0.));
#8836 = ADVANCED_FACE('',(#8837),#8848,.F.);
#8837 = FACE_BOUND('',#8838,.T.);
#8838 = EDGE_LOOP('',(#8839,#8840,#8846,#8847));
#8839 = ORIENTED_EDGE('',*,*,#2250,.T.);
#8840 = ORIENTED_EDGE('',*,*,#8841,.T.);
#8841 = EDGE_CURVE('',#2251,#4971,#8842,.T.);
#8842 = LINE('',#8843,#8844);
#8843 = CARTESIAN_POINT('',(175.26,-74.16,-4.6E-02));
#8844 = VECTOR('',#8845,1.);
#8845 = DIRECTION('',(0.,0.,1.));
#8846 = ORIENTED_EDGE('',*,*,#4970,.F.);
#8847 = ORIENTED_EDGE('',*,*,#8841,.F.);
#8848 = CYLINDRICAL_SURFACE('',#8849,0.5);
#8849 = AXIS2_PLACEMENT_3D('',#8850,#8851,#8852);
#8850 = CARTESIAN_POINT('',(175.26,-73.66,-4.6E-02));
#8851 = DIRECTION('',(-0.,-0.,-1.));
#8852 = DIRECTION('',(-0.,-1.,0.));
#8853 = ADVANCED_FACE('',(#8854),#8865,.F.);
#8854 = FACE_BOUND('',#8855,.T.);
#8855 = EDGE_LOOP('',(#8856,#8857,#8863,#8864));
#8856 = ORIENTED_EDGE('',*,*,#2261,.T.);
#8857 = ORIENTED_EDGE('',*,*,#8858,.T.);
#8858 = EDGE_CURVE('',#2262,#4982,#8859,.T.);
#8859 = LINE('',#8860,#8861);
#8860 = CARTESIAN_POINT('',(190.5,-76.7,-4.6E-02));
#8861 = VECTOR('',#8862,1.);
#8862 = DIRECTION('',(0.,0.,1.));
#8863 = ORIENTED_EDGE('',*,*,#4981,.F.);
#8864 = ORIENTED_EDGE('',*,*,#8858,.F.);
#8865 = CYLINDRICAL_SURFACE('',#8866,0.5);
#8866 = AXIS2_PLACEMENT_3D('',#8867,#8868,#8869);
#8867 = CARTESIAN_POINT('',(190.5,-76.2,-4.6E-02));
#8868 = DIRECTION('',(-0.,-0.,-1.));
#8869 = DIRECTION('',(-0.,-1.,0.));
#8870 = ADVANCED_FACE('',(#8871),#8882,.F.);
#8871 = FACE_BOUND('',#8872,.T.);
#8872 = EDGE_LOOP('',(#8873,#8874,#8880,#8881));
#8873 = ORIENTED_EDGE('',*,*,#2272,.T.);
#8874 = ORIENTED_EDGE('',*,*,#8875,.T.);
#8875 = EDGE_CURVE('',#2273,#4993,#8876,.T.);
#8876 = LINE('',#8877,#8878);
#8877 = CARTESIAN_POINT('',(190.5,-74.16,-4.6E-02));
#8878 = VECTOR('',#8879,1.);
#8879 = DIRECTION('',(0.,0.,1.));
#8880 = ORIENTED_EDGE('',*,*,#4992,.F.);
#8881 = ORIENTED_EDGE('',*,*,#8875,.F.);
#8882 = CYLINDRICAL_SURFACE('',#8883,0.5);
#8883 = AXIS2_PLACEMENT_3D('',#8884,#8885,#8886);
#8884 = CARTESIAN_POINT('',(190.5,-73.66,-4.6E-02));
#8885 = DIRECTION('',(-0.,-0.,-1.));
#8886 = DIRECTION('',(-0.,-1.,0.));
#8887 = ADVANCED_FACE('',(#8888),#8899,.F.);
#8888 = FACE_BOUND('',#8889,.T.);
#8889 = EDGE_LOOP('',(#8890,#8891,#8897,#8898));
#8890 = ORIENTED_EDGE('',*,*,#2283,.T.);
#8891 = ORIENTED_EDGE('',*,*,#8892,.T.);
#8892 = EDGE_CURVE('',#2284,#5004,#8893,.T.);
#8893 = LINE('',#8894,#8895);
#8894 = CARTESIAN_POINT('',(175.26,-71.62,-4.6E-02));
#8895 = VECTOR('',#8896,1.);
#8896 = DIRECTION('',(0.,0.,1.));
#8897 = ORIENTED_EDGE('',*,*,#5003,.F.);
#8898 = ORIENTED_EDGE('',*,*,#8892,.F.);
#8899 = CYLINDRICAL_SURFACE('',#8900,0.5);
#8900 = AXIS2_PLACEMENT_3D('',#8901,#8902,#8903);
#8901 = CARTESIAN_POINT('',(175.26,-71.12,-4.6E-02));
#8902 = DIRECTION('',(-0.,-0.,-1.));
#8903 = DIRECTION('',(-0.,-1.,0.));
#8904 = ADVANCED_FACE('',(#8905),#8916,.F.);
#8905 = FACE_BOUND('',#8906,.T.);
#8906 = EDGE_LOOP('',(#8907,#8908,#8914,#8915));
#8907 = ORIENTED_EDGE('',*,*,#2294,.T.);
#8908 = ORIENTED_EDGE('',*,*,#8909,.T.);
#8909 = EDGE_CURVE('',#2295,#5015,#8910,.T.);
#8910 = LINE('',#8911,#8912);
#8911 = CARTESIAN_POINT('',(175.26,-69.08,-4.6E-02));
#8912 = VECTOR('',#8913,1.);
#8913 = DIRECTION('',(0.,0.,1.));
#8914 = ORIENTED_EDGE('',*,*,#5014,.F.);
#8915 = ORIENTED_EDGE('',*,*,#8909,.F.);
#8916 = CYLINDRICAL_SURFACE('',#8917,0.5);
#8917 = AXIS2_PLACEMENT_3D('',#8918,#8919,#8920);
#8918 = CARTESIAN_POINT('',(175.26,-68.58,-4.6E-02));
#8919 = DIRECTION('',(-0.,-0.,-1.));
#8920 = DIRECTION('',(-0.,-1.,0.));
#8921 = ADVANCED_FACE('',(#8922),#8933,.F.);
#8922 = FACE_BOUND('',#8923,.T.);
#8923 = EDGE_LOOP('',(#8924,#8925,#8931,#8932));
#8924 = ORIENTED_EDGE('',*,*,#2305,.T.);
#8925 = ORIENTED_EDGE('',*,*,#8926,.T.);
#8926 = EDGE_CURVE('',#2306,#5026,#8927,.T.);
#8927 = LINE('',#8928,#8929);
#8928 = CARTESIAN_POINT('',(190.5,-71.62,-4.6E-02));
#8929 = VECTOR('',#8930,1.);
#8930 = DIRECTION('',(0.,0.,1.));
#8931 = ORIENTED_EDGE('',*,*,#5025,.F.);
#8932 = ORIENTED_EDGE('',*,*,#8926,.F.);
#8933 = CYLINDRICAL_SURFACE('',#8934,0.5);
#8934 = AXIS2_PLACEMENT_3D('',#8935,#8936,#8937);
#8935 = CARTESIAN_POINT('',(190.5,-71.12,-4.6E-02));
#8936 = DIRECTION('',(-0.,-0.,-1.));
#8937 = DIRECTION('',(-0.,-1.,0.));
#8938 = ADVANCED_FACE('',(#8939),#8950,.F.);
#8939 = FACE_BOUND('',#8940,.T.);
#8940 = EDGE_LOOP('',(#8941,#8942,#8948,#8949));
#8941 = ORIENTED_EDGE('',*,*,#2316,.T.);
#8942 = ORIENTED_EDGE('',*,*,#8943,.T.);
#8943 = EDGE_CURVE('',#2317,#5037,#8944,.T.);
#8944 = LINE('',#8945,#8946);
#8945 = CARTESIAN_POINT('',(190.5,-69.08,-4.6E-02));
#8946 = VECTOR('',#8947,1.);
#8947 = DIRECTION('',(0.,0.,1.));
#8948 = ORIENTED_EDGE('',*,*,#5036,.F.);
#8949 = ORIENTED_EDGE('',*,*,#8943,.F.);
#8950 = CYLINDRICAL_SURFACE('',#8951,0.5);
#8951 = AXIS2_PLACEMENT_3D('',#8952,#8953,#8954);
#8952 = CARTESIAN_POINT('',(190.5,-68.58,-4.6E-02));
#8953 = DIRECTION('',(-0.,-0.,-1.));
#8954 = DIRECTION('',(-0.,-1.,0.));
#8955 = ADVANCED_FACE('',(#8956),#8967,.F.);
#8956 = FACE_BOUND('',#8957,.T.);
#8957 = EDGE_LOOP('',(#8958,#8959,#8965,#8966));
#8958 = ORIENTED_EDGE('',*,*,#2327,.T.);
#8959 = ORIENTED_EDGE('',*,*,#8960,.T.);
#8960 = EDGE_CURVE('',#2328,#5048,#8961,.T.);
#8961 = LINE('',#8962,#8963);
#8962 = CARTESIAN_POINT('',(207.645,-84.22,-4.6E-02));
#8963 = VECTOR('',#8964,1.);
#8964 = DIRECTION('',(0.,0.,1.));
#8965 = ORIENTED_EDGE('',*,*,#5047,.F.);
#8966 = ORIENTED_EDGE('',*,*,#8960,.F.);
#8967 = CYLINDRICAL_SURFACE('',#8968,0.4);
#8968 = AXIS2_PLACEMENT_3D('',#8969,#8970,#8971);
#8969 = CARTESIAN_POINT('',(207.645,-83.82,-4.6E-02));
#8970 = DIRECTION('',(-0.,0.,-1.));
#8971 = DIRECTION('',(7.105427357601E-14,-1.,-0.));
#8972 = ADVANCED_FACE('',(#8973),#8984,.F.);
#8973 = FACE_BOUND('',#8974,.T.);
#8974 = EDGE_LOOP('',(#8975,#8976,#8982,#8983));
#8975 = ORIENTED_EDGE('',*,*,#2338,.T.);
#8976 = ORIENTED_EDGE('',*,*,#8977,.T.);
#8977 = EDGE_CURVE('',#2339,#5059,#8978,.T.);
#8978 = LINE('',#8979,#8980);
#8979 = CARTESIAN_POINT('',(207.645,-81.68,-4.6E-02));
#8980 = VECTOR('',#8981,1.);
#8981 = DIRECTION('',(0.,0.,1.));
#8982 = ORIENTED_EDGE('',*,*,#5058,.F.);
#8983 = ORIENTED_EDGE('',*,*,#8977,.F.);
#8984 = CYLINDRICAL_SURFACE('',#8985,0.4);
#8985 = AXIS2_PLACEMENT_3D('',#8986,#8987,#8988);
#8986 = CARTESIAN_POINT('',(207.645,-81.28,-4.6E-02));
#8987 = DIRECTION('',(-0.,0.,-1.));
#8988 = DIRECTION('',(7.105427357601E-14,-1.,-0.));
#8989 = ADVANCED_FACE('',(#8990),#9001,.F.);
#8990 = FACE_BOUND('',#8991,.T.);
#8991 = EDGE_LOOP('',(#8992,#8993,#8999,#9000));
#8992 = ORIENTED_EDGE('',*,*,#2349,.T.);
#8993 = ORIENTED_EDGE('',*,*,#8994,.T.);
#8994 = EDGE_CURVE('',#2350,#5070,#8995,.T.);
#8995 = LINE('',#8996,#8997);
#8996 = CARTESIAN_POINT('',(207.645,-79.14,-4.6E-02));
#8997 = VECTOR('',#8998,1.);
#8998 = DIRECTION('',(0.,0.,1.));
#8999 = ORIENTED_EDGE('',*,*,#5069,.F.);
#9000 = ORIENTED_EDGE('',*,*,#8994,.F.);
#9001 = CYLINDRICAL_SURFACE('',#9002,0.4);
#9002 = AXIS2_PLACEMENT_3D('',#9003,#9004,#9005);
#9003 = CARTESIAN_POINT('',(207.645,-78.74,-4.6E-02));
#9004 = DIRECTION('',(-0.,0.,-1.));
#9005 = DIRECTION('',(7.105427357601E-14,-1.,-0.));
#9006 = ADVANCED_FACE('',(#9007),#9018,.F.);
#9007 = FACE_BOUND('',#9008,.T.);
#9008 = EDGE_LOOP('',(#9009,#9010,#9016,#9017));
#9009 = ORIENTED_EDGE('',*,*,#2360,.T.);
#9010 = ORIENTED_EDGE('',*,*,#9011,.T.);
#9011 = EDGE_CURVE('',#2361,#5081,#9012,.T.);
#9012 = LINE('',#9013,#9014);
#9013 = CARTESIAN_POINT('',(215.265,-84.22,-4.6E-02));
#9014 = VECTOR('',#9015,1.);
#9015 = DIRECTION('',(0.,0.,1.));
#9016 = ORIENTED_EDGE('',*,*,#5080,.F.);
#9017 = ORIENTED_EDGE('',*,*,#9011,.F.);
#9018 = CYLINDRICAL_SURFACE('',#9019,0.4);
#9019 = AXIS2_PLACEMENT_3D('',#9020,#9021,#9022);
#9020 = CARTESIAN_POINT('',(215.265,-83.82,-4.6E-02));
#9021 = DIRECTION('',(-0.,-0.,-1.));
#9022 = DIRECTION('',(-0.,-1.,0.));
#9023 = ADVANCED_FACE('',(#9024),#9035,.F.);
#9024 = FACE_BOUND('',#9025,.T.);
#9025 = EDGE_LOOP('',(#9026,#9027,#9033,#9034));
#9026 = ORIENTED_EDGE('',*,*,#2371,.T.);
#9027 = ORIENTED_EDGE('',*,*,#9028,.T.);
#9028 = EDGE_CURVE('',#2372,#5092,#9029,.T.);
#9029 = LINE('',#9030,#9031);
#9030 = CARTESIAN_POINT('',(215.265,-81.68,-4.6E-02));
#9031 = VECTOR('',#9032,1.);
#9032 = DIRECTION('',(0.,0.,1.));
#9033 = ORIENTED_EDGE('',*,*,#5091,.F.);
#9034 = ORIENTED_EDGE('',*,*,#9028,.F.);
#9035 = CYLINDRICAL_SURFACE('',#9036,0.4);
#9036 = AXIS2_PLACEMENT_3D('',#9037,#9038,#9039);
#9037 = CARTESIAN_POINT('',(215.265,-81.28,-4.6E-02));
#9038 = DIRECTION('',(-0.,-0.,-1.));
#9039 = DIRECTION('',(-0.,-1.,0.));
#9040 = ADVANCED_FACE('',(#9041),#9052,.F.);
#9041 = FACE_BOUND('',#9042,.T.);
#9042 = EDGE_LOOP('',(#9043,#9044,#9050,#9051));
#9043 = ORIENTED_EDGE('',*,*,#2382,.T.);
#9044 = ORIENTED_EDGE('',*,*,#9045,.T.);
#9045 = EDGE_CURVE('',#2383,#5103,#9046,.T.);
#9046 = LINE('',#9047,#9048);
#9047 = CARTESIAN_POINT('',(215.265,-79.14,-4.6E-02));
#9048 = VECTOR('',#9049,1.);
#9049 = DIRECTION('',(0.,0.,1.));
#9050 = ORIENTED_EDGE('',*,*,#5102,.F.);
#9051 = ORIENTED_EDGE('',*,*,#9045,.F.);
#9052 = CYLINDRICAL_SURFACE('',#9053,0.4);
#9053 = AXIS2_PLACEMENT_3D('',#9054,#9055,#9056);
#9054 = CARTESIAN_POINT('',(215.265,-78.74,-4.6E-02));
#9055 = DIRECTION('',(-0.,-0.,-1.));
#9056 = DIRECTION('',(-0.,-1.,0.));
#9057 = ADVANCED_FACE('',(#9058),#9069,.F.);
#9058 = FACE_BOUND('',#9059,.T.);
#9059 = EDGE_LOOP('',(#9060,#9061,#9067,#9068));
#9060 = ORIENTED_EDGE('',*,*,#2393,.T.);
#9061 = ORIENTED_EDGE('',*,*,#9062,.T.);
#9062 = EDGE_CURVE('',#2394,#5114,#9063,.T.);
#9063 = LINE('',#9064,#9065);
#9064 = CARTESIAN_POINT('',(198.755,-76.52,-4.6E-02));
#9065 = VECTOR('',#9066,1.);
#9066 = DIRECTION('',(0.,0.,1.));
#9067 = ORIENTED_EDGE('',*,*,#5113,.F.);
#9068 = ORIENTED_EDGE('',*,*,#9062,.F.);
#9069 = CYLINDRICAL_SURFACE('',#9070,0.4);
#9070 = AXIS2_PLACEMENT_3D('',#9071,#9072,#9073);
#9071 = CARTESIAN_POINT('',(198.755,-76.12,-4.6E-02));
#9072 = DIRECTION('',(-0.,-0.,-1.));
#9073 = DIRECTION('',(-0.,-1.,0.));
#9074 = ADVANCED_FACE('',(#9075),#9086,.F.);
#9075 = FACE_BOUND('',#9076,.T.);
#9076 = EDGE_LOOP('',(#9077,#9078,#9084,#9085));
#9077 = ORIENTED_EDGE('',*,*,#2404,.T.);
#9078 = ORIENTED_EDGE('',*,*,#9079,.T.);
#9079 = EDGE_CURVE('',#2405,#5125,#9080,.T.);
#9080 = LINE('',#9081,#9082);
#9081 = CARTESIAN_POINT('',(207.645,-76.6,-4.6E-02));
#9082 = VECTOR('',#9083,1.);
#9083 = DIRECTION('',(0.,0.,1.));
#9084 = ORIENTED_EDGE('',*,*,#5124,.F.);
#9085 = ORIENTED_EDGE('',*,*,#9079,.F.);
#9086 = CYLINDRICAL_SURFACE('',#9087,0.4);
#9087 = AXIS2_PLACEMENT_3D('',#9088,#9089,#9090);
#9088 = CARTESIAN_POINT('',(207.645,-76.2,-4.6E-02));
#9089 = DIRECTION('',(-0.,0.,-1.));
#9090 = DIRECTION('',(7.105427357601E-14,-1.,-0.));
#9091 = ADVANCED_FACE('',(#9092),#9103,.F.);
#9092 = FACE_BOUND('',#9093,.T.);
#9093 = EDGE_LOOP('',(#9094,#9095,#9101,#9102));
#9094 = ORIENTED_EDGE('',*,*,#2415,.T.);
#9095 = ORIENTED_EDGE('',*,*,#9096,.T.);
#9096 = EDGE_CURVE('',#2416,#5136,#9097,.T.);
#9097 = LINE('',#9098,#9099);
#9098 = CARTESIAN_POINT('',(207.645,-74.06,-4.6E-02));
#9099 = VECTOR('',#9100,1.);
#9100 = DIRECTION('',(0.,0.,1.));
#9101 = ORIENTED_EDGE('',*,*,#5135,.F.);
#9102 = ORIENTED_EDGE('',*,*,#9096,.F.);
#9103 = CYLINDRICAL_SURFACE('',#9104,0.4);
#9104 = AXIS2_PLACEMENT_3D('',#9105,#9106,#9107);
#9105 = CARTESIAN_POINT('',(207.645,-73.66,-4.6E-02));
#9106 = DIRECTION('',(-0.,0.,-1.));
#9107 = DIRECTION('',(7.105427357601E-14,-1.,-0.));
#9108 = ADVANCED_FACE('',(#9109),#9120,.F.);
#9109 = FACE_BOUND('',#9110,.T.);
#9110 = EDGE_LOOP('',(#9111,#9112,#9118,#9119));
#9111 = ORIENTED_EDGE('',*,*,#2426,.T.);
#9112 = ORIENTED_EDGE('',*,*,#9113,.T.);
#9113 = EDGE_CURVE('',#2427,#5147,#9114,.T.);
#9114 = LINE('',#9115,#9116);
#9115 = CARTESIAN_POINT('',(198.755,-71.52,-4.6E-02));
#9116 = VECTOR('',#9117,1.);
#9117 = DIRECTION('',(0.,0.,1.));
#9118 = ORIENTED_EDGE('',*,*,#5146,.F.);
#9119 = ORIENTED_EDGE('',*,*,#9113,.F.);
#9120 = CYLINDRICAL_SURFACE('',#9121,0.4);
#9121 = AXIS2_PLACEMENT_3D('',#9122,#9123,#9124);
#9122 = CARTESIAN_POINT('',(198.755,-71.12,-4.6E-02));
#9123 = DIRECTION('',(-0.,-0.,-1.));
#9124 = DIRECTION('',(-0.,-1.,0.));
#9125 = ADVANCED_FACE('',(#9126),#9137,.F.);
#9126 = FACE_BOUND('',#9127,.T.);
#9127 = EDGE_LOOP('',(#9128,#9129,#9135,#9136));
#9128 = ORIENTED_EDGE('',*,*,#2437,.T.);
#9129 = ORIENTED_EDGE('',*,*,#9130,.T.);
#9130 = EDGE_CURVE('',#2438,#5158,#9131,.T.);
#9131 = LINE('',#9132,#9133);
#9132 = CARTESIAN_POINT('',(207.645,-71.52,-4.6E-02));
#9133 = VECTOR('',#9134,1.);
#9134 = DIRECTION('',(0.,0.,1.));
#9135 = ORIENTED_EDGE('',*,*,#5157,.F.);
#9136 = ORIENTED_EDGE('',*,*,#9130,.F.);
#9137 = CYLINDRICAL_SURFACE('',#9138,0.4);
#9138 = AXIS2_PLACEMENT_3D('',#9139,#9140,#9141);
#9139 = CARTESIAN_POINT('',(207.645,-71.12,-4.6E-02));
#9140 = DIRECTION('',(-0.,0.,-1.));
#9141 = DIRECTION('',(7.105427357601E-14,-1.,-0.));
#9142 = ADVANCED_FACE('',(#9143),#9154,.F.);
#9143 = FACE_BOUND('',#9144,.T.);
#9144 = EDGE_LOOP('',(#9145,#9146,#9152,#9153));
#9145 = ORIENTED_EDGE('',*,*,#2448,.T.);
#9146 = ORIENTED_EDGE('',*,*,#9147,.T.);
#9147 = EDGE_CURVE('',#2449,#5169,#9148,.T.);
#9148 = LINE('',#9149,#9150);
#9149 = CARTESIAN_POINT('',(207.645,-68.98,-4.6E-02));
#9150 = VECTOR('',#9151,1.);
#9151 = DIRECTION('',(0.,0.,1.));
#9152 = ORIENTED_EDGE('',*,*,#5168,.F.);
#9153 = ORIENTED_EDGE('',*,*,#9147,.F.);
#9154 = CYLINDRICAL_SURFACE('',#9155,0.4);
#9155 = AXIS2_PLACEMENT_3D('',#9156,#9157,#9158);
#9156 = CARTESIAN_POINT('',(207.645,-68.58,-4.6E-02));
#9157 = DIRECTION('',(-0.,0.,-1.));
#9158 = DIRECTION('',(7.105427357601E-14,-1.,-0.));
#9159 = ADVANCED_FACE('',(#9160),#9171,.F.);
#9160 = FACE_BOUND('',#9161,.T.);
#9161 = EDGE_LOOP('',(#9162,#9163,#9169,#9170));
#9162 = ORIENTED_EDGE('',*,*,#2459,.T.);
#9163 = ORIENTED_EDGE('',*,*,#9164,.T.);
#9164 = EDGE_CURVE('',#2460,#5180,#9165,.T.);
#9165 = LINE('',#9166,#9167);
#9166 = CARTESIAN_POINT('',(215.265,-76.6,-4.6E-02));
#9167 = VECTOR('',#9168,1.);
#9168 = DIRECTION('',(0.,0.,1.));
#9169 = ORIENTED_EDGE('',*,*,#5179,.F.);
#9170 = ORIENTED_EDGE('',*,*,#9164,.F.);
#9171 = CYLINDRICAL_SURFACE('',#9172,0.4);
#9172 = AXIS2_PLACEMENT_3D('',#9173,#9174,#9175);
#9173 = CARTESIAN_POINT('',(215.265,-76.2,-4.6E-02));
#9174 = DIRECTION('',(-0.,-0.,-1.));
#9175 = DIRECTION('',(-0.,-1.,0.));
#9176 = ADVANCED_FACE('',(#9177),#9188,.F.);
#9177 = FACE_BOUND('',#9178,.T.);
#9178 = EDGE_LOOP('',(#9179,#9180,#9186,#9187));
#9179 = ORIENTED_EDGE('',*,*,#2470,.T.);
#9180 = ORIENTED_EDGE('',*,*,#9181,.T.);
#9181 = EDGE_CURVE('',#2471,#5191,#9182,.T.);
#9182 = LINE('',#9183,#9184);
#9183 = CARTESIAN_POINT('',(215.265,-74.06,-4.6E-02));
#9184 = VECTOR('',#9185,1.);
#9185 = DIRECTION('',(0.,0.,1.));
#9186 = ORIENTED_EDGE('',*,*,#5190,.F.);
#9187 = ORIENTED_EDGE('',*,*,#9181,.F.);
#9188 = CYLINDRICAL_SURFACE('',#9189,0.4);
#9189 = AXIS2_PLACEMENT_3D('',#9190,#9191,#9192);
#9190 = CARTESIAN_POINT('',(215.265,-73.66,-4.6E-02));
#9191 = DIRECTION('',(-0.,-0.,-1.));
#9192 = DIRECTION('',(-0.,-1.,0.));
#9193 = ADVANCED_FACE('',(#9194),#9205,.F.);
#9194 = FACE_BOUND('',#9195,.T.);
#9195 = EDGE_LOOP('',(#9196,#9197,#9203,#9204));
#9196 = ORIENTED_EDGE('',*,*,#2481,.T.);
#9197 = ORIENTED_EDGE('',*,*,#9198,.T.);
#9198 = EDGE_CURVE('',#2482,#5202,#9199,.T.);
#9199 = LINE('',#9200,#9201);
#9200 = CARTESIAN_POINT('',(215.265,-71.52,-4.6E-02));
#9201 = VECTOR('',#9202,1.);
#9202 = DIRECTION('',(0.,0.,1.));
#9203 = ORIENTED_EDGE('',*,*,#5201,.F.);
#9204 = ORIENTED_EDGE('',*,*,#9198,.F.);
#9205 = CYLINDRICAL_SURFACE('',#9206,0.4);
#9206 = AXIS2_PLACEMENT_3D('',#9207,#9208,#9209);
#9207 = CARTESIAN_POINT('',(215.265,-71.12,-4.6E-02));
#9208 = DIRECTION('',(-0.,-0.,-1.));
#9209 = DIRECTION('',(-0.,-1.,0.));
#9210 = ADVANCED_FACE('',(#9211),#9222,.F.);
#9211 = FACE_BOUND('',#9212,.T.);
#9212 = EDGE_LOOP('',(#9213,#9214,#9220,#9221));
#9213 = ORIENTED_EDGE('',*,*,#2492,.T.);
#9214 = ORIENTED_EDGE('',*,*,#9215,.T.);
#9215 = EDGE_CURVE('',#2493,#5213,#9216,.T.);
#9216 = LINE('',#9217,#9218);
#9217 = CARTESIAN_POINT('',(215.265,-68.98,-4.6E-02));
#9218 = VECTOR('',#9219,1.);
#9219 = DIRECTION('',(0.,0.,1.));
#9220 = ORIENTED_EDGE('',*,*,#5212,.F.);
#9221 = ORIENTED_EDGE('',*,*,#9215,.F.);
#9222 = CYLINDRICAL_SURFACE('',#9223,0.4);
#9223 = AXIS2_PLACEMENT_3D('',#9224,#9225,#9226);
#9224 = CARTESIAN_POINT('',(215.265,-68.58,-4.6E-02));
#9225 = DIRECTION('',(-0.,-0.,-1.));
#9226 = DIRECTION('',(-0.,-1.,0.));
#9227 = ADVANCED_FACE('',(#9228),#9239,.F.);
#9228 = FACE_BOUND('',#9229,.T.);
#9229 = EDGE_LOOP('',(#9230,#9231,#9237,#9238));
#9230 = ORIENTED_EDGE('',*,*,#2503,.T.);
#9231 = ORIENTED_EDGE('',*,*,#9232,.T.);
#9232 = EDGE_CURVE('',#2504,#5224,#9233,.T.);
#9233 = LINE('',#9234,#9235);
#9234 = CARTESIAN_POINT('',(156.21,-58.82,-4.6E-02));
#9235 = VECTOR('',#9236,1.);
#9236 = DIRECTION('',(0.,0.,1.));
#9237 = ORIENTED_EDGE('',*,*,#5223,.F.);
#9238 = ORIENTED_EDGE('',*,*,#9232,.F.);
#9239 = CYLINDRICAL_SURFACE('',#9240,0.4);
#9240 = AXIS2_PLACEMENT_3D('',#9241,#9242,#9243);
#9241 = CARTESIAN_POINT('',(156.21,-58.42,-4.6E-02));
#9242 = DIRECTION('',(-0.,-0.,-1.));
#9243 = DIRECTION('',(-0.,-1.,0.));
#9244 = ADVANCED_FACE('',(#9245),#9256,.F.);
#9245 = FACE_BOUND('',#9246,.T.);
#9246 = EDGE_LOOP('',(#9247,#9248,#9254,#9255));
#9247 = ORIENTED_EDGE('',*,*,#2514,.T.);
#9248 = ORIENTED_EDGE('',*,*,#9249,.T.);
#9249 = EDGE_CURVE('',#2515,#5235,#9250,.T.);
#9250 = LINE('',#9251,#9252);
#9251 = CARTESIAN_POINT('',(175.26,-66.54,-4.6E-02));
#9252 = VECTOR('',#9253,1.);
#9253 = DIRECTION('',(0.,0.,1.));
#9254 = ORIENTED_EDGE('',*,*,#5234,.F.);
#9255 = ORIENTED_EDGE('',*,*,#9249,.F.);
#9256 = CYLINDRICAL_SURFACE('',#9257,0.5);
#9257 = AXIS2_PLACEMENT_3D('',#9258,#9259,#9260);
#9258 = CARTESIAN_POINT('',(175.26,-66.04,-4.6E-02));
#9259 = DIRECTION('',(-0.,-0.,-1.));
#9260 = DIRECTION('',(-0.,-1.,0.));
#9261 = ADVANCED_FACE('',(#9262),#9273,.F.);
#9262 = FACE_BOUND('',#9263,.T.);
#9263 = EDGE_LOOP('',(#9264,#9265,#9271,#9272));
#9264 = ORIENTED_EDGE('',*,*,#2525,.T.);
#9265 = ORIENTED_EDGE('',*,*,#9266,.T.);
#9266 = EDGE_CURVE('',#2526,#5246,#9267,.T.);
#9267 = LINE('',#9268,#9269);
#9268 = CARTESIAN_POINT('',(175.26,-64.,-4.6E-02));
#9269 = VECTOR('',#9270,1.);
#9270 = DIRECTION('',(0.,0.,1.));
#9271 = ORIENTED_EDGE('',*,*,#5245,.F.);
#9272 = ORIENTED_EDGE('',*,*,#9266,.F.);
#9273 = CYLINDRICAL_SURFACE('',#9274,0.5);
#9274 = AXIS2_PLACEMENT_3D('',#9275,#9276,#9277);
#9275 = CARTESIAN_POINT('',(175.26,-63.5,-4.6E-02));
#9276 = DIRECTION('',(-0.,-0.,-1.));
#9277 = DIRECTION('',(-0.,-1.,0.));
#9278 = ADVANCED_FACE('',(#9279),#9290,.F.);
#9279 = FACE_BOUND('',#9280,.T.);
#9280 = EDGE_LOOP('',(#9281,#9282,#9288,#9289));
#9281 = ORIENTED_EDGE('',*,*,#2536,.T.);
#9282 = ORIENTED_EDGE('',*,*,#9283,.T.);
#9283 = EDGE_CURVE('',#2537,#5257,#9284,.T.);
#9284 = LINE('',#9285,#9286);
#9285 = CARTESIAN_POINT('',(175.26,-61.46,-4.6E-02));
#9286 = VECTOR('',#9287,1.);
#9287 = DIRECTION('',(0.,0.,1.));
#9288 = ORIENTED_EDGE('',*,*,#5256,.F.);
#9289 = ORIENTED_EDGE('',*,*,#9283,.F.);
#9290 = CYLINDRICAL_SURFACE('',#9291,0.5);
#9291 = AXIS2_PLACEMENT_3D('',#9292,#9293,#9294);
#9292 = CARTESIAN_POINT('',(175.26,-60.96,-4.6E-02));
#9293 = DIRECTION('',(-0.,-0.,-1.));
#9294 = DIRECTION('',(-0.,-1.,0.));
#9295 = ADVANCED_FACE('',(#9296),#9307,.F.);
#9296 = FACE_BOUND('',#9297,.T.);
#9297 = EDGE_LOOP('',(#9298,#9299,#9305,#9306));
#9298 = ORIENTED_EDGE('',*,*,#2547,.T.);
#9299 = ORIENTED_EDGE('',*,*,#9300,.T.);
#9300 = EDGE_CURVE('',#2548,#5268,#9301,.T.);
#9301 = LINE('',#9302,#9303);
#9302 = CARTESIAN_POINT('',(190.5,-66.54,-4.6E-02));
#9303 = VECTOR('',#9304,1.);
#9304 = DIRECTION('',(0.,0.,1.));
#9305 = ORIENTED_EDGE('',*,*,#5267,.F.);
#9306 = ORIENTED_EDGE('',*,*,#9300,.F.);
#9307 = CYLINDRICAL_SURFACE('',#9308,0.5);
#9308 = AXIS2_PLACEMENT_3D('',#9309,#9310,#9311);
#9309 = CARTESIAN_POINT('',(190.5,-66.04,-4.6E-02));
#9310 = DIRECTION('',(-0.,-0.,-1.));
#9311 = DIRECTION('',(-0.,-1.,0.));
#9312 = ADVANCED_FACE('',(#9313),#9324,.F.);
#9313 = FACE_BOUND('',#9314,.T.);
#9314 = EDGE_LOOP('',(#9315,#9316,#9322,#9323));
#9315 = ORIENTED_EDGE('',*,*,#2558,.T.);
#9316 = ORIENTED_EDGE('',*,*,#9317,.T.);
#9317 = EDGE_CURVE('',#2559,#5279,#9318,.T.);
#9318 = LINE('',#9319,#9320);
#9319 = CARTESIAN_POINT('',(190.5,-64.,-4.6E-02));
#9320 = VECTOR('',#9321,1.);
#9321 = DIRECTION('',(0.,0.,1.));
#9322 = ORIENTED_EDGE('',*,*,#5278,.F.);
#9323 = ORIENTED_EDGE('',*,*,#9317,.F.);
#9324 = CYLINDRICAL_SURFACE('',#9325,0.5);
#9325 = AXIS2_PLACEMENT_3D('',#9326,#9327,#9328);
#9326 = CARTESIAN_POINT('',(190.5,-63.5,-4.6E-02));
#9327 = DIRECTION('',(-0.,-0.,-1.));
#9328 = DIRECTION('',(-0.,-1.,0.));
#9329 = ADVANCED_FACE('',(#9330),#9341,.F.);
#9330 = FACE_BOUND('',#9331,.T.);
#9331 = EDGE_LOOP('',(#9332,#9333,#9339,#9340));
#9332 = ORIENTED_EDGE('',*,*,#2569,.T.);
#9333 = ORIENTED_EDGE('',*,*,#9334,.T.);
#9334 = EDGE_CURVE('',#2570,#5290,#9335,.T.);
#9335 = LINE('',#9336,#9337);
#9336 = CARTESIAN_POINT('',(190.5,-61.46,-4.6E-02));
#9337 = VECTOR('',#9338,1.);
#9338 = DIRECTION('',(0.,0.,1.));
#9339 = ORIENTED_EDGE('',*,*,#5289,.F.);
#9340 = ORIENTED_EDGE('',*,*,#9334,.F.);
#9341 = CYLINDRICAL_SURFACE('',#9342,0.5);
#9342 = AXIS2_PLACEMENT_3D('',#9343,#9344,#9345);
#9343 = CARTESIAN_POINT('',(190.5,-60.96,-4.6E-02));
#9344 = DIRECTION('',(-0.,-0.,-1.));
#9345 = DIRECTION('',(-0.,-1.,0.));
#9346 = ADVANCED_FACE('',(#9347),#9358,.F.);
#9347 = FACE_BOUND('',#9348,.T.);
#9348 = EDGE_LOOP('',(#9349,#9350,#9356,#9357));
#9349 = ORIENTED_EDGE('',*,*,#2580,.T.);
#9350 = ORIENTED_EDGE('',*,*,#9351,.T.);
#9351 = EDGE_CURVE('',#2581,#5301,#9352,.T.);
#9352 = LINE('',#9353,#9354);
#9353 = CARTESIAN_POINT('',(175.26,-58.92,-4.6E-02));
#9354 = VECTOR('',#9355,1.);
#9355 = DIRECTION('',(0.,0.,1.));
#9356 = ORIENTED_EDGE('',*,*,#5300,.F.);
#9357 = ORIENTED_EDGE('',*,*,#9351,.F.);
#9358 = CYLINDRICAL_SURFACE('',#9359,0.5);
#9359 = AXIS2_PLACEMENT_3D('',#9360,#9361,#9362);
#9360 = CARTESIAN_POINT('',(175.26,-58.42,-4.6E-02));
#9361 = DIRECTION('',(-0.,-0.,-1.));
#9362 = DIRECTION('',(-0.,-1.,0.));
#9363 = ADVANCED_FACE('',(#9364),#9375,.F.);
#9364 = FACE_BOUND('',#9365,.T.);
#9365 = EDGE_LOOP('',(#9366,#9367,#9373,#9374));
#9366 = ORIENTED_EDGE('',*,*,#2591,.T.);
#9367 = ORIENTED_EDGE('',*,*,#9368,.T.);
#9368 = EDGE_CURVE('',#2592,#5312,#9369,.T.);
#9369 = LINE('',#9370,#9371);
#9370 = CARTESIAN_POINT('',(175.26,-56.38,-4.6E-02));
#9371 = VECTOR('',#9372,1.);
#9372 = DIRECTION('',(0.,0.,1.));
#9373 = ORIENTED_EDGE('',*,*,#5311,.F.);
#9374 = ORIENTED_EDGE('',*,*,#9368,.F.);
#9375 = CYLINDRICAL_SURFACE('',#9376,0.5);
#9376 = AXIS2_PLACEMENT_3D('',#9377,#9378,#9379);
#9377 = CARTESIAN_POINT('',(175.26,-55.88,-4.6E-02));
#9378 = DIRECTION('',(-0.,-0.,-1.));
#9379 = DIRECTION('',(-0.,-1.,0.));
#9380 = ADVANCED_FACE('',(#9381),#9392,.F.);
#9381 = FACE_BOUND('',#9382,.T.);
#9382 = EDGE_LOOP('',(#9383,#9384,#9390,#9391));
#9383 = ORIENTED_EDGE('',*,*,#2602,.T.);
#9384 = ORIENTED_EDGE('',*,*,#9385,.T.);
#9385 = EDGE_CURVE('',#2603,#5323,#9386,.T.);
#9386 = LINE('',#9387,#9388);
#9387 = CARTESIAN_POINT('',(190.5,-58.92,-4.6E-02));
#9388 = VECTOR('',#9389,1.);
#9389 = DIRECTION('',(0.,0.,1.));
#9390 = ORIENTED_EDGE('',*,*,#5322,.F.);
#9391 = ORIENTED_EDGE('',*,*,#9385,.F.);
#9392 = CYLINDRICAL_SURFACE('',#9393,0.5);
#9393 = AXIS2_PLACEMENT_3D('',#9394,#9395,#9396);
#9394 = CARTESIAN_POINT('',(190.5,-58.42,-4.6E-02));
#9395 = DIRECTION('',(-0.,-0.,-1.));
#9396 = DIRECTION('',(-0.,-1.,0.));
#9397 = ADVANCED_FACE('',(#9398),#9409,.F.);
#9398 = FACE_BOUND('',#9399,.T.);
#9399 = EDGE_LOOP('',(#9400,#9401,#9407,#9408));
#9400 = ORIENTED_EDGE('',*,*,#2613,.T.);
#9401 = ORIENTED_EDGE('',*,*,#9402,.T.);
#9402 = EDGE_CURVE('',#2614,#5334,#9403,.T.);
#9403 = LINE('',#9404,#9405);
#9404 = CARTESIAN_POINT('',(190.5,-56.38,-4.6E-02));
#9405 = VECTOR('',#9406,1.);
#9406 = DIRECTION('',(0.,0.,1.));
#9407 = ORIENTED_EDGE('',*,*,#5333,.F.);
#9408 = ORIENTED_EDGE('',*,*,#9402,.F.);
#9409 = CYLINDRICAL_SURFACE('',#9410,0.5);
#9410 = AXIS2_PLACEMENT_3D('',#9411,#9412,#9413);
#9411 = CARTESIAN_POINT('',(190.5,-55.88,-4.6E-02));
#9412 = DIRECTION('',(-0.,-0.,-1.));
#9413 = DIRECTION('',(-0.,-1.,0.));
#9414 = ADVANCED_FACE('',(#9415),#9426,.F.);
#9415 = FACE_BOUND('',#9416,.T.);
#9416 = EDGE_LOOP('',(#9417,#9418,#9424,#9425));
#9417 = ORIENTED_EDGE('',*,*,#2624,.T.);
#9418 = ORIENTED_EDGE('',*,*,#9419,.T.);
#9419 = EDGE_CURVE('',#2625,#5345,#9420,.T.);
#9420 = LINE('',#9421,#9422);
#9421 = CARTESIAN_POINT('',(158.75,-46.6,-4.6E-02));
#9422 = VECTOR('',#9423,1.);
#9423 = DIRECTION('',(0.,0.,1.));
#9424 = ORIENTED_EDGE('',*,*,#5344,.F.);
#9425 = ORIENTED_EDGE('',*,*,#9419,.F.);
#9426 = CYLINDRICAL_SURFACE('',#9427,2.15);
#9427 = AXIS2_PLACEMENT_3D('',#9428,#9429,#9430);
#9428 = CARTESIAN_POINT('',(158.75,-44.45,-4.6E-02));
#9429 = DIRECTION('',(-0.,-0.,-1.));
#9430 = DIRECTION('',(-0.,-1.,0.));
#9431 = ADVANCED_FACE('',(#9432),#9443,.F.);
#9432 = FACE_BOUND('',#9433,.T.);
#9433 = EDGE_LOOP('',(#9434,#9435,#9441,#9442));
#9434 = ORIENTED_EDGE('',*,*,#2635,.T.);
#9435 = ORIENTED_EDGE('',*,*,#9436,.T.);
#9436 = EDGE_CURVE('',#2636,#5356,#9437,.T.);
#9437 = LINE('',#9438,#9439);
#9438 = CARTESIAN_POINT('',(175.26,-53.84,-4.6E-02));
#9439 = VECTOR('',#9440,1.);
#9440 = DIRECTION('',(0.,0.,1.));
#9441 = ORIENTED_EDGE('',*,*,#5355,.F.);
#9442 = ORIENTED_EDGE('',*,*,#9436,.F.);
#9443 = CYLINDRICAL_SURFACE('',#9444,0.5);
#9444 = AXIS2_PLACEMENT_3D('',#9445,#9446,#9447);
#9445 = CARTESIAN_POINT('',(175.26,-53.34,-4.6E-02));
#9446 = DIRECTION('',(-0.,-0.,-1.));
#9447 = DIRECTION('',(-0.,-1.,0.));
#9448 = ADVANCED_FACE('',(#9449),#9460,.F.);
#9449 = FACE_BOUND('',#9450,.T.);
#9450 = EDGE_LOOP('',(#9451,#9452,#9458,#9459));
#9451 = ORIENTED_EDGE('',*,*,#2646,.T.);
#9452 = ORIENTED_EDGE('',*,*,#9453,.T.);
#9453 = EDGE_CURVE('',#2647,#5367,#9454,.T.);
#9454 = LINE('',#9455,#9456);
#9455 = CARTESIAN_POINT('',(175.26,-51.3,-4.6E-02));
#9456 = VECTOR('',#9457,1.);
#9457 = DIRECTION('',(0.,0.,1.));
#9458 = ORIENTED_EDGE('',*,*,#5366,.F.);
#9459 = ORIENTED_EDGE('',*,*,#9453,.F.);
#9460 = CYLINDRICAL_SURFACE('',#9461,0.5);
#9461 = AXIS2_PLACEMENT_3D('',#9462,#9463,#9464);
#9462 = CARTESIAN_POINT('',(175.26,-50.8,-4.6E-02));
#9463 = DIRECTION('',(-0.,-0.,-1.));
#9464 = DIRECTION('',(-0.,-1.,0.));
#9465 = ADVANCED_FACE('',(#9466),#9477,.F.);
#9466 = FACE_BOUND('',#9467,.T.);
#9467 = EDGE_LOOP('',(#9468,#9469,#9475,#9476));
#9468 = ORIENTED_EDGE('',*,*,#2657,.T.);
#9469 = ORIENTED_EDGE('',*,*,#9470,.T.);
#9470 = EDGE_CURVE('',#2658,#5378,#9471,.T.);
#9471 = LINE('',#9472,#9473);
#9472 = CARTESIAN_POINT('',(190.5,-53.84,-4.6E-02));
#9473 = VECTOR('',#9474,1.);
#9474 = DIRECTION('',(0.,0.,1.));
#9475 = ORIENTED_EDGE('',*,*,#5377,.F.);
#9476 = ORIENTED_EDGE('',*,*,#9470,.F.);
#9477 = CYLINDRICAL_SURFACE('',#9478,0.5);
#9478 = AXIS2_PLACEMENT_3D('',#9479,#9480,#9481);
#9479 = CARTESIAN_POINT('',(190.5,-53.34,-4.6E-02));
#9480 = DIRECTION('',(-0.,-0.,-1.));
#9481 = DIRECTION('',(-0.,-1.,0.));
#9482 = ADVANCED_FACE('',(#9483),#9494,.F.);
#9483 = FACE_BOUND('',#9484,.T.);
#9484 = EDGE_LOOP('',(#9485,#9486,#9492,#9493));
#9485 = ORIENTED_EDGE('',*,*,#2668,.T.);
#9486 = ORIENTED_EDGE('',*,*,#9487,.T.);
#9487 = EDGE_CURVE('',#2669,#5389,#9488,.T.);
#9488 = LINE('',#9489,#9490);
#9489 = CARTESIAN_POINT('',(190.5,-51.3,-4.6E-02));
#9490 = VECTOR('',#9491,1.);
#9491 = DIRECTION('',(0.,0.,1.));
#9492 = ORIENTED_EDGE('',*,*,#5388,.F.);
#9493 = ORIENTED_EDGE('',*,*,#9487,.F.);
#9494 = CYLINDRICAL_SURFACE('',#9495,0.5);
#9495 = AXIS2_PLACEMENT_3D('',#9496,#9497,#9498);
#9496 = CARTESIAN_POINT('',(190.5,-50.8,-4.6E-02));
#9497 = DIRECTION('',(-0.,-0.,-1.));
#9498 = DIRECTION('',(-0.,-1.,0.));
#9499 = ADVANCED_FACE('',(#9500),#9511,.F.);
#9500 = FACE_BOUND('',#9501,.T.);
#9501 = EDGE_LOOP('',(#9502,#9503,#9509,#9510));
#9502 = ORIENTED_EDGE('',*,*,#2679,.T.);
#9503 = ORIENTED_EDGE('',*,*,#9504,.T.);
#9504 = EDGE_CURVE('',#2680,#5400,#9505,.T.);
#9505 = LINE('',#9506,#9507);
#9506 = CARTESIAN_POINT('',(207.645,-66.44,-4.6E-02));
#9507 = VECTOR('',#9508,1.);
#9508 = DIRECTION('',(0.,0.,1.));
#9509 = ORIENTED_EDGE('',*,*,#5399,.F.);
#9510 = ORIENTED_EDGE('',*,*,#9504,.F.);
#9511 = CYLINDRICAL_SURFACE('',#9512,0.4);
#9512 = AXIS2_PLACEMENT_3D('',#9513,#9514,#9515);
#9513 = CARTESIAN_POINT('',(207.645,-66.04,-4.6E-02));
#9514 = DIRECTION('',(-0.,0.,-1.));
#9515 = DIRECTION('',(7.105427357601E-14,-1.,-0.));
#9516 = ADVANCED_FACE('',(#9517),#9528,.F.);
#9517 = FACE_BOUND('',#9518,.T.);
#9518 = EDGE_LOOP('',(#9519,#9520,#9526,#9527));
#9519 = ORIENTED_EDGE('',*,*,#2690,.T.);
#9520 = ORIENTED_EDGE('',*,*,#9521,.T.);
#9521 = EDGE_CURVE('',#2691,#5411,#9522,.T.);
#9522 = LINE('',#9523,#9524);
#9523 = CARTESIAN_POINT('',(207.645,-63.9,-4.6E-02));
#9524 = VECTOR('',#9525,1.);
#9525 = DIRECTION('',(0.,0.,1.));
#9526 = ORIENTED_EDGE('',*,*,#5410,.F.);
#9527 = ORIENTED_EDGE('',*,*,#9521,.F.);
#9528 = CYLINDRICAL_SURFACE('',#9529,0.4);
#9529 = AXIS2_PLACEMENT_3D('',#9530,#9531,#9532);
#9530 = CARTESIAN_POINT('',(207.645,-63.5,-4.6E-02));
#9531 = DIRECTION('',(-0.,0.,-1.));
#9532 = DIRECTION('',(7.105427357601E-14,-1.,-0.));
#9533 = ADVANCED_FACE('',(#9534),#9545,.F.);
#9534 = FACE_BOUND('',#9535,.T.);
#9535 = EDGE_LOOP('',(#9536,#9537,#9543,#9544));
#9536 = ORIENTED_EDGE('',*,*,#2701,.T.);
#9537 = ORIENTED_EDGE('',*,*,#9538,.T.);
#9538 = EDGE_CURVE('',#2702,#5422,#9539,.T.);
#9539 = LINE('',#9540,#9541);
#9540 = CARTESIAN_POINT('',(207.645,-61.36,-4.6E-02));
#9541 = VECTOR('',#9542,1.);
#9542 = DIRECTION('',(0.,0.,1.));
#9543 = ORIENTED_EDGE('',*,*,#5421,.F.);
#9544 = ORIENTED_EDGE('',*,*,#9538,.F.);
#9545 = CYLINDRICAL_SURFACE('',#9546,0.4);
#9546 = AXIS2_PLACEMENT_3D('',#9547,#9548,#9549);
#9547 = CARTESIAN_POINT('',(207.645,-60.96,-4.6E-02));
#9548 = DIRECTION('',(-0.,0.,-1.));
#9549 = DIRECTION('',(7.105427357601E-14,-1.,-0.));
#9550 = ADVANCED_FACE('',(#9551),#9562,.F.);
#9551 = FACE_BOUND('',#9552,.T.);
#9552 = EDGE_LOOP('',(#9553,#9554,#9560,#9561));
#9553 = ORIENTED_EDGE('',*,*,#2712,.T.);
#9554 = ORIENTED_EDGE('',*,*,#9555,.T.);
#9555 = EDGE_CURVE('',#2713,#5433,#9556,.T.);
#9556 = LINE('',#9557,#9558);
#9557 = CARTESIAN_POINT('',(207.645,-58.82,-4.6E-02));
#9558 = VECTOR('',#9559,1.);
#9559 = DIRECTION('',(0.,0.,1.));
#9560 = ORIENTED_EDGE('',*,*,#5432,.F.);
#9561 = ORIENTED_EDGE('',*,*,#9555,.F.);
#9562 = CYLINDRICAL_SURFACE('',#9563,0.4);
#9563 = AXIS2_PLACEMENT_3D('',#9564,#9565,#9566);
#9564 = CARTESIAN_POINT('',(207.645,-58.42,-4.6E-02));
#9565 = DIRECTION('',(-0.,0.,-1.));
#9566 = DIRECTION('',(7.105427357601E-14,-1.,-0.));
#9567 = ADVANCED_FACE('',(#9568),#9579,.F.);
#9568 = FACE_BOUND('',#9569,.T.);
#9569 = EDGE_LOOP('',(#9570,#9571,#9577,#9578));
#9570 = ORIENTED_EDGE('',*,*,#2723,.T.);
#9571 = ORIENTED_EDGE('',*,*,#9572,.T.);
#9572 = EDGE_CURVE('',#2724,#5444,#9573,.T.);
#9573 = LINE('',#9574,#9575);
#9574 = CARTESIAN_POINT('',(207.645,-56.28,-4.6E-02));
#9575 = VECTOR('',#9576,1.);
#9576 = DIRECTION('',(0.,0.,1.));
#9577 = ORIENTED_EDGE('',*,*,#5443,.F.);
#9578 = ORIENTED_EDGE('',*,*,#9572,.F.);
#9579 = CYLINDRICAL_SURFACE('',#9580,0.4);
#9580 = AXIS2_PLACEMENT_3D('',#9581,#9582,#9583);
#9581 = CARTESIAN_POINT('',(207.645,-55.88,-4.6E-02));
#9582 = DIRECTION('',(-0.,0.,-1.));
#9583 = DIRECTION('',(7.105427357601E-14,-1.,-0.));
#9584 = ADVANCED_FACE('',(#9585),#9596,.F.);
#9585 = FACE_BOUND('',#9586,.T.);
#9586 = EDGE_LOOP('',(#9587,#9588,#9594,#9595));
#9587 = ORIENTED_EDGE('',*,*,#2734,.T.);
#9588 = ORIENTED_EDGE('',*,*,#9589,.T.);
#9589 = EDGE_CURVE('',#2735,#5455,#9590,.T.);
#9590 = LINE('',#9591,#9592);
#9591 = CARTESIAN_POINT('',(215.265,-66.44,-4.6E-02));
#9592 = VECTOR('',#9593,1.);
#9593 = DIRECTION('',(0.,0.,1.));
#9594 = ORIENTED_EDGE('',*,*,#5454,.F.);
#9595 = ORIENTED_EDGE('',*,*,#9589,.F.);
#9596 = CYLINDRICAL_SURFACE('',#9597,0.4);
#9597 = AXIS2_PLACEMENT_3D('',#9598,#9599,#9600);
#9598 = CARTESIAN_POINT('',(215.265,-66.04,-4.6E-02));
#9599 = DIRECTION('',(-0.,-0.,-1.));
#9600 = DIRECTION('',(-0.,-1.,0.));
#9601 = ADVANCED_FACE('',(#9602),#9613,.F.);
#9602 = FACE_BOUND('',#9603,.T.);
#9603 = EDGE_LOOP('',(#9604,#9605,#9611,#9612));
#9604 = ORIENTED_EDGE('',*,*,#2745,.T.);
#9605 = ORIENTED_EDGE('',*,*,#9606,.T.);
#9606 = EDGE_CURVE('',#2746,#5466,#9607,.T.);
#9607 = LINE('',#9608,#9609);
#9608 = CARTESIAN_POINT('',(215.265,-63.9,-4.6E-02));
#9609 = VECTOR('',#9610,1.);
#9610 = DIRECTION('',(0.,0.,1.));
#9611 = ORIENTED_EDGE('',*,*,#5465,.F.);
#9612 = ORIENTED_EDGE('',*,*,#9606,.F.);
#9613 = CYLINDRICAL_SURFACE('',#9614,0.4);
#9614 = AXIS2_PLACEMENT_3D('',#9615,#9616,#9617);
#9615 = CARTESIAN_POINT('',(215.265,-63.5,-4.6E-02));
#9616 = DIRECTION('',(-0.,-0.,-1.));
#9617 = DIRECTION('',(-0.,-1.,0.));
#9618 = ADVANCED_FACE('',(#9619),#9630,.F.);
#9619 = FACE_BOUND('',#9620,.T.);
#9620 = EDGE_LOOP('',(#9621,#9622,#9628,#9629));
#9621 = ORIENTED_EDGE('',*,*,#2756,.T.);
#9622 = ORIENTED_EDGE('',*,*,#9623,.T.);
#9623 = EDGE_CURVE('',#2757,#5477,#9624,.T.);
#9624 = LINE('',#9625,#9626);
#9625 = CARTESIAN_POINT('',(215.265,-61.36,-4.6E-02));
#9626 = VECTOR('',#9627,1.);
#9627 = DIRECTION('',(0.,0.,1.));
#9628 = ORIENTED_EDGE('',*,*,#5476,.F.);
#9629 = ORIENTED_EDGE('',*,*,#9623,.F.);
#9630 = CYLINDRICAL_SURFACE('',#9631,0.4);
#9631 = AXIS2_PLACEMENT_3D('',#9632,#9633,#9634);
#9632 = CARTESIAN_POINT('',(215.265,-60.96,-4.6E-02));
#9633 = DIRECTION('',(-0.,-0.,-1.));
#9634 = DIRECTION('',(-0.,-1.,0.));
#9635 = ADVANCED_FACE('',(#9636),#9647,.F.);
#9636 = FACE_BOUND('',#9637,.T.);
#9637 = EDGE_LOOP('',(#9638,#9639,#9645,#9646));
#9638 = ORIENTED_EDGE('',*,*,#2767,.T.);
#9639 = ORIENTED_EDGE('',*,*,#9640,.T.);
#9640 = EDGE_CURVE('',#2768,#5488,#9641,.T.);
#9641 = LINE('',#9642,#9643);
#9642 = CARTESIAN_POINT('',(215.265,-58.82,-4.6E-02));
#9643 = VECTOR('',#9644,1.);
#9644 = DIRECTION('',(0.,0.,1.));
#9645 = ORIENTED_EDGE('',*,*,#5487,.F.);
#9646 = ORIENTED_EDGE('',*,*,#9640,.F.);
#9647 = CYLINDRICAL_SURFACE('',#9648,0.4);
#9648 = AXIS2_PLACEMENT_3D('',#9649,#9650,#9651);
#9649 = CARTESIAN_POINT('',(215.265,-58.42,-4.6E-02));
#9650 = DIRECTION('',(-0.,-0.,-1.));
#9651 = DIRECTION('',(-0.,-1.,0.));
#9652 = ADVANCED_FACE('',(#9653),#9664,.F.);
#9653 = FACE_BOUND('',#9654,.T.);
#9654 = EDGE_LOOP('',(#9655,#9656,#9662,#9663));
#9655 = ORIENTED_EDGE('',*,*,#2778,.T.);
#9656 = ORIENTED_EDGE('',*,*,#9657,.T.);
#9657 = EDGE_CURVE('',#2779,#5499,#9658,.T.);
#9658 = LINE('',#9659,#9660);
#9659 = CARTESIAN_POINT('',(215.265,-56.28,-4.6E-02));
#9660 = VECTOR('',#9661,1.);
#9661 = DIRECTION('',(0.,0.,1.));
#9662 = ORIENTED_EDGE('',*,*,#5498,.F.);
#9663 = ORIENTED_EDGE('',*,*,#9657,.F.);
#9664 = CYLINDRICAL_SURFACE('',#9665,0.4);
#9665 = AXIS2_PLACEMENT_3D('',#9666,#9667,#9668);
#9666 = CARTESIAN_POINT('',(215.265,-55.88,-4.6E-02));
#9667 = DIRECTION('',(-0.,-0.,-1.));
#9668 = DIRECTION('',(-0.,-1.,0.));
#9669 = ADVANCED_FACE('',(#9670),#9681,.F.);
#9670 = FACE_BOUND('',#9671,.T.);
#9671 = EDGE_LOOP('',(#9672,#9673,#9679,#9680));
#9672 = ORIENTED_EDGE('',*,*,#2789,.T.);
#9673 = ORIENTED_EDGE('',*,*,#9674,.T.);
#9674 = EDGE_CURVE('',#2790,#5510,#9675,.T.);
#9675 = LINE('',#9676,#9677);
#9676 = CARTESIAN_POINT('',(207.645,-53.74,-4.6E-02));
#9677 = VECTOR('',#9678,1.);
#9678 = DIRECTION('',(0.,0.,1.));
#9679 = ORIENTED_EDGE('',*,*,#5509,.F.);
#9680 = ORIENTED_EDGE('',*,*,#9674,.F.);
#9681 = CYLINDRICAL_SURFACE('',#9682,0.4);
#9682 = AXIS2_PLACEMENT_3D('',#9683,#9684,#9685);
#9683 = CARTESIAN_POINT('',(207.645,-53.34,-4.6E-02));
#9684 = DIRECTION('',(-0.,0.,-1.));
#9685 = DIRECTION('',(7.105427357601E-14,-1.,-0.));
#9686 = ADVANCED_FACE('',(#9687),#9698,.F.);
#9687 = FACE_BOUND('',#9688,.T.);
#9688 = EDGE_LOOP('',(#9689,#9690,#9696,#9697));
#9689 = ORIENTED_EDGE('',*,*,#2800,.T.);
#9690 = ORIENTED_EDGE('',*,*,#9691,.T.);
#9691 = EDGE_CURVE('',#2801,#5521,#9692,.T.);
#9692 = LINE('',#9693,#9694);
#9693 = CARTESIAN_POINT('',(207.645,-51.2,-4.6E-02));
#9694 = VECTOR('',#9695,1.);
#9695 = DIRECTION('',(0.,0.,1.));
#9696 = ORIENTED_EDGE('',*,*,#5520,.F.);
#9697 = ORIENTED_EDGE('',*,*,#9691,.F.);
#9698 = CYLINDRICAL_SURFACE('',#9699,0.4);
#9699 = AXIS2_PLACEMENT_3D('',#9700,#9701,#9702);
#9700 = CARTESIAN_POINT('',(207.645,-50.8,-4.6E-02));
#9701 = DIRECTION('',(-0.,0.,-1.));
#9702 = DIRECTION('',(7.105427357601E-14,-1.,-0.));
#9703 = ADVANCED_FACE('',(#9704),#9715,.F.);
#9704 = FACE_BOUND('',#9705,.T.);
#9705 = EDGE_LOOP('',(#9706,#9707,#9713,#9714));
#9706 = ORIENTED_EDGE('',*,*,#2811,.T.);
#9707 = ORIENTED_EDGE('',*,*,#9708,.T.);
#9708 = EDGE_CURVE('',#2812,#5532,#9709,.T.);
#9709 = LINE('',#9710,#9711);
#9710 = CARTESIAN_POINT('',(196.85,-49.26,-4.6E-02));
#9711 = VECTOR('',#9712,1.);
#9712 = DIRECTION('',(0.,0.,1.));
#9713 = ORIENTED_EDGE('',*,*,#5531,.F.);
#9714 = ORIENTED_EDGE('',*,*,#9708,.F.);
#9715 = CYLINDRICAL_SURFACE('',#9716,1.);
#9716 = AXIS2_PLACEMENT_3D('',#9717,#9718,#9719);
#9717 = CARTESIAN_POINT('',(196.85,-48.26,-4.6E-02));
#9718 = DIRECTION('',(-0.,-0.,-1.));
#9719 = DIRECTION('',(-0.,-1.,0.));
#9720 = ADVANCED_FACE('',(#9721),#9732,.F.);
#9721 = FACE_BOUND('',#9722,.T.);
#9722 = EDGE_LOOP('',(#9723,#9724,#9730,#9731));
#9723 = ORIENTED_EDGE('',*,*,#2822,.T.);
#9724 = ORIENTED_EDGE('',*,*,#9725,.T.);
#9725 = EDGE_CURVE('',#2823,#5543,#9726,.T.);
#9726 = LINE('',#9727,#9728);
#9727 = CARTESIAN_POINT('',(215.265,-53.74,-4.6E-02));
#9728 = VECTOR('',#9729,1.);
#9729 = DIRECTION('',(0.,0.,1.));
#9730 = ORIENTED_EDGE('',*,*,#5542,.F.);
#9731 = ORIENTED_EDGE('',*,*,#9725,.F.);
#9732 = CYLINDRICAL_SURFACE('',#9733,0.4);
#9733 = AXIS2_PLACEMENT_3D('',#9734,#9735,#9736);
#9734 = CARTESIAN_POINT('',(215.265,-53.34,-4.6E-02));
#9735 = DIRECTION('',(-0.,-0.,-1.));
#9736 = DIRECTION('',(-0.,-1.,0.));
#9737 = ADVANCED_FACE('',(#9738),#9749,.F.);
#9738 = FACE_BOUND('',#9739,.T.);
#9739 = EDGE_LOOP('',(#9740,#9741,#9747,#9748));
#9740 = ORIENTED_EDGE('',*,*,#2833,.T.);
#9741 = ORIENTED_EDGE('',*,*,#9742,.T.);
#9742 = EDGE_CURVE('',#2834,#5554,#9743,.T.);
#9743 = LINE('',#9744,#9745);
#9744 = CARTESIAN_POINT('',(215.265,-51.2,-4.6E-02));
#9745 = VECTOR('',#9746,1.);
#9746 = DIRECTION('',(0.,0.,1.));
#9747 = ORIENTED_EDGE('',*,*,#5553,.F.);
#9748 = ORIENTED_EDGE('',*,*,#9742,.F.);
#9749 = CYLINDRICAL_SURFACE('',#9750,0.4);
#9750 = AXIS2_PLACEMENT_3D('',#9751,#9752,#9753);
#9751 = CARTESIAN_POINT('',(215.265,-50.8,-4.6E-02));
#9752 = DIRECTION('',(-0.,-0.,-1.));
#9753 = DIRECTION('',(-0.,-1.,0.));
#9754 = ADVANCED_FACE('',(#9755),#9766,.F.);
#9755 = FACE_BOUND('',#9756,.T.);
#9756 = EDGE_LOOP('',(#9757,#9758,#9764,#9765));
#9757 = ORIENTED_EDGE('',*,*,#2844,.T.);
#9758 = ORIENTED_EDGE('',*,*,#9759,.T.);
#9759 = EDGE_CURVE('',#2845,#5565,#9760,.T.);
#9760 = LINE('',#9761,#9762);
#9761 = CARTESIAN_POINT('',(229.87,-46.6,-4.6E-02));
#9762 = VECTOR('',#9763,1.);
#9763 = DIRECTION('',(0.,0.,1.));
#9764 = ORIENTED_EDGE('',*,*,#5564,.F.);
#9765 = ORIENTED_EDGE('',*,*,#9759,.F.);
#9766 = CYLINDRICAL_SURFACE('',#9767,2.15);
#9767 = AXIS2_PLACEMENT_3D('',#9768,#9769,#9770);
#9768 = CARTESIAN_POINT('',(229.87,-44.45,-4.6E-02));
#9769 = DIRECTION('',(-0.,-0.,-1.));
#9770 = DIRECTION('',(-0.,-1.,0.));
#9771 = ( GEOMETRIC_REPRESENTATION_CONTEXT(3) 
GLOBAL_UNCERTAINTY_ASSIGNED_CONTEXT((#9775)) 
GLOBAL_UNIT_ASSIGNED_CONTEXT((#9772,#9773,#9774)) REPRESENTATION_CONTEXT
('Context #1','3D Context with UNIT and UNCERTAINTY') );
#9772 = ( LENGTH_UNIT() NAMED_UNIT(*) SI_UNIT(.MILLI.,.METRE.) );
#9773 = ( NAMED_UNIT(*) PLANE_ANGLE_UNIT() SI_UNIT($,.RADIAN.) );
#9774 = ( NAMED_UNIT(*) SI_UNIT($,.STERADIAN.) SOLID_ANGLE_UNIT() );
#9775 = UNCERTAINTY_MEASURE_WITH_UNIT(LENGTH_MEASURE(1.E-07),#9772,
  'distance_accuracy_value','confusion accuracy');
#9776 = CONTEXT_DEPENDENT_SHAPE_REPRESENTATION(#9777,#9779);
#9777 = ( REPRESENTATION_RELATIONSHIP('','',#32,#10) 
REPRESENTATION_RELATIONSHIP_WITH_TRANSFORMATION(#9778) 
SHAPE_REPRESENTATION_RELATIONSHIP() );
#9778 = ITEM_DEFINED_TRANSFORMATION('','',#11,#15);
#9779 = PRODUCT_DEFINITION_SHAPE('Placement','Placement of an item',
  #9780);
#9780 = NEXT_ASSEMBLY_USAGE_OCCURRENCE('1','=>[0:1:1:2]','',#5,#27,$);
#9781 = PRODUCT_RELATED_PRODUCT_CATEGORY('part',$,(#29));
#9782 = MECHANICAL_DESIGN_GEOMETRIC_PRESENTATION_REPRESENTATION('',(
    #9783),#9771);
#9783 = STYLED_ITEM('color',(#9784),#33);
#9784 = PRESENTATION_STYLE_ASSIGNMENT((#9785));
#9785 = SURFACE_STYLE_USAGE(.BOTH.,#9786);
#9786 = SURFACE_SIDE_STYLE('',(#9787));
#9787 = SURFACE_STYLE_FILL_AREA(#9788);
#9788 = FILL_AREA_STYLE('',(#9789));
#9789 = FILL_AREA_STYLE_COLOUR('',#9790);
#9790 = COLOUR_RGB('',0.277846546019,0.436627062838,0.370214030736);
ENDSEC;
END-ISO-10303-21;
