

HI-TECH Software PIC PRO Macro Assembler V9.83 build 10920 
                                                                                               Tue Feb 11 21:28:41 2025

HI-TECH Software Omniscient Code Generator (PRO mode) build 10920
     1                           	processor	16F684
     2                           	opt	pw 120
     3                           	opt	pm
     4                           	psect	text113,local,class=CODE,delta=2
     5                           	psect	nvCOMMON,global,class=COMMON,space=1,delta=1
     6                           	psect	cinit,global,class=CODE,delta=2
     7                           	psect	bssCOMMON,global,class=COMMON,space=1,delta=1
     8                           	psect	cstackCOMMON,global,class=COMMON,space=1,delta=1
     9                           	psect	maintext,global,class=CODE,delta=2
    10                           	psect	text114,local,class=CODE,delta=2
    11                           	psect	text115,local,class=CODE,delta=2
    12                           	psect	text116,local,class=CODE,delta=2
    13                           	psect	text117,local,class=CODE,delta=2
    14                           	psect	text118,local,class=CODE,delta=2
    15                           	psect	text119,local,class=CODE,delta=2
    16                           	psect	text120,local,class=CODE,delta=2
    17                           	psect	text121,local,class=CODE,delta=2
    18                           	psect	text122,local,class=CODE,delta=2
    19                           	psect	text123,local,class=CODE,delta=2
    20                           	psect	text124,local,class=CODE,delta=2
    21                           	psect	intentry,global,class=CODE,delta=2
    22                           	psect	text125,local,class=CODE,delta=2
    23                           	psect	pa_nodes,global,class=CODE,delta=2
    24                           	dabs	1,0x4,1
    25                           	dabs	1,0x0,1
    26                           	dabs	1,0x2,1
    27                           	dabs	1,0xA,1
    28                           	dabs	1,0x5,1
    29                           	dabs	1,0x6,1
    30                           	dabs	1,0x7,1
    31                           	dabs	1,0x8,1
    32                           	dabs	1,0x9,1
    33                           	dabs	1,0x3,1
    34                           	dabs	1,0x1,1
    35                           	dabs	1,0x13,2
    36                           	dabs	1,0xE,2
    37                           	dabs	1,0x1F,1
    38                           	dabs	1,0x1E,1
    39                           	dabs	1,0x15,1
    40                           	dabs	1,0x14,1
    41                           	dabs	1,0x13,1
    42                           	dabs	1,0x19,1
    43                           	dabs	1,0x1A,1
    44                           	dabs	1,0x17,1
    45                           	dabs	1,0xB,1
    46                           	dabs	1,0x1B,1
    47                           	dabs	1,0xA,1
    48                           	dabs	1,0xC,1
    49                           	dabs	1,0x5,1
    50                           	dabs	1,0x7,1
    51                           	dabs	1,0x16,1
    52                           	dabs	1,0x0,1
    53                           	dabs	1,0x1,1
    54                           	dabs	1,0x2,1
    55                           	dabs	1,0x3,1
    56                           	dabs	1,0x4,1
    57                           	dabs	1,0x5,1
    58                           	dabs	1,0xA,1
    59                           	dabs	1,0xB,1
    60                           	dabs	1,0xC,1
    61                           	dabs	1,0x11,1
    62                           	dabs	1,0x12,1
    63                           	dabs	1,0x18,1
    64                           	dabs	1,0x1B,1
    65                           	dabs	1,0x1C,1
    66                           	dabs	1,0x1D,1
    67                           	dabs	1,0x1D,1
    68                           	dabs	1,0x3,1
    69                           	dabs	1,0x10,1
    70                           	dabs	1,0x12,1
    71                           	dabs	1,0xF,1
    72                           	dabs	1,0xE,1
    73                           	dabs	1,0x18,1
    74                           	dabs	1,0x1F,1
    75                           	dabs	1,0xC,1
    76                           	dabs	1,0x1F,1
    77                           	dabs	1,0x3,1
    78                           	dabs	1,0xC,1
    79                           	dabs	1,0x19,1
    80                           	dabs	1,0x19,1
    81                           	dabs	1,0xC,1
    82                           	dabs	1,0x19,1
    83                           	dabs	1,0x19,1
    84                           	dabs	1,0x1A,1
    85                           	dabs	1,0x3,1
    86                           	dabs	1,0xC,1
    87                           	dabs	1,0x15,1
    88                           	dabs	1,0x15,1
    89                           	dabs	1,0x15,1
    90                           	dabs	1,0x15,1
    91                           	dabs	1,0x1F,1
    92                           	dabs	1,0x1F,1
    93                           	dabs	1,0x1F,1
    94                           	dabs	1,0x19,1
    95                           	dabs	1,0x1B,1
    96                           	dabs	1,0x1B,1
    97                           	dabs	1,0xC,1
    98                           	dabs	1,0x19,1
    99                           	dabs	1,0x19,1
   100                           	dabs	1,0x19,1
   101                           	dabs	1,0x3,1
   102                           	dabs	1,0x15,1
   103                           	dabs	1,0x15,1
   104                           	dabs	1,0x17,1
   105                           	dabs	1,0x17,1
   106                           	dabs	1,0x17,1
   107                           	dabs	1,0x17,1
   108                           	dabs	1,0xC,1
   109                           	dabs	1,0xC,1
   110                           	dabs	1,0xB,1
   111                           	dabs	1,0x1F,1
   112                           	dabs	1,0x1F,1
   113                           	dabs	1,0x1F,1
   114                           	dabs	1,0x3,1
   115                           	dabs	1,0xB,1
   116                           	dabs	1,0xB,1
   117                           	dabs	1,0x3,1
   118                           	dabs	1,0xC,1
   119                           	dabs	1,0x15,1
   120                           	dabs	1,0x15,1
   121                           	dabs	1,0x5,1
   122                           	dabs	1,0x5,1
   123                           	dabs	1,0x5,1
   124                           	dabs	1,0x5,1
   125                           	dabs	1,0x5,1
   126                           	dabs	1,0x5,1
   127                           	dabs	1,0x3,1
   128                           	dabs	1,0xB,1
   129                           	dabs	1,0xB,1
   130                           	dabs	1,0x16,1
   131                           	dabs	1,0x16,1
   132                           	dabs	1,0x16,1
   133                           	dabs	1,0x16,1
   134                           	dabs	1,0x16,1
   135                           	dabs	1,0x16,1
   136                           	dabs	1,0x16,1
   137                           	dabs	1,0xB,1
   138                           	dabs	1,0x16,1
   139                           	dabs	1,0x17,1
   140                           	dabs	1,0x17,1
   141                           	dabs	1,0x17,1
   142                           	dabs	1,0x17,1
   143                           	dabs	1,0x5,1
   144                           	dabs	1,0x5,1
   145                           	dabs	1,0x5,1
   146                           	dabs	1,0x5,1
   147                           	dabs	1,0x5,1
   148                           	dabs	1,0x5,1
   149                           	dabs	1,0xB,1
   150                           	dabs	1,0xB,1
   151                           	dabs	1,0x7,1
   152                           	dabs	1,0x7,1
   153                           	dabs	1,0x7,1
   154                           	dabs	1,0x7,1
   155                           	dabs	1,0x7,1
   156                           	dabs	1,0x7,1
   157                           	dabs	1,0x3,1
   158                           	dabs	1,0x3,1
   159                           	dabs	1,0x3,1
   160                           	dabs	1,0x1B,1
   161                           	dabs	1,0x18,1
   162                           	dabs	1,0xB,1
   163                           	dabs	1,0xB,1
   164                           	dabs	1,0x10,1
   165                           	dabs	1,0x10,1
   166                           	dabs	1,0x10,1
   167                           	dabs	1,0x1A,1
   168                           	dabs	1,0xC,1
   169                           	dabs	1,0x10,1
   170                           	dabs	1,0x12,1
   171                           	dabs	1,0x12,1
   172                           	dabs	1,0xC,1
   173                           	dabs	1,0xB,1
   174                           	dabs	1,0xB,1
   175                           	dabs	1,0x10,1
   176                           	dabs	1,0x10,1
   177                           	dabs	1,0xC,1
   178                           	dabs	1,0x10,1
   179                           	dabs	1,0xC,1
   180                           	dabs	1,0x12,1
   181                           	dabs	1,0x12,1
   182                           	dabs	1,0x12,1
   183                           	dabs	1,0x12,1
   184                           	dabs	1,0x12,1
   185                           	dabs	1,0x1F,1
   186                           	dabs	1,0x18,1
   187                           	dabs	1,0x18,1
   188                           	dabs	1,0x18,1
   189                           	dabs	1,0x18,1
   190                           	dabs	1,0x3,1
   191                           	dabs	1,0x3,1
   192                           	dabs	1,0x1F,1
   193                           	dabs	1,0x3,1
   194                           	dabs	1,0x3,1
   195                           	dabs	1,0x10,1
   196                           	dabs	1,0x3,1
   197                           	dabs	1,0x3,1
   198                           	dabs	1,0x81,1
   199                           	dabs	1,0x80,1
   200                           	dabs	1,0x9F,1
   201                           	dabs	1,0x9E,1
   202                           	dabs	1,0x91,1
   203                           	dabs	1,0x9C,1
   204                           	dabs	1,0x9D,1
   205                           	dabs	1,0x9A,1
   206                           	dabs	1,0x96,1
   207                           	dabs	1,0x96,1
   208                           	dabs	1,0x81,1
   209                           	dabs	1,0x81,1
   210                           	dabs	1,0x8F,1
   211                           	dabs	1,0x90,1
   212                           	dabs	1,0x8E,1
   213                           	dabs	1,0x8C,1
   214                           	dabs	1,0x81,1
   215                           	dabs	1,0x85,1
   216                           	dabs	1,0x8C,1
   217                           	dabs	1,0x8E,1
   218                           	dabs	1,0x8F,1
   219                           	dabs	1,0x92,1
   220                           	dabs	1,0x95,1
   221                           	dabs	1,0x96,1
   222                           	dabs	1,0x9A,1
   223                           	dabs	1,0x9B,1
   224                           	dabs	1,0x9C,1
   225                           	dabs	1,0x9D,1
   226                           	dabs	1,0x85,1
   227                           	dabs	1,0x87,1
   228                           	dabs	1,0x99,1
   229                           	dabs	1,0x95,1
   230                           	dabs	1,0x95,1
   231                           	dabs	1,0x9F,1
   232                           	dabs	1,0x9F,1
   233                           	dabs	1,0x9F,1
   234                           	dabs	1,0x8C,1
   235                           	dabs	1,0x91,1
   236                           	dabs	1,0x91,1
   237                           	dabs	1,0x91,1
   238                           	dabs	1,0x91,1
   239                           	dabs	1,0x91,1
   240                           	dabs	1,0x91,1
   241                           	dabs	1,0x91,1
   242                           	dabs	1,0x91,1
   243                           	dabs	1,0x8C,1
   244                           	dabs	1,0x8C,1
   245                           	dabs	1,0x8C,1
   246                           	dabs	1,0x8C,1
   247                           	dabs	1,0x8C,1
   248                           	dabs	1,0x8C,1
   249                           	dabs	1,0x8F,1
   250                           	dabs	1,0x8F,1
   251                           	dabs	1,0x81,1
   252                           	dabs	1,0x96,1
   253                           	dabs	1,0x96,1
   254                           	dabs	1,0x96,1
   255                           	dabs	1,0x96,1
   256                           	dabs	1,0x96,1
   257                           	dabs	1,0x96,1
   258                           	dabs	1,0x96,1
   259                           	dabs	1,0x96,1
   260                           	dabs	1,0x96,1
   261                           	dabs	1,0x96,1
   262                           	dabs	1,0x96,1
   263                           	dabs	1,0x96,1
   264                           	dabs	1,0x8F,1
   265                           	dabs	1,0x8F,1
   266                           	dabs	1,0x8F,1
   267                           	dabs	1,0x8F,1
   268                           	dabs	1,0x8F,1
   269                           	dabs	1,0x8F,1
   270                           	dabs	1,0x8C,1
   271                           	dabs	1,0x8F,1
   272                           	dabs	1,0x81,1
   273                           	dabs	1,0x81,1
   274                           	dabs	1,0x81,1
   275                           	dabs	1,0x81,1
   276                           	dabs	1,0x9C,1
   277                           	dabs	1,0x8E,1
   278                           	dabs	1,0x8E,1
   279                           	dabs	1,0x8F,1
   280                           	dabs	1,0x81,1
   281                           	dabs	1,0x81,1
   282                           	dabs	1,0x8C,1
   283                           	dabs	1,0x8C,1
   284                           	dabs	1,0x8C,1
   285                           	dabs	1,0x8C,1
   286                           	dabs	1,0x85,1
   287                           	dabs	1,0x85,1
   288                           	dabs	1,0x85,1
   289                           	dabs	1,0x85,1
   290                           	dabs	1,0x85,1
   291                           	dabs	1,0x85,1
   292                           	dabs	1,0x87,1
   293                           	dabs	1,0x87,1
   294                           	dabs	1,0x87,1
   295                           	dabs	1,0x87,1
   296                           	dabs	1,0x87,1
   297                           	dabs	1,0x87,1
   298                           	dabs	1,0x90,1
   299                           	dabs	1,0x90,1
   300                           	dabs	1,0x90,1
   301                           	dabs	1,0x90,1
   302                           	dabs	1,0x90,1
   303                           	dabs	1,0x8E,1
   304                           	dabs	1,0x99,1
   305                           	dabs	1,0x99,1
   306                           	dabs	1,0x99,1
   307                           	dabs	1,0x99,1
   308                           	dabs	1,0x99,1
   309                           	dabs	1,0x99,1
   310                           	dabs	1,0x95,1
   311                           	dabs	1,0x95,1
   312                           	dabs	1,0x95,1
   313                           	dabs	1,0x95,1
   314                           	dabs	1,0x95,1
   315                           	dabs	1,0x95,1
   316                           	dabs	1,0x95,1
   317                           	dabs	1,0x95,1
   318                           	dabs	1,0x95,1
   319                           	dabs	1,0x95,1
   320                           	dabs	1,0x9D,1
   321                           	dabs	1,0x9C,1
   322                           	dabs	1,0x9C,1
   323                           	dabs	1,0x9C,1
   324                           	dabs	1,0x9C,1
   325                           	dabs	1,0x9C,1
   326                           	dabs	1,0x8E,1
   327                           	dabs	1,0x8E,1
   328                           	dabs	1,0x81,1
   329                           	dabs	1,0x8E,1
   330                           	dabs	1,0x81,1
   331                           	dabs	1,0xB,1
   332                           	dabs	1,0xC,1
   333                           	dabs	1,0xD,1
   334                           	dabs	1,0xE,1
   335                           	dabs	1,0xF,1
   336                           	dabs	1,0x10,1
   337                           	dabs	1,0x11,1
   338                           	dabs	1,0x13,1
   339                           	dabs	1,0x14,1
   340                           	dabs	1,0x15,1
   341                           	dabs	1,0x16,1
   342                           	dabs	1,0x17,1
   343                           	dabs	1,0x12,1
   344                           	dabs	1,0x18,1
   345                           	dabs	1,0x1B,1
   346                           	dabs	1,0x19,1
   347                           	dabs	1,0x1A,1
   348                           	dabs	1,0x1E,1
   349                           	dabs	1,0x1F,1
   350                           	dabs	1,0x1D,1
   351                           	dabs	1,0x1C,1
   352                           	dabs	1,0x82,1
   353                           	dabs	1,0x83,1
   354                           	dabs	1,0x84,1
   355                           	dabs	1,0x85,1
   356                           	dabs	1,0x8C,1
   357                           	dabs	1,0x86,1
   358                           	dabs	1,0x87,1
   359                           	dabs	1,0x88,1
   360                           	dabs	1,0x89,1
   361                           	dabs	1,0x8A,1
   362                           	dabs	1,0x8B,1
   363                           	dabs	1,0x8E,1
   364                           	dabs	1,0x8D,1
   365                           	dabs	1,0x8F,1
   366                           	dabs	1,0x92,1
   367                           	dabs	1,0x90,1
   368                           	dabs	1,0x91,1
   369                           	dabs	1,0x93,1
   370                           	dabs	1,0x94,1
   371                           	dabs	1,0x95,1
   372                           	dabs	1,0x9A,1
   373                           	dabs	1,0x96,1
   374                           	dabs	1,0x97,1
   375                           	dabs	1,0x98,1
   376                           	dabs	1,0x99,1
   377                           	dabs	1,0x9B,1
   378                           	dabs	1,0x9C,1
   379                           	dabs	1,0x9D,1
   380                           	dabs	1,0x9E,1
   381                           	dabs	1,0x9F,1
   382                           	dabs	1,0x7E,2
   383  000A                     
   384                           	psect	text113
   385  0000                     __ptext113:	
   386  0004                     _FSR	set	4	;_FSR
   387  0000                     _INDF	set	0	;_INDF
   388  0002                     _PCL	set	2	;_PCL
   389  000A                     _PCLATH	set	10	;_PCLATH
   390  0005                     _PORTA	set	5	;_PORTA
   391  0006                     _SFR06	set	6	;_SFR06
   392  0007                     _SFR07	set	7	;_SFR07
   393  0008                     _SFR08	set	8	;_SFR08
   394  0009                     _SFR09	set	9	;_SFR09
   395  0003                     _STATUS	set	3	;_STATUS
   396  0001                     _TMR0	set	1	;_TMR0
   397  0013                     _CCPR1	set	19	;_CCPR1
   398  000E                     _TMR1	set	14	;_TMR1
   399  001F                     _ADCON0	set	31	;_ADCON0
   400  001E                     _ADRESH	set	30	;_ADRESH
   401  0015                     _CCP1CON	set	21	;_CCP1CON
   402  0014                     _CCPR1H	set	20	;_CCPR1H
   403  0013                     _CCPR1L	set	19	;_CCPR1L
   404  0019                     _CMCON0	set	25	;_CMCON0
   405  001A                     _CMCON1	set	26	;_CMCON1
   406  0017                     _ECCPAS	set	23	;_ECCPAS
   407  000B                     _INTCONbits	set	11	;_INTCONbits
   408  001B                     _MSCKCONbits	set	27	;_MSCKCONbits
   409  000A                     _PCLATHbits	set	10	;_PCLATHbits
   410  000C                     _PIR1bits	set	12	;_PIR1bits
   411  0005                     _PORTAbits	set	5	;_PORTAbits
   412  0007                     _PORTC	set	7	;_PORTC
   413  0016                     _PWM1CON	set	22	;_PWM1CON
   414  0000                     _SFR00	set	0	;_SFR00
   415  0001                     _SFR01	set	1	;_SFR01
   416  0002                     _SFR02	set	2	;_SFR02
   417  0003                     _SFR03	set	3	;_SFR03
   418  0004                     _SFR04	set	4	;_SFR04
   419  0005                     _SFR05	set	5	;_SFR05
   420  000A                     _SFR0A	set	10	;_SFR0A
   421  000B                     _SFR0B	set	11	;_SFR0B
   422  000C                     _SFR0C	set	12	;_SFR0C
   423  0011                     _SFR11	set	17	;_SFR11
   424  0012                     _SFR12	set	18	;_SFR12
   425  0018                     _SFR18	set	24	;_SFR18
   426  001B                     _SFR1B	set	27	;_SFR1B
   427  001C                     _SFR1C	set	28	;_SFR1C
   428  001D                     _SFR1D	set	29	;_SFR1D
   429  001D                     _SOSCPRHbits	set	29	;_SOSCPRHbits
   430  0003                     _STATUSbits	set	3	;_STATUSbits
   431  0010                     _T1CON	set	16	;_T1CON
   432  0012                     _T2CONbits	set	18	;_T2CONbits
   433  000F                     _TMR1H	set	15	;_TMR1H
   434  000E                     _TMR1L	set	14	;_TMR1L
   435  0018                     _WDTCONbits	set	24	;_WDTCONbits
   436  00FF                     _ADFM	set	255	;_ADFM
   437  0066                     _ADIF	set	102	;_ADIF
   438  00F8                     _ADON	set	248	;_ADON
   439  0018                     _C	set	24	;_C
   440  0063                     _C1IF	set	99	;_C1IF
   441  00CC                     _C1INV	set	204	;_C1INV
   442  00CE                     _C1OUT	set	206	;_C1OUT
   443  0064                     _C2IF	set	100	;_C2IF
   444  00CD                     _C2INV	set	205	;_C2INV
   445  00CF                     _C2OUT	set	207	;_C2OUT
   446  00D0                     _C2SYNC	set	208	;_C2SYNC
   447  0018                     _CARRY	set	24	;_CARRY
   448  0065                     _CCP1IF	set	101	;_CCP1IF
   449  00A8                     _CCP1M0	set	168	;_CCP1M0
   450  00A9                     _CCP1M1	set	169	;_CCP1M1
   451  00AA                     _CCP1M2	set	170	;_CCP1M2
   452  00AB                     _CCP1M3	set	171	;_CCP1M3
   453  00FA                     _CHS0	set	250	;_CHS0
   454  00FB                     _CHS1	set	251	;_CHS1
   455  00FC                     _CHS2	set	252	;_CHS2
   456  00CB                     _CIS	set	203	;_CIS
   457  00D9                     _CKCNTI	set	217	;_CKCNTI
   458  00DA                     _CKMAVG	set	218	;_CKMAVG
   459  0066                     _CKMEAIF	set	102	;_CKMEAIF
   460  00C8                     _CM0	set	200	;_CM0
   461  00C9                     _CM1	set	201	;_CM1
   462  00CA                     _CM2	set	202	;_CM2
   463  0019                     _DC	set	25	;_DC
   464  00AC                     _DC1B0	set	172	;_DC1B0
   465  00AD                     _DC1B1	set	173	;_DC1B1
   466  00BC                     _ECCPAS0	set	188	;_ECCPAS0
   467  00BD                     _ECCPAS1	set	189	;_ECCPAS1
   468  00BE                     _ECCPAS2	set	190	;_ECCPAS2
   469  00BF                     _ECCPASE	set	191	;_ECCPASE
   470  0065                     _ECCPIF	set	101	;_ECCPIF
   471  0067                     _EEIF	set	103	;_EEIF
   472  005F                     _GIE	set	95	;_GIE
   473  00F9                     _GO	set	249	;_GO
   474  00F9                     _GO_DONE	set	249	;_GO_DONE
   475  00F9                     _GO_nDONE	set	249	;_GO_nDONE
   476  0019                     _HC	set	25	;_HC
   477  005C                     _INTE	set	92	;_INTE
   478  0059                     _INTF	set	89	;_INTF
   479  001F                     _IRP	set	31	;_IRP
   480  0062                     _OSFIF	set	98	;_OSFIF
   481  00AE                     _P1M0	set	174	;_P1M0
   482  00AF                     _P1M1	set	175	;_P1M1
   483  0028                     _PA0	set	40	;_PA0
   484  0029                     _PA1	set	41	;_PA1
   485  002A                     _PA2	set	42	;_PA2
   486  002B                     _PA3	set	43	;_PA3
   487  002C                     _PA4	set	44	;_PA4
   488  002D                     _PA5	set	45	;_PA5
   489  001D                     _PAGE	set	29	;_PAGE
   490  005B                     _PAIE	set	91	;_PAIE
   491  0058                     _PAIF	set	88	;_PAIF
   492  00B0                     _PDC0	set	176	;_PDC0
   493  00B1                     _PDC1	set	177	;_PDC1
   494  00B2                     _PDC2	set	178	;_PDC2
   495  00B3                     _PDC3	set	179	;_PDC3
   496  00B4                     _PDC4	set	180	;_PDC4
   497  00B5                     _PDC5	set	181	;_PDC5
   498  00B6                     _PDC6	set	182	;_PDC6
   499  005E                     _PEIE	set	94	;_PEIE
   500  00B7                     _PRSEN	set	183	;_PRSEN
   501  00BA                     _PSSAC0	set	186	;_PSSAC0
   502  00BB                     _PSSAC1	set	187	;_PSSAC1
   503  00B8                     _PSSBD0	set	184	;_PSSBD0
   504  00B9                     _PSSBD1	set	185	;_PSSBD1
   505  0028                     _RA0	set	40	;_RA0
   506  0029                     _RA1	set	41	;_RA1
   507  002A                     _RA2	set	42	;_RA2
   508  002B                     _RA3	set	43	;_RA3
   509  002C                     _RA4	set	44	;_RA4
   510  002D                     _RA5	set	45	;_RA5
   511  005B                     _RAIE	set	91	;_RAIE
   512  0058                     _RAIF	set	88	;_RAIF
   513  0038                     _RC0	set	56	;_RC0
   514  0039                     _RC1	set	57	;_RC1
   515  003A                     _RC2	set	58	;_RC2
   516  003B                     _RC3	set	59	;_RC3
   517  003C                     _RC4	set	60	;_RC4
   518  003D                     _RC5	set	61	;_RC5
   519  001D                     _RP	set	29	;_RP
   520  001D                     _RP0	set	29	;_RP0
   521  001E                     _RP1	set	30	;_RP1
   522  00DC                     _SLVREN	set	220	;_SLVREN
   523  00C0                     _SWDTEN	set	192	;_SWDTEN
   524  005D                     _T0IE	set	93	;_T0IE
   525  005A                     _T0IF	set	90	;_T0IF
   526  0084                     _T1CKPS0	set	132	;_T1CKPS0
   527  0085                     _T1CKPS1	set	133	;_T1CKPS1
   528  0087                     _T1GINV	set	135	;_T1GINV
   529  00D1                     _T1GSS	set	209	;_T1GSS
   530  0060                     _T1IF	set	96	;_T1IF
   531  0083                     _T1OSCEN	set	131	;_T1OSCEN
   532  0090                     _T2CKPS0	set	144	;_T2CKPS0
   533  0091                     _T2CKPS1	set	145	;_T2CKPS1
   534  0061                     _T2IF	set	97	;_T2IF
   535  005D                     _TMR0IE	set	93	;_TMR0IE
   536  005A                     _TMR0IF	set	90	;_TMR0IF
   537  0081                     _TMR1CS	set	129	;_TMR1CS
   538  0086                     _TMR1GE	set	134	;_TMR1GE
   539  0060                     _TMR1IF	set	96	;_TMR1IF
   540  0080                     _TMR1ON	set	128	;_TMR1ON
   541  0061                     _TMR2IF	set	97	;_TMR2IF
   542  0092                     _TMR2ON	set	146	;_TMR2ON
   543  0093                     _TOUTPS0	set	147	;_TOUTPS0
   544  0094                     _TOUTPS1	set	148	;_TOUTPS1
   545  0095                     _TOUTPS2	set	149	;_TOUTPS2
   546  0096                     _TOUTPS3	set	150	;_TOUTPS3
   547  00FE                     _VCFG	set	254	;_VCFG
   548  00C1                     _WDTPS0	set	193	;_WDTPS0
   549  00C2                     _WDTPS1	set	194	;_WDTPS1
   550  00C3                     _WDTPS2	set	195	;_WDTPS2
   551  00C4                     _WDTPS3	set	196	;_WDTPS3
   552  001A                     _Z	set	26	;_Z
   553  001A                     _ZERO	set	26	;_ZERO
   554  00F9                     _nDONE	set	249	;_nDONE
   555  001B                     _nPD	set	27	;_nPD
   556  001B                     _nPF	set	27	;_nPF
   557  0082                     _nT1SYNC	set	130	;_nT1SYNC
   558  001C                     _nTF	set	28	;_nTF
   559  001C                     _nTO	set	28	;_nTO
   560                           
   561                           	psect	nvCOMMON
   562  0068                     __pnvCOMMON:	
   563  0068                     _Key_Old_Data:	
   564  0068                     	ds	1
   565  0081                     _OPTION	set	129	;_OPTION
   566  0080                     _SFR80	set	128	;_SFR80
   567  009F                     _ADCON1	set	159	;_ADCON1
   568  009E                     _ADRESL	set	158	;_ADRESL
   569  0091                     _ANSEL	set	145	;_ANSEL
   570  009C                     _EECON1bits	set	156	;_EECON1bits
   571  009D                     _EECON2bits	set	157	;_EECON2bits
   572  009A                     _EEDATA	set	154	;_EEDATA
   573  0096                     _IOC	set	150	;_IOC
   574  0096                     _IOCAbits	set	150	;_IOCAbits
   575  0081                     _OPTION_REG	set	129	;_OPTION_REG
   576  0081                     _OPTIONbits	set	129	;_OPTIONbits
   577  008F                     _OSCCONbits	set	143	;_OSCCONbits
   578  0090                     _OSCTUNE	set	144	;_OSCTUNE
   579  008E                     _PCONbits	set	142	;_PCONbits
   580  008C                     _PIE1bits	set	140	;_PIE1bits
   581  0081                     _SFR81	set	129	;_SFR81
   582  0085                     _SFR85	set	133	;_SFR85
   583  008C                     _SFR8C	set	140	;_SFR8C
   584  008E                     _SFR8E	set	142	;_SFR8E
   585  008F                     _SFR8F	set	143	;_SFR8F
   586  0092                     _SFR92	set	146	;_SFR92
   587  0095                     _SFR95	set	149	;_SFR95
   588  0096                     _SFR96	set	150	;_SFR96
   589  009A                     _SFR9A	set	154	;_SFR9A
   590  009B                     _SFR9B	set	155	;_SFR9B
   591  009C                     _SFR9C	set	156	;_SFR9C
   592  009D                     _SFR9D	set	157	;_SFR9D
   593  0085                     _TRISAbits	set	133	;_TRISAbits
   594  0087                     _TRISC	set	135	;_TRISC
   595  0099                     _VRCON	set	153	;_VRCON
   596  0095                     _WPU	set	149	;_WPU
   597  0095                     _WPUAbits	set	149	;_WPUAbits
   598  04FC                     _ADCS0	set	1276	;_ADCS0
   599  04FD                     _ADCS1	set	1277	;_ADCS1
   600  04FE                     _ADCS2	set	1278	;_ADCS2
   601  0466                     _ADIE	set	1126	;_ADIE
   602  0488                     _ANS0	set	1160	;_ANS0
   603  0489                     _ANS1	set	1161	;_ANS1
   604  048A                     _ANS2	set	1162	;_ANS2
   605  048B                     _ANS3	set	1163	;_ANS3
   606  048C                     _ANS4	set	1164	;_ANS4
   607  048D                     _ANS5	set	1165	;_ANS5
   608  048E                     _ANS6	set	1166	;_ANS6
   609  048F                     _ANS7	set	1167	;_ANS7
   610  0463                     _C1IE	set	1123	;_C1IE
   611  0464                     _C2IE	set	1124	;_C2IE
   612  0465                     _CCP1IE	set	1125	;_CCP1IE
   613  0466                     _CKMEAIE	set	1126	;_CKMEAIE
   614  0465                     _ECCPIE	set	1125	;_ECCPIE
   615  0467                     _EEIE	set	1127	;_EEIE
   616  047A                     _HFIOFR	set	1146	;_HFIOFR
   617  047A                     _HTS	set	1146	;_HTS
   618  040E                     _INTEDG	set	1038	;_INTEDG
   619  04B0                     _IOC0	set	1200	;_IOC0
   620  04B1                     _IOC1	set	1201	;_IOC1
   621  04B2                     _IOC2	set	1202	;_IOC2
   622  04B3                     _IOC3	set	1203	;_IOC3
   623  04B4                     _IOC4	set	1204	;_IOC4
   624  04B5                     _IOC5	set	1205	;_IOC5
   625  04B0                     _IOCA0	set	1200	;_IOCA0
   626  04B1                     _IOCA1	set	1201	;_IOCA1
   627  04B2                     _IOCA2	set	1202	;_IOCA2
   628  04B3                     _IOCA3	set	1203	;_IOCA3
   629  04B4                     _IOCA4	set	1204	;_IOCA4
   630  04B5                     _IOCA5	set	1205	;_IOCA5
   631  047C                     _IRCF0	set	1148	;_IRCF0
   632  047D                     _IRCF1	set	1149	;_IRCF1
   633  047E                     _IRCF2	set	1150	;_IRCF2
   634  0479                     _LFIOFR	set	1145	;_LFIOFR
   635  047F                     _LFMOD	set	1151	;_LFMOD
   636  0479                     _LTS	set	1145	;_LTS
   637  0462                     _OSFIE	set	1122	;_OSFIE
   638  047B                     _OSTS	set	1147	;_OSTS
   639  0408                     _PS0	set	1032	;_PS0
   640  0409                     _PS1	set	1033	;_PS1
   641  040A                     _PS2	set	1034	;_PS2
   642  040B                     _PSA	set	1035	;_PSA
   643  04E0                     _RD	set	1248	;_RD
   644  0474                     _SBODEN	set	1140	;_SBODEN
   645  0474                     _SBOREN	set	1140	;_SBOREN
   646  0478                     _SCS	set	1144	;_SCS
   647  040D                     _T0CS	set	1037	;_T0CS
   648  040C                     _T0SE	set	1036	;_T0SE
   649  0460                     _T1IE	set	1120	;_T1IE
   650  0461                     _T2IE	set	1121	;_T2IE
   651  0460                     _TMR1IE	set	1120	;_TMR1IE
   652  0461                     _TMR2IE	set	1121	;_TMR2IE
   653  0428                     _TRISA0	set	1064	;_TRISA0
   654  0429                     _TRISA1	set	1065	;_TRISA1
   655  042A                     _TRISA2	set	1066	;_TRISA2
   656  042B                     _TRISA3	set	1067	;_TRISA3
   657  042C                     _TRISA4	set	1068	;_TRISA4
   658  042D                     _TRISA5	set	1069	;_TRISA5
   659  0438                     _TRISC0	set	1080	;_TRISC0
   660  0439                     _TRISC1	set	1081	;_TRISC1
   661  043A                     _TRISC2	set	1082	;_TRISC2
   662  043B                     _TRISC3	set	1083	;_TRISC3
   663  043C                     _TRISC4	set	1084	;_TRISC4
   664  043D                     _TRISC5	set	1085	;_TRISC5
   665  0480                     _TUN0	set	1152	;_TUN0
   666  0481                     _TUN1	set	1153	;_TUN1
   667  0482                     _TUN2	set	1154	;_TUN2
   668  0483                     _TUN3	set	1155	;_TUN3
   669  0484                     _TUN4	set	1156	;_TUN4
   670  0475                     _ULPWUE	set	1141	;_ULPWUE
   671  04C8                     _VR0	set	1224	;_VR0
   672  04C9                     _VR1	set	1225	;_VR1
   673  04CA                     _VR2	set	1226	;_VR2
   674  04CB                     _VR3	set	1227	;_VR3
   675  04CF                     _VREN	set	1231	;_VREN
   676  04CD                     _VRR	set	1229	;_VRR
   677  04A8                     _WPU0	set	1192	;_WPU0
   678  04A9                     _WPU1	set	1193	;_WPU1
   679  04AA                     _WPU2	set	1194	;_WPU2
   680  04AC                     _WPU4	set	1196	;_WPU4
   681  04AD                     _WPU5	set	1197	;_WPU5
   682  04A8                     _WPUA0	set	1192	;_WPUA0
   683  04A9                     _WPUA1	set	1193	;_WPUA1
   684  04AA                     _WPUA2	set	1194	;_WPUA2
   685  04AC                     _WPUA4	set	1196	;_WPUA4
   686  04AD                     _WPUA5	set	1197	;_WPUA5
   687  04E8                     _WR	set	1256	;_WR
   688  04E2                     _WREN	set	1250	;_WREN
   689  04E2                     _WREN1	set	1250	;_WREN1
   690  04E4                     _WREN2	set	1252	;_WREN2
   691  04E5                     _WREN3	set	1253	;_WREN3
   692  04E3                     _WRERR	set	1251	;_WRERR
   693  0470                     _nBOD	set	1136	;_nBOD
   694  0470                     _nBOR	set	1136	;_nBOR
   695  040F                     _nPAPU	set	1039	;_nPAPU
   696  0471                     _nPOR	set	1137	;_nPOR
   697  040F                     _nRAPU	set	1039	;_nRAPU
   698  000B                     _INTCON	set	11	;_INTCON
   699  000C                     _PIR1	set	12	;_PIR1
   700  000D                     _SFR0D	set	13	;_SFR0D
   701  000E                     _SFR0E	set	14	;_SFR0E
   702  000F                     _SFR0F	set	15	;_SFR0F
   703  0010                     _SFR10	set	16	;_SFR10
   704  0011                     _TMR2	set	17	;_TMR2
   705  0013                     _SFR13	set	19	;_SFR13
   706  0014                     _SFR14	set	20	;_SFR14
   707  0015                     _SFR15	set	21	;_SFR15
   708  0016                     _SFR16	set	22	;_SFR16
   709  0017                     _SFR17	set	23	;_SFR17
   710  0012                     _T2CON	set	18	;_T2CON
   711  0018                     _WDTCON	set	24	;_WDTCON
   712  001B                     _MSCKCON	set	27	;_MSCKCON
   713  0019                     _SFR19	set	25	;_SFR19
   714  001A                     _SFR1A	set	26	;_SFR1A
   715  001E                     _SFR1E	set	30	;_SFR1E
   716  001F                     _SFR1F	set	31	;_SFR1F
   717  001D                     _SOSCPRH	set	29	;_SOSCPRH
   718  001C                     _SOSCPRL	set	28	;_SOSCPRL
   719  0082                     _SFR82	set	130	;_SFR82
   720  0083                     _SFR83	set	131	;_SFR83
   721  0084                     _SFR84	set	132	;_SFR84
   722  0085                     _TRISA	set	133	;_TRISA
   723  008C                     _PIE1	set	140	;_PIE1
   724  0086                     _SFR86	set	134	;_SFR86
   725  0087                     _SFR87	set	135	;_SFR87
   726  0088                     _SFR88	set	136	;_SFR88
   727  0089                     _SFR89	set	137	;_SFR89
   728  008A                     _SFR8A	set	138	;_SFR8A
   729  008B                     _SFR8B	set	139	;_SFR8B
   730  008E                     _PCON	set	142	;_PCON
   731  008D                     _SFR8D	set	141	;_SFR8D
   732  008F                     _OSCCON	set	143	;_OSCCON
   733  0092                     _PR2	set	146	;_PR2
   734  0090                     _SFR90	set	144	;_SFR90
   735  0091                     _SFR91	set	145	;_SFR91
   736  0093                     _SFR93	set	147	;_SFR93
   737  0094                     _SFR94	set	148	;_SFR94
   738  0095                     _WPUA	set	149	;_WPUA
   739  009A                     _EEDAT	set	154	;_EEDAT
   740  0096                     _IOCA	set	150	;_IOCA
   741  0097                     _SFR97	set	151	;_SFR97
   742  0098                     _SFR98	set	152	;_SFR98
   743  0099                     _SFR99	set	153	;_SFR99
   744  009B                     _EEADR	set	155	;_EEADR
   745  009C                     _EECON1	set	156	;_EECON1
   746  009D                     _EECON2	set	157	;_EECON2
   747  009E                     _SFR9E	set	158	;_SFR9E
   748  009F                     _SFR9F	set	159	;_SFR9F
   749                           
   750                           	psect	cinit
   751  018C                     start_initialization:	
   752                           
   753                           ; Clear objects allocated to COMMON
   754  018C  01E2               	clrf	__pbssCOMMON& (0+127)
   755  018D  01E3               	clrf	(__pbssCOMMON+1)& (0+127)
   756  018E  01E4               	clrf	(__pbssCOMMON+2)& (0+127)
   757  018F  01E5               	clrf	(__pbssCOMMON+3)& (0+127)
   758  0190  01E6               	clrf	(__pbssCOMMON+4)& (0+127)
   759  0191  01E7               	clrf	(__pbssCOMMON+5)& (0+127)
   760  0192                     end_of_initialization:	
   761                           ;End of C runtime variable initialization code
   762                           
   763  0192  0183               	clrf	3
   764  0193  280B               	ljmp	_main	;jump to C main() function
   765                           
   766                           	psect	bssCOMMON
   767  0062                     __pbssCOMMON:	
   768  0062                     _randx:	
   769  0062                     	ds	4
   770  0066                     _num:	
   771  0066                     	ds	1
   772  0067                     _randf:	
   773  0067                     	ds	1
   774                           
   775                           	psect	cstackCOMMON
   776  0040                     __pcstackCOMMON:	
   777  0040                     ?_POWER_INITIAL:	
   778  0040                     ?_ISR:	
   779                           ; 0 bytes @ 0x0
   780                           
   781  0040                     ??_ISR:	
   782                           ; 0 bytes @ 0x0
   783                           
   784  0040                     ?_DelayUs:	
   785                           ; 0 bytes @ 0x0
   786                           
   787  0040                     ?_DelayMs:	
   788                           ; 0 bytes @ 0x0
   789                           
   790  0040                     ?_PA4_Level_Change_INITIAL:	
   791                           ; 0 bytes @ 0x0
   792                           
   793  0040                     ?_WByte:	
   794                           ; 0 bytes @ 0x0
   795                           
   796  0040                     ?_main:	
   797                           ; 0 bytes @ 0x0
   798                           
   799                           
   800                           ; 2 bytes @ 0x0
   801  0040                     	ds	2
   802  0042                     ??_POWER_INITIAL:	
   803  0042                     ??_DelayUs:	
   804                           ; 0 bytes @ 0x2
   805                           
   806  0042                     ??_PA4_Level_Change_INITIAL:	
   807                           ; 0 bytes @ 0x2
   808                           
   809  0042                     ?_srand:	
   810                           ; 0 bytes @ 0x2
   811                           
   812  0042                     ?___lmul:	
   813                           ; 0 bytes @ 0x2
   814                           
   815  0042                     DelayUs@Time:	
   816                           ; 4 bytes @ 0x2
   817                           
   818  0042                     srand@x:	
   819                           ; 1 bytes @ 0x2
   820                           
   821  0042                     ___lmul@multiplier:	
   822                           ; 2 bytes @ 0x2
   823                           
   824                           
   825                           ; 4 bytes @ 0x2
   826  0042                     	ds	1
   827  0043                     DelayUs@a:	
   828                           
   829                           ; 1 bytes @ 0x3
   830  0043                     	ds	1
   831  0044                     ??_DelayMs:	
   832  0044                     ??_srand:	
   833                           ; 0 bytes @ 0x4
   834                           
   835  0044                     DelayMs@Time:	
   836                           ; 0 bytes @ 0x4
   837                           
   838                           
   839                           ; 1 bytes @ 0x4
   840  0044                     	ds	1
   841  0045                     DelayMs@a:	
   842                           
   843                           ; 1 bytes @ 0x5
   844  0045                     	ds	1
   845  0046                     ??_WByte:	
   846  0046                     WByte@input:	
   847                           ; 0 bytes @ 0x6
   848                           
   849  0046                     ___lmul@multiplicand:	
   850                           ; 1 bytes @ 0x6
   851                           
   852                           
   853                           ; 4 bytes @ 0x6
   854  0046                     	ds	1
   855  0047                     WByte@i:	
   856                           
   857                           ; 1 bytes @ 0x7
   858  0047                     	ds	1
   859  0048                     WByte@a:	
   860                           
   861                           ; 1 bytes @ 0x8
   862  0048                     	ds	2
   863  004A                     ??___lmul:	
   864  004A                     ___lmul@product:	
   865                           ; 0 bytes @ 0xA
   866                           
   867                           
   868                           ; 4 bytes @ 0xA
   869  004A                     	ds	4
   870  004E                     ?___awmod:	
   871  004E                     ___awmod@divisor:	
   872                           ; 2 bytes @ 0xE
   873                           
   874                           
   875                           ; 2 bytes @ 0xE
   876  004E                     	ds	2
   877  0050                     ___awmod@dividend:	
   878                           
   879                           ; 2 bytes @ 0x10
   880  0050                     	ds	2
   881  0052                     ??___awmod:	
   882  0052                     ___awmod@counter:	
   883                           ; 0 bytes @ 0x12
   884                           
   885                           
   886                           ; 1 bytes @ 0x12
   887  0052                     	ds	1
   888  0053                     ___awmod@sign:	
   889                           
   890                           ; 1 bytes @ 0x13
   891  0053                     	ds	1
   892  0054                     ?_rand:	
   893                           
   894                           ; 2 bytes @ 0x14
   895  0054                     	ds	2
   896  0056                     ??_rand:	
   897                           
   898                           ; 0 bytes @ 0x16
   899  0056                     	ds	4
   900  005A                     ?_address:	
   901                           
   902                           ; 2 bytes @ 0x1A
   903  005A                     	ds	2
   904  005C                     ??_address:	
   905  005C                     address@b:	
   906                           ; 0 bytes @ 0x1C
   907                           
   908                           
   909                           ; 2 bytes @ 0x1C
   910  005C                     	ds	2
   911  005E                     ??_main:	
   912  005E                     main@sleepflag:	
   913                           ; 0 bytes @ 0x1E
   914                           
   915                           
   916                           ; 2 bytes @ 0x1E
   917  005E                     	ds	2
   918  0060                     main@i:	
   919                           
   920                           ; 2 bytes @ 0x20
   921  0060                     	ds	2
   922                           
   923                           	psect	maintext
   924  000B                     __pmaintext:	
   925 ;;Data sizes: Strings 0, constant 0, data 0, bss 6, persistent 1 stack 0
   926 ;;Auto spaces:   Size  Autos    Used
   927 ;; COMMON          62     34      41
   928 ;;
   929 ;; Pointer list with targets:
   930 ;; ?_rand	int  size(1) Largest target is 0
   931 ;;
   932 ;; ?___lmul	unsigned long  size(1) Largest target is 0
   933 ;;
   934 ;; ?_address	unsigned int  size(1) Largest target is 0
   935 ;;
   936 ;; ?___awmod	int  size(1) Largest target is 0
   937 ;;
   938 ;;
   939 ;; Critical Paths under _main in COMMON
   940 ;;
   941 ;;   _main->_address
   942 ;;   _WByte->_DelayMs
   943 ;;   _address->_rand
   944 ;;   _DelayMs->_DelayUs
   945 ;;   _rand->___awmod
   946 ;;   ___awmod->___lmul
   947 ;;
   948 ;; Critical Paths under _ISR in COMMON
   949 ;;
   950 ;;   None.
   951 ;;
   952 ;;Main: autosize = 0, tempsize = 0, incstack = 0, save=0
   953 ;;
   954 ;;
   955 ;;Call Graph Tables:
   956 ;;
   957 ;; ---------------------------------------------------------------------------------
   958 ;; (Depth) Function   	        Calls       Base Space   Used Autos Params    Refs
   959 ;; ---------------------------------------------------------------------------------
   960 ;; (0) _main                                                 4     4      0     645
   961 ;;                                             30 COMMON     4     4      0
   962 ;;                      _POWER_INITIAL
   963 ;;                            _DelayMs
   964 ;;           _PA4_Level_Change_INITIAL
   965 ;;                            _address
   966 ;;                              _WByte
   967 ;; ---------------------------------------------------------------------------------
   968 ;; (1) _WByte                                                3     3      0     240
   969 ;;                                              6 COMMON     3     3      0
   970 ;;                            _DelayMs
   971 ;;                            _DelayUs
   972 ;; ---------------------------------------------------------------------------------
   973 ;; (1) _address                                              4     2      2     285
   974 ;;                                             26 COMMON     4     2      2
   975 ;;                               _rand
   976 ;;                            ___awmod
   977 ;; ---------------------------------------------------------------------------------
   978 ;; (2) _DelayMs                                              2     2      0      60
   979 ;;                                              4 COMMON     2     2      0
   980 ;;                            _DelayUs
   981 ;; ---------------------------------------------------------------------------------
   982 ;; (2) _rand                                                 6     4      2      75
   983 ;;                                             20 COMMON     6     4      2
   984 ;;                              _srand
   985 ;;                             ___lmul
   986 ;;                            ___awmod (ARG)
   987 ;; ---------------------------------------------------------------------------------
   988 ;; (2) _DelayUs                                              2     2      0      30
   989 ;;                                              2 COMMON     2     2      0
   990 ;; ---------------------------------------------------------------------------------
   991 ;; (2) ___awmod                                              6     2      4     195
   992 ;;                                             14 COMMON     6     2      4
   993 ;;                              _srand (ARG)
   994 ;;                             ___lmul (ARG)
   995 ;; ---------------------------------------------------------------------------------
   996 ;; (3) ___lmul                                              12     4      8      60
   997 ;;                                              2 COMMON    12     4      8
   998 ;; ---------------------------------------------------------------------------------
   999 ;; (3) _srand                                                2     0      2      15
  1000 ;;                                              2 COMMON     2     0      2
  1001 ;; ---------------------------------------------------------------------------------
  1002 ;; (1) _PA4_Level_Change_INITIAL                             0     0      0       0
  1003 ;; ---------------------------------------------------------------------------------
  1004 ;; (1) _POWER_INITIAL                                        0     0      0       0
  1005 ;; ---------------------------------------------------------------------------------
  1006 ;; Estimated maximum stack depth 3
  1007 ;; ---------------------------------------------------------------------------------
  1008 ;; (Depth) Function   	        Calls       Base Space   Used Autos Params    Refs
  1009 ;; ---------------------------------------------------------------------------------
  1010 ;; (4) _ISR                                                  2     2      0       0
  1011 ;;                                              0 COMMON     2     2      0
  1012 ;; ---------------------------------------------------------------------------------
  1013 ;; Estimated maximum stack depth 4
  1014 ;; ---------------------------------------------------------------------------------
  1015 ;; Call Graph Graphs:
  1016 ;; _main (ROOT)
  1017 ;;   _POWER_INITIAL
  1018 ;;   _DelayMs
  1019 ;;     _DelayUs
  1020 ;;   _PA4_Level_Change_INITIAL
  1021 ;;   _address
  1022 ;;     _rand
  1023 ;;       _srand
  1024 ;;       ___lmul
  1025 ;;       ___awmod (ARG)
  1026 ;;         _srand (ARG)
  1027 ;;         ___lmul (ARG)
  1028 ;;     ___awmod
  1029 ;;       _srand (ARG)
  1030 ;;       ___lmul (ARG)
  1031 ;;   _WByte
  1032 ;;     _DelayMs
  1033 ;;       _DelayUs
  1034 ;;     _DelayUs
  1035 ;;
  1036 ;; _ISR (ROOT)
  1037 ;;
  1038 ;; Address spaces:
  1039 ;;Name               Size   Autos  Total    Cost      Usage
  1040 ;;BITCOMMON           3E      0       0       0        0.0%
  1041 ;;EEDATA             100      0       0       0        0.0%
  1042 ;;NULL                 0      0       0       0        0.0%
  1043 ;;CODE                 0      0       0       0        0.0%
  1044 ;;COMMON              3E     22      29       1       66.1%
  1045 ;;BITSFR0              0      0       0       1        0.0%
  1046 ;;SFR0                 0      0       0       1        0.0%
  1047 ;;BITSFR1              0      0       0       2        0.0%
  1048 ;;SFR1                 0      0       0       2        0.0%
  1049 ;;STACK                0      0       3       2        0.0%
  1050 ;;ABS                  0      0      29       3        0.0%
  1051 ;;DATA                 0      0      2C       4        0.0%
  1052                           
  1053                           
  1054 ;; *************** function _main *****************
  1055 ;; Defined at:
  1056 ;;		line 151 in file "random.C"
  1057 ;; Parameters:    Size  Location     Type
  1058 ;;		None
  1059 ;; Auto vars:     Size  Location     Type
  1060 ;;  i               2   32[COMMON] unsigned int 
  1061 ;;  sleepflag       2   30[COMMON] unsigned int 
  1062 ;; Return value:  Size  Location     Type
  1063 ;;                  2  491[COMMON] int 
  1064 ;; Registers used:
  1065 ;;		wreg, status,2, status,0, pclath, cstack
  1066 ;; Tracked objects:
  1067 ;;		On entry : 17F/0
  1068 ;;		On exit  : 0/0
  1069 ;;		Unchanged: 0/0
  1070 ;; Data sizes:     COMMON
  1071 ;;      Params:         0
  1072 ;;      Locals:         4
  1073 ;;      Temps:          0
  1074 ;;      Totals:         4
  1075 ;;Total ram usage:        4 bytes
  1076 ;; Hardware stack levels required when called:    4
  1077 ;; This function calls:
  1078 ;;		_POWER_INITIAL
  1079 ;;		_DelayMs
  1080 ;;		_PA4_Level_Change_INITIAL
  1081 ;;		_address
  1082 ;;		_WByte
  1083 ;; This function is called by:
  1084 ;;		Startup code after reset
  1085 ;; This function uses a non-reentrant model
  1086 ;;
  1087  000B                     _main:	
  1088                           
  1089                           ;random.C: 152: POWER_INITIAL();
  1090                           
  1091                           ; Regs used in _main: [wreg+status,2+status,0+pclath+cstack]
  1092  000B  2147               	fcall	_POWER_INITIAL
  1093                           
  1094                           ;random.C: 153: Key_Old_Data = 1;
  1095  000C  01E8               	clrf	_Key_Old_Data
  1096  000D  0AE8               	incf	_Key_Old_Data,f
  1097                           
  1098                           ;random.C: 154: unsigned int i;
  1099                           ;random.C: 155: unsigned int sleepflag;
  1100                           ;random.C: 156: sleepflag = 0;
  1101  000E  01DE               	clrf	main@sleepflag
  1102  000F  01DF               	clrf	main@sleepflag+1
  1103  0010                     l1646:	
  1104                           
  1105                           ;random.C: 158: {
  1106                           ;random.C: 159: PA2 =1;
  1107  0010  1283               	bcf	3,5	;RP0=0, select bank0
  1108  0011  1505               	bsf	5,2
  1109                           
  1110                           ;random.C: 160: if(PA4==1)
  1111  0012  1E05               	btfss	5,4
  1112  0013  2837               	goto	l1680
  1113                           
  1114                           ;random.C: 161: {
  1115                           ;random.C: 162: if(Key_Old_Data==0)
  1116  0014  08E8               	movf	_Key_Old_Data,f
  1117  0015  1D03               	skipz
  1118  0016  2835               	goto	l1678
  1119                           
  1120                           ;random.C: 163: {
  1121                           ;random.C: 164: for(i=0;i<150;i++)
  1122  0017  01E0               	clrf	main@i
  1123  0018  01E1               	clrf	main@i+1
  1124  0019                     l1658:	
  1125                           
  1126                           ;random.C: 165: {
  1127                           ;random.C: 166: DelayMs(100);
  1128  0019  3064               	movlw	100
  1129  001A  2167               	fcall	_DelayMs
  1130                           
  1131                           ;random.C: 167: if(PA4==0)
  1132  001B  1283               	bcf	3,5	;RP0=0, select bank0
  1133  001C  1E05               	btfss	5,4
  1134  001D  2828               	goto	l1668
  1135  001E  0AE0               	incf	main@i,f
  1136  001F  1903               	skipnz
  1137  0020  0AE1               	incf	main@i+1,f
  1138  0021  3000               	movlw	0
  1139  0022  0261               	subwf	main@i+1,w
  1140  0023  3096               	movlw	150
  1141  0024  1903               	skipnz
  1142  0025  0260               	subwf	main@i,w
  1143  0026  1C03               	skipc
  1144  0027  2819               	goto	l1658
  1145  0028                     l1668:	
  1146                           
  1147                           ;random.C: 170: }
  1148                           ;random.C: 171: }
  1149                           ;random.C: 172: if(i>=100)
  1150  0028  3000               	movlw	0
  1151  0029  0261               	subwf	main@i+1,w
  1152  002A  3064               	movlw	100
  1153  002B  1903               	skipnz
  1154  002C  0260               	subwf	main@i,w
  1155  002D  1C03               	skipc
  1156  002E  2835               	goto	l1678
  1157                           
  1158                           ;random.C: 173: {
  1159                           ;random.C: 174: sleepflag = 1;
  1160  002F  01DE               	clrf	main@sleepflag
  1161  0030  0ADE               	incf	main@sleepflag,f
  1162  0031  01DF               	clrf	main@sleepflag+1
  1163                           
  1164                           ;random.C: 175: PA4_Level_Change_INITIAL();
  1165  0032  2183               	fcall	_PA4_Level_Change_INITIAL
  1166                           
  1167                           ;random.C: 176: GIE = 1;
  1168  0033  178B               	bsf	11,7
  1169  0034  0063               	sleep	;#
  1170  0035                     l1678:	
  1171                           
  1172                           ;random.C: 178: }
  1173                           ;random.C: 179: }
  1174                           ;random.C: 180: Key_Old_Data=1;
  1175  0035  01E8               	clrf	_Key_Old_Data
  1176  0036  0AE8               	incf	_Key_Old_Data,f
  1177  0037                     l1680:	
  1178                           
  1179                           ;random.C: 181: }
  1180                           ;random.C: 182: if(PA4==0)
  1181  0037  1283               	bcf	3,5	;RP0=0, select bank0
  1182  0038  1A05               	btfsc	5,4
  1183  0039  2810               	goto	l1646
  1184                           
  1185                           ;random.C: 183: {
  1186                           ;random.C: 184: if(Key_Old_Data==1)
  1187  003A  0B68               	decfsz	_Key_Old_Data,w
  1188  003B  2810               	goto	l1646
  1189                           
  1190                           ;random.C: 185: {
  1191                           ;random.C: 186: if(sleepflag==1)
  1192  003C  035E               	decf	main@sleepflag,w
  1193  003D  045F               	iorwf	main@sleepflag+1,w
  1194  003E  1D03               	skipz
  1195  003F  2849               	goto	l1694
  1196  0040  302D               	movlw	45
  1197                           
  1198                           ;random.C: 187: {
  1199                           ;random.C: 188: PA2=0;
  1200  0041  1105               	bcf	5,2
  1201                           
  1202                           ;random.C: 189: DelayMs(45);
  1203  0042  2167               	fcall	_DelayMs
  1204  0043  300F               	movlw	15
  1205                           
  1206                           ;random.C: 190: PA2=1;
  1207  0044  1283               	bcf	3,5	;RP0=0, select bank0
  1208  0045  1505               	bsf	5,2
  1209                           
  1210                           ;random.C: 191: DelayMs(15);
  1211  0046  2167               	fcall	_DelayMs
  1212                           
  1213                           ;random.C: 192: sleepflag=0;
  1214  0047  01DE               	clrf	main@sleepflag
  1215  0048  01DF               	clrf	main@sleepflag+1
  1216  0049                     l1694:	
  1217                           
  1218                           ;random.C: 193: }
  1219                           ;random.C: 194: num = address();
  1220  0049  2132               	fcall	_address
  1221  004A  085A               	movf	?_address,w
  1222  004B  00E6               	movwf	_num
  1223                           
  1224                           ;random.C: 195: WByte(num);
  1225  004C  20C6               	fcall	_WByte
  1226                           
  1227                           ;random.C: 196: Key_Old_Data=0;
  1228  004D  01E8               	clrf	_Key_Old_Data
  1229  004E  2810               	goto	l1646
  1230  004F                     __end_of_main:	
  1231                           
  1232                           	psect	text114
  1233  00C6                     __ptext114:	
  1234 ;; =============== function _main ends ============
  1235                           
  1236                           
  1237 ;; *************** function _WByte *****************
  1238 ;; Defined at:
  1239 ;;		line 101 in file "random.C"
  1240 ;; Parameters:    Size  Location     Type
  1241 ;;  input           1    wreg     unsigned char 
  1242 ;; Auto vars:     Size  Location     Type
  1243 ;;  input           1    6[COMMON] unsigned char 
  1244 ;;  a               1    8[COMMON] unsigned char 
  1245 ;;  i               1    7[COMMON] unsigned char 
  1246 ;; Return value:  Size  Location     Type
  1247 ;;		None               void
  1248 ;; Registers used:
  1249 ;;		wreg, status,2, status,0, pclath, cstack
  1250 ;; Tracked objects:
  1251 ;;		On entry : 0/0
  1252 ;;		On exit  : 0/0
  1253 ;;		Unchanged: 0/0
  1254 ;; Data sizes:     COMMON
  1255 ;;      Params:         0
  1256 ;;      Locals:         3
  1257 ;;      Temps:          0
  1258 ;;      Totals:         3
  1259 ;;Total ram usage:        3 bytes
  1260 ;; Hardware stack levels used:    1
  1261 ;; Hardware stack levels required when called:    3
  1262 ;; This function calls:
  1263 ;;		_DelayMs
  1264 ;;		_DelayUs
  1265 ;; This function is called by:
  1266 ;;		_main
  1267 ;; This function uses a non-reentrant model
  1268 ;;
  1269  00C6                     _WByte:	
  1270                           
  1271                           ; Regs used in _WByte: [wreg+status,2+status,0+pclath+cstack]
  1272                           ;WByte@input stored from wreg
  1273  00C6  00C6               	movwf	WByte@input
  1274                           
  1275                           ;random.C: 103: unsigned char i=8;
  1276  00C7  3008               	movlw	8
  1277  00C8  00C7               	movwf	WByte@i
  1278  00C9  3007               	movlw	7
  1279                           
  1280                           ;random.C: 104: PA2 = 0;
  1281  00CA  1283               	bcf	3,5	;RP0=0, select bank0
  1282  00CB  1105               	bcf	5,2
  1283                           
  1284                           ;random.C: 105: DelayMs(7);
  1285  00CC  2167               	fcall	_DelayMs
  1286  00CD                     l1638:	
  1287                           ;random.C: 106: unsigned char a;
  1288                           ;random.C: 107: while(i--)
  1289                           
  1290  00CD  03C7               	decf	WByte@i,f
  1291  00CE  0847               	movf	WByte@i,w
  1292  00CF  3AFF               	xorlw	255
  1293  00D0  1903               	btfsc	3,2
  1294  00D1  28FD               	goto	l485
  1295                           
  1296                           ;random.C: 108: {
  1297                           ;random.C: 109: if(input&0x01)
  1298  00D2  1C46               	btfss	WByte@input,0
  1299  00D3  28E8               	goto	l475
  1300                           
  1301                           ;random.C: 110: {
  1302                           ;random.C: 111: PA2=1;
  1303  00D4  1283               	bcf	3,5	;RP0=0, select bank0
  1304  00D5  1505               	bsf	5,2
  1305                           
  1306                           ;random.C: 112: for(a=0;a<3;a++)
  1307  00D6  01C8               	clrf	WByte@a
  1308  00D7                     l1596:	
  1309                           
  1310                           ;random.C: 113: {
  1311                           ;random.C: 114: DelayUs(4);
  1312  00D7  3004               	movlw	4
  1313  00D8  2171               	fcall	_DelayUs
  1314  00D9  3003               	movlw	3
  1315  00DA  0AC8               	incf	WByte@a,f
  1316  00DB  0248               	subwf	WByte@a,w
  1317  00DC  1C03               	skipc
  1318  00DD  28D7               	goto	l1596
  1319                           
  1320                           ;random.C: 115: }
  1321                           ;random.C: 116: PA2=0;
  1322  00DE  1283               	bcf	3,5	;RP0=0, select bank0
  1323  00DF  1105               	bcf	5,2
  1324                           
  1325                           ;random.C: 117: for(a=0;a<1;a++)
  1326  00E0  01C8               	clrf	WByte@a
  1327  00E1                     l1608:	
  1328                           
  1329                           ;random.C: 118: {
  1330                           ;random.C: 119: DelayUs(4);
  1331  00E1  3004               	movlw	4
  1332  00E2  2171               	fcall	_DelayUs
  1333  00E3  0AC8               	incf	WByte@a,f
  1334  00E4  0848               	movf	WByte@a,w
  1335  00E5  1903               	btfsc	3,2
  1336  00E6  28E1               	goto	l1608
  1337  00E7  28FA               	goto	l480
  1338  00E8                     l475:	
  1339                           
  1340                           ;random.C: 122: else
  1341                           ;random.C: 123: {
  1342                           ;random.C: 124: PA2=1;
  1343  00E8  1283               	bcf	3,5	;RP0=0, select bank0
  1344  00E9  1505               	bsf	5,2
  1345                           
  1346                           ;random.C: 125: for(a=0;a<1;a++)
  1347  00EA  01C8               	clrf	WByte@a
  1348  00EB                     l1620:	
  1349                           
  1350                           ;random.C: 126: {
  1351                           ;random.C: 127: DelayUs(4);
  1352  00EB  3004               	movlw	4
  1353  00EC  2171               	fcall	_DelayUs
  1354  00ED  0AC8               	incf	WByte@a,f
  1355  00EE  1903               	btfsc	3,2
  1356  00EF  28EB               	goto	l1620
  1357                           
  1358                           ;random.C: 128: }
  1359                           ;random.C: 129: PA2=0;
  1360  00F0  1283               	bcf	3,5	;RP0=0, select bank0
  1361  00F1  1105               	bcf	5,2
  1362                           
  1363                           ;random.C: 130: for(a=0;a<3;a++)
  1364  00F2  01C8               	clrf	WByte@a
  1365  00F3                     l1632:	
  1366                           
  1367                           ;random.C: 131: {
  1368                           ;random.C: 132: DelayUs(4);
  1369  00F3  3004               	movlw	4
  1370  00F4  2171               	fcall	_DelayUs
  1371  00F5  3003               	movlw	3
  1372  00F6  0AC8               	incf	WByte@a,f
  1373  00F7  0248               	subwf	WByte@a,w
  1374  00F8  1C03               	skipc
  1375  00F9  28F3               	goto	l1632
  1376  00FA                     l480:	
  1377                           
  1378                           ;random.C: 133: }
  1379                           ;random.C: 134: }
  1380                           ;random.C: 135: input=input>>1;
  1381  00FA  1003               	clrc
  1382  00FB  0CC6               	rrf	WByte@input,f
  1383  00FC  28CD               	goto	l1638
  1384  00FD                     l485:	
  1385                           
  1386                           ;random.C: 136: }
  1387                           ;random.C: 139: T0IE=0;
  1388  00FD  128B               	bcf	11,5
  1389  00FE  0008               	return
  1390  00FF                     __end_of_WByte:	
  1391                           
  1392                           	psect	text115
  1393  0132                     __ptext115:	
  1394 ;; =============== function _WByte ends ============
  1395                           
  1396                           
  1397 ;; *************** function _address *****************
  1398 ;; Defined at:
  1399 ;;		line 143 in file "random.C"
  1400 ;; Parameters:    Size  Location     Type
  1401 ;;		None
  1402 ;; Auto vars:     Size  Location     Type
  1403 ;;  b               2   28[COMMON] unsigned int 
  1404 ;; Return value:  Size  Location     Type
  1405 ;;                  2   26[COMMON] unsigned int 
  1406 ;; Registers used:
  1407 ;;		wreg, status,2, status,0, pclath, cstack
  1408 ;; Tracked objects:
  1409 ;;		On entry : 0/0
  1410 ;;		On exit  : 0/0
  1411 ;;		Unchanged: FFFFF/0
  1412 ;; Data sizes:     COMMON
  1413 ;;      Params:         2
  1414 ;;      Locals:         2
  1415 ;;      Temps:          0
  1416 ;;      Totals:         4
  1417 ;;Total ram usage:        4 bytes
  1418 ;; Hardware stack levels used:    1
  1419 ;; Hardware stack levels required when called:    3
  1420 ;; This function calls:
  1421 ;;		_rand
  1422 ;;		___awmod
  1423 ;; This function is called by:
  1424 ;;		_main
  1425 ;; This function uses a non-reentrant model
  1426 ;;
  1427  0132                     _address:	
  1428                           
  1429                           ;random.C: 144: unsigned int b;
  1430                           ;random.C: 145: b = rand()%10;
  1431                           
  1432                           ; Regs used in _address: [wreg+status,2+status,0+pclath+cstack]
  1433  0132  300A               	movlw	10
  1434  0133  00CE               	movwf	?___awmod
  1435  0134  01CF               	clrf	?___awmod+1
  1436  0135  208C               	fcall	_rand
  1437  0136  0855               	movf	?_rand+1,w
  1438  0137  00D1               	movwf	?___awmod+3
  1439  0138  0854               	movf	?_rand,w
  1440  0139  00D0               	movwf	?___awmod+2
  1441  013A  204F               	fcall	___awmod
  1442  013B  084F               	movf	?___awmod+1,w
  1443  013C  00DD               	movwf	address@b+1
  1444  013D  084E               	movf	?___awmod,w
  1445  013E  00DC               	movwf	address@b
  1446                           
  1447                           ;random.C: 146: b = b+1;
  1448  013F  0ADC               	incf	address@b,f
  1449  0140  1903               	skipnz
  1450  0141  0ADD               	incf	address@b+1,f
  1451                           
  1452                           ;random.C: 147: return b;
  1453  0142  085D               	movf	address@b+1,w
  1454  0143  00DB               	movwf	?_address+1
  1455  0144  085C               	movf	address@b,w
  1456  0145  00DA               	movwf	?_address
  1457  0146  0008               	return
  1458  0147                     __end_of_address:	
  1459                           
  1460                           	psect	text116
  1461  0167                     __ptext116:	
  1462 ;; =============== function _address ends ============
  1463                           
  1464                           
  1465 ;; *************** function _DelayMs *****************
  1466 ;; Defined at:
  1467 ;;		line 66 in file "random.C"
  1468 ;; Parameters:    Size  Location     Type
  1469 ;;  Time            1    wreg     unsigned char 
  1470 ;; Auto vars:     Size  Location     Type
  1471 ;;  Time            1    4[COMMON] unsigned char 
  1472 ;;  a               1    5[COMMON] unsigned char 
  1473 ;; Return value:  Size  Location     Type
  1474 ;;		None               void
  1475 ;; Registers used:
  1476 ;;		wreg, status,2, status,0, pclath, cstack
  1477 ;; Tracked objects:
  1478 ;;		On entry : 20/0
  1479 ;;		On exit  : 0/0
  1480 ;;		Unchanged: 0/0
  1481 ;; Data sizes:     COMMON
  1482 ;;      Params:         0
  1483 ;;      Locals:         2
  1484 ;;      Temps:          0
  1485 ;;      Totals:         2
  1486 ;;Total ram usage:        2 bytes
  1487 ;; Hardware stack levels used:    1
  1488 ;; Hardware stack levels required when called:    2
  1489 ;; This function calls:
  1490 ;;		_DelayUs
  1491 ;; This function is called by:
  1492 ;;		_WByte
  1493 ;;		_main
  1494 ;; This function uses a non-reentrant model
  1495 ;;
  1496  0167                     _DelayMs:	
  1497                           
  1498                           ; Regs used in _DelayMs: [wreg+status,2+status,0+pclath+cstack]
  1499                           ;DelayMs@Time stored from wreg
  1500  0167  00C4               	movwf	DelayMs@Time
  1501                           
  1502                           ;random.C: 67: unsigned char a;
  1503                           ;random.C: 68: for(a=0;a<Time;a++)
  1504  0168  01C5               	clrf	DelayMs@a
  1505  0169                     l1572:	
  1506  0169  0844               	movf	DelayMs@Time,w
  1507  016A  0245               	subwf	DelayMs@a,w
  1508  016B  1803               	btfsc	3,0
  1509  016C  0008               	return
  1510                           
  1511                           ;random.C: 69: {
  1512                           ;random.C: 70: DelayUs(11);
  1513  016D  300B               	movlw	11
  1514  016E  2171               	fcall	_DelayUs
  1515  016F  0AC5               	incf	DelayMs@a,f
  1516  0170  2969               	goto	l1572
  1517  0171                     __end_of_DelayMs:	
  1518                           
  1519                           	psect	text117
  1520  008C                     __ptext117:	
  1521 ;; =============== function _DelayMs ends ============
  1522                           
  1523                           
  1524 ;; *************** function _rand *****************
  1525 ;; Defined at:
  1526 ;;		line 14 in file "d:\sw\cabide\data\sources\rand.c"
  1527 ;; Parameters:    Size  Location     Type
  1528 ;;		None
  1529 ;; Auto vars:     Size  Location     Type
  1530 ;;		None
  1531 ;; Return value:  Size  Location     Type
  1532 ;;                  2   20[COMMON] int 
  1533 ;; Registers used:
  1534 ;;		wreg, status,2, status,0, pclath, cstack
  1535 ;; Tracked objects:
  1536 ;;		On entry : 0/0
  1537 ;;		On exit  : 0/0
  1538 ;;		Unchanged: FFFFF/0
  1539 ;; Data sizes:     COMMON
  1540 ;;      Params:         2
  1541 ;;      Locals:         0
  1542 ;;      Temps:          4
  1543 ;;      Totals:         6
  1544 ;;Total ram usage:        6 bytes
  1545 ;; Hardware stack levels used:    1
  1546 ;; Hardware stack levels required when called:    2
  1547 ;; This function calls:
  1548 ;;		_srand
  1549 ;;		___lmul
  1550 ;; This function is called by:
  1551 ;;		_address
  1552 ;; This function uses a non-reentrant model
  1553 ;;
  1554  008C                     _rand:	
  1555                           
  1556                           ; Regs used in _rand: [wreg+status,2+status,0+pclath+cstack]
  1557  008C  08E7               	movf	_randf,f
  1558  008D  1D03               	skipz
  1559  008E  2893               	goto	l1066
  1560  008F  01C2               	clrf	?_srand
  1561  0090  0AC2               	incf	?_srand,f
  1562  0091  01C3               	clrf	?_srand+1
  1563  0092  217A               	fcall	_srand
  1564  0093                     l1066:	
  1565  0093  3039               	movlw	57
  1566  0094  00D6               	movwf	??_rand
  1567  0095  3030               	movlw	48
  1568  0096  00D7               	movwf	??_rand+1
  1569  0097  01D8               	clrf	??_rand+2
  1570  0098  01D9               	clrf	??_rand+3
  1571  0099  0865               	movf	_randx+3,w
  1572  009A  00C5               	movwf	?___lmul+3
  1573  009B  0864               	movf	_randx+2,w
  1574  009C  00C4               	movwf	?___lmul+2
  1575  009D  0863               	movf	_randx+1,w
  1576  009E  00C3               	movwf	?___lmul+1
  1577  009F  0862               	movf	_randx,w
  1578  00A0  00C2               	movwf	?___lmul
  1579  00A1  3041               	movlw	65
  1580  00A2  00C9               	movwf	?___lmul+7
  1581  00A3  30C6               	movlw	198
  1582  00A4  00C8               	movwf	?___lmul+6
  1583  00A5  304E               	movlw	78
  1584  00A6  00C7               	movwf	?___lmul+5
  1585  00A7  306D               	movlw	109
  1586  00A8  00C6               	movwf	?___lmul+4
  1587  00A9  20FF               	fcall	___lmul
  1588  00AA  0842               	movf	?___lmul,w
  1589  00AB  07D6               	addwf	??_rand,f
  1590  00AC  0843               	movf	?___lmul+1,w
  1591  00AD  1803               	skipnc
  1592  00AE  0F43               	incfsz	?___lmul+1,w
  1593  00AF  07D7               	addwf	??_rand+1,f
  1594  00B0  0844               	movf	?___lmul+2,w
  1595  00B1  1803               	skipnc
  1596  00B2  0F44               	incfsz	?___lmul+2,w
  1597  00B3  07D8               	addwf	??_rand+2,f
  1598  00B4  0845               	movf	?___lmul+3,w
  1599  00B5  1803               	skipnc
  1600  00B6  0A45               	incf	?___lmul+3,w
  1601  00B7  07D9               	addwf	??_rand+3,f
  1602  00B8  0859               	movf	??_rand+3,w
  1603  00B9  00E5               	movwf	_randx+3
  1604  00BA  0858               	movf	??_rand+2,w
  1605  00BB  00E4               	movwf	_randx+2
  1606  00BC  0857               	movf	??_rand+1,w
  1607  00BD  00E3               	movwf	_randx+1
  1608  00BE  0856               	movf	??_rand,w
  1609  00BF  00E2               	movwf	_randx
  1610  00C0  0865               	movf	_randx+3,w
  1611  00C1  00D5               	movwf	?_rand+1
  1612  00C2  0864               	movf	_randx+2,w
  1613  00C3  00D4               	movwf	?_rand
  1614  00C4  13D5               	bcf	?_rand+1,7
  1615  00C5  0008               	return
  1616  00C6                     __end_of_rand:	
  1617                           
  1618                           	psect	text118
  1619  0171                     __ptext118:	
  1620 ;; =============== function _rand ends ============
  1621                           
  1622                           
  1623 ;; *************** function _DelayUs *****************
  1624 ;; Defined at:
  1625 ;;		line 57 in file "random.C"
  1626 ;; Parameters:    Size  Location     Type
  1627 ;;  Time            1    wreg     unsigned char 
  1628 ;; Auto vars:     Size  Location     Type
  1629 ;;  Time            1    2[COMMON] unsigned char 
  1630 ;;  a               1    3[COMMON] unsigned char 
  1631 ;; Return value:  Size  Location     Type
  1632 ;;		None               void
  1633 ;; Registers used:
  1634 ;;		wreg, status,2, status,0
  1635 ;; Tracked objects:
  1636 ;;		On entry : 0/0
  1637 ;;		On exit  : 0/0
  1638 ;;		Unchanged: 0/0
  1639 ;; Data sizes:     COMMON
  1640 ;;      Params:         0
  1641 ;;      Locals:         2
  1642 ;;      Temps:          0
  1643 ;;      Totals:         2
  1644 ;;Total ram usage:        2 bytes
  1645 ;; Hardware stack levels used:    1
  1646 ;; Hardware stack levels required when called:    1
  1647 ;; This function calls:
  1648 ;;		Nothing
  1649 ;; This function is called by:
  1650 ;;		_DelayMs
  1651 ;;		_WByte
  1652 ;; This function uses a non-reentrant model
  1653 ;;
  1654  0171                     _DelayUs:	
  1655                           
  1656                           ; Regs used in _DelayUs: [wreg+status,2+status,0]
  1657                           ;DelayUs@Time stored from wreg
  1658  0171  00C2               	movwf	DelayUs@Time
  1659                           
  1660                           ;random.C: 58: unsigned char a;
  1661                           ;random.C: 59: for(a=0;a<Time;a++)
  1662  0172  01C3               	clrf	DelayUs@a
  1663  0173                     l1556:	
  1664  0173  0842               	movf	DelayUs@Time,w
  1665  0174  0243               	subwf	DelayUs@a,w
  1666  0175  1803               	btfsc	3,0
  1667  0176  0008               	return
  1668                           
  1669                           ;random.C: 60: {
  1670                           ;random.C: 61: _nop();
  1671  0177  0000               	nop
  1672  0178  0AC3               	incf	DelayUs@a,f
  1673  0179  2973               	goto	l1556
  1674  017A                     __end_of_DelayUs:	
  1675                           
  1676                           	psect	text119
  1677  004F                     __ptext119:	
  1678 ;; =============== function _DelayUs ends ============
  1679                           
  1680                           
  1681 ;; *************** function ___awmod *****************
  1682 ;; Defined at:
  1683 ;;		line 5 in file "d:\sw\cabide\data\sources\awmod.c"
  1684 ;; Parameters:    Size  Location     Type
  1685 ;;  divisor         2   14[COMMON] int 
  1686 ;;  dividend        2   16[COMMON] int 
  1687 ;; Auto vars:     Size  Location     Type
  1688 ;;  sign            1   19[COMMON] unsigned char 
  1689 ;;  counter         1   18[COMMON] unsigned char 
  1690 ;; Return value:  Size  Location     Type
  1691 ;;                  2   14[COMMON] int 
  1692 ;; Registers used:
  1693 ;;		wreg, status,2, status,0
  1694 ;; Tracked objects:
  1695 ;;		On entry : 0/0
  1696 ;;		On exit  : 0/0
  1697 ;;		Unchanged: FFFFF/0
  1698 ;; Data sizes:     COMMON
  1699 ;;      Params:         4
  1700 ;;      Locals:         2
  1701 ;;      Temps:          0
  1702 ;;      Totals:         6
  1703 ;;Total ram usage:        6 bytes
  1704 ;; Hardware stack levels used:    1
  1705 ;; Hardware stack levels required when called:    1
  1706 ;; This function calls:
  1707 ;;		Nothing
  1708 ;; This function is called by:
  1709 ;;		_address
  1710 ;; This function uses a non-reentrant model
  1711 ;;
  1712  004F                     ___awmod:	
  1713                           
  1714                           ; Regs used in ___awmod: [wreg+status,2+status,0]
  1715  004F  01D3               	clrf	___awmod@sign
  1716  0050  1FD1               	btfss	___awmod@dividend+1,7
  1717  0051  2859               	goto	l1524
  1718  0052  09D0               	comf	___awmod@dividend,f
  1719  0053  09D1               	comf	___awmod@dividend+1,f
  1720  0054  0AD0               	incf	___awmod@dividend,f
  1721  0055  1903               	skipnz
  1722  0056  0AD1               	incf	___awmod@dividend+1,f
  1723  0057  01D3               	clrf	___awmod@sign
  1724  0058  0AD3               	incf	___awmod@sign,f
  1725  0059                     l1524:	
  1726  0059  1FCF               	btfss	___awmod@divisor+1,7
  1727  005A  2860               	goto	l1528
  1728  005B  09CE               	comf	___awmod@divisor,f
  1729  005C  09CF               	comf	___awmod@divisor+1,f
  1730  005D  0ACE               	incf	___awmod@divisor,f
  1731  005E  1903               	skipnz
  1732  005F  0ACF               	incf	___awmod@divisor+1,f
  1733  0060                     l1528:	
  1734  0060  084F               	movf	___awmod@divisor+1,w
  1735  0061  044E               	iorwf	___awmod@divisor,w
  1736  0062  1903               	skipnz
  1737  0063  287F               	goto	l1544
  1738  0064  01D2               	clrf	___awmod@counter
  1739  0065                     L1:	
  1740  0065  0AD2               	incf	___awmod@counter,f
  1741  0066  1BCF               	btfsc	___awmod@divisor+1,7
  1742  0067  286C               	goto	l1536
  1743  0068  1003               	clrc
  1744  0069  0DCE               	rlf	___awmod@divisor,f
  1745  006A  0DCF               	rlf	___awmod@divisor+1,f
  1746  006B  2865               	goto	L1
  1747  006C                     l1536:	
  1748  006C  084F               	movf	___awmod@divisor+1,w
  1749  006D  0251               	subwf	___awmod@dividend+1,w
  1750  006E  1D03               	skipz
  1751  006F  2872               	goto	u105
  1752  0070  084E               	movf	___awmod@divisor,w
  1753  0071  0250               	subwf	___awmod@dividend,w
  1754  0072                     u105:	
  1755  0072  1C03               	skipc
  1756  0073  287B               	goto	L2
  1757  0074  084E               	movf	___awmod@divisor,w
  1758  0075  02D0               	subwf	___awmod@dividend,f
  1759  0076  084F               	movf	___awmod@divisor+1,w
  1760  0077  1C03               	skipc
  1761  0078  03D1               	decf	___awmod@dividend+1,f
  1762  0079  02D1               	subwf	___awmod@dividend+1,f
  1763  007A  1003               	clrc
  1764  007B                     L2:	
  1765  007B  0CCF               	rrf	___awmod@divisor+1,f
  1766  007C  0CCE               	rrf	___awmod@divisor,f
  1767  007D  0BD2               	decfsz	___awmod@counter,f
  1768  007E  286C               	goto	l1536
  1769  007F                     l1544:	
  1770  007F  0853               	movf	___awmod@sign,w
  1771  0080  1903               	btfsc	3,2
  1772  0081  2887               	goto	l1548
  1773  0082  09D0               	comf	___awmod@dividend,f
  1774  0083  09D1               	comf	___awmod@dividend+1,f
  1775  0084  0AD0               	incf	___awmod@dividend,f
  1776  0085  1903               	skipnz
  1777  0086  0AD1               	incf	___awmod@dividend+1,f
  1778  0087                     l1548:	
  1779  0087  0851               	movf	___awmod@dividend+1,w
  1780  0088  00CF               	movwf	?___awmod+1
  1781  0089  0850               	movf	___awmod@dividend,w
  1782  008A  00CE               	movwf	?___awmod
  1783  008B  0008               	return
  1784  008C                     __end_of___awmod:	
  1785                           
  1786                           	psect	text120
  1787  00FF                     __ptext120:	
  1788 ;; =============== function ___awmod ends ============
  1789                           
  1790                           
  1791 ;; *************** function ___lmul *****************
  1792 ;; Defined at:
  1793 ;;		line 3 in file "d:\sw\cabide\data\sources\lmul.c"
  1794 ;; Parameters:    Size  Location     Type
  1795 ;;  multiplier      4    2[COMMON] unsigned long 
  1796 ;;  multiplicand    4    6[COMMON] unsigned long 
  1797 ;; Auto vars:     Size  Location     Type
  1798 ;;  product         4   10[COMMON] unsigned long 
  1799 ;; Return value:  Size  Location     Type
  1800 ;;                  4    2[COMMON] unsigned long 
  1801 ;; Registers used:
  1802 ;;		wreg, status,2, status,0
  1803 ;; Tracked objects:
  1804 ;;		On entry : 0/0
  1805 ;;		On exit  : 0/0
  1806 ;;		Unchanged: FFFFF/0
  1807 ;; Data sizes:     COMMON
  1808 ;;      Params:         8
  1809 ;;      Locals:         4
  1810 ;;      Temps:          0
  1811 ;;      Totals:        12
  1812 ;;Total ram usage:       12 bytes
  1813 ;; Hardware stack levels used:    1
  1814 ;; Hardware stack levels required when called:    1
  1815 ;; This function calls:
  1816 ;;		Nothing
  1817 ;; This function is called by:
  1818 ;;		_rand
  1819 ;; This function uses a non-reentrant model
  1820 ;;
  1821  00FF                     ___lmul:	
  1822                           
  1823                           ; Regs used in ___lmul: [wreg+status,2+status,0]
  1824  00FF  01CA               	clrf	___lmul@product
  1825  0100  01CB               	clrf	___lmul@product+1
  1826  0101  01CC               	clrf	___lmul@product+2
  1827  0102  01CD               	clrf	___lmul@product+3
  1828  0103                     l1151:	
  1829  0103  1C42               	btfss	___lmul@multiplier,0
  1830  0104  2919               	goto	l1508
  1831  0105  0846               	movf	___lmul@multiplicand,w
  1832  0106  07CA               	addwf	___lmul@product,f
  1833  0107  0847               	movf	___lmul@multiplicand+1,w
  1834  0108  1103               	clrz
  1835  0109  1803               	skipnc
  1836  010A  3E01               	addlw	1
  1837  010B  1D03               	btfss	3,2
  1838  010C  07CB               	addwf	___lmul@product+1,f
  1839  010D  0848               	movf	___lmul@multiplicand+2,w
  1840  010E  1103               	clrz
  1841  010F  1803               	skipnc
  1842  0110  3E01               	addlw	1
  1843  0111  1D03               	btfss	3,2
  1844  0112  07CC               	addwf	___lmul@product+2,f
  1845  0113  0849               	movf	___lmul@multiplicand+3,w
  1846  0114  1103               	clrz
  1847  0115  1803               	skipnc
  1848  0116  3E01               	addlw	1
  1849  0117  1D03               	btfss	3,2
  1850  0118  07CD               	addwf	___lmul@product+3,f
  1851  0119                     l1508:	
  1852  0119  1003               	clrc
  1853  011A  0DC6               	rlf	___lmul@multiplicand,f
  1854  011B  0DC7               	rlf	___lmul@multiplicand+1,f
  1855  011C  0DC8               	rlf	___lmul@multiplicand+2,f
  1856  011D  0DC9               	rlf	___lmul@multiplicand+3,f
  1857  011E  1003               	clrc
  1858  011F  0CC5               	rrf	___lmul@multiplier+3,f
  1859  0120  0CC4               	rrf	___lmul@multiplier+2,f
  1860  0121  0CC3               	rrf	___lmul@multiplier+1,f
  1861  0122  0CC2               	rrf	___lmul@multiplier,f
  1862  0123  0845               	movf	___lmul@multiplier+3,w
  1863  0124  0444               	iorwf	___lmul@multiplier+2,w
  1864  0125  0443               	iorwf	___lmul@multiplier+1,w
  1865  0126  0442               	iorwf	___lmul@multiplier,w
  1866  0127  1D03               	skipz
  1867  0128  2903               	goto	l1151
  1868  0129  084D               	movf	___lmul@product+3,w
  1869  012A  00C5               	movwf	?___lmul+3
  1870  012B  084C               	movf	___lmul@product+2,w
  1871  012C  00C4               	movwf	?___lmul+2
  1872  012D  084B               	movf	___lmul@product+1,w
  1873  012E  00C3               	movwf	?___lmul+1
  1874  012F  084A               	movf	___lmul@product,w
  1875  0130  00C2               	movwf	?___lmul
  1876  0131  0008               	return
  1877  0132                     __end_of___lmul:	
  1878                           
  1879                           	psect	text121
  1880  017A                     __ptext121:	
  1881 ;; =============== function ___lmul ends ============
  1882                           
  1883                           
  1884 ;; *************** function _srand *****************
  1885 ;; Defined at:
  1886 ;;		line 8 in file "d:\sw\cabide\data\sources\rand.c"
  1887 ;; Parameters:    Size  Location     Type
  1888 ;;  x               2    2[COMMON] unsigned int 
  1889 ;; Auto vars:     Size  Location     Type
  1890 ;;		None
  1891 ;; Return value:  Size  Location     Type
  1892 ;;		None               void
  1893 ;; Registers used:
  1894 ;;		wreg
  1895 ;; Tracked objects:
  1896 ;;		On entry : 0/0
  1897 ;;		On exit  : 0/0
  1898 ;;		Unchanged: FFFFF/0
  1899 ;; Data sizes:     COMMON
  1900 ;;      Params:         2
  1901 ;;      Locals:         0
  1902 ;;      Temps:          0
  1903 ;;      Totals:         2
  1904 ;;Total ram usage:        2 bytes
  1905 ;; Hardware stack levels used:    1
  1906 ;; Hardware stack levels required when called:    1
  1907 ;; This function calls:
  1908 ;;		Nothing
  1909 ;; This function is called by:
  1910 ;;		_rand
  1911 ;; This function uses a non-reentrant model
  1912 ;;
  1913  017A                     _srand:	
  1914                           
  1915                           ; Regs used in _srand: [wreg]
  1916  017A  0842               	movf	srand@x,w
  1917  017B  00E2               	movwf	_randx
  1918  017C  0843               	movf	srand@x+1,w
  1919  017D  00E3               	movwf	_randx+1
  1920  017E  01E4               	clrf	_randx+2
  1921  017F  01E5               	clrf	_randx+3
  1922  0180  01E7               	clrf	_randf
  1923  0181  0AE7               	incf	_randf,f
  1924  0182  0008               	return
  1925  0183                     __end_of_srand:	
  1926                           
  1927                           	psect	text122
  1928  0183                     __ptext122:	
  1929 ;; =============== function _srand ends ============
  1930                           
  1931                           
  1932 ;; *************** function _PA4_Level_Change_INITIAL *****************
  1933 ;; Defined at:
  1934 ;;		line 87 in file "random.C"
  1935 ;; Parameters:    Size  Location     Type
  1936 ;;		None
  1937 ;; Auto vars:     Size  Location     Type
  1938 ;;		None
  1939 ;; Return value:  Size  Location     Type
  1940 ;;		None               void
  1941 ;; Registers used:
  1942 ;;		wreg
  1943 ;; Tracked objects:
  1944 ;;		On entry : 20/0
  1945 ;;		On exit  : 20/20
  1946 ;;		Unchanged: FFFDF/0
  1947 ;; Data sizes:     COMMON
  1948 ;;      Params:         0
  1949 ;;      Locals:         0
  1950 ;;      Temps:          0
  1951 ;;      Totals:         0
  1952 ;;Total ram usage:        0 bytes
  1953 ;; Hardware stack levels used:    1
  1954 ;; Hardware stack levels required when called:    1
  1955 ;; This function calls:
  1956 ;;		Nothing
  1957 ;; This function is called by:
  1958 ;;		_main
  1959 ;; This function uses a non-reentrant model
  1960 ;;
  1961  0183                     _PA4_Level_Change_INITIAL:	
  1962                           
  1963                           ;random.C: 88: TRISA4 =1;
  1964                           
  1965                           ; Regs used in _PA4_Level_Change_INITIAL: [wreg]
  1966  0183  1683               	bsf	3,5	;RP0=1, select bank1
  1967  0184  1605               	bsf	5,4
  1968                           
  1969                           ;random.C: 89: ReadAPin = PORTA;
  1970  0185  1283               	bcf	3,5	;RP0=0, select bank0
  1971  0186  0805               	movf	5,w	;volatile
  1972                           
  1973                           ;random.C: 90: PAIF =0;
  1974  0187  100B               	bcf	11,0
  1975                           
  1976                           ;random.C: 91: IOCA4 =1;
  1977  0188  1683               	bsf	3,5	;RP0=1, select bank1
  1978  0189  1616               	bsf	22,4
  1979                           
  1980                           ;random.C: 92: PAIE =1;
  1981  018A  158B               	bsf	11,3
  1982  018B  0008               	return
  1983  018C                     __end_of_PA4_Level_Change_INITIAL:	
  1984                           
  1985                           	psect	text123
  1986  0147                     __ptext123:	
  1987 ;; =============== function _PA4_Level_Change_INITIAL ends ============
  1988                           
  1989                           
  1990 ;; *************** function _POWER_INITIAL *****************
  1991 ;; Defined at:
  1992 ;;		line 33 in file "random.C"
  1993 ;; Parameters:    Size  Location     Type
  1994 ;;		None
  1995 ;; Auto vars:     Size  Location     Type
  1996 ;;		None
  1997 ;; Return value:  Size  Location     Type
  1998 ;;		None               void
  1999 ;; Registers used:
  2000 ;;		wreg, status,2
  2001 ;; Tracked objects:
  2002 ;;		On entry : 17F/0
  2003 ;;		On exit  : 17F/0
  2004 ;;		Unchanged: FFE80/0
  2005 ;; Data sizes:     COMMON
  2006 ;;      Params:         0
  2007 ;;      Locals:         0
  2008 ;;      Temps:          0
  2009 ;;      Totals:         0
  2010 ;;Total ram usage:        0 bytes
  2011 ;; Hardware stack levels used:    1
  2012 ;; Hardware stack levels required when called:    1
  2013 ;; This function calls:
  2014 ;;		Nothing
  2015 ;; This function is called by:
  2016 ;;		_main
  2017 ;; This function uses a non-reentrant model
  2018 ;;
  2019  0147                     _POWER_INITIAL:	
  2020                           
  2021                           ; Regs used in _POWER_INITIAL: [wreg+status,2]
  2022  0147  3021               	movlw	33
  2023  0148  1683               	bsf	3,5	;RP0=1, select bank1
  2024  0149  008F               	movwf	15	;volatile
  2025                           
  2026                           ;random.C: 34: INTCON = 0;
  2027  014A  018B               	clrf	11	;volatile
  2028                           
  2029                           ;random.C: 35: PORTA = 0B00000000;
  2030  014B  1283               	bcf	3,5	;RP0=0, select bank0
  2031  014C  0185               	clrf	5	;volatile
  2032                           
  2033                           ;random.C: 36: TRISA = 0B00010000;
  2034  014D  3010               	movlw	16
  2035  014E  1683               	bsf	3,5	;RP0=1, select bank1
  2036  014F  0085               	movwf	5	;volatile
  2037                           
  2038                           ;random.C: 37: OPTION = 0B10001000;
  2039  0150  3088               	movlw	136
  2040  0151  0081               	movwf	1	;volatile
  2041                           
  2042                           ;random.C: 38: WPUA = 0B00000000;
  2043  0152  0195               	clrf	21	;volatile
  2044                           
  2045                           ;random.C: 39: MSCKCON = 0B00010000;
  2046  0153  3010               	movlw	16
  2047  0154  1283               	bcf	3,5	;RP0=0, select bank0
  2048  0155  009B               	movwf	27	;volatile
  2049  0156  0008               	return
  2050  0157                     __end_of_POWER_INITIAL:	
  2051                           
  2052                           	psect	text124
  2053  0157                     __ptext124:	
  2054 ;; =============== function _POWER_INITIAL ends ============
  2055                           
  2056                           
  2057 ;; *************** function _ISR *****************
  2058 ;; Defined at:
  2059 ;;		line 44 in file "random.C"
  2060 ;; Parameters:    Size  Location     Type
  2061 ;;		None
  2062 ;; Auto vars:     Size  Location     Type
  2063 ;;		None
  2064 ;; Return value:  Size  Location     Type
  2065 ;;		None               void
  2066 ;; Registers used:
  2067 ;;		wreg
  2068 ;; Tracked objects:
  2069 ;;		On entry : 0/0
  2070 ;;		On exit  : 0/0
  2071 ;;		Unchanged: FFFDF/0
  2072 ;; Data sizes:     COMMON
  2073 ;;      Params:         0
  2074 ;;      Locals:         0
  2075 ;;      Temps:          2
  2076 ;;      Totals:         2
  2077 ;;Total ram usage:        2 bytes
  2078 ;; Hardware stack levels used:    1
  2079 ;; This function calls:
  2080 ;;		Nothing
  2081 ;; This function is called by:
  2082 ;;		Interrupt level 1
  2083 ;; This function uses a non-reentrant model
  2084 ;;
  2085  0157                     _ISR:	
  2086                           
  2087                           ;random.C: 46: if(PAIE && PAIF)
  2088  0157  198B               	btfsc	11,3
  2089  0158  1C0B               	btfss	11,0
  2090  0159  2960               	goto	i1l447
  2091                           
  2092                           ;random.C: 47: {
  2093                           ;random.C: 48: ReadAPin = PORTA;
  2094  015A  1283               	bcf	3,5	;RP0=0, select bank0
  2095  015B  0805               	movf	5,w	;volatile
  2096                           
  2097                           ;random.C: 49: PAIF = 0;
  2098  015C  100B               	bcf	11,0
  2099                           
  2100                           ;random.C: 50: PAIE = 0;
  2101  015D  118B               	bcf	11,3
  2102                           
  2103                           ;random.C: 51: IOCA4 =0;
  2104  015E  1683               	bsf	3,5	;RP0=1, select bank1
  2105  015F  1216               	bcf	22,4
  2106  0160                     i1l447:	
  2107  0160  0841               	movf	??_ISR+1,w
  2108  0161  008A               	movwf	10
  2109  0162  0E40               	swapf	??_ISR^(0+-128),w
  2110  0163  0083               	movwf	3
  2111  0164  0EFE               	swapf	126,f
  2112  0165  0E7E               	swapf	126,w
  2113  0166  0009               	retfie
  2114  0167                     __end_of_ISR:	
  2115                           
  2116                           	psect	intentry
  2117  0004                     __pintentry:	
  2118                           ; Regs used in _ISR: [wreg]
  2119                           
  2120  0004                     interrupt_function:	
  2121  007E                     saved_w	set	btemp
  2122  0004  00FE               	movwf	btemp
  2123  0005  0E03               	swapf	3,w
  2124  0006  00C0               	movwf	??_ISR
  2125  0007  080A               	movf	10,w
  2126  0008  00C1               	movwf	??_ISR+1
  2127  0009  2957               	ljmp	_ISR
  2128                           
  2129                           	psect	text125
  2130  0000                     __ptext125:	
  2131 ;; =============== function _ISR ends ============
  2132                           
  2133  007E                     btemp	set	126	;btemp
  2134  007E                     wtemp0	set	126


HI-TECH Software PICC Macro Assembler V9.83 build 10920 
Symbol Table                                                                                   Tue Feb 11 21:28:41 2025

                                _C 0018                                  _Z 001A  
                               _DC 0019                                 _HC 0019  
                               _GO 00F9                                 _RD 04E0  
                               _RP 001D                                 _WR 04E8  
                              l443 0000                                l453 0000  
                              l470 0000                                _CM0 00C8  
                              _CM1 00C9                                l480 00FA  
                              _CM2 00CA                                l482 0000  
                              l459 0000                                l475 00E8  
                              l485 00FD                                l486 0000  
                              l489 0000                                _CIS 00CB  
                              _PA0 0028                                _PA1 0029  
                              _GIE 005F                                _PA2 002A  
                              _PA3 002B                                _PA4 002C  
                              _PA5 002D                                _RA0 0028  
                              _RA1 0029                                _RA2 002A  
                              _RA3 002B                                _RC0 0038  
                              _RA4 002C                                _RC1 0039  
                              _RA5 002D                                _RC2 003A  
                              _RC3 003B                                _RC4 003C  
                              _RC5 003D                                _IOC 0096  
                              u105 0072                                _FSR 0004  
                              _PCL 0002                                _PR2 0092  
                              _PS0 0408                                _PS1 0409  
                              _PS2 040A                                _RP0 001D  
                              _IRP 001F                                _RP1 001E  
                              _HTS 047A                                _ISR 0157  
                              _SCS 0478                                _PSA 040B  
                              _LTS 0479                                _VR0 04C8  
                              _VR1 04C9                                _VR2 04CA  
                              _VR3 04CB                                _VRR 04CD  
                              _WPU 0095                                _nPD 001B  
                              _nPF 001B                                _nTF 001C  
                              _nTO 001C                                _num 0066  
                     ___awmod@sign 0053                               ?_ISR 0040  
                             _C1IE 0463                               _C1IF 0063  
                             l1063 0000                               l1151 0103  
                             _C2IE 0464                               _C2IF 0064  
                             l1154 0000                               l1066 0093  
                             l1067 0000                               l1500 0000  
                             l1502 0000                               l1510 0000  
                             l1504 0000                               l1600 0000  
                             l1522 0000                               l1610 0000  
                             l1602 0000                               l1508 0119  
                             l1524 0059                               l1516 0000  
                             l1620 00EB                               l1612 0000  
                             l1470 0000                               l1294 0000  
                             l1542 0000                               l1518 0000  
                             l1622 0000                               l1614 0000  
                             l1472 0000                               l1536 006C  
                             l1544 007F                               l1528 0060  
                             l1552 0000                               l1632 00F3  
                             l1624 0000                               l1608 00E1  
                             l1640 0000                               l1474 0000  
                             l1490 0000                               l1546 0000  
                             l1554 0000                               l1562 0000  
                             l1570 0000                               l1634 0000  
                             l1626 0000                               l1642 0000  
                             l1476 0000                               l1468 0000  
                             l1492 0000                               l1548 0087  
                             l1556 0173                               l1572 0169  
                             l1636 0000                               l1660 0000  
                             l1644 0000                               l1494 0000  
                             l1558 0000                               l1566 0000  
                             l1574 0000                               l1590 0000  
                             l1638 00CD                               l1582 0000  
                             l1646 0010                               l1496 0000  
                             l1576 0000                               l1584 0000  
                             l1672 0000                               l1680 0037  
                             l1648 0000                               l1498 0000  
                             l1578 0000                               l1586 0000  
                             l1690 0000                               l1674 0000  
                             l1666 0000                               l1658 0019  
                             l1596 00D7                               l1692 0000  
                             l1684 0000                               l1676 0000  
                             l1668 0028                               l1598 0000  
                             l1694 0049                               l1678 0035  
                             l1696 0000                               l1688 0000  
                             l1698 0000                               _ADIE 0466  
                             _ADIF 0066                               _ADFM 00FF  
                             _ADON 00F8                               _P1M0 00AE  
                             _CHS0 00FA                               _P1M1 00AF  
                             _CHS1 00FB                               _CHS2 00FC  
                             _EEIE 0467                               _EEIF 0067  
                             _ANS0 0488                               _ANS1 0489  
                             _ANS2 048A                               _ANS3 048B  
                             _ANS4 048C                               _ANS5 048D  
                             _ANS6 048E                               _ANS7 048F  
                             _T0IE 005D                               _T0IF 005A  
                             _T0CS 040D                               _IOC0 04B0  
                             _T1IE 0460                               _IOC1 04B1  
                             _IOC2 04B2                               _T1IF 0060  
                             _IOC3 04B3                               _IOC4 04B4  
                             _T2IE 0461                               _IOC5 04B5  
                             _T2IF 0061                               _PDC0 00B0  
                             _PDC1 00B1                               _PDC2 00B2  
                             _PDC3 00B3                               _PDC4 00B4  
                             _IOCA 0096                               _T0SE 040C  
                             _PDC5 00B5                               _PDC6 00B6  
                             _INDF 0000                               _PAGE 001D  
                             _PAIE 005B                               _PAIF 0058  
                             _PIE1 008C                               _RAIE 005B  
                             _PEIE 005E                               _RAIF 0058  
                             _INTE 005C                               _INTF 0059  
                             _PCON 008E                               _PIR1 000C  
                             _VCFG 00FE                               _TMR0 0001  
                             _TMR1 000E                               _TMR2 0011  
                             _OSTS 047B                               _TUN0 0480  
                             _TUN1 0481                               _TUN2 0482  
                             _TUN3 0483                               _TUN4 0484  
                             _VREN 04CF                               _WPU0 04A8  
                             _WPU1 04A9                               _WPU2 04AA  
                             _WPU4 04AC                               _WPU5 04AD  
                             _ZERO 001A                               _WREN 04E2  
                             _WPUA 0095                               _nBOD 0470  
                             _nBOR 0470                               _nPOR 0471  
                             _main 000B                               _rand 008C  
                             btemp 007E                               start 000A  
                  __end_of_DelayMs 0171                    __end_of_DelayUs 017A  
                            ??_ISR 0040                              _C1INV 00CC  
                            _DC1B0 00AC                              _DC1B1 00AD  
                            _C2INV 00CD                              _C1OUT 00CE  
                            _C2OUT 00CF                              _ADCS0 04FC  
                            _ADCS1 04FD                              _ADCS2 04FE  
                            ?_main 0040                              ?_rand 0054  
                            _EEADR 009B                              _CCPR1 0013  
                            _EEDAT 009A                    __end_of___awmod 008C  
                            _CARRY 0018                              _ANSEL 0091  
                            _T1CON 0010                              _IOCA0 04B0  
                            _IOCA1 04B1                              _T2CON 0012  
                            _IOCA2 04B2                              _IOCA3 04B3  
                            _IOCA4 04B4                              _IOCA5 04B5  
                            _T1GSS 00D1                              _IRCF0 047C  
                            _IRCF1 047D                              _IRCF2 047E  
                            _LFMOD 047F                              i1l447 0160  
                            _SFR00 0000                              _SFR01 0001  
                            _SFR10 0010                              _SFR02 0002  
                            _SFR11 0011                              _SFR03 0003  
                            _SFR12 0012                              _SFR04 0004  
                            _SFR13 0013                              _SFR05 0005  
                            _SFR14 0014                              _SFR06 0006  
                            _SFR15 0015                              _SFR07 0007  
                            _SFR16 0016                              _SFR08 0008  
                            _SFR17 0017                              _SFR09 0009  
                            _SFR18 0018                              _SFR19 0019  
                            _SFR80 0080                              _SFR81 0081  
                            _SFR0A 000A                              _SFR90 0090  
                            _SFR82 0082                              _SFR0B 000B  
                            _SFR91 0091                              _SFR83 0083  
                            _SFR1A 001A                              _SFR0C 000C  
                            _SFR84 0084                              _SFR0D 000D  
                            _SFR92 0092                              _SFR1B 001B  
                            _SFR93 0093                              _SFR0E 000E  
                            _SFR85 0085                              _SFR1C 001C  
                            _SFR94 0094                              _SFR86 0086  
                            _SFR0F 000F                              _SFR1D 001D  
                            _SFR87 0087                              _SFR1E 001E  
                            _SFR95 0095                              _SFR88 0088  
                            _SFR1F 001F                              _SFR96 0096  
                            _SFR97 0097                              _SFR89 0089  
                            _SFR98 0098                              _SFR99 0099  
                            _SFR8A 008A                              _SFR8B 008B  
                            _SFR9A 009A                              _SFR8C 008C  
                            _SFR8D 008D                              _SFR9B 009B  
                            _SFR9C 009C                              _SFR8E 008E  
                            _SFR9D 009D                              _SFR8F 008F  
                            _SFR9E 009E                              _SFR9F 009F  
                            _OSFIE 0462                              _OSFIF 0062  
                  __end_of_address 0147                              _TMR1H 000F  
                            _TMR1L 000E                              _PORTA 0005  
                            _PORTC 0007                              _PRSEN 00B7  
                            _TRISA 0085                              _TRISC 0087  
                            _WREN1 04E2                              _WREN2 04E4  
                            _WREN3 04E5                              _VRCON 0099  
                            _WPUA0 04A8                              _WPUA1 04A9  
                            _WPUA2 04AA                              _WPUA4 04AC  
                            _WPUA5 04AD                              _WRERR 04E3  
                            _WByte 00C6                ___lmul@multiplicand 0046  
                            _nDONE 00F9                              _nPAPU 040F  
                            _nRAPU 040F                              _randf 0067  
                            _randx 0062                              _srand 017A  
                            main@i 0060                              pclath 000A  
                            status 0003                              wtemp0 007E  
                     __end_of_main 004F                       __end_of_rand 00C6  
                           ??_main 005E                             ??_rand 0056  
                           ?_WByte 0040                             _C2SYNC 00D0  
                           _ADCON0 001F                             _ADCON1 009F  
                           _CCP1M0 00A8                             _CCP1M1 00A9  
                           _CCP1M2 00AA                             _CCP1M3 00AB  
                           _CCP1IE 0465                             _CCP1IF 0065  
                           _ADRESH 001E                             _ADRESL 009E  
                           _EEDATA 009A                             _ECCPAS 0017  
                           _ECCPIE 0465                             _ECCPIF 0065  
                           _CCPR1H 0014                             _CCPR1L 0013  
                           _EECON1 009C                             _EECON2 009D  
                           _CMCON0 0019                             _CKCNTI 00D9  
                           _CMCON1 001A                             ?_srand 0042  
                           _CKMAVG 00DA                             _HFIOFR 047A  
                           _T1GINV 0087                             _LFIOFR 0479  
                           i1l1484 0000                             i1l1486 0000  
                           i1l1478 0000                             i1l1488 0000  
                           _INTEDG 040E                             _PCLATH 000A  
                           _INTCON 000B                          ??_DelayMs 0044  
                        ??_DelayUs 0042                             _SBODEN 0474  
                           _SBOREN 0474                             _OSCCON 008F  
                           _TMR1GE 0086                             _TMR0IE 005D  
                           _TMR0IF 005A                             _TMR1IE 0460  
                           _TMR1IF 0060                             _TMR1CS 0081  
                           _TMR2IE 0461                             _TMR2IF 0061  
                           _PSSAC0 00BA                             _PSSAC1 00BB  
                           _PSSBD0 00B8                             _PSSBD1 00B9  
                           _OPTION 0081                             _TMR1ON 0080  
                           _TMR2ON 0092         ??_PA4_Level_Change_INITIAL 0042  
                           _WDTCON 0018                             _WDTPS0 00C1  
                           _WDTPS1 00C2                             _WDTPS2 00C3  
                           _WDTPS3 00C4                             WByte@a 0048  
                           _TRISA0 0428                             _TRISA1 0429  
                           _TRISA2 042A                             _TRISA3 042B  
                           _TRISC0 0438                             _TRISA4 042C  
                           _TRISC1 0439                             _TRISA5 042D  
                           _TRISC2 043A                             WByte@i 0047  
                           _TRISC3 043B                             _TRISC4 043C  
                           _TRISC5 043D                             _SLVREN 00DC  
                           _STATUS 0003                             _SWDTEN 00C0  
                           _ULPWUE 0475                             ___lmul 00FF  
                        ??___awmod 0052                          ??_address 005C  
                  ___awmod@divisor 004E                    ___awmod@counter 0052  
                    main@sleepflag 005E                             saved_w 007E  
                           srand@x 0042              __end_of_POWER_INITIAL 0157  
                    __end_of_WByte 00FF                     __pcstackCOMMON 0040  
                    __end_of_srand 0183                            ??_WByte 0046  
                          ??_srand 0044                         __pnvCOMMON 0068  
                       __pmaintext 000B                            ?___lmul 0042  
                       __pintentry 0004                            _CCP1CON 0015  
                          _ECCPAS0 00BC                            _ECCPAS1 00BD  
                          _ECCPAS2 00BE                     ___lmul@product 004A  
                          _ECCPASE 00BF                            _CKMEAIE 0466  
                          _CKMEAIF 0066                            _T1CKPS0 0084  
                          _T1CKPS1 0085                            _T2CKPS0 0090  
                          _T2CKPS1 0091                            _T1OSCEN 0083  
                          _GO_DONE 00F9                            _MSCKCON 001B  
                          _OSCTUNE 0090                            _PWM1CON 0016  
                          _SOSCPRH 001D                            _SOSCPRL 001C  
                          _TOUTPS0 0093                            _TOUTPS1 0094  
                          _TOUTPS2 0095                            _TOUTPS3 0096  
                          _DelayMs 0167                            _DelayUs 0171  
                          _nT1SYNC 0082                    __size_of___lmul 0033  
                          ___awmod 004F                            _address 0132  
                     __size_of_ISR 0010                          _T2CONbits 0012  
                 ___awmod@dividend 0050               end_of_initialization 0192  
                        _PORTAbits 0005                       _Key_Old_Data 0068  
                        _TRISAbits 0085                     __end_of___lmul 0132  
__size_of_PA4_Level_Change_INITIAL 0009          ?_PA4_Level_Change_INITIAL 0040  
              start_initialization 018C                        __end_of_ISR 0167  
                         ??___lmul 004A             __size_of_POWER_INITIAL 0010  
                      __pbssCOMMON 0062                           ?_DelayMs 0040  
                         ?_DelayUs 0040                          __ptext120 00FF  
                        __ptext121 017A                          __ptext113 0000  
                        __ptext122 0183                          __ptext114 00C6  
                        __ptext123 0147                          __ptext115 0132  
                        __ptext124 0157                          __ptext116 0167  
                        __ptext125 0000                          __ptext117 008C  
                        __ptext118 0171                          __ptext119 004F  
                         ?___awmod 004E                           ?_address 005A  
                   __size_of_WByte 0039                     __size_of_srand 0009  
                interrupt_function 0004                      _POWER_INITIAL 0147  
                         _IOCAbits 0096                           DelayMs@a 0045  
                         DelayUs@a 0043                           _PIE1bits 008C  
                         _PCONbits 008E                           _PIR1bits 000C  
                         _GO_nDONE 00F9                           _WPUAbits 0095  
                ___lmul@multiplier 0042                        DelayMs@Time 0044  
                   ?_POWER_INITIAL 0040                        DelayUs@Time 0042  
                 __size_of_DelayMs 000A                   __size_of_DelayUs 0009  
                       _EECON1bits 009C   __end_of_PA4_Level_Change_INITIAL 018C  
                       _EECON2bits 009D                   __size_of___awmod 003D  
                 __size_of_address 0015                        _MSCKCONbits 001B  
                         address@b 005C                      __size_of_main 0044  
                    __size_of_rand 003A                         _PCLATHbits 000A  
                       _INTCONbits 000B                    ??_POWER_INITIAL 0042  
                         intlevel1 0000                         _OSCCONbits 008F  
         _PA4_Level_Change_INITIAL 0183                         _OPTION_REG 0081  
                      _SOSCPRHbits 001D                         _OPTIONbits 0081  
                       _WDTCONbits 0018                         WByte@input 0046  
                       _STATUSbits 0003  
