:020000040800F2
:10000000A0F9001045030008513101080D1701083F
:100010004D31010811FA0008795301080000000071
:10002000000000000000000000000000570300086E
:1000300081FC0008000000005B030008894E0108F5
:100040005F0300085F0300085F0300085F03000808
:100050005F0300085F0300085F0300085F030008F8
:100060005F0300085F03000829FD00085F03000824
:100070005F0300085F0300085F0300085F030008D8
:100080005F0300085F0300085F0300085F030008C8
:100090005F0300085F0300085F030008B1FE00086B
:1000A0005F0300085F0300085F0300085F030008A8
:1000B0005F0300085F0300085F0300085F03000898
:1000C0005F0300085F0300085F0300085F03000888
:1000D0005F0300085F0300085F0300085F03000878
:1000E00085FC00085F0300085F0300085F03000849
:1000F0005F0300085F0300085F0300085F03000858
:100100005F0300085F0300085F0300085F03000847
:100110005F0300085F030008995001085F030008AF
:100120005F0300085F0300085F0300085F03000827
:100130005F0300085F0300085F0300085F03000817
:100140005F0300085F0300085F0300085F03000807
:100150005F0300085F0300085F0300085F030008F7
:100160005F0300085F0300085F0300085F030008E7
:100170005F0300085F0300085F0300080000000041
:100180005F0300085F0300085F0300085F030008C7
:100190005F0300085F0300085F0300080000000021
:1001A0005F0300085F0300085F03000800F002F827
:1001B00000F0B9F814A696E8000CB244B344DA454E
:1001C00001D100F0B0F8BAE80F000FA696E83000B1
:1001D000A5EB040504EB0607AAEB0704A7F101074A
:1001E0004FEA15154FEA3414A4F10104AC4201D3CF
:1001F00000F099F813F0010F18BFFB1A43F0010348
:1002000000F001F8DBE71847443E0200843E02009C
:100210000A444FF0000C10F8013B13F0070408BF2C
:1002200010F8014B1D1108BF10F8015B641E05D0CA
:1002300010F8016B641E01F8016BF9D113F0080F7F
:100240001EBF10F8014BAD1C0C1B09D16D1E58BF11
:1002500001F801CBFAD505E014F8016B01F8016B48
:100260006D1EF9D59142D6D370470000103A24BFD5
:1002700078C878C1FAD8520724BF30C830C144BF0B
:1002800004680C60704700007047000000230024E1
:1002900000250026103A28BF78C1FBD8520728BF96
:1002A00030C148BF0B6070476E2900F095817029FE
:1002B00000F0628266291FF0F084692900F0508105
:1002C000642900F04D81752900F04A816F2900F002
:1002D000F581782900F043820368DB0928BF41F0EB
:1002E0008001632900F0AD86732900F0B286E3290E
:1002F00000F0BD86F32900F0C286002070471FB5CC
:100300001FF0B9FC00F0ECFE0400002000211EF0FC
:10031000C1FE401C6060002000211EF0A5FEE060D0
:100320001FBD10B510BD00F0DBFF1146FFF7E7FF62
:1003300017F048FF00F0F9FF03B4FFF7F2FF03BC2A
:1003400001F03CF80948804709480047FEE7FEE70E
:10035000FEE7FEE7FEE7FEE7FEE7FEE7FEE7FEE775
:1003600004480549054A064B704700008D4E0108B8
:10037000AD010008A8F50A20A0F90010A8F90A208C
:10038000A0F5001053EA020C00F069802DE9F04B53
:100390004FF00006002B1FBFB3FA83F503FA05F4F4
:1003A00024FA05F65E4012BF1643B2FA82F502FA4D
:1003B00005F4C5F120051EBF22FA05FC44EA0C0431
:1003C000203556EA044C4FEA144418BF641C4FF021
:1003D00000084FF00009904271EB030C39D300295B
:1003E00019BFB1FA81F701FA07F6B0FA80F700FAFF
:1003F00007F6C7F120071EBF20FA07FC46EA0C06E5
:100400002037B6FBF4FCA7EB0507103F07F01F0BE6
:10041000CBF120062CFA06F60CFA0BFB44BFB346D0
:100420000026202FA4BF5E464FF0000B5BEA060CAF
:1004300008BF4FF0010B19EB0B0948EB0608ABFBAB
:10044000027C06FB02CC0BFB03CCC01B71EB0C0146
:10045000C1E70B46024641464846BDE8F08B13B55E
:10046000084318BF4FF0FF300146AFF30080BDE8EE
:100470001C4070470FB41CB5074B06AA7B44694665
:100480000090059800F0BBFD0020694600F0CAFD11
:100490001CBC5DF814FB0000A50B000070B5044601
:1004A00085690068C10601D5302600E02026C00716
:1004B00007D070BDD4E9012130469047206A401C26
:1004C00020626D1EF6D570BD70B504468569007852
:1004D000C00707D170BDD4E9012120209047206AD0
:1004E000401C20626D1EF6D570BD09684A0501D515
:1004F00040B27047C905FCD500B2704709684A058B
:1005000001D5C0B27047C905FCD580B2704770B53F
:100510000C460546012A05D02878800600D5EA69F0
:10052000002302E0012305E05B1C934202D2E05C61
:100530000028F9D1A869E618C01AA861286A1844E9
:1005400028622846FFF7AAFF04E0D5E9012114F844
:10055000010B9047B442F8D32846FFF7B5FF70BDB2
:100560002DE9F0410646002410687529314616A58C
:1005700010D0FFF7BAFF002802DA404213A507E0C7
:1005800031688A0701D512A502E0490704D511A5F3
:10059000012401E0FFF7B2FF00210A2206F124073F
:1005A00009E0B0FBF2FCB0FBF2F302FB1C003030C0
:1005B00078541846491C0028F3D123462A46304671
:1005C000BDE8F04100F0AEBA000000002D000000D0
:1005D0002B0000002000000011680268006A53052B
:1005E00001D508700AE0D30501D5088006E013069E
:1005F00003D5C217C1E9000200E00860012070477E
:100600002DE9FF5F15468A460446DFF8AC80F844C2
:100610000027D8E900103E46CDE9001010E03AF876
:1006200016106A4602A800F02EFD411C07D0217862
:10063000890603D5E269391891420DD80744761C22
:100640002078800602D5E069B84205DDAE42E6DBDF
:100650003AF816000028E2D1A069C01BA06120462C
:10066000FFF71CFFD8E90010CDE90010002017E0CB
:100670003AF818106A4602A800F005FDB0F1FF3FF5
:1006800081460BD000250DF1080B05E0D4E90121CE
:100690001BF8050090476D1C4D45F7D308F101008C
:1006A000B0428046E4DB206A384420622046FFF7EF
:1006B0000BFFBDE8FF9F00008EF6010070B50446F9
:1006C00021461068FFF71AFF002104F1240505E018
:1006D00000F007023032C0086A54491C0028F7D1E4
:1006E0002068002308A2050708D500F02000084371
:1006F00004D0E069012305A2401EE0612046BDE868
:10070000704000F00FBA0000000000003000000050
:10071000F0B40D460188090502D51B4C7C4402E06B
:10072000194C7C440E34002100F1240305E002F052
:100730000F061209A65D5E54491C002AF7D1027803
:100740000023120704D5702D06D009B102231134FD
:100750002246F0BC00F0E6B901231034F8E770B58A
:1007600004460D4621461068FFF7C8FE024629469A
:100770002046BDE87040CBE70368126843F02003D1
:1007800003600823C361C3E788F501002DE9F05F2A
:10079000894604464FF0000ADFF874B1FB44C0F804
:1007A00020A02046E1688847002874D0252806D07C
:1007B000D4E901219047206A401C2062F1E700261D
:1007C0005F462046E16888472028054607DB312D33
:1007D00005D2781910F8200C08B10643F1E7B007EC
:1007E00001D526F00406C4F81CA00027C4F818A000
:1007F0002A2D09D028461EF023FC38B304EB8708C5
:10080000303DC8F8185019E059F8041B204604EB95
:1008100087029161E1688847012F054618D1E06998
:10082000002820DA26F020061DE0D8F8180000EB9A
:10083000800005EB40003038C8F818002046E16819
:10084000884705461EF0FCFB0028EED1012F0AD098
:100850002E2D08D12046E16888477F1C0546022FCF
:1008600046F02006C4DBA069002803DA404246F0C7
:100870000106A061F00701D026F010066C2D0BD008
:10088000682D09D04C2D39D06A2D35D0742D35D036
:100890007A2D33D016E038E0E1682F4620468847AD
:1008A000B842054609D16C2F26D04FF48060E1682C
:1008B000064320468847054604E06C2F1AD04FF4C3
:1008C000807006430DB3A5F14100192802D82035E8
:1008D00046F400664A462946204626604E46FFF703
:1008E000E3FC80B101280BD0F61D26F0070000F1D3
:1008F000080956E74020E4E78020D8E70020D6E743
:1009000006F104094DE7284652E7206ABDE8F09F4A
:1009100030F50100032A40F2308010F0030C00F0A3
:10092000158011F8013BBCF1020F624498BF11F829
:1009300001CB00F8013B38BF11F8013BA2F10402E2
:1009400098BF00F801CB38BF00F8013B11F003035A
:1009500000F02580083AC0F0088051F8043B083ABE
:1009600051F804CBA0E80810F5E7121D5CBF51F860
:10097000043B40F8043BAFF30080D20724BF11F8DA
:10098000013B11F801CB48BF11F8012B24BF00F83F
:10099000013B00F801CB48BF00F8012B704710B5B0
:1009A000203AC0F00B80B1E81850A0E81850B1E828
:1009B0001850A0E81850203ABFF4F5AF5FEA027C67
:1009C00024BFB1E81850A0E8185044BF18C918C097
:1009D000BDE810405FEA827C24BF51F8043B40F838
:1009E000043B08BF7047D20728BF31F8023B48BF1D
:1009F00011F8012B28BF20F8023B48BF00F8012B5B
:100A00007047431A28BF9A427FF6C9AF1044114479
:100A100010F0030F1EBF11F8013D521E00F8013DFA
:100A200010F0030F7FF4F6AF103AC0F00A8010B553
:100A300031E9185020E91850103ABFF4F9AFBDE879
:100A40001040530724BF31E9081020E9081044BFC3
:100A500051F8043D40F8043D12F0030F08BF704701
:100A6000D20728BF31F8023D48BF11F8012C28BF3A
:100A700020F8023D48BF00F8012C704702F0FF0348
:100A800043EA032242EA024200F024B84FF0000297
:100A90000429C0F0128010F0030C00F01B80CCF190
:100AA000040CBCF1020F18BF00F8012BA8BF20F8FE
:100AB000022BA1EB0C0100F00DB85FEAC17C24BF52
:100AC00000F8012B00F8012B48BF00F8012B7047FC
:100AD0004FF0000200B5134694469646203922BFD7
:100AE000A0E80C50A0E80C50B1F12001BFF4F7AF22
:100AF000090728BFA0E80C5048BF0CC05DF804EB04
:100B0000890028BF40F8042B08BF704748BF20F871
:100B1000022B11F0804F18BF00F8012B704770476F
:100B2000704770472DE9F0470D46994692460446B6
:100B300000F124080168880604D5E06921F010015D
:100B4000216000E00120A84201DD471B00E00027F2
:100B5000A1697A1902EB0900081AA0612078C00681
:100B600002D42046FFF79AFC002608E0D4E90121D0
:100B70001AF806009047206A401C761C20624E45F9
:100B8000F4DB2078C0060AD52046FFF787FC06E094
:100B9000D4E9012130209047206A401C2062381E91
:100BA000A7F10107F4DC07E0D4E9012118F80500FA
:100BB0009047206A401C2062281EA5F10105F3DC45
:100BC0002046FFF781FC2078000602D50220BDE810
:100BD000F0870120FBE72DE9FF4F0C461E464FF042
:100BE000FF378BB0D2E90001DDF860800A908A46B9
:100BF000C1F30A5505B93D46002108464FF00000F3
:100C0000BAF1000F00F4400005DA00EB80004FF469
:100C1000400101EA50004FEA9059B9F1010F00DD9F
:100C2000B9460A9850EA4A000ED044F61050A5F290
:100C3000FF3545432F14B8F1000F1ED07542291E11
:100C40001EDDC9F100021CE0B8F1010F4FF00000F9
:100C500001D0302103E0F24305E02154401CB042B2
:100C6000FBDB30460022002121540B99C1F808809B
:100C7000C1E900200FB0BDE8F08FBD1B6D1CDEE7A1
:100C80004A4600DA694206A800F0B4FA06AB93E8D7
:100C9000070003AB83E8070050460A991DF0ECFB00
:100CA0008DE80700A0F500501F3800900398002D34
:100CB0000ADD42F21F014A460844002303A90390BB
:100CC00068461DF055FE09E0A0F500504A461F3861
:100CD000002303A9039068461DF05FFE8DE807001E
:100CE0000004000C03D04FF0FF30410800E0104634
:100CF000B8F1000F03D00022009215461EE0751EC9
:100D000005D400F0F1F9303262556D1EF9D5B346C5
:100D10000122084302D000227F1C04E02078302802
:100D200001D100227F1E002A099784D01DE0112DD9
:100D300007DA00F0D9F9303262556D1C50EA010231
:100D4000F5D1084302D00098C8B10EE00021681E1A
:100D500005E0235C625C63542254401E491C8142BE
:100D6000F7DBAB46A81B401E0990002004F80B00DF
:100D70000B98099AC0F80880C0E9002B7AE7112681
:100D80004FF0000857E72DE9F04F88460446D21D82
:100D900022F0070191B0D1E90001CDE90A011DF06F
:100DA00033FF02460B98C00F01D02D2007E02068CA
:100DB000810701D52B2002E0202101EAC000032A8F
:100DC000099001D0072A05DB03464146204600F082
:100DD000D1F90BE12078800601D5E06900E006201A
:100DE000B8F1650F814606D0B8F1660F18D0B8F19A
:100DF000670F70D131E00020B9F1110F009001DBD5
:100E0000112301E009F101030AAA01A90CA8FFF7C7
:100E1000E2FEDDE90C70002609F10105834647E09A
:100E200001204B4600904FF000470AAA01A90CA8E8
:100E3000FFF7D1FEDDE90DB00C995D46002610B933
:100E400009F101000D18B9EB050003D4C0F1FF361C
:100E500009F10105A5EB09002BE0B9F1010F01DA59
:100E60004FF001090020B9F1110F0090484601DD53
:100E7000112300E003460AAA01A90CA8FFF7ABFE64
:100E8000DDE90C704D4600268346207800070AD421
:100E9000AB4500DA5D4601A8012D04DD411911F8CA
:100EA000011C302907D04F4502DA17F1040F04DA8C
:100EB000012082460FE06D1EEEE7002F02DCED1BE5
:100EC0003E4403E0781CA84200DD7D1CB81B00F105
:100ED000010A4FF000472078000703D4AA4501DB40
:100EE0004FF0FF3A0021B7F1004F0DF143088DF8A4
:100EF000431024D002202B23002F01DA7F422D2320
:100F00000A21021EA0F1010000DC5FB197FBF1FC99
:100F100097FBF1F201FB1C7C17460CF1300C08F832
:100F200001CDEEE7A8F1010003702188090501D584
:100F3000452100E06521A0F1010800F8011C099895
:100F40000FA9A1EB0807FF1D00B10120411901EB1A
:100F5000EA70A1693844081A401EA0612078C006D2
:100F600002D42046FFF79AFA099828B1D4E9012162
:100F70009047206A401C20622078C00622D5204677
:100F8000FFF78CFA1EE0002E04DBB34502DD01A85A
:100F9000805D00E03020D4E901219047206A401CA8
:100FA0002062761CAAF101005FEA000A0AD100F073
:100FB00097F8C0680168405CD4E901219047206A35
:100FC000401C2062281EA5F10105DCDC07E0D4E905
:100FD000012118F8010B9047206A401C2062381E3E
:100FE000A7F10107F3DC2046FFF76EFA032011B0EA
:100FF00041E6000001694A1C02610878704700B5AB
:101000008FB0CDE901310021059105497944CDE941
:10101000031011466846FFF7B9FB0FB000BD000092
:10102000E5FFFFFF0A6802F8010B0A60704710B580
:10103000436913B1AFF3008001E0FFF768FA0120C4
:1010400010BD127800F124010A7000224A700122BA
:10105000EDE711684FF0FF32E9E710B5436913B1CE
:10106000AFF3008001E0FFF7CBFA012010BD12883A
:1010700000F1240182840022C2840122EDE711687C
:101080004FF0FF32E9E72DE9F04116460C460546E0
:1010900000F01EF8036893F80101012807D0FF2C27
:1010A00012D8185D80B101202C70BDE8F081D3F812
:1010B00007013246214603F20713C7182846BC46EB
:1010C000BDE8F041002360474FF0FF30EDE700003E
:1010D00010B500F005F8001D10BD00BFB9DF01001C
:1010E00000487047F806001030B5B0F10A0271F1FF
:1010F00000034FEA900E4EEA817EB0EB0E0061EBEA
:1011000091014FEA101E4EEA017E10EB0E0041EBFA
:1011100011114FEA102E4EEA016E10EB0E0041EB5A
:1011200011214FEA104E4EEA014E10EB0E0041EB3A
:101130001141401841F100014FEAD00040EA4170EE
:101140004FEAD1014FEA810444EA907410EB800524
:1011500044EB01046D1944EB0404521BA3414FF00E
:10116000000348BF0A3200D530BD401C41F10001E8
:1011700030BD00002DE9F0411F46044603260168FA
:10118000072A01F4006004DB08B116A505E016A5E6
:1011900003E008B115A500E015A521F010002060BE
:1011A000A069C01EA0610FB1401EA0612046FFF7DC
:1011B00075F94FB1D4E9012138469047206A401CA7
:1011C0002062C01C206206E0206AFAE7D4E901210F
:1011D00015F8010B9047761EF8D22046FFF774F9F8
:1011E000BDE8F0814E414E006E616E00494E4600F2
:1011F000696E66002DE9F047814616468AB035488B
:1012000078440DC88DE80D0032487844801C03AC4A
:101210000DC884E80D0041F69B300844372190FB4F
:10122000F1F290FBF1F5A5F1800501FB12041B3CE6
:1012300002D56442012000E00020DFF898A080463B
:101240000027FA44AAF1BE0A0EE0E0070AD03246AF
:10125000684607EB470101230AEB81011DF09DFB66
:101260008DE8070064107F1C002CEED1194F7F44DD
:10127000AE3F19E0E80715D007EB04100DF1180A8E
:1012800090E80E008AE80E00C068F04201D198197B
:1012900008903246012306A903A81DF07EFB03AB8C
:1012A00083E807006D10641C002DE3D14FF00103AB
:1012B00032466946B8F1000F03A802D01DF058FB72
:1012C00001E01DF06AFBC9E90001C9F808200AB075
:1012D000BDE8F087F8EB010000487047D806001021
:1012E0007546FFF7F9FFAE4605006946534620F004
:1012F0000700854618B020B5FFF732F8BDE820405A
:101300004FF000064FF000074FF000084FF0000BC1
:10131000AC46ACE8C009ACE8C009ACE8C009ACE830
:10132000C00921F007018D46704710B50446AFF3A0
:1013300000802046BDE81040FEF7FEBF0000000020
:1013400030B44FF0013C50F8042B51F8043BCCFA78
:1013500052F4D51A20D1FCB950F8042B51F8043BB3
:10136000CCFA52F4D51A17D1B4B950F8042B51F86D
:10137000043BCCFA52F4D51A0ED16CB950F8042BB8
:1013800051F8043BCCFA52F4D51A05D1002CDAD02E
:1013900030BC4FF00000704729BAB1FA81F111F06A
:1013A0001801D1F120008440F2D1CA40CB4012F0A4
:1013B000FF0213F0FF0330BCD01A70470149182018
:1013C000ABBEFEE726000200704700002DE9F04F9B
:1013D00084B00D9C8E46792B04D14FF00C0C182153
:1013E0000DE000BFA12B07D0F12B40F015814FF08D
:1013F000180C482103E000BF4FF0100C202103918E
:10140000203A002CD1B2029100F02B8140F28824C6
:1014100001EB4102C0F6020404EBC20940F6186277
:10142000C0F60202002602EB411100277546019129
:10143000792B40F0D58009EB060292F900201FFAC3
:1014400080FBB2F1FF3F0ADC40F29C360BEB8B04D1
:10145000C2F20006A9B206EB441401266654691CC8
:101460001FFA81FA4FEA9A111A2900F26D83AAEB4A
:101470000E01614500F0A6805FFA82F85FEA4861DC
:101480000AD540F29C320BEB8B01C2F2000202EB58
:101490004111012201F80A20A91C8AB291091A29D6
:1014A00000F25283A2EB0E01614500F08B805FEAEF
:1014B000886109D540F29C340BEB8B01C2F2000429
:1014C00004EB411101248C54E91C8AB291091A29B8
:1014D00000F23A83A2EB0E01614573D05FEAC86166
:1014E00009D540F29C340BEB8B01C2F2000404EBF3
:1014F000411101248C54291D8AB291091A2900F244
:101500002383A2EB0E0161455CD05FEA087109D527
:1015100040F29C340BEB8B01C2F2000404EB41114E
:1015200001248C54691D8AB291091A2900F20C8396
:10153000A2EB0E01614545D05FEA487109D540F242
:101540009C340BEB8B01C2F2000404EB411101242B
:101550008C54A91D8AB291091A2900F2F582A2EBD6
:101560000E0161452ED05FEA887109D540F29C34A6
:101570000BEB8B01C2F2000404EB411101248C54EB
:10158000E91D8AB291091A2900F2DE82A2EB0E014E
:10159000614517D05FEAC87109D040F29C340BEB6B
:1015A0008B01C2F2000404EB411101248C54083574
:1015B000AAB291091A2900F2C782A2EB0E01614575
:1015C00007D100BF013081B249094A29754600F2AE
:1015D000BB8201370399FEB2B1423FF629AFB3E2B5
:1015E000F12B05D0A12B40F0AF82019909E000BF9B
:1015F000029942F2F42201EBC101C0F6020202EBB1
:10160000C1018A1992F900201FFA80FBB2F1FF3F55
:101610003FF725AF18E700BFDF0801265D0718BFB9
:1016200006EBD3075E08302B06FB07F708D12D2AFF
:1016300000F0DC803F2A14BF303A0B22D7E000BF15
:10164000642BA2F1200240F2D280FFB2002F00F002
:101650007B8279009C460391002CD1B202917FF4E9
:10166000D5AE40F2882501EB4104C0F6020505EB3A
:10167000C404019440F6186440F29C3AC0F6020497
:101680000022C2F2000A04EB41110027F14600914A
:10169000792B01D1019910E0A12B0DD0F12B40F055
:1016A0005382029901EBC10442F2F421C0F6020117
:1016B00001EBC404224401E000990A44147882B288
:1016C00009F1010196001FFA81F816FA80F64FEA37
:1016D00098111FFA89F50AEB46161A294FEAD41118
:1016E000715500F23182A8EB0E01614570D002EB1A
:1016F00082010AEB411209F102011FFA81FB4FEA54
:101700009B111A29C4F3801102F8081000F21C8200
:10171000ABEB0E0161455BD009F10305ADB2AE093B
:10172000C4F340111A2E02F80B1000F20D82A5EB43
:101730000E0161454CD009F104061FFA86F84FEA04
:101740009816C4F300111A2E515500F2FD81A8EB32
:101750000E0161453CD009F10505ADB2AE09C4F3F7
:10176000C0011A2E02F8081000F2EE81A5EB0E015E
:1017700061452DD009F106061FFA86F84FEA981642
:10178000C4F380011A2E515500F2DE81A8EB0E0140
:1017900061451DD009F10705ADB2AE09C4F34001A2
:1017A0001A2E02F8081000F2CF81A5EB0E01614558
:1017B0000ED009F1080904F001011FFA89F4A60905
:1017C0001A2E515500F2C081A4EB0E01614506D1DD
:1017D000013081B249094A29F14600F2B581013749
:1017E0000399FAB291423FF653AFADE10A223E06A9
:1017F00000F0AA81D6B25FFA87FB002C06EBC60187
:1018000000F0F0804FF6146440F6280506EB46021F
:10181000C0F6010440F29C39C0F60205039104EBC6
:1018200082020024C2F2000905EB0611F44602917F
:10183000182B00F0C580102B04D00C2B164603D0BB
:1018400082E100BF02990E1996F900701FFA80F824
:10185000B7F1FF3F07DC08EB88011FFA8CF609EBB4
:10186000411101258D550CF101018EB2B1091A29E2
:1018700000F26A81A6EB0E01994200F091805FFAB6
:1018800087FA49465FEA4A69894605D508EB880721
:1018900009EB47170121B9550CF10206B6B2B70999
:1018A0001A2F00F25181A6EB0E079F4278D05FEA13
:1018B0008A6705D508EB880709EB47170121B95559
:1018C0000CF10306B6B2B7091A2F00F23D81A6EB60
:1018D0000E079F4264D05FEACA6705D508EB880708
:1018E00009EB47170121B9550CF10406B6B2B70947
:1018F0001A2F00F22981A6EB0E079F4250D05FEA13
:101900000A7705D508EB880709EB47170121B95578
:101910000CF10506B6B2B7091A2F00F21581A6EB35
:101920000E079F423CD05FEA4A7705D508EB88074F
:1019300009EB47170121B9550CF10606B6B2B709F4
:101940001A2F00F20181A6EB0E079F4228D05FEA12
:101950008A7705D508EB880709EB47170121B955A8
:101960000CF10706B6B2B7091A2F00F2ED80A6EB0C
:101970000E079F4214D05FEACA7705D008EB8807AC
:1019800009EB47170121B9550CF1080C1FFA8CF629
:10199000B7091A2F00F2D880A6EB0E069E4206D198
:1019A000013081B249094A29F44600F2CD80013460
:1019B000BBF1010B02F101027FF43AAFC4E000BFBA
:1019C00041F29851039DC0F6020101EB85062644C1
:1019D00096F900701FFA80F8B7F1FF3F3FF743AF69
:1019E00039E700BF41F29852C0F6020202EB810CC7
:1019F00040F62802C0F602024FF0000A02EB061180
:101A0000F1460396029100BF0C2B09D0102B03D096
:101A1000182B62460ED097E0029901EB0A0209E00A
:101A2000039901EB41024FF61461C0F6010101EB8D
:101A30008202524492F8008082B2950040F29C31BA
:101A400015FA80F5C2F2000101EB451609F1010516
:101A5000ADB2AC091FFA89F71A2C4FEAD814F45525
:101A600072D8A5EB0E049C4260D002EB820201EB1F
:101A7000421109F1020292B294091A2CC8F380149F
:101A80004C5561D8A2EB0E049C424FD009F10305DE
:101A9000ADB2AE09C8F340141A2E8C5454D8A5EB3D
:101AA0000E029A4242D009F1040292B29609C8F39A
:101AB00000141A2E4C5547D8A2EB0E049C4235D088
:101AC00009F10505ADB2AE09C8F3C0041A2E8C5455
:101AD0003AD8A5EB0E029A4228D009F1060292B23A
:101AE0009609C8F380041A2E4C552DD8A2EB0E048B
:101AF0009C421BD009F10705ADB2AE09C8F3400402
:101B00001A2E8C5420D8A5EB0E029A420ED009F161
:101B100008091FFA89F2960908F001041A2E4C559B
:101B200012D8A2EB0E029A4206D100BF013082B257
:101B300052094A2AF14607D80AF1010ABBF1010B02
:101B40000CF1010C7FF460AF04B0BDE8F08F000031
:101B50002DE9F04F83B00C9E0C460E99792E019022
:101B60000AD0F12E06D0A12E19BF304602961020C1
:101B7000029003E0182000E00C2002900D78A5F1FF
:101B80002000C0B25E2831D8DDF804A0652E02EB3B
:101B90000A0003EB04024FF0000338BF0123029F49
:101BA0001FFA80F827FA03FB4F1C1FFA82F900BFC7
:101BB0001FFA8AF00299404528BF0C44A1B249455A
:101BC00014D240450198EAB20D9D28BF5FFA80FA11
:101BD0001FFA8AF033460095FFF7F8FB17F8015B10
:101BE000DA44A5F12000C0B25F28E1D303B0BDE81C
:101BF000F08F0000000000002DE9F04F81B02DEDC6
:101C0000028B8CB040F25071C1F2000103200870C9
:101C100040F25170C1F200004FF0010B80F800B0AB
:101C200040F20000C2F2000080F801B001207F21E4
:101C300010F04EF9422000900020002140F21F32A7
:101C400040F2DF134FF0000910F0B0F943F6627074
:101C500040F2747AC0F60200F1245021C1F2000A69
:101C60004FF02008CDE90014039001200221022248
:101C70004FF4F073AAF80080CDF808B011F08CF999
:101C8000282501201A2140F21E321B23009510F056
:101C90008DF943F68870C0F602004FF44876039041
:101CA00001200E2140F2BB124FF4F073CDE9006425
:101CB000CDF808B011F070F90B204FF4DC71402220
:101CC00040F2D513009510F071F943F68B70C0F611
:101CD000020003900120602140F2BB124FF4F07328
:101CE000CDE90064CDF808B011F056F95D204FF44D
:101CF000DC71922240F2D513009510F057F943F6AB
:101D00007A70C0F6020003900120B22140F2BB12AB
:101D10004FF4F073CDE90064CDF808B011F03CF950
:101D2000AF204FF4DC71E42240F2D513009510F09F
:101D30003DF943F68E70C0F60200039001204FF487
:101D4000827140F2BB124FF4F073CDE90064CDF81C
:101D500008B011F021F940F201104FF4DC714FF49A
:101D60009B7240F2D513009510F020F9D020AAF80C
:101D7000000043F69770C0F6020010240390012083
:101D800002211C224FF4F073CDE90064CDF808B0B5
:101D900011F002F943F66870C0F6020003900120CA
:101DA0004FF4C8711C224FF4F073CDE90064CDF8F4
:101DB00008B011F0F1F801204FF4D77140F21E3253
:101DC00040F2AF13009510F0F1F843F69670C0F6AC
:101DD00002000390012002215C224FF4F073CDE950
:101DE0000064CDF808B011F0D7F843F66B70C0F678
:101DF0000200039001204FF4C8715C224FF4F0738D
:101E0000CDE90064CDF808B011F0C6F843F695703E
:101E1000C0F602000390012002219C224FF4F073CF
:101E2000CDE90064CDF808B011F0B6F843F66E7055
:101E3000C0F60200039001204FF4C8719C224FF4B9
:101E4000F073CDE90064CDF808B011F0A5F843F6C1
:101E50009D70C0F60200039001200221DC224FF4A5
:101E6000F073CDE90064CDF808B011F095F843F6B1
:101E70007170C0F60200039001204FF4C871DC229B
:101E80004FF4F073CDE90064CDF808B011F084F898
:101E900043F69970C0F602000390012002214FF42E
:101EA0008E724FF4F073CDE90064CDF808B011F0F4
:101EB00073F843F67470C0F60200039001204FF4EB
:101EC000C8714FF48E724FF4F073CDE90064CDF811
:101ED00008B011F061F843F69170C0F6020003906B
:101EE000012002214FF4AE724FF4F073CDE900648B
:101EF000CDF808B011F050F843F67775C0F602053A
:101F000001204FF4C8714FF4AE724FF4F073CDE975
:101F10000064CDF808B0039511F03EF814202D218F
:101F200015224B23CDF8008010F040F814206D21CD
:101F300015228B23CDF8008010F038F81420AD2145
:101F40001522CB23CDF8008010F030F81420ED21BD
:101F5000152240F20B13CDF8008010F027F8142062
:101F600040F22D11152240F24B13CDF8008010F0F5
:101F70001DF8142040F26D11152240F28B13CDF89C
:101F8000008010F013F840F6B01040F634189FEDC2
:101F9000048BC1F20000C1F20008C0F808903AE1D9
:101FA00062803D702606D8BFC8F84810B8F84C00CB
:101FB00040F2000409F1010100F13C0609F10202BE
:101FC00007F13C03C2F20004D02588B292B29BB262
:101FD000B1B2257000950FF089FFD8F81C00B8F851
:101FE0005010C8F84C00B8F808007C31421C831C23
:101FF000B8F82000277800F17C0690B289B29AB236
:10200000B3B200970FF072FFD8F82000B8F8541060
:10201000C8F85000B8F80800BC31421C831CB8F85E
:102020002400277800F1BC0690B289B29AB2B3B20C
:1020300000970FF05BFFD8F82400B8F85810C8F8E4
:102040005400B8F80800FC31421C831CB8F8280082
:10205000277800F1FC0690B289B29AB2B3B2009729
:102060000FF044FFD8F82800B8F85C10C8F8580002
:10207000B8F8080001F59E71421C831CB8F82C00CA
:10208000277800F59E7690B289B29AB2B3B20097E3
:102090000FF02CFFD8F82C00B8F86010C8F85C00DE
:1020A000B8F8080001F5BE71421C831CB8F8300076
:1020B000277800F5BE7690B289B29AB2B3B2009793
:1020C0000FF014FFD8F83000B8F86410C8F86000BA
:1020D000B8F808003C3100F28F1200F5C873B8F868
:1020E0003400277800F13C0690B289B29AB2B3B2BC
:1020F00000970FF0FBFED8F83400B8F86810C8F865
:102100006400B8F808007C3100F28F1200F5C87343
:10211000B8F83800277800F17C0690B289B29AB2FC
:10212000B3B200970FF0E2FED8F83800B8F86C10A0
:10213000C8F86800B8F80800BC3100F28F1200F54A
:10214000C873B8F83C00277800F1BC0690B289B299
:102150009AB2B3B200970FF0C9FED8F83C00B8F8B5
:102160007010C8F86C00B8F80800FC3100F28F124B
:1021700000F5C873B8F84000277800F1FC0690B26B
:1021800089B29AB2B3B200970FF0B0FED8F840000F
:10219000B8F87410C8F87000B8F8080001F59E711E
:1021A00000F28F1200F5C873B8F84400277800F5E4
:1021B0009E7690B289B29AB2B3B200970FF096FEB3
:1021C000D8F84400B8F80C10C8F87400B8F8080043
:1021D00001F5BE7100F28F1200F5C873B8F848001F
:1021E000277800F5BE7690B289B29AB2B3B2009762
:1021F0000FF07CFE40F6B012C1F200029168D8F8F0
:10220000480001F10109B1F5C57FC8F80C00C2F81A
:10221000089000F3718141F21840C2F2080050F8B2
:102220002900C8F808901DF08BFC55EC186B32465D
:102230002B461DF08DFA1DF0CDF9074643F25830BC
:10224000C2F2080050F82900C8F81C701DF078FC94
:1022500032462B461DF07CFA1DF0BCF9014644F2D3
:102260004460C1F2000050F829000B91C8F820101A
:102270001DF066FC32462B461DF06AFA1DF0AAF9E5
:1022800001464FF2D840C2F2070050F829000A91E7
:10229000C8F824101DF054FC32462B461DF058FAA5
:1022A0001DF098F9014642F20470C1F2000050F8A6
:1022B00029000991C8F828101DF042FC32462B462F
:1022C0001DF046FA1DF086F901464DF29850C2F213
:1022D000070050F829000891C8F82C101DF030FCB8
:1022E00032462B461DF034FA1DF074F9014646F2D1
:1022F0001470C1F2000050F829000791C8F830109E
:102300001DF01EFC32462B461DF022FA1DF062F92C
:10231000014645F29820C2F2080050F829000691C3
:10232000C8F834101DF00CFC32462B461DF010FA94
:102330001DF050F9014648F25460C1F2000050F817
:1023400029000591C8F838101DF0FAFB32462B46DB
:102350001DF0FEF91DF03EF9824647F2D810C2F298
:10236000080050F82900C8F83CA01DF0E9FB3246EF
:102370002B461DF0EDF91DF02DF983464AF29450DD
:10238000C1F2000050F82900C8F840B01DF0D8FB99
:1023900032462B461DF0DCF91DF01CF9044649F2CB
:1023A0001810C2F2080050F82900C8F844401DF087
:1023B000C7FB32462B461DF0CBF91DF00BF917F188
:1023C0001F0FC8F8480009DA4FF6A0630B99DDE942
:1023D00007566FF01F07CFF6FF730BE04FF6A063B1
:1023E0000B99DDE90756B7F5B87FCFF6FF7303DB2E
:1023F0004FF4B877C8F81C7011F15F0F02DA6FF074
:102400005F0104E0B1F5987F03DB4FF49871C8F8E1
:1024100020100A9911F19F0F02DA6FF09F0102E07C
:10242000F02902DBF021C8F82410099911F1DF0F1F
:1024300002DA6FF0DF0102E0B02902DBB021C8F858
:10244000281003F1400116F5907F0A4602DD702E38
:1024500002DB7022C8F82C2015F5B07F1A4602DD89
:10246000302D02DB3022C8F83020069A12F11F0FFF
:1024700002DA6FF01F0204E0B2F5B87F03DB4FF41D
:10248000B872C8F83420059A12F15F0F02DA6FF0C3
:102490005F0204E0B2F5987F03DB4FF49872C8F84E
:1024A00038201AF19F0F03DA6FF09F0204E000BF9B
:1024B000BAF1F00F02DBF022C8F83C201BF1DF0F6D
:1024C00002DA6FF0DF0203E0BBF1B00F02DBB022F3
:1024D000C8F8402014F5907F02DD702C02DB7021DB
:1024E000C8F8441010F5B07F19467FF75DAD30286D
:1024F000FFF65CAD302157E540F2DC04C2F2000487
:102500002068012818DB4EF624160025C2F20A06C0
:10251000492700BF56F82500B0F5C67F0CDA013018
:1025200080B21C21024640F2AD1300970FF0DEFC92
:10253000206801358542EDDB41F200044CF6480687
:102540004FF2A07540F25077C4F20204C1F20006C7
:10255000C2F201054FF00008C1F2000702E000BF1F
:1025600085F8008040F20000C2F2000040780128A7
:1025700036D10A2014F0F2FB20464FF4806114F0AB
:10258000C9FEC8B120464FF4006114F0C3FE88B103
:1025900020464FF4805114F0BDFE58B120464FF450
:1025A000005114F0B7FE28B1307839788842D7D07E
:1025B00007E000BF032000E0012030703978884236
:1025C000CED029780131CAB2FA2A2970CAD30021A3
:1025D00029700CB0BDEC028B01B0BDE8F08F00BFDC
:1025E000142814BF47F6191003200CB0BDEC028B61
:1025F00001B0BDE8F08F00002DE9F04F81B02DED66
:10260000028B90B082460FF6E4310020524610F063
:10261000F5FF40F25071C1F200010320087040F252
:102620005170C1F20000012540F2000B0570C2F2AA
:10263000000B01207F218BF801A00FF049FC4227FD
:102640000020002140F21F3240F2DF1300970FF00C
:10265000ADFC40F27479C1F200092020A9F8000015
:1026600043F66270C0F60200F1275021CDE9001751
:1026700003900120022102224FF4F073029510F022
:102680008BFC282401201A2140F21E321B230094C7
:102690000FF08CFC43F68870C0F602004FF44878C7
:1026A000039001200E2140F2BB124FF4F073CDE9EC
:1026B0000087029510F070FC0B204FF4DC71402273
:1026C00040F2D51300940FF071FC43F68B70C0F606
:1026D000020003900120602140F2BB124FF4F0731E
:1026E000CDE90087029510F057FC5D204FF4DC71B6
:1026F000922240F2D51300940FF058FC43F67A7002
:10270000C0F6020003900120B22140F2BB124FF448
:10271000F073CDE90087029510F03EFCAF204FF436
:10272000DC71E42240F2D51300940FF03FFC01204D
:102730004FF4D77140F21E3240F2AF1300940FF005
:1027400035FC43F68E70C0F60200039001204FF472
:10275000827140F2BB124FF4F073CDE9008702950D
:1027600010F01AFC40F201104FF4DC714FF49B7230
:1027700040F2D51300940FF019FC9BF8010040F6CD
:10278000B0160628C1F2000640F0D8800FF6682087
:10279000A121CDE900810390012002211C224FF4E8
:1027A000F073029510F0F8FB40F2D800C2F200007E
:1027B000026840F2AC00C2F20000036806F10C04AB
:1027C0000FF63C212046FDF755FE1027012002217F
:1027D0002C224FF4F073CDE900870295039410F09A
:1027E000DBFB40F2B800C2F2000002680FF62821BD
:1027F0002046FDF73FFE012002214C224FF4F073EA
:10280000CDE900870295039410F0C6FB40F2BC00AE
:10281000C2F20000026840F2C400C2F20000036885
:102820000FF600212046FDF725FE012002215C2243
:102830004FF4F073CDE900870295039410F0ACFBE0
:1028400040F2C000C2F20000026843F6D971C0F63F
:1028500002012046FDF70EFE012002216C224FF4FA
:10286000F073CDE900870295039410F095FB40F2D8
:10287000B000C2F20000026840F2B400C2F20000F0
:1028800003680FF6B4112046FDF7F4FD0120022184
:102890008C224FF4F073CDE900870295039410F079
:1028A0007BFB40F2D000C2F2000090ED000A40F243
:1028B000CC00C2F2000090ED001A31EE000A10EEDA
:1028C000100A1DF03DF902460B460FF68011204616
:1028D000FDF7D0FD01200221AC224FF4F073CDE9C9
:1028E00000870295039410F057FB40F2C800C2F233
:1028F000000090ED000A40F2D400C2F2000090ED1A
:10290000001A31EE000A10EE100A1DF019F9024605
:102910000B460FF648112046FDF7ACFD01200221C1
:10292000BC224FF4F073CDE900870295039410F0B8
:1029300033FB40F25077C1F20007EFE3D020A9F853
:10294000000043F69770C0F60200102703900120A4
:1029500002211C224FF4F073CDE90087029510F09C
:102960001BFB43F66870C0F60200039001204FF491
:10297000C8711C224FF4F073CDE90087029510F066
:102980000BFB43F69670C0F6020003900120022173
:102990005C224FF4F073CDE90087029510F0FCFA49
:1029A00043F66B70C0F60200039001204FF4C8712B
:1029B0005C224FF4F073CDE90087029510F0ECFA39
:1029C00043F69570C0F602000390012002219C227C
:1029D0004FF4F073CDE90087029510F0DDFA43F66D
:1029E0006E70C0F60200039001204FF4C8719C2263
:1029F0004FF4F073CDE90087029510F0CDFA43F65D
:102A00009D70C0F60200039001200221DC224FF4E9
:102A1000F073CDE90087029510F0BEFA43F67170AD
:102A2000C0F60200039001204FF4C871DC224FF47D
:102A3000F073CDE90087029510F0AEFA43F6997075
:102A4000C0F602000390012002214FF48E724FF471
:102A5000F073CDE90087029510F09EFA43F674708A
:102A6000C0F60200039001204FF4C8714FF48E723B
:102A70004FF4F073CDE90087029510F08DFA43F61C
:102A80009170C0F602000390012002214FF4AE7253
:102A90004FF4F073CDE90087029510F07DFA43F60C
:102AA0007774C0F6020401204FF4C8714FF4AE727F
:102AB0004FF4F073CDE900870295039410F06CFA9F
:102AC00014202D2115224B23202400940FF06EFAA0
:102AD00014206D2115228B2300940FF067FA142027
:102AE000AD211522CB2300940FF060FA1420ED21C4
:102AF000152240F20B1300940FF058FA142040F204
:102B00002D11152240F24B1300940FF04FFA1420B0
:102B100040F26D11152240F28B1300940FF046FA2B
:102B20004FF4C6700AFB00F105914FF67461CFF6C1
:102B3000FF711AFB001040F634189FED058B0790CB
:102B40000020C1F200080022CDF818A0B06034E1E6
:102B500062803D702606D8BFC8F84810B8F84C000F
:102B600040F20004511C00F13C07023205F13C0325
:102B7000C2F20004D02688B292B29BB2B9B22670DB
:102B800000960FF0B3F9D8F81C00B8F85010C8F848
:102B90004C00B8F808007C31421C831CB8F82000B7
:102BA000277800F17C0690B289B29AB2B3B200974E
:102BB0000FF09CF9D8F82000B8F85410C8F850006D
:102BC000B8F80800BC31421C831CB8F824002778F0
:102BD00000F1BC0690B289B29AB2B3B200970FF07E
:102BE00085F9D8F82400B8F85810C8F85400B8F897
:102BF0000800FC31421C831CB8F82800277800F13B
:102C0000FC0690B289B29AB2B3B200970FF06EF997
:102C1000D8F82800B8F85C10C8F85800B8F80800D0
:102C200001F59E71421C831CB8F82C00277800F532
:102C30009E7690B289B29AB2B3B200970FF056F96D
:102C4000D8F82C00B8F86010C8F85C00B8F8080094
:102C500001F5BE71421C831CB8F83000277800F5DE
:102C6000BE7690B289B29AB2B3B200970FF03EF935
:102C7000D8F83000B8F86410C8F86000B8F8080058
:102C80003C3100F28F1200F5C873B8F83400277891
:102C900000F13C0690B289B29AB2B3B200970FF03D
:102CA00025F9D8F83400B8F86810C8F86400B8F806
:102CB00008007C3100F28F1200F5C873B8F83800B4
:102CC000277800F17C0690B289B29AB2B3B200972D
:102CD0000FF00CF9D8F83800B8F86C10C8F8680094
:102CE000B8F80800BC3100F28F1200F5C873B8F8CC
:102CF0003C00277800F1BC0690B289B29AB2B3B218
:102D000000970FF0F3F8D8F83C00B8F87010C8F846
:102D10006C00B8F80800FC3100F28F1200F5C8739F
:102D2000B8F84000277800F1FC0690B289B29AB258
:102D3000B3B200970FF0DAF8D8F84000B8F8741082
:102D4000C8F87000B8F8080001F59E7100F28F1203
:102D500000F5C873B8F84400277800F59E7690B265
:102D600089B29AB2B3B200970FF0C0F8D8F8440015
:102D7000B8F80C10C8F87400B8F8080001F5BE7176
:102D800000F28F1200F5C873B8F84800277800F5F4
:102D9000BE7690B289B29AB2B3B200970FF0A6F89D
:102DA000D9F80810D8F848004A1CB1F5C57FC8F812
:102DB0000C00C9F8082000F37F8107980F9200EB00
:102DC000020941F21840C2F2080050F82900C8F880
:102DD00008201CF0B5FE56EC187B3A4633461CF032
:102DE000B7FC1CF0F7FB054643F25830C2F208006E
:102DF00050F82900C8F81C501CF0A2FE3A46334691
:102E00001CF0A6FC1CF0E6FB014644F24460C1F253
:102E1000000050F829000E91C8F820101CF090FE18
:102E20003A4633461CF094FC1CF0D4FB01464FF2AA
:102E3000D840C2F2070050F829000D91C8F82410BC
:102E40001CF07EFE3A4633461CF082FC1CF0C2FBAE
:102E5000014642F20470C1F2000050F829000C91C2
:102E6000C8F828101CF06CFE3A4633461CF070FC83
:102E70001CF0B0FB01464DF29850C2F2070050F82A
:102E800029000B91C8F82C101CF05AFE3A46334624
:102E90001CF05EFC1CF09EFB014646F21470C1F271
:102EA000000050F829000A91C8F830101CF048FEC4
:102EB0003A4633461CF04CFC1CF08CFB014645F2B4
:102EC0009820C2F2080050F829000991C8F834107F
:102ED0001CF036FE3A4633461CF03AFC1CF07AFBF6
:102EE000014648F25460C1F2000050F829000891F0
:102EF000C8F838101CF024FE3A4633461CF028FC73
:102F00001CF068FB834647F2D810C2F2080050F864
:102F10002900C8F83CB01CF013FE3A4633461CF0BA
:102F200017FC1CF057FB04464AF29450C1F2000013
:102F300050F82900C8F840401CF002FE3A463346DB
:102F40001CF006FC1CF046FB824649F21810C2F247
:102F5000080050F82900C8F844A01CF0F1FD3A46DA
:102F600033461CF0F5FB1CF035FB15F11F0FC8F8BC
:102F7000480009DA4FF6A0630E99DDE90A676FF0A1
:102F80001F05CFF6FF730BE04FF6A0630E99DDE946
:102F90000A67B5F5B87FCFF6FF7303DB4FF4B8755A
:102FA000C8F81C5011F15F0F02DA6FF05F0104E006
:102FB000B1F5987F03DB4FF49871C8F820100D9994
:102FC00011F19F0F02DA6FF09F0102E0F02902DB9E
:102FD000F021C8F824100C9911F1DF0F02DA6FF01C
:102FE000DF0102E0B02902DBB021C8F8281003F1AC
:102FF000400117F5907F0A4602DD702F02DB702238
:10300000C8F82C2016F5B07F1A4602DD302E02DB00
:103010003022C8F83020099A12F11F0F02DA6FF03F
:103020001F0204E0B2F5B87F03DB4FF4B872C8F8B2
:103030003420089A12F15F0F02DA6FF05F0204E0A9
:10304000B2F5987F03DB4FF49872C8F838201BF173
:103050009F0F07DA40F6B0196FF09F02C1F2000926
:1030600008E000BF40F6B019BBF1F00FC1F2000953
:1030700002DBF022C8F83C2014F1DF0F02DA6FF017
:10308000DF0202E0B02C02DBB022C8F840200F9A29
:103090001AF5907F03DDBAF1700F02DB7021C8F8DA
:1030A000441010F5B07F19467FF756AD3028FFF673
:1030B00055AD302150E500BF40F2DC09C2F20009F5
:1030C000D9F80000DDF818A040F25077059C0128DF
:1030D000C1F2000722DB4EF624160025C2F20A06D2
:1030E0004FF0490803E000BF0135854216DA56F873
:1030F0002510A14212DA079A9142F5DD081B00F271
:103100008D1080B21C21024640F2AD13CDF8008034
:103110000EF0ECFED9F80000E6E700BF40F2000038
:10312000C2F200004078142806D1032010B0BDEC94
:10313000028B01B0BDE8F08F41F200044CF6480666
:103140004FF2A075C4F20204C1F20006C2F20105FA
:103150004FF0000809E000BF85F8008040F2000051
:10316000C2F2000040781428DFD0504536D10A2042
:1031700013F0F4FD20464FF4806114F0CBF8C8B191
:1031800020464FF4006114F0C5F888B120464FF492
:10319000805114F0BFF858B120464FF4005114F09C
:1031A000B9F828B1307839788842D5D007E000BF27
:1031B000032000E00120307039788842CCD0297893
:1031C0000131CAB2FA2A2970C8D30021297010B07F
:1031D000BDEC028B01B0BDE8F08F00BF47F61910BF
:1031E00010B0BDEC028B01B0BDE8F08F7061676577
:1031F0003D25640D0A00000022232436370000001C
:1032000048523A2025642062706D2852523A256453
:10321000206D732900000000503A202564206D7352
:10322000000000005152533A202564206D7320287D
:10323000256420646567290051542F5154633A2056
:1032400025642F2564206D73000000005256352B35
:103250005356313A202566206D5600005256312BC8
:103260005356353A202566206D56000000000000B8
:103270002DE9F04F81B02DED0E8B98B041F2000595
:103280000FF678210020C4F20205002410F0B6F9F0
:1032900040F2507140F6341BC1F200010320C1F22C
:1032A000000B08709BF8011040F25170C1F2000051
:1032B000002904708BF800408BF80240CBE90144F0
:1032C0006ED105F5806420464021002214F01CF8E0
:1032D00020462021002214F017F80A2013F03EFDAA
:1032E000112010F0BFFC4FF4967013F037FD202032
:1032F000002113F0DBFA02460FF61421002010F033
:103300007DF9642013F04CFD4120862113F0CEFAA4
:10331000642013F045FD4220352113F0C7FA6420E4
:1033200013F03EFD4320CC2113F0C0FA642013F0CB
:1033300037FD5820092113F0B9FA642013F030FD4D
:103340005920D82113F0B2FA642013F029FD4D2042
:10335000FF2113F0ABFA642013F022FD4E20FF2171
:1033600013F0A4FA642013F01BFD4520002113F094
:103370009DFA642013F014FD102010F073FC6420FB
:1033800013F00EFD082010F06DFC204620210122D4
:10339000012413F0B9FFC82013F0E0FC8BF80140C2
:1033A0000FF67411002010F029F901207F2101246B
:1033B0000EF08EFD4FF042080020002140F21F3237
:1033C00040F2DF13CDF800800EF0F0FD40F274778C
:1033D000C1F20007202038800FF650104FF0180976
:1033E0005021CDE9001903900120022102224FF45F
:1033F000F07302940FF0D0FD0FF63410F1264FF465
:103400004875039001201A2102224FF4F073CDE990
:10341000005602940FF0C0FD4FF0280A01201A2137
:1034200040F21E321B23CDF800A00EF0BFFD0FF6B8
:103430000810039001200E2140F2BB124FF4F073EC
:10344000CDE9005602940FF0A7FD0B204FF4DC717C
:10345000402240F2D513CDF800A00EF0A7FD0FF6E4
:10346000DC0003900120602140F2BB124FF4F073A6
:10347000CDE9005602940FF08FFD5D204FF4DC7112
:10348000922240F2D513CDF800A00EF08FFD0FF67A
:10349000B00003900120B22140F2BB124FF4F07350
:1034A000CDE9005902940FF077FD0FF698000390D4
:1034B0000120CA2140F2BB124FF4F073CDE900564F
:1034C00002940FF069FDAF204FF4DC71E42240F26A
:1034D000D513CDF800A00EF069FDA7F8008043F6E3
:1034E0009777C0F602071026012002211C224FF414
:1034F000F073CDE90056029403970FF04DFD43F6AB
:103500006877C0F6020701204FF4C8711C224FF4FF
:10351000F073CDE90056029403970FF03DFD0120B2
:103520004FF4D77140F21E3240F2AF13CDF800A035
:103530000EF03CFD43F69677C0F60207012002210B
:103540005C224FF4F073CDE90056029403970FF01C
:1035500023FD43F66B77C0F6020701204FF4C871D4
:103560005C224FF4F073CDE90056029403970FF0FC
:1035700013FD43F69577C0F60207012002219C2235
:103580004FF4F073CDE90056029403970FF004FD59
:1035900043F66E77C0F6020701204FF4C8719C22F3
:1035A0004FF4F073CDE90056029403970FF0F4FC4A
:1035B00043F69D77C0F6020701200221DC224FF47A
:1035C000F073CDE90056029403970FF0E5FC43F643
:1035D0007177C0F6020701204FF4C871DC224FF466
:1035E000F073CDE90056029403970FF0D5FC43F633
:1035F0009977C0F60207012002214FF48E724FF432
:10360000F073CDE90056029403970FF0C5FC43F622
:103610007477C0F6020701204FF4C8714FF48E7220
:103620004FF4F073CDE90056029403970FF0B4FC09
:1036300043F69177C0F60207012002214FF4AE72E3
:103640004FF4F073CDE90056029403970FF0A4FCF9
:1036500043F67777C0F6020701204FF4C8714FF4A4
:10366000AE724FF4F073CDE90056029403970FF059
:1036700093FC11F081FF052013F070FB11F07CFF2B
:10368000052013F06BFB11F077FF052013F066FBAC
:1036900011F072FF052013F061FB11F06DFF0520A2
:1036A00013F05CFB40F23C20C2F2000000681CF00A
:1036B00047FA9FEDA70B56EC105B2A4633461CF0E9
:1036C00047F81BF087FF8146CBF81C0040F2302002
:1036D000C2F2000000681CF033FA2A4633461CF0A0
:1036E00037F81BF077FF1790CBF8200040F2382016
:1036F000C2F2000000681CF023FA2A4633461CF090
:1037000027F81BF067FF1390CBF8240040F240200D
:10371000C2F2000000681CF013FA2A4633461CF07F
:1037200017F81BF057FF1690CBF8280040F2442002
:10373000C2F2000000681CF003FA2A4633461CF06F
:1037400007F81BF047FF1590CBF82C0040F24820FB
:10375000C2F2000000681CF0F3F92A4633461BF061
:10376000F7FF1BF037FF1290CBF8300040F25020EB
:10377000C2F2000000681CF0E3F92A4633461BF051
:10378000E7FF1BF027FF0446CBF8340040F2582037
:10379000C2F2000000681CF0D3F92A4633461BF041
:1037A000D7FF1BF017FF0746CBF8380040F2602028
:1037B000C2F2000000681CF0C3F92A4633461BF031
:1037C000C7FF1BF007FF1190CBF83C0040F26820C8
:1037D000C2F2000000681CF0B3F92A4633461BF021
:1037E000B7FF1BF0F7FE8046CBF8400040F2702098
:1037F000C2F2000000681CF0A3F92A4633461BF011
:10380000A7FF1BF0E7FE1090CBF8440040F2CC700D
:10381000C1F2000000681CF093F92A4633460F9568
:103820000E961BF095FF1BF0D5FE19F11F0F4946B0
:10383000CDF85090CBF848000CDA6FF01F0141F240
:103840000009179E139DDDE915321491C4F2020997
:103850000FE000BF149941F20009179E139DDDE9A6
:103860001532B1F5B87FC4F2020905DB4FF4B87127
:1038700014911499CBF81C1016F15F0F02DA6FF057
:103880005F0604E0B6F5987F03DB4FF49876CBF83B
:10389000206015F19F0F03DA6FF09F0503E000BF72
:1038A000F02D02DBF025CBF8245012F1DF0F03DA04
:1038B0006FF0DF0203E000BFB02A02DBB022CBF8DA
:1038C00028204FF6A06ACFF6FF7A0AF1400113F5DF
:1038D000907F1692179102DD702B03DB70210B464F
:1038E000CBF82C10129915933B46274611F5B07F63
:1038F000544602DD302903DB30242146CBF830402A
:1039000017F11F0F04DA1F46119B6FF01F0407E029
:103910003C46B7F5B87F1F46119B03DB4FF4B874E4
:10392000CBF8344017F15F0F02DA6FF05F0704E065
:10393000B7F5987F03DB4FF49877CBF8387013F125
:103940009F0F09DA6FF09F0309E000BF00BF00BFBF
:103950007AE04C0CB0073EC0F02B02DBF023CBF832
:103960003C3018F1DF0F03DA6FF0DF0805E000BF2D
:10397000B8F1B00F03DB4FF0B008CBF84080C6467B
:10398000DDF840808C46179918F5907F03DDB8F17B
:10399000700F03DB70218846CBF8441010F5B07F20
:1039A00003DD302804DB4FF0300A5046CBF848A046
:1039B000DBF808109FEDE48AB1F5C67FA4BF0021B3
:1039C000CBF808101499CBF80C00CBE91316169914
:1039D00040F6B010CBF85450CBF858101599CBE9FD
:1039E0001947C1F200004CF648054FF2A07740F2AB
:1039F00050740C300026C1F20005C2F20107C1F27A
:103A00000004CBE9171CCBE91B3ECBF87480109067
:103A100001E000BF3E709BF8000028B1052013F0C4
:103A20009DF900F0E1BD00BF11F0A6FD40F2302687
:103A3000C2F2000630681CF083F840F23828C2F267
:103A400000080446D8F800000D461CF079F840F252
:103A50005029C2F2000941EC190BD9F800001CF002
:103A60006FF840F2582AC2F2000A41EC1A0BDAF859
:103A700000001CF065F841EC1B0B40F26020C2F224
:103A8000000000681CF05CF841EC1C0B40F2682060
:103A9000C2F2000000681CF053F841EC1D0B40F22C
:103AA0007020C2F2000000681CF04AF841EC1E0BC6
:103AB00040F2CC70C1F2000000681CF041F8109F89
:103AC00041EC100B3846A1A122462B468DEC0C9BF5
:103AD0008DED0C0BFCF7CEFC384613F0B5F840F238
:103AE0003C20C2F2000000681CF02AF80F9C0E9FD8
:103AF00022463B461BF02CFE1BF06CFD0546CBF826
:103B00001C0030681CF01CF822463B461BF020FECF
:103B10001BF060FD1690CBF82000D8F800001CF0D8
:103B20000FF822463B461BF013FE1BF053FD159089
:103B3000CBF8240040F24020C2F2000000681BF0E5
:103B4000FFFF22463B461BF003FE1BF043FD149093
:103B5000CBF8280040F24420C2F2000000681BF0BD
:103B6000EFFF22463B461BF0F3FD1BF033FD1390A5
:103B7000CBF82C0040F24820C2F2000000681BF095
:103B8000DFFF22463B461BF0E3FD1BF023FD1290B6
:103B9000CBF83000D9F800001BF0D2FF22463B469C
:103BA0001BF0D6FD1BF016FD1190CBF83400DAF8AF
:103BB00000001BF0C5FF22463B461BF0C9FD1BF071
:103BC00009FD0646CBF8380040F26020C2F2000042
:103BD00000681BF0B5FF22463B461BF0B9FD1BF009
:103BE000F9FC8146CBF83C0040F26820C2F20000AC
:103BF00000681BF0A5FF22463B461BF0A9FD1BF009
:103C0000E9FC8246CBF8400040F27020C2F200008E
:103C100000681BF095FF22463B461BF099FD1BF008
:103C2000D9FC8046CBF8440040F2CC70C1F20000D1
:103C300000681BF085FF22463B461BF089FD1BF008
:103C4000C9FC15F11F0FCBF8480009DA4FF6A06246
:103C50001699139B6FF01F05CFF6FF720BE000BFA4
:103C60004FF6A0621699139BB5F5B87FCFF6FF7299
:103C700003DB4FF4B875CBF81C5011F15F0F03DA7A
:103C80006FF05F0105E000BFB1F5987F03DB4FF4F3
:103C90009871CBF82010159911F19F0F02DA6FF08F
:103CA0009F0102E0F02902DBF021CBF824101499E7
:103CB00011F1DF0F02DA6FF0DF0102E0B02902DB61
:103CC000B021CBF82810179913F5907F02DD702BE7
:103CD00002DB7021CBF82C10129B114613F5B07F3C
:103CE00002DD302B02DB3021CBF83010119911F1BD
:103CF0001F0F47DA6FF01F0149E000BF31326C65DA
:103D00006164205461736B2073746172740D0A00D6
:103D100069643D25780D0A0031326C656164205478
:103D200061736B20447261770D0A0000313200002C
:103D30002021222324000000343500003637000003
:103D4000313000002B0000000000A0425B24494EEF
:103D500046245D3132545F252E33665F252E33664F
:103D60005F252E33665F252E33665F252E33665F13
:103D7000252E33665F252E33665F252E33665F451D
:103D8000240D0A00B1F5B87F03DB4FF4B871CBF80E
:103D9000341016F15F0F03DA6FF05F0105E000BF2A
:103DA000B6F5987F03DB4FF49871CBF8381019F112
:103DB0009F0F07DA40F6B0146FF09F01C1F20004C4
:103DC000002309E040F6B014B9F1F00FC1F200048D
:103DD0004FF0000302DBF021CBF83C101AF1DF0FAB
:103DE00004DA6FF0DF014FF07F0A05E0BAF1B00F9F
:103DF0004FF07F0A02DBB021CBF84010179918F57D
:103E0000907F03DDB8F1700F02DB7021CBF8441016
:103E100010F5B07F114602DD302802DB3021CBF8EF
:103E20004810DBF80800B0F5C67F1DDBCBF8083082
:103E300002201C21032240F2AD13CDF800A00EF0A9
:103E4000B5F8BBF8080040F2AD1300F5C87100F2F8
:103E5000911288B292B21C21CDF800A00EF0A6F803
:103E6000DBF80800DBF81C509BF802106FF02F0203
:103E700040F20008002908BF4222C2F2000888F878
:103E80000020BBF84C20431C02F13C07821C05F1CA
:103E90003C0600294FF0D00598B292B2B3B2B9B245
:103EA00008BF422500950EF021F8DBF81C00BBF896
:103EB0005010CBF84C00CBF87800BBF808007C31F0
:103EC000421C831CBBF8200098F8007000F17C06AF
:103ED00090B289B29AB2B3B200970EF007F8DBF84D
:103EE0002000BBF85410CBF850002060BBF808004D
:103EF000BC31421C831CBBF8240098F8007000F110
:103F0000BC0690B289B29AB2B3B200970DF0EEFF40
:103F1000DBF82400BBF85810CBF854006060BBF805
:103F20000800FC31421C831CBBF8280098F8007084
:103F300000F1FC0690B289B29AB2B3B200970DF0CC
:103F4000D5FFDBF82800BBF85C10CBF85800BBF8B5
:103F5000080001F59E71421C831CBBF82C0098F8E8
:103F6000007000F59E7690B289B29AB2B3B2009713
:103F70000DF0BCFFDBF82C00BBF86010CBF85C0048
:103F8000BBF8080001F5BE71421C831CBBF8300071
:103F900098F8007000F5BE7690B289B29AB2B3B2CA
:103FA00000970DF0A3FFDBF83000BBF86410CBF8EE
:103FB0006000BBF808003C3100F28F1200F5C873B6
:103FC000BBF8340098F8007000F13C0690B289B25A
:103FD0009AB2B3B200970DF089FFDBF83400BBF85A
:103FE0006810CBF86400BBF808007C3100F28F1237
:103FF00000F5C873BBF8380098F8007000F17C0633
:1040000090B289B29AB2B3B200970DF06FFFDBF8AD
:104010003800BBF86C10CBF86800BBF80800BC3166
:1040200000F28F1200F5C873BBF83C0098F80070DE
:1040300000F1BC0690B289B29AB2B3B200970DF00B
:1040400055FFDBF83C00BBF87010CBF86C00BBF8F8
:104050000800FC3100F28F1200F5C873BBF8400075
:1040600098F8007000F1FC0690B289B29AB2B3B22F
:1040700000970DF03BFFDBF84000BBF87410CBF865
:104080007000BBF8080001F59E7100F28F1200F578
:10409000C873BBF8440098F8007000F59E7690B2A3
:1040A00089B29AB2B3B200970DF020FFDBF844005A
:1040B000BBF80C10CBF87400BBF8080001F5BE711A
:1040C00000F28F1200F5C873BBF8480098F8007032
:1040D00000F5BE7690B289B29AB2B3B200970DF0F5
:1040E00005FFDBF84800BBF80810CBF80C00C81C33
:1040F000043180B28AB21C2140F2AD13CDF800A089
:104100000DF054FFBBF8080040F2AD1300F291111E
:1041100000F5C97288B292B21C21CDF800A00DF052
:1041200045FF40F27470C1F200004FF0420843F6C0
:104130009777A0F800804FF44879102501260120D8
:1041400002211C224FF4F073C0F60207CDF8009054
:104150000195029603970EF01FFF43F66877012042
:104160004FF4C8711C224FF4F073C0F60207CDE97A
:104170000095029603970EF00FFF01204FF4D771C0
:1041800040F21E3240F2AF13282700970DF00EFFC9
:1041900043F69677012002215C224FF4F073C0F6BB
:1041A0000207CDE90095029603970EF0F5FE43F65F
:1041B0006B7701204FF4C8715C224FF4F073C0F6A6
:1041C0000207CDE90095029603970EF0E5FE43F64F
:1041D0009577012002219C224FF4F073C0F602076C
:1041E000CDE90095029603970EF0D6FE43F66E7762
:1041F00001204FF4C8719C224FF4F073C0F60207FF
:10420000CDE90095029603970EF0C6FE43F69D7722
:1042100001200221DC224FF4F073C0F60207CDE941
:104220000095029603970EF0B7FE43F671770120D2
:104230004FF4C871DC224FF4F073C0F60207CDE9E9
:104240000095029603970EF0A7FE43F6997701209A
:1042500002214FF48E724FF4F073C0F60207CDE9DD
:104260000095029603970EF097FE43F674770120AF
:104270004FF4C8714FF48E724FF4F073C0F602071A
:10428000CDE90095029603970EF086FE43F69177EE
:10429000012002214FF4AE724FF4F073C0F6020712
:1042A000CDE90095029603970EF076FE43F67777F8
:1042B00001204FF4C8714FF4AE724FF4F073C0F6A2
:1042C0000207CDE90095029603970EF065FE1420D3
:1042D0002D2115224B23CDF800800DF067FE142010
:1042E0006D2115228B23CDF800800DF05FFE142088
:1042F000AD211522CB23CDF800800DF057FE142000
:10430000ED21152240F20B13CDF800800DF04EFE8A
:10431000142040F22D11152240F24B13CDF80080ED
:104320000DF044FE142040F26D11152240F28B1363
:10433000CDF800800DF03AFEDBF808009BF8021083
:1043400001300029CBF8080000F0CB8040F23C207F
:10435000C2F2000090ED000ADBF8040041F21841BF
:10436000C2F2080140F2302220EE080A01EB80017F
:10437000C2F2000292ED001A81ED000A43F25831B8
:10438000C2F2080140F2382221EE080A01EB800156
:10439000C2F2000292ED001A81ED000A44F244617B
:1043A000C1F2000140F2402221EE080A01EB800137
:1043B000C2F2000292ED001A81ED000A4FF2D841DC
:1043C000C2F2070140F2442221EE080A01EB80010B
:1043D000C2F2000292ED001A81ED000A42F204716D
:1043E000C1F2000140F2482221EE080A01EB8001EF
:1043F000C2F2000292ED001A81ED000A4DF29851CE
:10440000C2F2070140F2502221EE080A01EB8001BE
:10441000C2F2000292ED001A81ED000A46F2147118
:10442000C1F2000140F2582221EE080A01EB80019E
:10443000C2F2000292ED001A81ED000A45F29821C5
:10444000C2F2080140F2602221EE080A01EB80016D
:10445000C2F2000292ED001A81ED000A48F25461A6
:10446000C1F2000140F2682221EE080A01EB80014E
:10447000C2F2000292ED001A81ED000A47F2D81153
:10448000C2F2080140F2702221EE080A01EB80011D
:10449000C2F2000292ED001A81ED000A4AF2945134
:1044A000C1F2000140F2CC7221EE080A01EB80015A
:1044B000C1F2000292ED001A81ED000A49F21811D2
:1044C000C2F2080121EE080A01EB800181ED000A29
:1044D00040F2CE71884200F10100CBF8040080F276
:1044E000B980DBF87800DBE90732411D8B424FF0E1
:1044F0000007A0F105014FF00000A8BF01278B4283
:10450000D8BF01202368384305339A42CBF8140002
:1045100001DA8A4206DC00284FF0010018BF0220B1
:10452000CBF814006368DBF82420053341F200095E
:1045300040F250744FF2A0774CF648059A42C4F20C
:104540000209C1F20004C2F20107C1F200054FF0F6
:10455000000601DA8A4202DC0130CBF81400DBF8F5
:104560001020022802F10501CBF8101038D3C42A1C
:1045700036DB4EF66020B0FBF1F243F658710020B6
:10458000C0F60201CBF81820CBF810600FF036F817
:104590004FF43470012140F21E321923CDF800A0EF
:1045A0000EF04AFD40F20000109EDBF81830C2F217
:1045B000000043F6B571821C3046C0F60201FBF7DD
:1045C00059FF502000901820019001204FF43471C1
:1045D00002224FF4F0730290039600260EF0DCFCEA
:1045E00041F2CC0012F0DCFB48464FF4806112F03F
:1045F00091FEC8B148464FF4006112F08BFE88B1BD
:1046000048464FF4805112F085FE58B148464FF4A9
:10461000005112F07FFE28B12878217888423FF4BB
:10462000F9A907E0032000E00120287021788842E2
:104630003FF4F0A939780131CAB2FA2A3970FFF48F
:10464000EAA90021397018B0BDEC0E8B01B0BDE8AD
:10465000F08F00BF00208BF80200CBF8040015F0AB
:1046600037FF12F0E7FA4CF2D445C1F200052846B4
:1046700015F0E2FD28780BF099F969788046084634
:104680000BF094F9A978814608460BF08FF9297947
:10469000074608460BF08AF96979044608460BF08C
:1046A00085F9A979054608460BF080F9CDE9007433
:1046B000109F43F6A1710646C0F6020138464246F5
:1046C0004B4602950396FBF7D5FE012518260120DF
:1046D00001214FF448727823CDE900650297FDF778
:1046E00037FA43F68270C0F60200029001202821BA
:1046F0004FF44872782300960195FDF729FA43F6A6
:104700007D70C0F602000290012050214FF44872E3
:10471000782300960195FDF71BFA0FF65C60F124F3
:10472000029040F2191001214FF44872782300944E
:104730000195FDF70DFA40F2D800C2F200000268C0
:1047400043F64D71C0F602013846FBF793FE40F286
:10475000491001214FF448727823CDE90065029792
:10476000FDF7F6F940F2AC00C2F20000026843F631
:10477000C371C0F602013846FBF77CFE40F2191007
:1047800021214FF448727823CDE900650297FDF7A7
:10479000DFF940F2C400C2F20000026843F6BA71C9
:1047A000C0F602013846FBF765FE0FF6D0500290C6
:1047B00040F2191041214FF4487278230096019578
:1047C000FDF7C6F90FF6B850029040F23D104121B6
:1047D0004FF44872782300940195FDF7B9F940F23F
:1047E0006D1041214FF448727823CDE9006502979E
:1047F000FDF7AEF940F2BC00C2F20000026843F6D9
:10480000CD71C0F602013846FBF734FE40F21910B4
:1048100061214FF448727823CDE900650297FDF7D6
:1048200097F940F2C000C2F20000026843F6D97165
:10483000C0F602013846FBF71DFE40F21910812137
:104840004FF448727823CDE900650297FDF780F9AF
:1048500040F2B000C2F20000026843F6D871C0F620
:1048600002013846FBF706FE40F2E11001214FF449
:1048700048727823CDE900650297FDF769F940F2A7
:10488000B400C2F20000026843F6E271C0F6020111
:104890003846FBF7EFFD40F2E11021214FF448725A
:1048A0007823CDE900650297FDF752F940F2D00078
:1048B000C2F2000090ED000A40F2CC00C2F200000B
:1048C00090ED001A31EE000A10EE100A1BF038F9D4
:1048D00002460B460FF6AC413846FBF7CBFD40F2E3
:1048E000E11041214FF448727823CDE90065029729
:1048F000FDF72EF940F2C800C2F2000090ED000A68
:1049000040F2D400C2F2000090ED001A31EE000A2D
:1049100010EE100A1BF014F902460B460FF6784110
:104920003846FBF7A7FD40F2E11061214FF44872D1
:104930007823CDE900650297FDF70AF94BF2105490
:10494000C2F208044BF28051C0F201012046FCF78C
:10495000BFF843F697770120012150224FF4AF634F
:10496000C0F60207CDE90065029710F03BFA43F666
:1049700096770120792150224FF4AF63C0F60207E9
:10498000CDE90065029710F02DFA43F695770120E6
:10499000F12150224FF4AF63C0F60207CDE9006564
:1049A000029710F01FFA43F69D77012040F269113B
:1049B00050224FF4AF63C0F60207CDE900650297BD
:1049C00010F010FA43F69977012040F2E1115022DD
:1049D0004FF4AF63C0F60207CDE90065029710F00F
:1049E00001FA43F69177012040F2592150224FF409
:1049F000AF63C0F60207CDE90065029710F0F2F947
:104A000043F66877012040F2D12150224FF4AF6382
:104A1000C0F60207CDE90065029710F0E3F943F60E
:104A20006B77012040F2493150224FF4AF63C0F65A
:104A30000207CDE90065029710F0D4F943F66E77CE
:104A4000012040F2C13150224FF4AF63C0F602079B
:104A5000CDE90065029710F0C5F943F671770120A2
:104A600040F2394150224FF4AF63C0F60207CDE95E
:104A70000065029710F0B6F943F67477012040F212
:104A8000B14150224FF4AF63C0F60207CDE9006593
:104A9000029710F0A7F943F67777012040F22951E9
:104AA00050224FF4AF63C0F60207CDE900650297CC
:104AB00010F098F904F52F4080F8505080F8C85055
:104AC00080F8405180F8B85180F8305280F8A852F0
:104AD00080F8205380F8985380F8105480F8885458
:104AE00080F8005580F877554BF27840204480F8E4
:104AF000505080F8C85080F8405180F8B85180F884
:104B0000305280F8A85280F8205380F8985380F8EB
:104B1000105480F8885480F8005580F877554BF68B
:104B2000F010204480F8505080F8C85080F8405170
:104B300080F8B85180F8305280F8A85280F820539D
:104B400080F8985380F8105480F8885480F8005505
:104B500080F877554BF66870204480F8505080F804
:104B6000C85080F8405180F8B85180F8305280F831
:104B7000A85280F8205380F8985380F8105480F899
:104B8000885480F8005580F877554CF2E040204476
:104B900080F8505080F8C85080F8405180F8B851E3
:104BA00080F8305280F8A85280F8205380F898534B
:104BB00080F8105480F8885480F8005580F87755B4
:104BC0004CF65820204480F8505080F8C85080F8A7
:104BD000405180F8B85180F8305280F8A85280F8DF
:104BE000205380F8985380F8105480F8885480F847
:104BF000005580F877554CF6D070204480F850501E
:104C000080F8C85080F8405180F8B85180F8305290
:104C100080F8A85280F8205380F8985380F81054F8
:104C200080F8885480F8005580F877554DF2485048
:104C3000204480F8505080F8C85080F8405180F8E7
:104C4000B85180F8305280F8A85280F8205380F88C
:104C5000985380F8105480F8885480F8005580F8F4
:104C600077554DF6C020204480F8505080F8C85049
:104C700080F8405180F8B85180F8305280F8A8523E
:104C800080F8205380F8985380F8105480F88854A6
:104C900080F8005580F877554EF23800204480F8AF
:104CA000505080F8C85080F8405180F8B85180F8D2
:104CB000305280F8A85280F8205380F8985380F83A
:104CC000105480F8885480F8005580F877554EF2DB
:104CD000B050204480F8505080F8C85080F84051BF
:104CE00080F8B85180F8305280F8A85280F82053EC
:104CF00080F8985380F8105480F8885480F8005554
:104D000080F877554EF62830204480F8505080F8CF
:104D1000C85080F8405180F8B85180F8305280F87F
:104D2000A85280F8205380F8985380F8105480F8E7
:104D3000885480F8005580F877554FF2A000204441
:104D400080F8505080F8C85080F8405180F8B85131
:104D500080F8305280F8A85280F8205380F8985399
:104D600080F8105480F8885480F8005580F8775502
:104D70004FF21860204480F8505080F8C85080F8F6
:104D8000405180F8B85180F8305280F8A85280F82D
:104D9000205380F8985380F8105480F8885480F895
:104DA000005580F877554FF69030204480F85050E9
:104DB00080F8C85080F8405180F8B85180F83052DF
:104DC00080F8A85280F8205380F8985380F8105447
:104DD00080F8885480F8005580F8775504F58030C5
:104DE00000F5847080F8505080F8C85080F8405129
:104DF00080F8B85180F8305280F8A85280F82053DB
:104E000080F8985380F8105480F8885480F8005542
:104E100080F8775504F5AF3080F8505080F8C850CE
:104E200080F8405180F8B85180F8305280F8A8528C
:104E300080F8205380F8985380F8105480F88854F4
:104E400080F8005580F8775504F5B03000F55E70B5
:104E500080F8505080F8C85080F8405180F8B85120
:104E600080F8305280F8A85280F8205380F8985388
:104E700080F8105480F8885480F8005580F87755F1
:104E800004F5B03000F50F6080F8505080F8C8503D
:104E900080F8405180F8B85180F8305280F8A8521C
:104EA00080F8205380F8985380F8105480F8885484
:104EB00080F8005580F8775504F5B43000F5CD60E2
:104EC00080F8505080F8C85080F8405180F8B851B0
:104ED00080F8305280F8A85280F8205380F8985318
:104EE00080F8105480F8885480F8005580F8775581
:104EF00004F5B03000F59F5080F8505080F8C8504D
:104F000080F8405180F8B85180F8305280F8A852AB
:104F100080F8205380F8985380F8105480F8885413
:104F200080F8005580F8775504F5C43000F5E76146
:104F300004F5C83000F5966080F8885480F8105465
:104F400080F8985380F8205380F8A85280F83052A7
:104F500080F8B85180F8405180F8C85080F850501F
:104F600080F8005580F8775504F5CC3000F50A70CC
:104F700080F8505080F8C85080F8405180F8B851FF
:104F800080F8305280F8A85280F8205380F8985367
:104F900080F8105480F8885480F8005580F87755D0
:104FA00004F5C03000F5FD5080F8505080F8C8502E
:104FB00080F8405180F8B85180F8305280F8A852FB
:104FC00080F8205380F8985380F8105480F8885463
:104FD00080F8005580F8775504F5D03000F5A360CF
:104FE00080F8505080F8C85080F8405180F8B8518F
:104FF00080F8305280F8A85280F8205380F89853F7
:1050000080F8105480F8885480F8005580F877555F
:1050100004F5D03000F5296080F8505080F8C85071
:1050200080F8405180F8B85180F8305280F8A8528A
:1050300080F8205380F8985380F8105480F88854F2
:1050400080F8005580F8775504F5D830083080F89E
:10505000505080F8C85080F8405180F8B85180F81E
:10506000305280F8A85280F8205380F8985380F886
:10507000105480F8885480F8005580F8775540F235
:105080008060C0F201002554204480F8785080F8F8
:10509000F05080F8685180F8E05180F8585280F85C
:1050A000D05280F8485380F8C05380F8385480F8C4
:1050B000B05480F8275540F6F830C0F2010025546E
:1050C000204480F8785080F8F05080F8685180F8DB
:1050D000E05180F8585280F8D05280F8485380F858
:1050E000C05380F8385480F8B05480F8275541F206
:1050F0007010C0F201002554204480F8785080F8E8
:10510000F05080F8685180F8E05180F8585280F8EB
:10511000D05280F8485380F8C05380F8385480F853
:10512000B05480F8275541F2E860C0F201002554E0
:10513000204480F8785080F8F05080F8685180F86A
:10514000E05180F8585280F8D05280F8485380F8E7
:10515000C05380F8385480F8B05480F8275541F691
:105160006040C0F201002554204480F8785080F857
:10517000F05080F8685180F8E05180F8585280F87B
:10518000D05280F8485380F8C05380F8385480F8E3
:10519000B05480F8275542F2D810C0F201002554CF
:1051A000204480F8785080F8F05080F8685180F8FA
:1051B000E05180F8585280F8D05280F8485380F877
:1051C000C05380F8385480F8B05480F8275542F224
:1051D0005070C0F201002554204480F8785080F8C7
:1051E000F05080F8685180F8E05180F8585280F80B
:1051F000D05280F8485380F8C05380F8385480F873
:10520000B05480F8275542F6C840C0F2010025543A
:10521000204480F8785080F8F05080F8685180F889
:10522000E05180F8585280F8D05280F8485380F806
:10523000C05380F8385480F8B05480F8275543F2B2
:105240004020C0F201002554204480F8785080F8B6
:10525000F05080F8685180F8E05180F8585280F89A
:10526000D05280F8485380F8C05380F8385480F802
:10527000B05480F8275543F2B870C0F201002554AD
:10528000204480F8785080F8F05080F8685180F819
:10529000E05180F8585280F8D05280F8485380F896
:1052A000C05380F8385480F8B05480F8275543F63E
:1052B0003050C0F201002554204480F8785080F826
:1052C000F05080F8685180F8E05180F8585280F82A
:1052D000D05280F8485380F8C05380F8385480F892
:1052E000B05480F8275544F2A820C0F2010025549C
:1052F000204480F8785080F8F05080F8685180F8A9
:10530000E05180F8585280F8D05280F8485380F825
:10531000C05380F8385480F8B05480F8275544F6CC
:105320002000C0F201002554204480F8785080F815
:10533000F05080F8685180F8E05180F8585280F8B9
:10534000D05280F8485380F8C05380F8385480F821
:10535000B05480F8275544F69850C0F2010081F807
:10536000505081F8C85081F8405181F8775581F844
:10537000005581F8885481F8105481F8985381F8C9
:10538000205381F8A85281F8305281F8B85104F5C1
:10539000C0312554204401F51C6180F8785080F814
:1053A000F05080F8685180F8E05180F8585280F849
:1053B000D05280F8485380F8C05380F8385480F8B1
:1053C000B05480F8275545F2103081F8505081F8DC
:1053D000C85081F8405181F8775581F8005581F81F
:1053E000885481F8105481F8985381F8205381F83B
:1053F000A85281F8305281F8B85104F5C031C0F29A
:10540000010001F589612554204481F8505081F84C
:10541000C85081F8405181F8775581F8005581F8DE
:10542000885481F8105481F8985381F8205381F8FA
:10543000A85281F8305281F8B85104F5B83180F89B
:10544000785080F8F05080F8685180F8E05180F88A
:10545000585280F8D05280F8485380F8C05380F8F2
:10546000385480F8B05480F8275545F6880001F587
:105470006D61C0F2010081F8505081F8C85081F888
:10548000405181F8775581F8005581F8885481F8AA
:10549000105481F8985381F8205381F8A85281F86C
:1054A000305281F8B85104F5BC312554204401F53F
:1054B000AC7180F8785080F8F05080F8685180F82E
:1054C000E05180F8585280F8D05280F8485380F864
:1054D000C05380F8385480F8B05480F8275504F54C
:1054E000833081F8505081F8C85081F8405181F8DC
:1054F000775581F8005581F8885481F8105481F867
:10550000985381F8205381F8A85281F8305281F8DD
:10551000B85157300C214FF0013200BFC0F829209C
:10552000C0F82D20C0F84120C0F84520C0F859200F
:10553000C0F85D20C0F87120C0F87520013900F175
:105540007800EBD104F5AC3000F5B1600C214FF0E0
:10555000013200BF40F8782F013942608261C26198
:10556000026342638264C264F4D11F2018B0BDECB0
:105570000E8B01B0BDE8F08F224100005152530064
:10558000234200005256352B5356313A20252E33F4
:1055900066206D56000000005256312B5356353AA6
:1055A00020252E3366206D56000000002DE9F04FB7
:1055B00081B02DED108B84B013F066FD4FF4AF6019
:1055C00011F0EEFB13F060FD4FF4AF6011F0E8FB5B
:1055D00013F05AFD4FF4AF6011F0E2FB13F054FDED
:1055E0004FF4AF6011F0DCFB13F04EFD4FF4AF60F1
:1055F00011F0D6FB13F048FD4FF4AF6011F0D0FB73
:1056000013F042FD4FF4AF6011F0CAFB13F03CFD04
:105610004FF4AF6011F0C4FB13F036FD4FF4AF60F0
:1056200011F0BEFB13F030FD4FF4AF6011F0B8FB8A
:1056300013F02AFD4FF4AF6011F0B2FB13F024FD1C
:105640004FF4AF6011F0ACFB13F01EFD4FF4AF60F0
:1056500011F0A6FB13F018FD4FF4AF6011F0A0FBA2
:1056600013F012FD4FF4AF6011F09AFB13F00CFD34
:105670004FF4AF6011F094FB13F006FD4FF4AF60F0
:1056800011F08EFB13F000FD4FF4AF6011F088FBBA
:1056900013F0FAFC4FF4AF6011F082FB13F0F4FC4E
:1056A0004FF4AF6011F07CFB13F0EEFC4FF4AF60F1
:1056B00011F076FB13F0E8FC4FF4AF6011F070FBD3
:1056C00013F0E2FC4FF4AF6011F06AFB13F0DCFC66
:1056D0004FF4AF6011F064FB13F0D6FC4FF4AF60F1
:1056E00011F05EFB13F0D0FC4FF4AF6011F058FBEB
:1056F00013F0CAFC4FF4AF6011F052FB13F0C4FC7E
:105700004FF4AF6011F04CFB13F0BEFC4FF4AF60F0
:1057100011F046FB13F0B8FC4FF4AF6011F040FB02
:1057200013F0B2FC4FF4AF6011F03AFB13F0ACFC95
:105730004FF4AF6011F034FB13F0A6FC4FF4AF60F0
:1057400011F02EFB13F0A0FC4FF4AF6011F028FB1A
:1057500013F09AFC4FF4AF6011F022FB13F094FCAD
:105760004FF4AF6011F01CFB13F08EFC4FF4AF60F0
:1057700011F016FB13F088FC4FF4AF6011F010FB32
:1057800013F082FC4FF4AF6011F00AFB13F07CFCC5
:105790004FF4AF6011F004FB13F076FC4FF4AF60F0
:1057A00011F0FEFA13F070FC4FF4AF6011F0F8FA4C
:1057B00013F06AFC4FF4AF6011F0F2FA13F064FCDE
:1057C0004FF4AF6011F0ECFA13F05EFC4FF4AF60F1
:1057D00011F0E6FA13F058FC4FF4AF6011F0E0FA64
:1057E00013F052FC4FF4AF6011F0DAFA13F04CFCF6
:1057F0004FF4AF6011F0D4FA13F046FC4FF4AF60F1
:1058000011F0CEFA13F040FC4FF4AF6011F0C8FA7B
:1058100013F03AFC4FF4AF6011F0C2FA13F034FC0D
:105820004FF4AF6011F0BCFA13F02EFC4FF4AF60F0
:1058300011F0B6FA13F028FC4FF4AF6011F0B0FA93
:1058400013F022FC4FF4AF6011F0AAFA13F01CFC25
:105850004FF4AF6011F0A4FA13F016FC4FF4AF60F0
:1058600011F09EFA13F010FC4FF4AF6011F098FAAB
:1058700013F00AFC4FF4AF6011F092FA13F004FC3D
:105880004FF4AF6011F08CFA13F0FEFB4FF4AF60F1
:1058900011F086FA13F0F8FB4FF4AF6011F080FAC4
:1058A00013F0F2FB4FF4AF6011F07AFA13F0ECFB57
:1058B0004FF4AF6011F074FA13F0E6FB4FF4AF60F1
:1058C00011F06EFA13F0E0FB4FF4AF6011F068FADC
:1058D00013F0DAFB4FF4AF6011F062FA13F0D4FB6F
:1058E0004FF4AF6011F05CFA13F0CEFB4FF4AF60F1
:1058F00011F056FA13F0C8FB4FF4AF6011F050FAF4
:1059000013F0C2FB4FF4AF6011F04AFA13F0BCFB86
:105910004FF4AF6011F044FA13F0B6FB4FF4AF60F0
:1059200011F03EFA13F0B0FB4FF4AF6011F038FA0B
:1059300013F0AAFB4FF4AF6011F032FA13F0A4FB9E
:105940004FF4AF6011F02CFA13F09EFB4FF4AF60F0
:1059500011F026FA13F098FB4FF4AF6011F020FA23
:1059600013F092FB4FF4AF6011F01AFA13F08CFBB6
:105970004FF4AF6011F014FA13F0F8FB502400BF9D
:1059800013F0BCFB4FF4AF6011F00AFA13F0B6FB52
:105990004FF4AF6011F004FA013CF1D14FF640141E
:1059A000CFF6FF7413F0E2FB642011F0D7F940F258
:1059B000080640F21209C1F200060020C1F20009F7
:1059C000307048464FF4D861FBF760F8012021465B
:1059D00009EB010211F5907182F8C00682F8C80641
:1059E00082F8D00682F8D80682F8E00682F8E80647
:1059F00082F8F00682F8F80682F8000782F80807B5
:105A000082F8100782F8180782F8200782F8280722
:105A100082F8300782F8380782F8400782F8480792
:105A200082F8500782F8580782F8600782F8680702
:105A300082F8700782F8780782F8800782F8880772
:105A400082F8900782F8980782F8A00782F8A807E2
:105A500082F8B00782F8B80782F8C00782F8C80752
:105A600082F8D00782F8D807B2D113F03FFD0A20A0
:105A700011F074F948464FF4D861FBF707F84FF678
:105A800040110120CFF6FF7109EB010211F5907171
:105A900082F8C10682F8C90682F8D10682F8D906D2
:105AA00082F8E10682F8E90682F8F10682F8F90642
:105AB00082F8010782F8090782F8110782F81907AE
:105AC00082F8210782F8290782F8310782F839071E
:105AD00082F8410782F8490782F8510782F859078E
:105AE00082F8610782F8690782F8710782F87907FE
:105AF00082F8810782F8890782F8910782F899076E
:105B000082F8A10782F8A90782F8B10782F8B907DD
:105B100082F8C10782F8C90782F8D10782F8D9074D
:105B2000B2D113F0E3FC0A2011F018F948464FF403
:105B3000D861FAF7ABFF4FF640110120CFF6FF71A5
:105B400009EB010211F5907182F8C20682F8CA06CB
:105B500082F8D20682F8DA0682F8E20682F8EA06CD
:105B600082F8F20682F8FA0682F8020782F80A073B
:105B700082F8120782F81A0782F8220782F82A07A9
:105B800082F8320782F83A0782F8420782F84A0719
:105B900082F8520782F85A0782F8620782F86A0789
:105BA00082F8720782F87A0782F8820782F88A07F9
:105BB00082F8920782F89A0782F8A20782F8AA0769
:105BC00082F8B20782F8BA0782F8C20782F8CA07D9
:105BD00082F8D20782F8DA07B2D113F087FC0A20E4
:105BE00011F0BCF848464FF4D861FAF74FFF4FF672
:105BF00040110120CFF6FF7109EB010211F5907100
:105C000082F8C30682F8CB0682F8D30682F8DB0658
:105C100082F8E30682F8EB0682F8F30682F8FB06C8
:105C200082F8030782F80B0782F8130782F81B0734
:105C300082F8230782F82B0782F8330782F83B07A4
:105C400082F8430782F84B0782F8530782F85B0714
:105C500082F8630782F86B0782F8730782F87B0784
:105C600082F8830782F88B0782F8930782F89B07F4
:105C700082F8A30782F8AB0782F8B30782F8BB0764
:105C800082F8C30782F8CB0782F8D30782F8DB07D4
:105C9000B2D10120307013F029FC13F02FFA01204B
:105CA00011F05CF813F062FA642011F057F813F069
:105CB00025FA012011F052F813F058FA13F016FCEF
:105CC000052011F04BF813F019FA4FF4AF6011F002
:105CD00067F813F013FA4FF4AF6011F061F813F0A6
:105CE0000DFA4FF4AF6011F05BF813F007FA4FF4C0
:105CF000AF6011F055F813F001FA4FF4AF6011F0F6
:105D00004FF813F0FBF94FF4AF6011F049F813F0BE
:105D1000F5F94FF4AF6011F043F813F0EFF94FF4D9
:105D2000AF6011F03DF813F0E9F94FF4AF6011F0F6
:105D300037F813F0E3F94FF4AF6011F031F813F0D6
:105D4000DDF94FF4AF6011F02BF813F0D7F94FF4F1
:105D5000AF6011F025F813F0D1F94FF4AF6011F0F6
:105D60001FF813F0CBF94FF4AF6011F019F813F0EE
:105D7000C5F94FF4AF6011F013F813F0BFF94FF409
:105D8000AF6011F00DF813F0B9F94FF4AF6011F0F6
:105D900007F813F0B3F94FF4AF6011F001F813F006
:105DA000ADF94FF4AF6010F0FBFF13F0A7F94FF41B
:105DB000AF6010F0F5FF13F0A1F94FF4AF6010F0F1
:105DC000EFFF13F09BF94FF4AF6010F0E9FF13F011
:105DD00095F94FF4AF6010F0E3FF13F08FF94FF433
:105DE000AF6010F0DDFF13F089F94FF4AF6010F0F1
:105DF000D7FF13F083F94FF4AF6010F0D1FF13F029
:105E00007DF94FF4AF6010F0CBFF13F077F94FF44A
:105E1000AF6010F0C5FF13F071F94FF4AF6010F0F0
:105E2000BFFF13F06BF94FF4AF6010F0B9FF13F040
:105E300065F94FF4AF6010F0B3FF13F05FF94FF462
:105E4000AF6010F0ADFF13F059F94FF4AF6010F0F0
:105E5000A7FF13F053F94FF4AF6010F0A1FF13F058
:105E60004DF94FF4AF6010F09BFF13F047F94FF47A
:105E7000AF6010F095FF13F041F94FF4AF6010F0F0
:105E80008FFF13F03BF94FF4AF6010F089FF13F070
:105E900035F94FF4AF6010F083FF13F02FF94FF492
:105EA000AF6010F07DFF13F029F94FF4AF6010F0F0
:105EB00077FF13F023F94FF4AF6010F071FF13F088
:105EC0001DF94FF4AF6010F06BFF13F017F94FF4AA
:105ED000AF6010F065FF13F011F94FF4AF6010F0F0
:105EE0005FFF13F00BF94FF4AF6010F059FF13F0A0
:105EF00005F94FF4AF6010F053FF13F0FFF84FF4C3
:105F0000AF6010F04DFF13F0F9F84FF4AF6010F0F0
:105F100047FF13F0F3F84FF4AF6010F041FF13F0B8
:105F2000EDF84FF4AF6010F03BFF13F0E7F84FF4DB
:105F3000AF6010F035FF13F0E1F84FF4AF6010F0F0
:105F40002FFF13F0DBF84FF4AF6010F029FF13F0D0
:105F5000D5F84FF4AF6010F023FF13F0CFF84FF4F3
:105F6000AF6010F01DFF13F0C9F84FF4AF6010F0F0
:105F700017FF13F0C3F84FF4AF6010F011FF13F0E8
:105F8000BDF84FF4AF6010F00BFF13F0B7F84FF40B
:105F9000AF6010F005FF13F0B1F84FF4AF6010F0F0
:105FA000FFFE13F0ABF84FF4AF6010F0F9FE13F002
:105FB000A5F84FF4AF6010F0F3FE13F09FF84FF424
:105FC000AF6010F0EDFE13F099F84FF4AF6010F0F1
:105FD000E7FE13F093F84FF4AF6010F0E1FE13F01A
:105FE0008DF84FF4AF6010F0DBFE13F087F84FF43C
:105FF000AF6010F0D5FE13F081F84FF4AF6010F0F1
:10600000CFFE13F07BF84FF4AF6010F0C9FE13F031
:1060100075F84FF4AF6010F0C3FE13F06FF84FF453
:10602000AF6010F0BDFE13F069F84FF4AF6010F0F0
:10603000B7FE13F063F84FF4AF6010F0B1FE13F049
:106040005DF84FF4AF6010F0ABFE13F057F84FF46B
:10605000AF6010F0A5FE13F051F84FF4AF6010F0F0
:106060009FFE13F04BF84FF4AF6010F099FE13F061
:1060700045F84FF4AF6010F093FE13F03FF84FF483
:10608000AF6010F08DFE13F071F840F29C354BF2CA
:10609000105B4FF00008C2F20005C2F2080B09F2D3
:1060A000846A00BF48464FF4D861FAF7EFFC00203D
:1060B000514600BF2B5C2A1801F8143D5378D7785D
:1060C00001F8013C537901F8037C01F8053C937910
:1060D000D77901F8063C137A01F8077C577A01F862
:1060E000083C937A01F8097CD77A01F80A3C937B43
:1060F0009478167901F80B7C01F80E3CD37B177C61
:1061000001F8024C01F8046C167B547B01F80F3C3B
:1061100001F8107C537C977CD27C1430A02801F8C5
:106120000C6C01F80D4C01F8113C01F8127C01F8DF
:10613000132CBFD14FF64011CFF6FF7109F2E45096
:1061400001F5A4710BEB010292F8783592F879759C
:1061500000F8143D92F87C3500F8017C92F87D75CA
:1061600000F8043C92F87E3500F8057C92F87F75C3
:1061700000F8063C92F8803500F8077C92F88175AB
:1061800000F8083C92F8823500F8097C92F8837593
:1061900000F80A3C92F8863592F87A6592F87B45C9
:1061A00000F80B7C00F80E3C92F8873592F8887561
:1061B00000F8026C00F8034C92F8846592F885456B
:1061C00000F80F3C00F8107C92F8893592F88A7537
:1061D00092F88B25143100F80C6C00F80D4C00F887
:1061E000113C00F8127C00F8132CABD112F086FFA2
:1061F000012010F0B3FD12F0B9FF13F077F908F1A8
:106200000108A035B8F1500F0BF5AF6B7FF44AAF22
:1062100040F29C3143F2EC10C2F200019FED0F8A74
:106220009FED0F9A9FED0FAA9FED0FBA9FED0FCA3A
:106230009FED0FDA9FED0FEA9FED0FFADFED0F8A6A
:10624000DFED0F9ADFED0FAADFED0FBA08444FF034
:10625000000B4FF0010A039031E100BF00008C43B6
:106260000000C843000002440000204400003E44F7
:1062700000005C4400007A4400008C4400009B4411
:106280000000AA440000B9440000C84441F218408C
:10629000C2F2080090ED000A43F25830C2F2080042
:1062A00038EE400A90ED001A44F24460BDEEC00A98
:1062B000C1F2000010EE10CA39EE410A90ED001A4A
:1062C000BDEEC00A10EE103A3AEE410A4FF2D84045
:1062D000BDEEC00AC2F2070090ED001A10EE100ADF
:1062E000029042F204703BEE410AC1F20000BDEEA2
:1062F000C00A90ED001A10EE100A01903CEE410A1F
:106300004DF29850BDEEC00AC2F2070090ED001A9F
:1063100010EE100A009046F21470C1F200003DEE3B
:10632000410A90ED001A45F29820BDEEC00AC2F273
:10633000080010EE107A3EEE410A90ED001A48F285
:106340005460BDEEC00AC1F2000010EE106A3FEECC
:10635000410A90ED001A47F2D811BDEEC00AC2F210
:10636000080110EE100A38EEC10A91ED001A4AF247
:106370009452BDEEC00AC1F2000210EE105A39EE7E
:10638000C10A92ED001A49F21812BDEEC00AC2F21B
:1063900008022CEAEC7C40F2BF6110EE104A3AEEA3
:1063A000C10A92ED001A8C45A8BF8C46A9EB0C02DD
:1063B00082F8C0A623EAE3728A42A8BF0A46A9EB84
:1063C000020282F8C0A6029A20EAE07022EAE27293
:1063D0008A42A8BF0A46A9EB020282F8C0A6019A27
:1063E000BDEEC00A22EAE2728A42A8BF0A46A9EBC1
:1063F000020282F8C0A6009A10EE108A22EAE27227
:106400008A42A8BF0A46A9EB020282F8C0A627EA80
:10641000E7728A42A8BF0A46A9EB020282F8C0A628
:1064200026EAE6728A42A8BF0A46A9EB020282F86F
:10643000C0A68842A8BF0846A9EB000080F8C0A605
:1064400025EAE5708842A8BF0846A9EB000080F85D
:10645000C0A624EAE4708842A8BF0846A9EB000061
:106460003BEEC10A80F8C0A628EAE870BDEEC00A7B
:106470008842A8BF0846DE4610EE10BAA9EB00001D
:1064800080F8C0A62BEAEB708842A8BF0846A9EBAB
:106490000000F34680F8C0A612F030FE012010F094
:1064A0005DFC12F063FE13F021F803980BF1010B71
:1064B000BBF5347F00F1A000039001F02184484631
:1064C0004FF4D861FAF7E2FA0399002011F8143F6B
:1064D00009EB000282F870364B788F7882F86F36BD
:1064E0004B7982F86E7682F86B368B79CF7982F8A9
:1064F0006A360B7A82F8697682F868368B7A4F7A38
:1065000082F866368B7B82F86776CF7A82F86236BD
:10651000CB7B82F865760F7CCE780D7982F8613678
:106520004B7C82F860768F7C82F86D6682F86C56C0
:106530000E7B4D7B82F85F36CB7C143882F85E761A
:1065400010F1A00782F8646682F8635682F85D361F
:10655000BCD1BBF1000F3FF499AE41F21841C2F239
:106560000801ABF1010E01EB8B0001EB8E0190ED08
:10657000000A91ED001AB4EE410AF1EE10FA40F370
:106580008180BDEEC11AB8EEC12AB4EE420A4FF6C0
:1065900056264FF646354FF6BE344FF6364CF1EEE2
:1065A00010FACFF6FF76CFF6FF75CFF6FF74CFF671
:1065B000FF7C6FF4B560C0F2818011EE101A01F516
:1065C000B56100BFA1F5B562B2F58C7F0B46C8BFBF
:1065D0004FF4D86312F5B56FA1F2A75201EE102A5D
:1065E000B8EEC11AB4EE410AD8BF0123F1EE10FA99
:1065F00009F803A062DB531E013201EE102A4F1C82
:10660000B3F58C7FB8EEC11AA8BF4FF4D86713F565
:10661000B56FB4EE410AB8BF0127F1EE10FA09F8E0
:1066200007A04BDB931E013201EE102A8F1CB3F53D
:106630008B7FB8EEC11AC8BF4FF4D8678342B4EE5F
:10664000410AB8BF0127F1EE10FA09F807A035DBBF
:10665000D31E013201EE102ACF1CB3F58B7FB8EEAA
:10666000C11AA8BF4FF4D867B342B4EE410AB8BF0D
:106670000127F1EE10FA01F1040109F807A0A1DAEF
:106680001CE000BFBDEEC00AB8EEC02AB4EE421A4C
:106690004FF656264FF646354FF6BE344FF6364C7B
:1066A000F1EE10FACFF6FF76CFF6FF75CFF6FF7456
:1066B000CFF6FF7C6FF4B56080F2AC8643F25832BF
:1066C000C2F2080202EB8B0191ED000A02EB8E018F
:1066D00091ED001AB4EE410AF1EE10FA72DDBDEE52
:1066E000C11AB8EEC12AB4EE420A4FF6CE26F1EE38
:1066F00010FA6FF4A660CFF6FF7673DB11EE101A76
:1067000001F5A661A1F5A662B2F5C87F0B46C8BF28
:106710004FF4D86312F5A66FA1F22F5201EE102AA2
:10672000B8EEC11AB4EE410AD8BF0123F1EE10FA57
:1067300009F803A056DB531E013201EE102A4F1C4C
:10674000B3F5C87FB8EEC11AA8BF4FF4D86713F5E8
:10675000A66FB4EE410AB8BF0127F1EE10FA09F8AE
:1067600007A03FDB931E013201EE102A8F1CB3F508
:10677000C77FB8EEC11AC8BF4FF4D8678342B4EEE2
:10678000410AB8BF0127F1EE10FA09F807A029DB8A
:10679000D31E013201EE102ACF1CB3F5C77FB8EE2D
:1067A000C11AA8BF4FF4D867B342B4EE410AB8BFCC
:1067B0000127F1EE10FA01F1040109F807A0A1DAAE
:1067C00010E000BFBDEEC00AB8EEC02AB4EE421A17
:1067D0004FF6CE26F1EE10FA6FF4A660CFF6FF76F4
:1067E00080F2808644F24462C1F2000202EB8B0127
:1067F00091ED000A02EB8E0191ED001AB4EE410A10
:10680000F1EE10FA70DDBDEEC11AB8EEC12AB4EE99
:10681000420AF1EE10FA40F2062071DB11EE101A76
:1068200001F59761A1F59762B2F5027F0B46C8BFEB
:106830004FF4D86312F5976FA1F2B74201EE102A18
:10684000B8EEC11AB4EE410AD8BF0123F1EE10FA36
:1068500009F803A054DB531E013201EE102A4F1C2D
:10686000B3F5027FB8EEC11AA8BF4FF4D86713F58D
:10687000976FB4EE410AB8BF0127F1EE10FA09F89C
:1068800007A03DDB931E013201EE102A8F1C8342CC
:106890006FF49766B8EEC11AC8BF4FF4D867B34219
:1068A000B4EE410AB8BF0127F1EE10FA09F807A0CB
:1068B00026DBD31E013240F2052601EE102ACF1C42
:1068C000B342B8EEC11AC8BF4FF4D867AB42B4EEBA
:1068D000410AB8BF0127F1EE10FA01F1040109F8ED
:1068E00007A09FDA0CE000BFBDEEC00AB8EEC02AD8
:1068F000B4EE421AF1EE10FA40F2062080F25A8607
:106900004FF2D842C2F2070202EB8B0191ED000A6E
:1069100002EB8E0191ED001AB4EE410AF1EE10FA8D
:1069200070DDBDEEC11AB8EEC12AB4EE420AF1EE36
:1069300010FA40F27E2071DB11EE101A01F5886129
:10694000A1F58862B2F5207F0B46C8BF4FF4D8632B
:1069500012F5886FA1F23F4201EE102AB8EEC11A7B
:10696000B4EE410AD8BF0123F1EE10FA09F803A0F2
:1069700054DB531E013201EE102A4F1CB3F5207F69
:10698000B8EEC11AA8BF4FF4D86713F5886FB4EEFC
:10699000410AB8BF0127F1EE10FA09F807A03DDB64
:1069A000931E013201EE102A8F1C83426FF488651A
:1069B000B8EEC11AC8BF4FF4D867AB42B4EE410A73
:1069C000B8BF0127F1EE10FA09F807A026DBD31EA5
:1069D000013240F27D2501EE102ACF1CAB42B8EE09
:1069E000C11AC8BF4FF4D867A342B4EE410AB8BF7A
:1069F0000127F1EE10FA01F1040109F807A09FDA6E
:106A00000CE000BFBDEEC00AB8EEC02AB4EE421AD8
:106A1000F1EE10FA40F27E2080F2368642F20472E5
:106A2000C1F2000202EB8B0191ED000A02EB8E0134
:106A300091ED001AB4EE410AF1EE10FA70DDBDEEF0
:106A4000C11AB8EEC12AB4EE420AF1EE10FA40F2D1
:106A5000F62071DB11EE101A01F57271A1F5727258
:106A6000B2F53E7F0B46C8BF4FF4D86312F5727F74
:106A7000A1F2C73201EE102AB8EEC11AB4EE410AF3
:106A8000D8BF0123F1EE10FA09F803A054DB531E1E
:106A9000013201EE102A4F1CB3F53E7FB8EEC11A49
:106AA000A8BF4FF4D86713F5727FB4EE410AB8BFA0
:106AB0000127F1EE10FA09F807A03DDB931E013221
:106AC00001EE102A8F1C83426FF47274B8EEC11A63
:106AD000C8BF4FF4D867A342B4EE410AB8BF01273C
:106AE000F1EE10FA09F807A026DBD31E013240F2BE
:106AF000F52401EE102ACF1CA342B8EEC11AC8BF7C
:106B00004FF4D8676345B4EE410AB8BF0127F1EEF0
:106B100010FA01F1040109F807A09FDA0CE000BFA8
:106B2000BDEEC00AB8EEC02AB4EE421AF1EE10FA79
:106B300040F2F62080F212864DF29852C2F207021D
:106B400002EB8B0191ED000A02EB8E0191ED001A30
:106B5000B4EE410AF1EE10FA7CDDBDEEC11AB8EEDA
:106B6000C12AB4EE420A4FF6AE464FF626554FF60E
:106B70009E5CF1EE10FACFF6FF76CFF6FF75CFF6FA
:106B8000FF7C40F26E306FF454747DDB11EE101A0E
:106B900001F55471A1F55472B2F55C7F0B46C8BF84
:106BA0004FF4D86312F5547FA1F24F3201EE102A50
:106BB000B8EEC11AB4EE410AD8BF0123F1EE10FAC3
:106BC00009F803A060DB531E013201EE102A4F1CAE
:106BD000B3F55C7FB8EEC11AA8BF4FF4D86713F5C0
:106BE000547FB4EE410AB8BF0127F1EE10FA09F85C
:106BF00007A049DB931E013201EE102A8F1C83424D
:106C0000B8EEC11AC8BF4FF4D867A342B4EE410A28
:106C1000B8BF0127F1EE10FA09F807A034DBD31E44
:106C2000013240F26D3801EE102ACF1C4345B8EE18
:106C3000C11AC8BF4FF4D867B342B4EE410AB8BF17
:106C40000127F1EE10FA01F1040109F807A0A1DA19
:106C50001AE000BFBDEEC00AB8EEC02AB4EE421A78
:106C60004FF6AE484FF626554FF69E5CF1EE10FA01
:106C7000CFF6FF78CFF6FF75CFF6FF7C40F26E308F
:106C80006FF4547480F2D48546F21472C1F200029B
:106C900002EB8B0191ED000A02EB8E0191ED001ADF
:106CA000B4EE410AF1EE10FA70DDBDEEC11AB8EE95
:106CB000C12AB4EE420AF1EE10FA40F2E6306FF467
:106CC000367440F2E53671DB11EE101A01F53671BB
:106CD000A1F53672B2F57A7F0B46C8BF4FF4D86380
:106CE00012F5367FA1F2D72201EE102AB8EEC11AB2
:106CF000B4EE410AD8BF0123F1EE10FA09F803A05F
:106D000054DB531E013201EE102A4F1CB3F57A7F7B
:106D1000B8EEC11AA8BF4FF4D86713F5367FB4EEAA
:106D2000410AB8BF0127F1EE10FA09F807A03DDBD0
:106D3000931E013201EE102A8F1C8342B8EEC11A55
:106D4000C8BF4FF4D867A342B4EE410AB8BF0127C9
:106D5000F1EE10FA09F807A028DBD31E013201EE8C
:106D6000102ACF1CB342B8EEC11AC8BF4FF4D8677F
:106D7000AB42B4EE410AB8BF0127F1EE10FA01F1BF
:106D8000040109F807A0A3DA10E000BFBDEEC00AB5
:106D9000B8EEC02AB4EE421AF1EE10FA40F2E63034
:106DA0006FF4367440F2E53680F2AA8545F29822F7
:106DB000C2F2080202EB8B0191ED000A02EB8E0198
:106DC00091ED001AB4EE410AF1EE10FA70DDBDEE5D
:106DD000C11AB8EEC12AB4EE420AF1EE10FA40F23E
:106DE0005E406FF4187440F25D4571DB11EE101ACD
:106DF00001F51871A1F51872B2F58C6F0B46C8BF7A
:106E00004FF4D86312F5187FA1F25F2201EE102A29
:106E1000B8EEC11AB4EE410AD8BF0123F1EE10FA60
:106E200009F803A054DB531E013201EE102A4F1C57
:106E3000B3F58C6FB8EEC11AA8BF4FF4D86713F53D
:106E4000187FB4EE410AB8BF0127F1EE10FA09F835
:106E500007A03DDB931E013201EE102A8F1C8342F6
:106E6000B8EEC11AC8BF4FF4D867A342B4EE410AC6
:106E7000B8BF0127F1EE10FA09F807A028DBD31EEE
:106E8000013201EE102ACF1CAB42B8EEC11AC8BFC6
:106E90004FF4D8676345B4EE410AB8BF0127F1EE5D
:106EA00010FA01F1040109F807A0A3DA10E000BF0D
:106EB000BDEEC00AB8EEC02AB4EE421AF1EE10FAE6
:106EC00040F25E406FF4187440F25D4580F27E85BA
:106ED00048F25462C1F2000202EB8B0191ED000A0C
:106EE00002EB8E0191ED001AB4EE410AF1EE10FAB8
:106EF00074DDBDEEC11AB8EEC12AB4EE420AF1EE5D
:106F000010FA40F2D64040F2D54640F24D5540F2DC
:106F1000C55475DB11EE101A01F5F471A1F5F47288
:106F2000B2F59B6F0B46C8BF4FF4D86312F5F47FE0
:106F3000A1F2E71201EE102AB8EEC11AB4EE410A2E
:106F4000D8BF0123F1EE10FA09F803A058DB531E55
:106F5000013201EE102A4F1CB3F59B6FB8EEC11A37
:106F6000A8BF4FF4D86713F5F47FB4EE410AB8BF59
:106F70000127F1EE10FA09F807A041DB931E013258
:106F800001EE102A8F1C8342B8EEC11AC8BF4FF41D
:106F9000D86713F5F57FB4EE410AD8BF0127F1EEAB
:106FA00010FA09F807A02BDBD31E013201EE102ADC
:106FB000CF1CB342B8EEC11AC8BF4FF4D86713F55F
:106FC000F57FB4EE410AB8BF0127F1EE10FA01F1E6
:106FD000040109F807A0A1DA12E000BFBDEEC00A63
:106FE000B8EEC02AB4EE421AF1EE10FA40F2D640E2
:106FF00040F2D54640F24D5540F2C55480F24C85E2
:1070000047F2D812C2F2080202EB8B0191ED000A9E
:1070100002EB8E0191ED001AB4EE410AF1EE10FA86
:107020006EDDBDEEC11AB8EEC12AB4EE420AF1EE31
:1070300010FA40F24E506FDB11EE101A01F5B871E4
:10704000A1F5B872B2F5AA6F0B46C8BF4FF4D8636A
:1070500012F5B87FA1F26F1201EE102AB8EEC11A34
:10706000B4EE410AD8BF0123F1EE10FA09F803A0EB
:1070700052DB531E013201EE102A4F1CB3F5AA6FEA
:10708000B8EEC11AA8BF4FF4D86713F5B87FB4EEB5
:10709000410AB8BF0127F1EE10FA09F807A03BDB5F
:1070A000931E013201EE102A8F1C8342B8EEC11AE2
:1070B000C8BF4FF4D86713F5B97FB4EE410AD8BF03
:1070C0000127F1EE10FA09F807A025DBD31E0132E3
:1070D00001EE102ACF1CAB42B8EEC11AC8BF4FF464
:1070E000D86713F5B97FB4EE410AB8BF0127F1EEB6
:1070F00010FA01F1040109F807A0A1DA0CE000BFC1
:10710000BDEEC00AB8EEC02AB4EE421AF1EE10FA93
:1071100040F24E5080F228854AF29452C1F20002A9
:1071200002EB8B0191ED000A02EB8E0191ED001A4A
:10713000B4EE410AF1EE10FA6ADDBDEEC11AB8EE06
:10714000C12AB4EE420AF1EE10FA40F2C6506BDBEF
:1071500011EE101A4A1C01EE102A01F1F803B1F5E4
:10716000B96FB8EEC11AC8BF4FF4D86311F1F70F69
:10717000B4EE410AB8BF0123F1EE10FA09F803A0FA
:1071800052DB531E013201EE102A01F1F907B3F56B
:10719000B96FB8EEC11AA8BF4FF4D86713F1F80F52
:1071A000B4EE410AB8BF0127F1EE10FA09F807A0C2
:1071B0003ADB931E013201EE102A01F1FA078342F5
:1071C000B8EEC11AC8BF4FF4D86713F1F90FB4EE87
:1071D000410AB8BF0127F1EE10FA09F807A023DB36
:1071E00001F1FB07511CD31E01EE101AA342B8EEA9
:1071F000C11AC8BF4FF4D86713F1FA0FB4EE410AB1
:10720000B8BF0127F1EE10FA09F807A0A2DA0BE0E7
:10721000BDEEC00AB8EEC02AB4EE421AF1EE10FA82
:1072200040F2C65080F2088549F21812C2F20802F4
:1072300002EB8B0102EB8E0091ED000A90ED001A3B
:10724000B4EE410AF1EE10FA72DDBDEEC11AB8EEED
:10725000C12AB4EE420AF1EE10FA40F23E6740F263
:107260003D66FFF619A911EE100A00BF411C01EEA0
:10727000101A00F18002B0F5C86FB8EEC11AC8BF8D
:107280004FF4D86210F17F0FB4EE410AB8BF01226B
:10729000F1EE10FA09F802A0FFF6FEA84A1E01312D
:1072A00001EE101A00F18103B2F5C86FB8EEC11AF1
:1072B000A8BF4FF4D86312F1800FB4EE410AB8BFF3
:1072C0000123F1EE10FA09F803A0FFF6E5A88A1EE3
:1072D000013101EE101A00F18203BA42B8EEC11A70
:1072E000C8BF4FF4D86312F1810FB4EE410AB8BFA2
:1072F0000123F1EE10FA09F803A0FFF6CDA800F182
:107300008303481CCA1E01EE100AB242B8EEC11A2D
:10731000C8BF4FF4D86312F1820FB4EE410AB8BF70
:107320000123F1EE10FA09F803A09FDAFFF7B4B8D1
:10733000BDEEC00AB8EEC02AB4EE421AF1EE10FA61
:1073400040F23E6740F23D66FFF6A6A810EE100A36
:10735000411C00EE101A00F18002B0F5C86FB8EEC3
:10736000C00AC8BF4FF4D86210F17F0FB4EE401AC4
:10737000B8BF0122F1EE10FA09F802A0FFF68CA8BE
:107380004A1E013100EE101A00F18103B2F5C86FF8
:10739000B8EEC00AA8BF4FF4D86312F1800FB4EE64
:1073A000401AB8BF0123F1EE10FA09F803A0FFF666
:1073B00073A88A1E013100EE101A00F18203BA424E
:1073C000B8EEC00AC8BF4FF4D86312F1810FB4EE13
:1073D000401AB8BF0123F1EE10FA09F803A0FFF636
:1073E0005BA800F18303481CCA1E00EE100AB242DB
:1073F000B8EEC00AC8BF4FF4D86312F1820FB4EEE2
:10740000401AB8BF0123F1EE10FA09F803A09FDA81
:10741000FFF742B810EE101A01F5B561A1F5B5629B
:10742000B2F58C7F0B46C8BF4FF4D86312F5B56F29
:10743000A1F2A75200EE102AB8EEC00AB4EE401A2C
:10744000D8BF0123F1EE10FA09F803A0FFF636A920
:10745000531E013200EE102A4F1CB3F58C7FB8EE9C
:10746000C00AA8BF4FF4D86713F5B56FB4EE401A41
:10747000B8BF0127F1EE10FA09F807A0FFF61EA920
:10748000931E013200EE102A8F1CB3F58B7FB8EEED
:10749000C00AC8BF4FF4D8678342B4EE401AB8BFE1
:1074A0000127F1EE10FA09F807A0FFF607A9D31E8D
:1074B000013200EE102ACF1CB3F58B7FB8EEC00A64
:1074C000A8BF4FF4D867B342B4EE401AB8BF012743
:1074D000F1EE10FA01F1040109F807A09EDAFFF7B6
:1074E000EDB800BF10EE101A01F5A661A1F5A66275
:1074F000B2F5C87F0B46C8BF4FF4D86312F5A66F2C
:10750000A1F22F5200EE102AB8EEC00AB4EE401AD3
:10751000D8BF0123F1EE10FA09F803A0FFF662A923
:10752000531E013200EE102A4F1CB3F5C87FB8EE8F
:10753000C00AA8BF4FF4D86713F5A66FB4EE401A7F
:10754000B8BF0127F1EE10FA09F807A0FFF64AA923
:10755000931E013200EE102A8F1CB3F5C77FB8EEE0
:10756000C00AC8BF4FF4D8678342B4EE401AB8BF10
:107570000127F1EE10FA09F807A0FFF633A9D31E90
:10758000013200EE102ACF1CB3F5C77FB8EEC00A57
:10759000A8BF4FF4D867B342B4EE401AB8BF012772
:1075A000F1EE10FA01F1040109F807A09EDAFFF7E5
:1075B00019B900BF10EE101A01F59761A1F5976295
:1075C000B2F5027F0B46C8BF4FF4D86312F5976F30
:1075D000A1F2B74200EE102AB8EEC00AB4EE401A8B
:1075E000D8BF0123F1EE10FA09F803A0FFF688A92D
:1075F000531E013200EE102A4F1CB3F5027FB8EE85
:10760000C00AA8BF4FF4D86713F5976FB4EE401ABD
:10761000B8BF0127F1EE10FA09F807A0FFF670A92C
:10762000931E013200EE102A8F1C83426FF497667E
:10763000B8EEC00AC8BF4FF4D867B342B4EE401AE0
:10764000B8BF0127F1EE10FA09F807A0FFF658A914
:10765000D31E013240F2052600EE102ACF1CB342A1
:10766000B8EEC00AC8BF4FF4D867AB42B4EE401AB8
:10767000B8BF0127F1EE10FA01F1040109F807A0E3
:107680009CDAFFF73DB900BF10EE101A01F58861D2
:10769000A1F58862B2F5207F0B46C8BF4FF4D863CE
:1076A00012F5886FA1F23F4200EE102AB8EEC00A30
:1076B000B4EE401AD8BF0123F1EE10FA09F803A086
:1076C000FFF6ACA9531E013200EE102A4F1CB3F591
:1076D000207FB8EEC00AA8BF4FF4D86713F5886FB3
:1076E000B4EE401AB8BF0127F1EE10FA09F807A06E
:1076F000FFF694A9931E013200EE102A8F1C8342DC
:107700006FF48865B8EEC00AC8BF4FF4D867AB42C3
:10771000B4EE401AB8BF0127F1EE10FA09F807A03D
:10772000FFF67CA9D31E013240F27D2500EE102A1F
:10773000CF1CAB42B8EEC00AC8BF4FF4D867A34213
:10774000B4EE401AB8BF0127F1EE10FA01F10401BE
:1077500009F807A09CDAFFF761B900BF10EE101A14
:1077600001F57271A1F57272B2F53E7F0B46C8BF8A
:107770004FF4D86312F5727FA1F2C73200EE102ADF
:10778000B8EEC00AB4EE401AD8BF0123F1EE10FAE9
:1077900009F803A0FFF6D0A9531E013200EE102A0B
:1077A0004F1CB3F53E7FB8EEC00AA8BF4FF4D867B0
:1077B00013F5727FB4EE401AB8BF0127F1EE10FA4C
:1077C00009F807A0FFF6B8A9931E013200EE102AAF
:1077D0008F1C83426FF47274B8EEC00AC8BF4FF4B6
:1077E000D867A342B4EE401AB8BF0127F1EE10FAF1
:1077F00009F807A0FFF6A0A9D31E013240F2F52434
:1078000000EE102ACF1CA342B8EEC00AC8BF4FF446
:10781000D8676345B4EE401AB8BF0127F1EE10FAFD
:1078200001F1040109F807A09CDAFFF785B900BF50
:1078300010EE101A01F55471A1F55472B2F55C7F87
:107840000B46C8BF4FF4D86312F5547FA1F24F32F4
:1078500000EE102AB8EEC00AB4EE401AD8BF0123D9
:10786000F1EE10FA09F803A0FFF60EAA531E01323A
:1078700000EE102A4F1CB3F55C7FB8EEC00AA8BF1B
:107880004FF4D86713F5547FB4EE401AB8BF012700
:10789000F1EE10FA09F807A0FFF6F6A9931E0132DF
:1078A00000EE102A8F1C8342B8EEC00AC8BF4FF406
:1078B000D867A342B4EE401AB8BF0127F1EE10FA20
:1078C00009F807A0FFF6E0A9D31E013240F26D3699
:1078D00000EE102ACF1CB342B8EEC00AC8BF4FF466
:1078E000D8674345B4EE401AB8BF0127F1EE10FA4D
:1078F00001F1040109F807A09EDAFFF7C5B900BF3E
:1079000010EE101A01F53671A1F53672B2F57A7FD4
:107910000B46C8BF4FF4D86312F5367FA1F2D722C9
:1079200000EE102AB8EEC00AB4EE401AD8BF012308
:10793000F1EE10FA09F803A0FFF638AA531E01323F
:1079400000EE102A4F1CB3F57A7FB8EEC00AA8BF2C
:107950004FF4D86713F5367FB4EE401AB8BF01274D
:10796000F1EE10FA09F807A0FFF620AA931E0132E3
:1079700000EE102A8F1C8342B8EEC00AC8BF4FF435
:10798000D867A342B4EE401AB8BF0127F1EE10FA4F
:1079900009F807A0FFF60AAAD31E013200EE102A4A
:1079A000CF1CB342B8EEC00AC8BF4FF4D867AB4291
:1079B000B4EE401AB8BF0127F1EE10FA01F104014C
:1079C00009F807A0A0DAFFF7F1B900BF10EE101A0E
:1079D00001F51871A1F51872B2F58C6F0B46C8BF8E
:1079E0004FF4D86312F5187FA1F25F2200EE102A3F
:1079F000B8EEC00AB4EE401AD8BF0123F1EE10FA77
:107A000009F803A0FFF664AA531E013200EE102A03
:107A10004F1CB3F58C6FB8EEC00AA8BF4FF4D867FF
:107A200013F5187FB4EE401AB8BF0127F1EE10FA33
:107A300009F807A0FFF64CAA931E013200EE102AA7
:107A40008F1C8342B8EEC00AC8BF4FF4D867A34268
:107A5000B4EE401AB8BF0127F1EE10FA09F807A0FA
:107A6000FFF636AAD31E013200EE102ACF1CAB421D
:107A7000B8EEC00AC8BF4FF4D8676345B4EE401AE9
:107A8000B8BF0127F1EE10FA01F1040109F807A0CF
:107A9000A0DAFFF71DBA00BF10EE101A01F5F4715D
:107AA000A1F5F472B2F59B6F0B46C8BF4FF4D863D3
:107AB00012F5F47FA1F2E71200EE102AB8EEC00A28
:107AC000B4EE401AD8BF0123F1EE10FA09F803A072
:107AD000FFF696AA531E013200EE102A4F1CB3F592
:107AE0009B6FB8EEC00AA8BF4FF4D86713F5F47FB8
:107AF000B4EE401AB8BF0127F1EE10FA09F807A05A
:107B0000FFF67EAA931E013200EE102A8F1C8342DC
:107B1000B8EEC00AC8BF4FF4D86713F5F57FB4EECE
:107B2000401AD8BF0127F1EE10FA09F807A0FFF6B6
:107B300067AAD31E013200EE102ACF1CB342B8EE62
:107B4000C00AC8BF4FF4D86713F5F57FB4EE401AEA
:107B5000B8BF0127F1EE10FA01F1040109F807A0FE
:107B60009EDAFFF74DBA00BF10EE101A01F5B8719A
:107B7000A1F5B872B2F5AA6F0B46C8BF4FF4D8632F
:107B800012F5B87FA1F26F1200EE102AB8EEC00A0B
:107B9000B4EE401AD8BF0123F1EE10FA09F803A0A1
:107BA000FFF6BAAA531E013200EE102A4F1CB3F59D
:107BB000AA6FB8EEC00AA8BF4FF4D86713F5B87F14
:107BC000B4EE401AB8BF0127F1EE10FA09F807A089
:107BD000FFF6A2AA931E013200EE102A8F1C8342E8
:107BE000B8EEC00AC8BF4FF4D86713F5B97FB4EE3A
:107BF000401AD8BF0127F1EE10FA09F807A0FFF6E6
:107C00008BAAD31E013200EE102ACF1CAB42B8EE75
:107C1000C00AC8BF4FF4D86713F5B97FB4EE401A55
:107C2000B8BF0127F1EE10FA01F1040109F807A02D
:107C30009EDAFFF771BA00BF10EE101A4A1C00EE70
:107C4000102A01F1F803B1F5B96FB8EEC00AC8BF48
:107C50004FF4D86311F1F70FB4EE401AB8BF012307
:107C6000F1EE10FA09F803A0FFF6DEAA531E013266
:107C700000EE102A01F1F907B3F5B96FB8EEC00AAA
:107C8000A8BF4FF4D86713F1F80FB4EE401AB8BF8D
:107C90000127F1EE10FA09F807A0FFF6C5AA931E16
:107CA000013200EE102A01F1FA078342B8EEC00A51
:107CB000C8BF4FF4D86713F1F90FB4EE401AB8BF3C
:107CC0000127F1EE10FA09F807A0FFF6ADAA01F1BD
:107CD000FB07511CD31E00EE101AA342B8EEC00AD7
:107CE000C8BF4FF4D86713F1FA0FB4EE401AB8BF0B
:107CF0000127F1EE10FA09F807A09FDAFFF794BA0E
:107D00004FF4347801266FF4B56A0EE011F0F6F9FD
:107D100001200FF023F811F029FA11F0E7FB08F128
:107D20000108B8F5FA6F01F0D18348464FF4D861E5
:107D3000F8F7ACFE41F21841C2F20801A8F1010EB9
:107D400001EB880001EB8E0190ED000A91ED001A25
:107D5000B4EE410AF1EE10FA70DDBDEEC11AB8EED4
:107D6000C12AB4EE420A4FF65624F1EE10FACFF6CD
:107D7000FF7471DB11EE101A01F5B561A1F5B56262
:107D8000B2F58C7F0B46C8BF4FF4D86312F5B56FC0
:107D9000A1F2A75201EE102AB8EEC11AB4EE410AC0
:107DA000D8BF0123F1EE10FA09F8036054DB531E2B
:107DB000013201EE102A4F1CB3F58C7FB8EEC11AC8
:107DC000A8BF4FF4D86713F5B56FB4EE410AB8BF3A
:107DD0000127F1EE10FA09F807603DDB931E01322E
:107DE00001EE102A8F1CB3F58B7FB8EEC11AC8BF05
:107DF0004FF4D8675345B4EE410AB8BF0127F1EEFE
:107E000010FA09F8076027DBD31E013201EE102AB1
:107E1000CF1CB3F58B7FB8EEC11AA8BF4FF4D8675B
:107E2000A342B4EE410AB8BF0127F1EE10FA01F106
:107E3000040109F80760A1DA0EE000BFBDEEC00A38
:107E4000B8EEC02AB4EE421A4FF65624F1EE10FAFC
:107E5000CFF6FF7480F2C88643F25832C2F20802AD
:107E600002EB880191ED000A02EB8E0191ED001A00
:107E70004FF6463CB4EE410AF1EE10FACFF6FF7C25
:107E80006FF4A66072DDBDEEC11AB8EEC12AB4EE81
:107E9000420A4FF6CE24F1EE10FACFF6FF746FF4DB
:107EA000976573DB11EE101A01F5A661A1F5A662C4
:107EB000B2F5C87F0B46C8BF4FF4D86312F5A66F62
:107EC000A1F22F5201EE102AB8EEC11AB4EE410A07
:107ED000D8BF0123F1EE10FA09F8036056DB531EF8
:107EE000013201EE102A4F1CB3F5C87FB8EEC11A5B
:107EF000A8BF4FF4D86713F5A66FB4EE410AB8BF18
:107F00000127F1EE10FA09F807603FDB931E0132FA
:107F100001EE102A8F1CB3F5C77FB8EEC11AC8BF97
:107F20004FF4D8678342B4EE410AB8BF0127F1EE9F
:107F300010FA09F8076029DBD31E013201EE102A7E
:107F4000CF1CB3F5C77FB8EEC11AA8BF4FF4D867EE
:107F5000A342B4EE410AB8BF0127F1EE10FA01F1D5
:107F6000040109F80760A1DA10E000BFBDEEC00A05
:107F7000B8EEC02AB4EE421A4FF6CE24F1EE10FA53
:107F8000CFF6FF746FF4976580F2968644F24462F0
:107F9000C1F2000202EB880191ED000A02EB8E01B2
:107FA00091ED001AB4EE410AF1EE10FA6EDDBDEE6D
:107FB000C11AB8EEC12AB4EE420AF1EE10FA40F24C
:107FC00006206FDB11EE101A01F59761A1F597629B
:107FD000B2F5027F0B46C8BF4FF4D86312F5976F16
:107FE000A1F2B74201EE102AB8EEC11AB4EE410A6E
:107FF000D8BF0123F1EE10FA09F8036052DB531EDB
:10800000013201EE102A4F1CB3F5027FB8EEC11AFF
:10801000A8BF4FF4D86713F5976FB4EE410AB8BF05
:108020000127F1EE10FA09F807603BDB931E0132DD
:1080300001EE102A8F1C8342B8EEC11AC8BF4FF45C
:10804000D867AB42B4EE410AB8BF0127F1EE10FA8F
:1080500009F8076026DBD31E013240F2052401EE49
:10806000102ACF1CA342B8EEC11AC8BF4FF4D8677C
:108070006345B4EE410AB8BF0127F1EE10FA01F1F1
:10808000040109F80760A1DA0CE000BFBDEEC00AE8
:10809000B8EEC02AB4EE421AF1EE10FA40F2062011
:1080A00080F272864FF2D842C2F2070202EB8801D8
:1080B00091ED000A02EB8E0191ED001AB4EE410A37
:1080C000F1EE10FA40F38280BDEEC11AB8EEC12A7B
:1080D000B4EE420A4FF6BE344FF636404FF6AE4A83
:1080E0004FF6265CF1EE10FACFF6FF74CFF6FF7074
:1080F000CFF6FF7ACFF6FF7CC0F2828011EE101A25
:1081000001F58861A1F58862B2F5207F0B46C8BFF2
:108110004FF4D86312F5886FA1F23F4201EE102AA6
:10812000B8EEC11AB4EE410AD8BF0123F1EE10FA3D
:1081300009F8036064DB531E013201EE102A4F1C64
:10814000B3F5207FB8EEC11AA8BF4FF4D86713F576
:10815000886FB4EE410AB8BF0127F1EE10FA09F8B2
:1081600007604DDB931E013240F27E2B01EE102A98
:108170008F1C5B456FF48865B8EEC11AC8BF4FF419
:10818000D867AB42B4EE410AB8BF0127F1EE10FA4E
:1081900009F8076034DBD31E013240F27D2501EE81
:1081A000102ACF1CAB42B8EEC11AC8BF4FF4D86733
:1081B000A342B4EE410AB8BF0127F1EE10FA01F173
:1081C000040109F807609DDA1AE000BFBDEEC00A9D
:1081D000B8EEC02AB4EE421A4FF6BE344FF636401F
:1081E0004FF6AE4A4FF6265CF1EE10FACFF6FF746A
:1081F000CFF6FF70CFF6FF7ACFF6FF7C80F22C86A9
:1082000042F20472C1F2000202EB880191ED000A11
:1082100002EB8E0191ED001AB4EE410AF1EE10FA74
:1082200070DDBDEEC11AB8EEC12AB4EE420AF1EE1D
:1082300010FA40F2F6246FF4727571DB11EE101A29
:1082400001F57271A1F57272B2F53E7F0B46C8BF9F
:108250004FF4D86312F5727FA1F2C73201EE102AF3
:10826000B8EEC11AB4EE410AD8BF0123F1EE10FAFC
:1082700009F8036054DB531E013201EE102A4F1C33
:10828000B3F53E7FB8EEC11AA8BF4FF4D86713F517
:10829000727FB4EE410AB8BF0127F1EE10FA09F877
:1082A00007603DDB931E013201EE102A8F1CA342B2
:1082B000B8EEC11AC8BF4FF4D867AB42B4EE410A5A
:1082C000B8BF0127F1EE10FA09F8076028DBD31ECA
:1082D000013240F2F52B01EE102ACF1C5B45B8EEBF
:1082E000C11AC8BF4FF4D8678342B4EE410AB8BF81
:1082F0000127F1EE10FA01F1040109F80760A1DA93
:108300000EE000BFBDEEC00AB8EEC02AB4EE421ABD
:10831000F1EE10FA40F2F62B6FF4727580F20886D7
:108320004DF29852C2F2070202EB880191ED000A69
:1083300002EB8E0191ED001AB4EE410AF1EE10FA53
:1083400072DDBDEEC11AB8EEC12AB4EE420AF1EEFA
:1083500010FA40F26E306FF4547440F26D3540F212
:108360005D4B73DB11EE101A01F55471A1F55472D7
:10837000B2F55C7F0B46C8BF4FF4D86312F5547F4B
:10838000A1F24F3201EE102AB8EEC11AB4EE410A42
:10839000D8BF0123F1EE10FA09F8036056DB531E33
:1083A000013201EE102A4F1CB3F55C7FB8EEC11A02
:1083B000A8BF4FF4D86713F5547FB4EE410AB8BF95
:1083C0000127F1EE10FA09F807603FDB931E013236
:1083D00001EE102A8F1C8342B8EEC11AC8BF4FF4B9
:1083E000D867A342B4EE410AB8BF0127F1EE10FAF4
:1083F00009F807602ADBD31E013201EE102ACF1CD8
:10840000AB42B8EEC11AC8BF4FF4D8675345B4EEBB
:10841000410AB8BF0127F1EE10FA01F1040109F891
:108420000760A3DA12E000BFBDEEC00AB8EEC02AB2
:10843000B4EE421AF1EE10FA40F26E306FF454745A
:1084400040F26D3540F25D4B80F2DA8546F21472EF
:10845000C1F2000202EB880191ED000A02EB8E01ED
:1084600091ED001AB4EE410AF1EE10FA72DDBDEEA4
:10847000C11AB8EEC12AB4EE420AF1EE10FA6FF456
:10848000B56A40F2E6306FF4367440F2E53573DBDE
:1084900011EE101A01F53671A1F53672B2F57A7F38
:1084A0000B46C8BF4FF4D86312F5367FA1F2D7222E
:1084B00001EE102AB8EEC11AB4EE410AD8BF01236A
:1084C000F1EE10FA09F8036056DB531E013201EE9B
:1084D000102A4F1CB3F57A7FB8EEC11AA8BF4FF42B
:1084E000D86713F5367FB4EE410AB8BF0127F1EE25
:1084F00010FA09F807603FDB931E013201EE102AE3
:108500008F1C8342B8EEC11AC8BF4FF4D867A3428C
:10851000B4EE410AB8BF0127F1EE10FA09F807607E
:108520002ADBD31E013201EE102ACF1CAB42B8EE7B
:10853000C11AC8BF4FF4D8676345B4EE410AB8BF4B
:108540000127F1EE10FA01F1040109F80760A3DA3E
:1085500012E000BFBDEEC00AB8EEC02AB4EE421A67
:10856000F1EE10FA6FF4B56A40F2E6306FF436744B
:1085700040F2E53580F2AA8545F29822C2F208025F
:1085800002EB880191ED000A02EB8E0191ED001AD9
:10859000B4EE410AF1EE10FA72DDBDEEC11AB8EE8A
:1085A000C12AB4EE420A4FF69E50F1EE10FACFF611
:1085B000FF7040F25E456FF4187473DB11EE101A11
:1085C00001F51871A1F51872B2F58C6F0B46C8BF92
:1085D0004FF4D86312F5187FA1F25F2201EE102A42
:1085E000B8EEC11AB4EE410AD8BF0123F1EE10FA79
:1085F00009F8036056DB531E013201EE102A4F1CAE
:10860000B3F58C6FB8EEC11AA8BF4FF4D86713F555
:10861000187FB4EE410AB8BF0127F1EE10FA09F84D
:1086200007603FDB931E013201EE102A8F1CAB4224
:10863000B8EEC11AC8BF4FF4D867A342B4EE410ADE
:10864000B8BF0127F1EE10FA09F807602ADBD31E44
:10865000013201EE102ACF1C5B45B8EEC11AC8BF2B
:108660004FF4D8678342B4EE410AB8BF0127F1EE58
:1086700010FA01F1040109F80760A3DA12E000BF63
:10868000BDEEC00AB8EEC02AB4EE421A4FF69E50B4
:10869000F1EE10FACFF6FF7040F25E456FF41874F9
:1086A00080F27A8548F25462C1F2000202EB88013E
:1086B00091ED000A02EB8E0191ED001AB4EE410A31
:1086C000F1EE10FA72DDBDEEC11AB8EEC12AB4EEB9
:1086D000420AF1EE10FA40F2D64040F2D54540F29F
:1086E0004E5473DB11EE101A01F5F471A1F5F4721A
:1086F000B2F59B6F0B46C8BF4FF4D86312F5F47FF9
:10870000A1F2E71201EE102AB8EEC11AB4EE410A46
:10871000D8BF0123F1EE10FA09F8036056DB531EAF
:10872000013201EE102A4F1CB3F59B6FB8EEC11A4F
:10873000A8BF4FF4D86713F5F47FB4EE410AB8BF71
:108740000127F1EE10FA09F807603FDB931E0132B2
:1087500001EE102A8F1C8342B8EEC11AC8BF4FF435
:10876000D86713F5F57FB4EE410AD8BF0127F1EEC3
:1087700010FA09F8076029DBD31E013201EE102A36
:10878000CF1CAB42B8EEC11AC8BF4FF4D86713F57F
:10879000F57FB4EE410AB8BF0127F1EE10FA01F1FE
:1087A000040109F80760A1DA10E000BFBDEEC00ABD
:1087B000B8EEC02AB4EE421AF1EE10FA40F2D640FA
:1087C00040F2D54540F24E5480F24C8547F2D81223
:1087D000C2F2080202EB880191ED000A02EB8E0161
:1087E00091ED001AB4EE410AF1EE10FA6EDDBDEE25
:1087F000C11AB8EEC12AB4EE420AF1EE10FA40F204
:108800004D506FDB11EE101A01F5B871A1F5B87279
:10881000B2F5AA6F0B46C8BF4FF4D86312F5B87F04
:10882000A1F26F1201EE102AB8EEC11AB4EE410A9D
:10883000D8BF0123F1EE10FA09F8036052DB531E92
:10884000013201EE102A4F1CB3F5AA6FB8EEC11A1F
:10885000A8BF4FF4D86713F5B87FB4EE410AB8BF8C
:108860000127F1EE10FA09F807603BDB931E013295
:1088700001EE102A8F1CA342B8EEC11AC8BF4FF4F4
:10888000D86713F5B97FB4EE410AD8BF0127F1EEDE
:1088900010FA09F8076025DBD31E013201EE102A19
:1088A000CF1C8342B8EEC11AC8BF4FF4D86713F586
:1088B000B97FB4EE410AB8BF0127F1EE10FA01F119
:1088C000040109F80760A1DA0CE000BFBDEEC00AA0
:1088D000B8EEC02AB4EE421AF1EE10FA40F24D5052
:1088E00080F228854AF29452C1F2000202EB88011C
:1088F00091ED000A02EB8E0191ED001AB4EE410AEF
:10890000F1EE10FA6EDDBDEEC11AB8EEC12AB4EE7A
:10891000420AF1EE10FA40F2C65040F2C55540F25C
:108920003E646FDB11EE101A4A1C01EE102A01F1B1
:10893000F803B1F5B96FB8EEC11AC8BF4FF4D863E8
:1089400011F1F70FB4EE410AB8BF0123F1EE10FAAE
:1089500009F8036056DB531E013201EE102A01F1C3
:10896000F907B3F5B96FB8EEC11AA8BF4FF4D867CD
:1089700013F1F80FB4EE410AB8BF0127F1EE10FA77
:1089800009F807603EDB931E013201EE102A01F167
:10899000FA078342B8EEC11AC8BF4FF4D86713F183
:1089A000F90FB4EE410AB8BF0127F1EE10FA09F849
:1089B000076027DB01F1FB07511CD31E01EE101AE3
:1089C000AB42B8EEC11AC8BF4FF4D86713F1FA0F23
:1089D000B4EE410AB8BF0127F1EE10FA09F80760BA
:1089E000A2DA0FE0BDEEC00AB8EEC02AB4EE421A19
:1089F000F1EE10FA40F2C65040F2C55540F23E6426
:108A000080F2008549F21812C2F2080202EB8801D6
:108A100002EB8E0091ED000A90ED001AB4EE410ACF
:108A2000F1EE10FA70DDBDEEC11AB8EEC12AB4EE57
:108A3000420AF1EE10FA40F23D67FFF667A911EE27
:108A4000100A00BF411C01EE101A00F18002B0F5BF
:108A5000C86FB8EEC11AC8BF4FF4D86210F17F0FCB
:108A6000B4EE410AB8BF0122F1EE10FA09F8026033
:108A7000FFF64CA94A1E013101EE101A00F18103E4
:108A8000B2F5C86FB8EEC11AA8BF4FF4D86312F19F
:108A9000800FB4EE410AB8BF0123F1EE10FA09F8D5
:108AA0000360FFF633A98A1E013101EE101A00F1AE
:108AB0008203A242B8EEC11AC8BF4FF4D86312F1C4
:108AC000810FB4EE410AB8BF0123F1EE10FA09F8A4
:108AD0000360FFF61BA900F18303481CCA1E01EEC8
:108AE000100ABA42B8EEC11AC8BF4FF4D86312F1E7
:108AF000820FB4EE410AB8BF0123F1EE10FA09F873
:108B000003609FDAFFF702B9BDEEC00AB8EEC02AD3
:108B1000B4EE421AF1EE10FA40F23D67FFF6F6A805
:108B200010EE100A411C00EE101A00F18002B0F5A0
:108B3000C86FB8EEC00AC8BF4FF4D86210F17F0FFB
:108B4000B4EE401AB8BF0122F1EE10FA09F8026043
:108B5000FFF6DCA84A1E013100EE101A00F1810375
:108B6000B2F5C86FB8EEC00AA8BF4FF4D86312F1CF
:108B7000800FB4EE401AB8BF0123F1EE10FA09F8E5
:108B80000360FFF6C3A88A1E013100EE101A00F13F
:108B90008203A242B8EEC00AC8BF4FF4D86312F1F4
:108BA000810FB4EE401AB8BF0123F1EE10FA09F8B4
:108BB0000360FFF6ABA800F18303481CCA1E00EE59
:108BC000100ABA42B8EEC00AC8BF4FF4D86312F117
:108BD000820FB4EE401AB8BF0123F1EE10FA09F883
:108BE00003609FDAFFF792B810EE101A01F5B56135
:108BF000A1F5B562B2F58C7F0B46C8BF4FF4D863C0
:108C000012F5B56FA1F2A75200EE102AB8EEC00A15
:108C1000B4EE401AD8BF0123F1EE10FA09F8036050
:108C2000FFF61AA9531E013200EE102A4F1CB3F5AD
:108C30008C7FB8EEC00AA8BF4FF4D86713F5B56FA4
:108C4000B4EE401AB8BF0127F1EE10FA09F8076038
:108C5000FFF602A9931E013200EE102A8F1CB3F515
:108C60008B7FB8EEC00AC8BF4FF4D8675345B4EE47
:108C7000401AB8BF0127F1EE10FA09F80760FFF6B5
:108C8000EBA8D31E013200EE102ACF1CB3F58B7F68
:108C9000B8EEC00AA8BF4FF4D867A342B4EE401A9A
:108CA000B8BF0127F1EE10FA01F1040109F80760DD
:108CB0009EDAFFF7D1B800BF10EE101A01F5A661D9
:108CC000A1F5A662B2F5C87F0B46C8BF4FF4D863C2
:108CD00012F5A66FA1F22F5200EE102AB8EEC00ACC
:108CE000B4EE401AD8BF0123F1EE10FA09F8036080
:108CF000FFF64CA9531E013200EE102A4F1CB3F5AB
:108D0000C87FB8EEC00AA8BF4FF4D86713F5A66FA6
:108D1000B4EE401AB8BF0127F1EE10FA09F8076067
:108D2000FFF634A9931E013200EE102A8F1CB3F512
:108D3000C77FB8EEC00AC8BF4FF4D8678342B4EE0D
:108D4000401AB8BF0127F1EE10FA09F80760FFF6E4
:108D50001DA9D31E013200EE102ACF1CB3F5C77F28
:108D6000B8EEC00AA8BF4FF4D867A342B4EE401AC9
:108D7000B8BF0127F1EE10FA01F1040109F807600C
:108D80009EDAFFF703B900BF10EE101A01F59761E4
:108D9000A1F59762B2F5027F0B46C8BF4FF4D863C6
:108DA00012F5976FA1F2B74200EE102AB8EEC00A92
:108DB000B4EE401AD8BF0123F1EE10FA09F80360AF
:108DC000FFF670A9531E013200EE102A4F1CB3F5B6
:108DD000027FB8EEC00AA8BF4FF4D86713F5976FAB
:108DE000B4EE401AB8BF0127F1EE10FA09F8076097
:108DF000FFF658A9931E013200EE102A8F1C834201
:108E0000B8EEC00AC8BF4FF4D867AB42B4EE401A00
:108E1000B8BF0127F1EE10FA09F80760FFF642A982
:108E2000D31E013240F2052400EE102ACF1CA342CB
:108E3000B8EEC00AC8BF4FF4D8676345B4EE401A15
:108E4000B8BF0127F1EE10FA01F1040109F807603B
:108E50009EDAFFF727B900BF10EE101A01F58861FE
:108E6000A1F58862B2F5207F0B46C8BF4FF4D863E6
:108E700012F5886FA1F23F4200EE102AB8EEC00A48
:108E8000B4EE401AD8BF0123F1EE10FA09F80360DE
:108E9000FFF6B6A9531E013200EE102A4F1CB3F59F
:108EA000207FB8EEC00AA8BF4FF4D86713F5886FCB
:108EB000B4EE401AB8BF0127F1EE10FA09F80760C6
:108EC000FFF69EA9931E013240F27E2500EE102A85
:108ED0008F1CAB426FF48865B8EEC00AC8BF4FF470
:108EE000D867AB42B4EE401AB8BF0127F1EE10FAD2
:108EF00009F80760FFF684A9D31E013240F27D25F0
:108F000000EE102ACF1CAB42B8EEC00AC8BF4FF427
:108F1000D867A342B4EE401AB8BF0127F1EE10FAA9
:108F200001F1040109F807609ADAFFF769B900BF97
:108F300010EE101A01F57271A1F57272B2F53E7F52
:108F40000B46C8BF4FF4D86312F5727FA1F2C73247
:108F500000EE102AB8EEC00AB4EE401AD8BF0123C2
:108F6000F1EE10FA09F80360FFF6DAA9531E013298
:108F700000EE102A4F1CB3F53E7FB8EEC00AA8BF22
:108F80004FF4D86713F5727FB4EE401AB8BF0127CB
:108F9000F1EE10FA09F80760FFF6C2A9931E01323C
:108FA00000EE102A8F1C5B45B8EEC00AC8BF4FF414
:108FB000D867AB42B4EE401AB8BF0127F1EE10FA01
:108FC00009F80760FFF6ACA9D31E013240F2F52480
:108FD00000EE102ACF1CA342B8EEC00AC8BF4FF45F
:108FE000D8678342B4EE401AB8BF0127F1EE10FAF9
:108FF00001F1040109F807609EDAFFF791B900BF9B
:1090000010EE101A01F55471A1F55472B2F55C7F9F
:109010000B46C8BF4FF4D86312F5547FA1F24F320C
:1090200000EE102AB8EEC00AB4EE401AD8BF0123F1
:10903000F1EE10FA09F80360FFF608AA531E013298
:1090400000EE102A4F1CB3F55C7FB8EEC00AA8BF33
:109050004FF4D86713F5547FB4EE401AB8BF012718
:10906000F1EE10FA09F80760FFF6F0A9931E01323D
:1090700000EE102A8F1C8342B8EEC00AC8BF4FF41E
:10908000D867A342B4EE401AB8BF0127F1EE10FA38
:1090900009F80760FFF6DAA9D31E013200EE102AA4
:1090A000CF1CAB42B8EEC00AC8BF4FF4D8675345D7
:1090B000B4EE401AB8BF0127F1EE10FA01F1040135
:1090C00009F80760A0DAFFF7C1B900BF10EE101A67
:1090D00001F53671A1F53672B2F57A7F0B46C8BF3D
:1090E0004FF4D86312F5367FA1F2D72200EE102A92
:1090F000B8EEC00AB4EE401AD8BF0123F1EE10FA60
:1091000009F80360FFF638AA531E013200EE102A58
:109110004F1CB3F57A7FB8EEC00AA8BF4FF4D867EA
:1091200013F5367FB4EE401AB8BF0127F1EE10FAFE
:1091300009F80760FFF620AA931E013200EE102AFC
:109140008F1C8342B8EEC00AC8BF4FF4D867A34251
:10915000B4EE401AB8BF0127F1EE10FA09F8076023
:10916000FFF60AAAD31E013200EE102ACF1CAB4232
:10917000B8EEC00AC8BF4FF4D8676345B4EE401AD2
:10918000B8BF0127F1EE10FA01F1040109F80760F8
:10919000A0DAFFF7F1B900BF10EE101A01F518714F
:1091A000A1F51872B2F58C6F0B46C8BF4FF4D863A7
:1091B00012F5187FA1F25F2200EE102AB8EEC00A65
:1091C000B4EE401AD8BF0123F1EE10FA09F803609B
:1091D000FFF668AA531E013200EE102A4F1CB3F5A9
:1091E0008C6FB8EEC00AA8BF4FF4D86713F5187F8C
:1091F000B4EE401AB8BF0127F1EE10FA09F8076083
:10920000FFF650AA931E013200EE102A8F1CAB42CB
:10921000B8EEC00AC8BF4FF4D867A342B4EE401AF4
:10922000B8BF0127F1EE10FA09F80760FFF63AAA75
:10923000D31E013200EE102ACF1C5B45B8EEC00AE7
:10924000C8BF4FF4D8678342B4EE401AB8BF0127B5
:10925000F1EE10FA01F1040109F80760A0DAFFF756
:1092600021BA00BF10EE101A01F5F471A1F5F472E5
:10927000B2F59B6F0B46C8BF4FF4D86312F5F47F6D
:10928000A1F2E71200EE102AB8EEC00AB4EE401ABE
:10929000D8BF0123F1EE10FA09F80360FFF696AA91
:1092A000531E013200EE102A4F1CB3F59B6FB8EE2F
:1092B000C00AA8BF4FF4D86713F5F47FB4EE401A84
:1092C000B8BF0127F1EE10FA09F80760FFF67EAA91
:1092D000931E013200EE102A8F1C8342B8EEC00AA2
:1092E000C8BF4FF4D86713F5F57FB4EE401AD8BF66
:1092F0000127F1EE10FA09F80760FFF667AAD31EFE
:10930000013200EE102ACF1CAB42B8EEC00AC8BF33
:109310004FF4D86713F5F57FB4EE401AB8BF0127B4
:10932000F1EE10FA01F1040109F807609EDAFFF787
:109330004DBA00BF10EE101A01F5B871A1F5B87260
:10934000B2F5AA6F0B46C8BF4FF4D86312F5B87FC9
:10935000A1F26F1200EE102AB8EEC00AB4EE401A65
:10936000D8BF0123F1EE10FA09F80360FFF6BAAA9C
:10937000531E013200EE102A4F1CB3F5AA6FB8EE4F
:10938000C00AA8BF4FF4D86713F5B87FB4EE401AEF
:10939000B8BF0127F1EE10FA09F80760FFF6A2AA9C
:1093A000931E013200EE102A8F1CA342B8EEC00AB1
:1093B000C8BF4FF4D86713F5B97FB4EE401AD8BFD1
:1093C0000127F1EE10FA09F80760FFF68BAAD31E09
:1093D000013200EE102ACF1C8342B8EEC00AC8BF8B
:1093E0004FF4D86713F5B97FB4EE401AB8BF012720
:1093F000F1EE10FA01F1040109F807609EDAFFF7B7
:1094000071BA00BF10EE101A4A1C00EE102A01F1CA
:10941000F803B1F5B96FB8EEC00AC8BF4FF4D8630E
:1094200011F1F70FB4EE401AB8BF0123F1EE10FAB4
:1094300009F80360FFF6E6AA531E013200EE102A77
:1094400001F1F907B3F5B96FB8EEC00AA8BF4FF440
:10945000D86713F1F80FB4EE401AB8BF0127F1EE48
:1094600010FA09F80760FFF6CDAA931E013200EE4C
:10947000102A01F1FA078342B8EEC00AC8BF4FF4C0
:10948000D86713F1F90FB4EE401AB8BF0127F1EE17
:1094900010FA09F80760FFF6B5AA01F1FB07511CA5
:1094A000D31E00EE101AAB42B8EEC00AC8BF4FF48C
:1094B000D86713F1FA0FB4EE401AB8BF0127F1EEE6
:1094C00010FA09F807609FDAFFF79CBA14200DF034
:1094D00045FCC8240FF012FE4FF4AF600DF060FCA5
:1094E0000FF00CFE4FF4AF600DF05AFC013CF1D1CF
:1094F0000FF03CFE0FF002FE4FF4AF600DF050FC99
:109500000FF0FCFD4FF4AF600DF04AFC0FF0F6FDDC
:109510004FF4AF600DF044FC0FF0F0FD4FF4AF607E
:109520000DF03EFC0FF0EAFD4FF4AF600DF038FC9B
:109530000FF0E4FD4FF4AF600DF032FC0FF0DEFDF4
:109540004FF4AF600DF02CFC0FF0D8FD4FF4AF607E
:109550000DF026FC0FF0D2FD4FF4AF600DF020FCB3
:109560000FF0CCFD4FF4AF600DF01AFC0FF0C6FD0C
:109570004FF4AF600DF014FC0FF0C0FD4FF4AF607E
:109580000DF00EFC0FF0BAFD4FF4AF600DF008FCCB
:109590000FF0B4FD4FF4AF600DF002FC0FF0AEFD24
:1095A0004FF4AF600DF0FCFB0FF0A8FD4FF4AF607F
:1095B0000DF0F6FB0FF0A2FD4FF4AF600DF0F0FBE5
:1095C0000FF09CFD4FF4AF600DF0EAFB0FF096FD3D
:1095D0004FF4AF600DF0E4FB0FF090FD4FF4AF607F
:1095E0000DF0DEFB0FF08AFD4FF4AF600DF0D8FBFD
:1095F0000FF084FD4FF4AF600DF0D2FB0FF07EFD55
:109600004FF4AF600DF0CCFB0FF078FD4FF4AF607E
:109610000DF0C6FB0FF072FD4FF4AF600DF0C0FB14
:109620000FF06CFD4FF4AF600DF0BAFB0FF066FD6C
:109630004FF4AF600DF0B4FB0FF060FD4FF4AF607E
:109640000DF0AEFB0FF05AFD4FF4AF600DF0A8FB2C
:109650000FF054FD4FF4AF600DF0A2FB0FF04EFD84
:109660004FF4AF600DF09CFB0FF048FD4FF4AF607E
:109670000DF096FB0FF042FD4FF4AF600DF090FB44
:109680000FF03CFD4FF4AF600DF08AFB0FF036FD9C
:109690004FF4AF600DF084FB0FF030FD4FF4AF607E
:1096A0000DF07EFB0FF02AFD4FF4AF600DF078FB5C
:1096B0000FF024FD4FF4AF600DF072FB0FF01EFDB4
:1096C0004FF4AF600DF06CFB0FF018FD4FF4AF607E
:1096D0000DF066FB0FF012FD4FF4AF600DF060FB74
:1096E0000FF00CFD4FF4AF600DF05AFB0FF006FDCC
:1096F0004FF4AF600DF054FB0FF000FD4FF4AF607E
:109700000DF04EFB0FF0FAFC4FF4AF600DF048FB8C
:109710000FF0F4FC4FF4AF600DF042FB0FF0EEFCE5
:109720004FF4AF600DF03CFB0FF0E8FC4FF4AF607E
:109730000DF036FB0FF0E2FC4FF4AF600DF030FBA4
:109740000FF0DCFC4FF4AF600DF02AFB0FF0D6FCFD
:109750004FF4AF600DF024FB0FF0D0FC4FF4AF607E
:109760000DF01EFB0FF0CAFC4FF4AF600DF018FBBC
:109770000FF0C4FC4FF4AF600DF012FB0FF0BEFC15
:109780004FF4AF600DF00CFB0FF0B8FC4FF4AF607E
:109790000DF006FB0FF0B2FC4FF4AF600DF000FBD4
:1097A0000FF0ACFC4FF4AF600DF0FAFA0FF0A6FC2E
:1097B0004FF4AF600DF0F4FA0FF0A0FC4FF4AF607F
:1097C0000DF0EEFA0FF09AFC4FF4AF600DF0E8FAEE
:1097D0000FF094FC4FF4AF600DF0E2FA0FF08EFC46
:1097E0004FF4AF600DF0DCFA0FF088FC4FF4AF607F
:1097F0000DF0D6FA0FF082FC4FF4AF600DF0D0FA06
:109800000FF07CFC4FF4AF600DF0CAFA0FF076FC5D
:109810004FF4AF600DF0C4FA0FF070FC4FF4AF607E
:109820000DF0BEFA0FF06AFC4FF4AF600DF0B8FA1D
:109830000FF064FC4FF4AF600DF0B2FA0FF05EFC75
:109840004FF4AF600DF0ACFA0FF058FC4FF4AF607E
:109850000DF0A6FA0FF052FC4FF4AF600DF0A0FA35
:109860000FF04CFC4FF4AF600DF09AFA0FF046FC8D
:109870004FF4AF600DF094FA0FF040FC4FF4AF607E
:109880000DF08EFA0FF03AFC4FF4AF600DF088FA4D
:109890000FF034FC4FF4AF600DF082FA0FF02EFCA5
:1098A0004FF4AF600DF07CFA0FF028FC4FF4AF607E
:1098B0000DF076FA04B0BDEC108B01B0BDE8F04FAE
:1098C0000FF054BC41F20004C4F2020420464FF4ED
:1098D00080610DF01FFDB8B120464FF400610DF01E
:1098E00019FD78B120464FF480510DF013FD48B1B9
:1098F00020464FF400510DF00DFD0122002808BF55
:10990000032202E0032200E0012240F2280540F297
:109910000107C2F2000516A447F61916C2F20007A5
:1099200004E000BF0020F8F767F902462A6000BF94
:109930000020214609F062FE2A681E2A04DC012A62
:109940000CD0032AF4D10DE01F2AEBD0B242EFD1A4
:109950003878F8F751FE0246E8E700BF04F030FA25
:109960000246E3E70020F9F783FC0246DEE700BF8A
:10997000617070726574203D2025640D0A0000003E
:109980002DE9F04F81B02DED108B86B00DF052F91E
:109990004CF2D444C1F20004204610F04DFC207873
:1099A00006F004F861788046084605F0FFFFA178CC
:1099B0008146084605F0FAFF21790746084605F07A
:1099C000F5FF61790546084605F0F0FFA1790446E8
:1099D000084605F0EBFF029440F6BC14C1F2000407
:1099E000064620A1204642464B46CDE90075039627
:1099F000F6F740FD01261827012001214FF4487297
:109A00007823CDE900760294F8F7A2F81AA0029024
:109A1000012028214FF44872782300970196F8F727
:109A200097F81BA00290012050214FF44872782330
:109A300000970196F8F78CF840F20000C1F20000A0
:109A40000268501C72D040F20400C1F2000040F6DF
:109A5000BC150368C1F200050FA12846F6F70AFD00
:109A600066E000BF323025642D25642D2564202555
:109A7000643A25643A2564004D6F6E69746F7220F4
:109A8000534E415053484F5420372B3200000000B2
:109A90004E414D453A0000004E4942503A2025645F
:109AA0002F2564206D6D4867000000004E4942502C
:109AB0003A5F5F5F5F5F2F5F5F5F5F5F206D6D4845
:109AC000670000002241000050493A202564000050
:109AD0003A2025642064656700000000515253005D
:109AE00051543A202564206D730000005154633AAC
:109AF000202564206D73000052563A20252E3366CF
:109B0000206D560053563A20252E3366206D5600A0
:109B100049000000494949006156520061564C0015
:109B2000615646005265737000000000AFF2840574
:109B3000012078214FF44872A023CDE900760295E8
:109B4000F8F706F8AFF284004FF0F108029040F207
:109B5000191001214FF448727823CDF80080019646
:109B6000F7F7F6FF40F2D800C2F20000026843F6B1
:109B70004D71C0F602012046F6F77CFC40F2491018
:109B800001214FF448727823CDE900760294F7F76B
:109B9000DFFF40F24C05C2F20005AA6B43F63F71AD
:109BA000C0F602012046F6F765FC40F219102121AB
:109BB0004FF448727823CDE900760294F7F7C8FF96
:109BC000EA6BAFF2FC012046F6F754FC40F21910A4
:109BD00041214FF448727823CDE900760294F7F7DB
:109BE000B7FF40F2D460C1F20000026843F648714A
:109BF000C0F602012046F6F73DFC40F21910612143
:109C00004FF448727823CDE900760294F7F7A0FF6D
:109C100040F2C400C2F200000268AFF24C112046CC
:109C2000F6F728FCAFF24C10029040F21910812197
:109C30004FF44872782300970196F7F789FF43F6AF
:109C40001F70C0F60200029040F23D1081214FF4D7
:109C500048727823CDF800800196F7F779FF40F23B
:109C60006D1081214FF448727823CDE9007602947B
:109C7000F7F76EFF40F2B000C2F200000268AFF2E8
:109C8000A0112046F6F7F6FB40F2E11001214FF457
:109C900048727823CDE900760294F7F759FF40F235
:109CA000B400C2F200000268AFF2C0112046F6F71D
:109CB000E1FB40F2E11021214FF448727823CDE915
:109CC00000760294F7F744FF40F2C800C2F20000A9
:109CD000006815F035FF02460B46AFF2E41120464E
:109CE000F6F7C8FB40F2E11041214FF448727823A7
:109CF000CDE900760294F7F72BFF40F2CC00C2F2D8
:109D00000000006815F01CFF02460B46AFF20C2164
:109D10002046F6F7AFFB40F2E11061214FF44872A4
:109D20007823CDE900760294F7F712FF4BF2105436
:109D3000C2F208044BF28051C0F201012046F6F74E
:109D4000A5FEAFF2342002900120012150224FF4F1
:109D5000AF63CDE9007650250BF044F843F69670DA
:109D6000C0F6020002900120792150224FF4AF6327
:109D7000009701960BF036F8AFF2682002900120B0
:109D8000F12150224FF4AF63009701960BF02AF8AF
:109D9000AFF27C200290012040F2691150224FF472
:109DA000AF63009701960BF01DF8AFF29020029080
:109DB000012040F2E11150224FF4AF630097019669
:109DC0000BF010F8AFF2A8200290012040F25921C8
:109DD00050224FF4AF63009701960BF003F843F65F
:109DE0003D70C0F602000290012040F2D1215022C5
:109DF0004FF4AF63009701960AF0F4FF43F65270F8
:109E0000C0F602000290012040F2C13150224FF40E
:109E1000AF63009701960AF0E5FFAFF2F8200290D9
:109E2000012040F2394150224FF4AF630097019670
:109E30000AF0D8FF04F52F4080F8506080F8C86021
:109E400080F8406180F8B86180F8306280F8A862DC
:109E500080F820634BF27840204480F8506080F80E
:109E6000C86080F8406180F8B86180F8306280F89E
:109E7000A86280F820634BF6F010204480F8506010
:109E800080F8C86080F8406180F8B86180F830627E
:109E900080F8A86280F820634BF66870204480F850
:109EA000506080F8C86080F8406180F8B86180F840
:109EB000306280F8A86280F820634CF2E0402044D1
:109EC00080F8506080F8C86080F8406180F8B86120
:109ED00080F8306280F8A86280F820634CF6582041
:109EE000204480F8506080F8C86080F8406180F8B5
:109EF000B86180F8306280F8A86280F820634CF680
:109F0000D070204480F8506080F8C86080F84061CC
:109F100080F8B86180F8306280F8A86280F8206329
:109F20004DF24850204480F8506080F8C86080F8B6
:109F3000406180F8B86180F8306280F8A86280F8EB
:109F400020634DF6C020204480F8506080F8C8603F
:109F500080F8406180F8B86180F8306280F8A862CB
:109F600080F820634EF23800204480F8506080F87A
:109F7000C86080F8406180F8B86180F8306280F88D
:109F8000A86280F820634EF2B050204480F8506000
:109F900080F8C86080F8406180F8B86180F830626D
:109FA00080F8A86280F820634EF62830204480F8BC
:109FB000506080F8C86080F8406180F8B86180F82F
:109FC000306280F8A86280F820634FF2A00020443D
:109FD00080F8506080F8C86080F8406180F8B8610F
:109FE00080F8306280F8A86280F820634FF2186031
:109FF000204480F8506080F8C86080F8406180F8A4
:10A00000B86180F8306280F8A86280F820634FF66B
:10A010009030204480F8506080F8C86080F840613B
:10A0200080F8B86180F8306280F8A86280F8206318
:10A0300004F5803000F5847080F8506080F8C860C6
:10A0400080F8406180F8B86180F8306280F8A862DA
:10A0500080F8206304F5B03000F55E7080F8506041
:10A0600080F8C86080F8406180F8B86180F830629C
:10A0700080F8A86280F8206304F5B03000F50F6026
:10A0800080F8506080F8C86080F8406180F8B8615E
:10A0900080F8306280F8A86280F8206304F5B4305C
:10A0A00000F5CD6080F8506080F8C86080F84061AD
:10A0B00080F8B86180F8306280F8A86280F8206388
:10A0C00004F5B03000F59F5080F8506080F8C8600B
:10A0D00080F8406180F8B86180F8306280F8A8624A
:10A0E00080F8206304F5BC3000F5AC7080F8506057
:10A0F00080F8C86080F8406180F8B86180F830620C
:10A1000080F8A86280F8206304F5B83000F56D602F
:10A1100080F8506080F8C86080F8406180F8B861CD
:10A1200080F8306280F8A86280F8206304F5C030BF
:10A1300000F5896080F8506080F8C86080F8406160
:10A1400080F8B86180F8306280F8A86280F82063F7
:10A1500004F5C03000F51C6080F8506080F8C860DD
:10A1600080F8406180F8B86180F8306280F8A862B9
:10A1700080F8206304F5C43000F5E76080F8506093
:10A1800080F8C86080F8406180F8B86180F830627B
:10A1900080F8A86280F8206304F5C83000F5966066
:10A1A00080F8506080F8C86080F8406180F8B8613D
:10A1B00080F8306280F8A86280F8206304F5CC3023
:10A1C00000F50A7080F8506080F8C86080F840613F
:10A1D00080F8B86180F8306280F8A86280F8206367
:10A1E00004F5C03000F5FD5080F8506080F8C8607C
:10A1F00080F8406180F8B86180F8306280F8A86229
:10A2000080F8206304F5D03000F5A36080F850603A
:10A2100080F8C86080F8406180F8B86180F83062EA
:10A2200080F8A86280F8206304F5D03000F529603A
:10A2300080F8506080F8C86080F8406180F8B861AC
:10A2400080F8306280F8A86280F8206304F5D83086
:10A25000083080F8506080F8C86080F8406180F86D
:10A26000B86180F8306280F8A86280F8206340F618
:10A27000F830C0F201002654204480F8786080F85D
:10A28000F06080F8686180F8E06180F8586280F8DA
:10A29000D06241F27010C0F201002654204480F8D0
:10A2A000786080F8F06080F8686180F8E06180F89C
:10A2B000586280F8D06241F2E860C0F20100265492
:10A2C000204480F8786080F8F06080F8686180F859
:10A2D000E06180F8586280F8D06241F66040C0F2D8
:10A2E00001002654204480F8786080F8F06080F8FF
:10A2F000686180F8E06180F8586280F8D06242F2CC
:10A30000D810C0F201002654204480F8786080F80C
:10A31000F06080F8686180F8E06180F8586280F849
:10A32000D06242F25070C0F201002654204480F8FE
:10A33000786080F8F06080F8686180F8E06180F80B
:10A34000586280F8D06242F6C840C0F2010026543C
:10A35000204480F8786080F8F06080F8686180F8C8
:10A36000E06180F8586280F8D06243F24020C0F289
:10A3700001002654204480F8786080F8F06080F86E
:10A38000686180F8E06180F8586280F8D06243F23A
:10A39000B870C0F201002654204480F8786080F83C
:10A3A000F06080F8686180F8E06180F8586280F8B9
:10A3B000D06243F63050C0F201002654204480F8A9
:10A3C000786080F8F06080F8686180F8E06180F87B
:10A3D000586280F8D06244F2A820C0F201002654EE
:10A3E000204480F8786080F8F06080F8686180F838
:10A3F000E06180F8586280F8D06244F62000C0F234
:10A4000001002654204480F8786080F8F06080F8DD
:10A41000686180F8E06180F8586280F8D06244F6A4
:10A420009850C0F201002654204480F8786080F8EB
:10A43000F06080F8686180F8E06180F8586280F828
:10A44000D06245F21030C0F201002654204480F85A
:10A45000786080F8F06080F8686180F8E06180F8EA
:10A46000586280F8D06245F68800C0F20100265498
:10A47000204440F2806180F8786080F8F06080F8D5
:10A48000686180F8E06180F85862C0F2010180F8EC
:10A49000D0624FF00130605021444860C86188614B
:10A4A00048630863C8648864C8678867C1F8940013
:10A4B000C1F89000C1F8AC00C1F8A800C1F8C40010
:10A4C000C1F8C000C1F8F400C1F8F000C1F80C01F7
:10A4D000C1F80801C1F82401C1F82001C1F83C010C
:10A4E000C1F83801C1F86C01C1F86801C1F88401F4
:10A4F000C1F88001C1F89C01C1F89801C1F8B4010C
:10A50000C1F8B001C1F8E401C1F8E001C1F8FC01F3
:10A51000C1F8F801C1F81402C1F81002C1F82C0208
:10A52000C1F82802C1F85C02C1F85802C1F87402EF
:10A53000C1F87002C1F88C02C1F88802C1F8A40207
:10A54000C1F8A002C1F8D402C1F8D002C1F8EC02EF
:10A55000C1F8E802C1F80403C1F80003C1F81C0304
:10A56000C1F818034FF4AF31605004F5AF314860C3
:10A57000C86188614863086381F85060C864886472
:10A580008867C867C1F89000C1F89400C1F8A800B6
:10A59000C1F8AC00C1F8C000C1F8C40081F8C860BF
:10A5A000C1F8F000C1F8F400C1F80801C1F80C01CD
:10A5B000C1F82001C1F8240181F84061C1F83C01D3
:10A5C000C1F83801C1F86C01C1F86801C1F8840113
:10A5D000C1F88001C1F89C01C1F89801C1F8B4012B
:10A5E000C1F8B00181F8B861C1F8E401C1F8E00137
:10A5F000C1F8FC01C1F8F801C1F81402C1F8100259
:10A6000081F83062C1F82C02C1F82802C1F85C025E
:10A61000C1F85802C1F87402C1F87002C1F88C0286
:10A62000C1F8880281F8A862C1F8A402C1F8A002AA
:10A63000C1F8D402C1F8D002C1F8EC02C1F8E802B6
:10A64000C1F80403C1F8000381F82063C1F81C03BA
:10A65000C1F818030EF018FD4FF4AF600CF0A0FB2A
:10A660000EF012FD4FF4AF600CF09AFB0EF00CFDF3
:10A670004FF4AF600CF094FB0EF006FD4FF4AF60AA
:10A680000CF08EFB0EF000FD4FF4AF600CF088FB79
:10A690000EF0FAFC4FF4AF600CF082FB0EF0F4FC0D
:10A6A0004FF4AF600CF07CFB0EF0EEFC4FF4AF60AB
:10A6B0000CF076FB0EF0E8FC4FF4AF600CF070FB92
:10A6C0000EF0E2FC4FF4AF600CF06AFB0EF0DCFC25
:10A6D0004FF4AF600CF064FB0EF0D6FC4FF4AF60AB
:10A6E0000CF05EFB0EF0D0FC4FF4AF600CF058FBAA
:10A6F0000EF0CAFC4FF4AF600CF052FB0EF0C4FC3D
:10A700004FF4AF600CF04CFB0EF0BEFC4FF4AF60AA
:10A710000CF046FB0EF0B8FC4FF4AF600CF040FBC1
:10A720000EF0B2FC4FF4AF600CF03AFB0EF0ACFC54
:10A730004FF4AF600CF034FB0EF0A6FC4FF4AF60AA
:10A740000CF02EFB0EF0A0FC4FF4AF600CF028FBD9
:10A750000EF09AFC4FF4AF600CF022FB0EF094FC6C
:10A760004FF4AF600CF01CFB0EF08EFC4FF4AF60AA
:10A770000CF016FB0EF088FC4FF4AF600CF010FBF1
:10A780000EF082FC4FF4AF600CF00AFB0EF07CFC84
:10A790004FF4AF600CF004FB0EF076FC4FF4AF60AA
:10A7A0000CF0FEFA0EF070FC4FF4AF600CF0F8FA0B
:10A7B0000EF06AFC4FF4AF600CF0F2FA0EF064FC9D
:10A7C0004FF4AF600CF0ECFA0EF05EFC4FF4AF60AB
:10A7D0000CF0E6FA0EF058FC4FF4AF600CF0E0FA23
:10A7E0000EF052FC4FF4AF600CF0DAFA0EF04CFCB5
:10A7F0004FF4AF600CF0D4FA0EF046FC4FF4AF60AB
:10A800000CF0CEFA0EF040FC4FF4AF600CF0C8FA3A
:10A810000EF03AFC4FF4AF600CF0C2FA0EF034FCCC
:10A820004FF4AF600CF0BCFA0EF02EFC4FF4AF60AA
:10A830000CF0B6FA0EF028FC4FF4AF600CF0B0FA52
:10A840000EF022FC4FF4AF600CF0AAFA0EF01CFCE4
:10A850004FF4AF600CF0A4FA0EF016FC4FF4AF60AA
:10A860000CF09EFA0EF010FC4FF4AF600CF098FA6A
:10A870000EF00AFC4FF4AF600CF092FA0EF004FCFC
:10A880004FF4AF600CF08CFA0EF0FEFB4FF4AF60AB
:10A890000CF086FA0EF0F8FB4FF4AF600CF080FA83
:10A8A0000EF0F2FB4FF4AF600CF07AFA0EF0ECFB16
:10A8B0004FF4AF600CF074FA0EF0E6FB4FF4AF60AB
:10A8C0000CF06EFA0EF0E0FB4FF4AF600CF068FA9B
:10A8D0000EF0DAFB4FF4AF600CF062FA0EF0D4FB2E
:10A8E0004FF4AF600CF05CFA0EF0CEFB4FF4AF60AB
:10A8F0000CF056FA0EF0C8FB4FF4AF600CF050FAB3
:10A900000EF0C2FB4FF4AF600CF04AFA0EF0BCFB45
:10A910004FF4AF600CF044FA0EF0B6FB4FF4AF60AA
:10A920000CF03EFA0EF0B0FB4FF4AF600CF038FACA
:10A930000EF0AAFB4FF4AF600CF032FA0EF0A4FB5D
:10A940004FF4AF600CF02CFA0EF09EFB4FF4AF60AA
:10A950000CF026FA0EF098FB4FF4AF600CF020FAE2
:10A960000EF092FB4FF4AF600CF01AFA0EF08CFB75
:10A970004FF4AF600CF014FA0EF086FB4FF4AF60AA
:10A980000CF00EFA0EF080FB4FF4AF600CF008FAFA
:10A990000EF07AFB4FF4AF600CF002FA0EF074FB8D
:10A9A0004FF4AF600CF0FCF90EF06EFB4FF4AF60AB
:10A9B0000CF0F6F90EF068FB4FF4AF600CF0F0F914
:10A9C0000EF062FB4FF4AF600CF0EAF90EF05CFBA6
:10A9D0004FF4AF600CF0E4F90EF056FB4FF4AF60AB
:10A9E0000CF0DEF90EF050FB4FF4AF600CF0D8F92C
:10A9F0000EF04AFB4FF4AF600CF0D2F90EF044FBBE
:10AA00004FF4AF600CF0CCF90EF03EFB4FF4AF60AA
:10AA10000CF0C6F90EF0AAFB0EF070FB4FF4AF601D
:10AA20000CF0BEF90EF06AFB4FF4AF600CF0B8F911
:10AA3000013DF1D14FF64014CFF6FF740EF096FBB6
:10AA400064200CF08BF940F2080640F21209C1F2C2
:10AA500000060020C1F20009307048464FF4D8616A
:10AA6000F6F714F80120214609EB010211F5907167
:10AA700082F8C00682F8C80682F8D00682F8D806A6
:10AA800082F8E00682F8E80682F8F00682F8F80616
:10AA900082F8000782F8080782F8100782F8180782
:10AAA00082F8200782F8280782F8300782F83807F2
:10AAB00082F8400782F8480782F8500782F8580762
:10AAC00082F8600782F8680782F8700782F87807D2
:10AAD00082F8800782F8880782F8900782F8980742
:10AAE00082F8A00782F8A80782F8B00782F8B807B2
:10AAF00082F8C00782F8C80782F8D00782F8D80722
:10AB0000B2D10EF0F3FC0A200CF028F948464FF4BD
:10AB1000D861F5F7BBFF4FF640110120CFF6FF716A
:10AB200009EB010211F5907182F8C10682F8C9069D
:10AB300082F8D10682F8D90682F8E10682F8E906A1
:10AB400082F8F10682F8F90682F8010782F809070F
:10AB500082F8110782F8190782F8210782F829077D
:10AB600082F8310782F8390782F8410782F84907ED
:10AB700082F8510782F8590782F8610782F869075D
:10AB800082F8710782F8790782F8810782F88907CD
:10AB900082F8910782F8990782F8A10782F8A9073D
:10ABA00082F8B10782F8B90782F8C10782F8C907AD
:10ABB00082F8D10782F8D907B2D10EF097FC0A20AB
:10ABC0000CF0CCF848464FF4D861F5F75FFF4FF62C
:10ABD00040110120CFF6FF7109EB010211F59071D0
:10ABE00082F8C20682F8CA0682F8D20682F8DA062D
:10ABF00082F8E20682F8EA0682F8F20682F8FA069D
:10AC000082F8020782F80A0782F8120782F81A0708
:10AC100082F8220782F82A0782F8320782F83A0778
:10AC200082F8420782F84A0782F8520782F85A07E8
:10AC300082F8620782F86A0782F8720782F87A0758
:10AC400082F8820782F88A0782F8920782F89A07C8
:10AC500082F8A20782F8AA0782F8B20782F8BA0738
:10AC600082F8C20782F8CA0782F8D20782F8DA07A8
:10AC7000B2D10EF03BFC0A200CF070F848464FF4BD
:10AC8000D861F5F703FF4FF640110120CFF6FF71B1
:10AC900009EB010211F5907182F8C30682F8CB0628
:10ACA00082F8D30682F8DB0682F8E30682F8EB0628
:10ACB00082F8F30682F8FB0682F8030782F80B0796
:10ACC00082F8130782F81B0782F8230782F82B0704
:10ACD00082F8330782F83B0782F8430782F84B0774
:10ACE00082F8530782F85B0782F8630782F86B07E4
:10ACF00082F8730782F87B0782F8830782F88B0754
:10AD000082F8930782F89B0782F8A30782F8AB07C3
:10AD100082F8B30782F8BB0782F8C30782F8CB0733
:10AD200082F8D30782F8DB07B2D1012030700EF031
:10AD3000DDFB0EF0E3F901200CF010F80EF016FA2E
:10AD400064200CF00BF80EF0D9F901200CF006F895
:10AD50000EF00CFA0EF0CAFB05200BF0FFFF0EF010
:10AD6000CDF94FF4AF600CF01BF80EF0C7F94FF4BB
:10AD7000AF600CF015F80EF0C1F94FF4AF600CF0B5
:10AD80000FF80EF0BBF94FF4AF600CF009F80EF0BD
:10AD9000B5F94FF4AF600CF003F80EF0AFF94FF4D3
:10ADA000AF600BF0FDFF0EF0A9F94FF4AF600BF0B0
:10ADB000F7FF0EF0A3F94FF4AF600BF0F1FF0EF0C8
:10ADC0009DF94FF4AF600BF0EBFF0EF097F94FF4E5
:10ADD000AF600BF0E5FF0EF091F94FF4AF600BF0B0
:10ADE000DFFF0EF08BF94FF4AF600BF0D9FF0EF0E0
:10ADF00085F94FF4AF600BF0D3FF0EF07FF94FF4FD
:10AE0000AF600BF0CDFF0EF079F94FF4AF600BF0AF
:10AE1000C7FF0EF073F94FF4AF600BF0C1FF0EF0F7
:10AE20006DF94FF4AF600BF0BBFF0EF067F94FF414
:10AE3000AF600BF0B5FF0EF061F94FF4AF600BF0AF
:10AE4000AFFF0EF05BF94FF4AF600BF0A9FF0EF00F
:10AE500055F94FF4AF600BF0A3FF0EF04FF94FF42C
:10AE6000AF600BF09DFF0EF049F94FF4AF600BF0AF
:10AE700097FF0EF043F94FF4AF600BF091FF0EF027
:10AE80003DF94FF4AF600BF08BFF0EF037F94FF444
:10AE9000AF600BF085FF0EF031F94FF4AF600BF0AF
:10AEA0007FFF0EF02BF94FF4AF600BF079FF0EF03F
:10AEB00025F94FF4AF600BF073FF0EF01FF94FF45C
:10AEC000AF600BF06DFF0EF019F94FF4AF600BF0AF
:10AED00067FF0EF013F94FF4AF600BF061FF0EF057
:10AEE0000DF94FF4AF600BF05BFF0EF007F94FF474
:10AEF000AF600BF055FF0EF001F94FF4AF600BF0AF
:10AF00004FFF0EF0FBF84FF4AF600BF049FF0EF06F
:10AF1000F5F84FF4AF600BF043FF0EF0EFF84FF48D
:10AF2000AF600BF03DFF0EF0E9F84FF4AF600BF0AF
:10AF300037FF0EF0E3F84FF4AF600BF031FF0EF087
:10AF4000DDF84FF4AF600BF02BFF0EF0D7F84FF4A5
:10AF5000AF600BF025FF0EF0D1F84FF4AF600BF0AF
:10AF60001FFF0EF0CBF84FF4AF600BF019FF0EF09F
:10AF7000C5F84FF4AF600BF013FF0EF0BFF84FF4BD
:10AF8000AF600BF00DFF0EF0B9F84FF4AF600BF0AF
:10AF900007FF0EF0B3F84FF4AF600BF001FF0EF0B7
:10AFA000ADF84FF4AF600BF0FBFE0EF0A7F84FF4D6
:10AFB000AF600BF0F5FE0EF0A1F84FF4AF600BF0B0
:10AFC000EFFE0EF09BF84FF4AF600BF0E9FE0EF0D1
:10AFD00095F84FF4AF600BF0E3FE0EF08FF84FF4EE
:10AFE000AF600BF0DDFE0EF089F84FF4AF600BF0B0
:10AFF000D7FE0EF083F84FF4AF600BF0D1FE0EF0E9
:10B000007DF84FF4AF600BF0CBFE0EF077F84FF405
:10B01000AF600BF0C5FE0EF071F84FF4AF600BF0AF
:10B02000BFFE0EF06BF84FF4AF600BF0B9FE0EF000
:10B0300065F84FF4AF600BF0B3FE0EF05FF84FF41D
:10B04000AF600BF0ADFE0EF059F84FF4AF600BF0AF
:10B05000A7FE0EF053F84FF4AF600BF0A1FE0EF018
:10B060004DF84FF4AF600BF09BFE0EF047F84FF435
:10B07000AF600BF095FE0EF041F84FF4AF600BF0AF
:10B080008FFE0EF03BF84FF4AF600BF089FE0EF030
:10B0900035F84FF4AF600BF083FE0EF02FF84FF44D
:10B0A000AF600BF07DFE0EF029F84FF4AF600BF0AF
:10B0B00077FE0EF023F84FF4AF600BF071FE0EF048
:10B0C0001DF84FF4AF600BF06BFE0EF017F84FF465
:10B0D000AF600BF065FE0EF011F84FF4AF600BF0AF
:10B0E0005FFE0EF00BF84FF4AF600BF059FE0EF060
:10B0F00005F84FF4AF600BF053FE0DF0FFFF4FF477
:10B10000AF600BF04DFE0DF0F9FF4FF4AF600BF0A8
:10B1100047FE0DF0F3FF4FF4AF600BF041FE0EF071
:10B1200025F840F29C354BF2105B4FF00008C2F25C
:10B130000005C2F2080B09F2846A00BF48464FF4CA
:10B14000D861F5F7A3FC0020514600BF2B5C2A18FC
:10B1500001F8143D5378D77801F8013C537901F890
:10B16000037C01F8053C9379D77901F8063C137A02
:10B1700001F8077C577A01F8083C937A01F8097CBA
:10B18000D77A01F80A3C937B9478167901F80B7C06
:10B1900001F80E3CD37B177C01F8024C01F8046CDB
:10B1A000167B547B01F80F3C01F8107C537C977C94
:10B1B000D27C1430A02801F80C6C01F80D4C01F879
:10B1C000113C01F8127C01F8132CBFD14FF640114D
:10B1D000CFF6FF7109F2E45001F5A4710BEB010207
:10B1E00092F8783592F8797500F8143D92F87C352C
:10B1F00000F8017C92F87D7500F8043C92F87E35E9
:10B2000000F8057C92F87F7500F8063C92F88035CE
:10B2100000F8077C92F8817500F8083C92F88235B6
:10B2200000F8097C92F8837500F80A3C92F886359C
:10B2300092F87A6592F87B4500F80B7C00F80E3C9A
:10B2400092F8873592F8887500F8026C00F8034C84
:10B2500092F8846592F8854500F80F3C00F8107C60
:10B2600092F8893592F88A7592F88B25143100F896
:10B270000C6C00F80D4C00F8113C00F8127C00F842
:10B28000132CABD10DF03AFF01200BF067FD0DF050
:10B290006DFF0EF02BF908F10108A035B8F1500F41
:10B2A0000BF5AF6B7FF44AAF40F29C3143F2EC10E8
:10B2B000C2F200019FEDE39A9FEDE3AA9FEDE3BA8E
:10B2C0009FEDE3CA9FEDE3DA9FEDE3EA9FEDE3FA3A
:10B2D000DFEDE38A01EB00084FF0000BB6EE008AC9
:10B2E0000127C6E041F21840C2F2080090ED000AC2
:10B2F00043F2583020EE080AC2F2080039EE400A44
:10B3000090ED001ABDEEC00A44F2446010EE10CA7F
:10B3100021EE080AC1F200003AEE400A90ED001A50
:10B32000BDEEC00A4FF2D84010EE10EA21EE080A36
:10B33000C2F207003BEE400A90ED001ABDEEC00AD3
:10B3400042F2047010EE102A21EE080AC1F2000049
:10B350003CEE400A90ED001ABDEEC00A4DF2985046
:10B3600010EE10AA21EE080AC2F207003DEE400AD4
:10B3700090ED001ABDEEC00A46F2147010EE105A9D
:10B3800021EE080AC1F200003EEE400A90ED001ADC
:10B3900048F25460BDEEC00AC1F200002CEAEC7421
:10B3A00040F2BF6310EE106A3FEE410A90ED001AC2
:10B3B0009C42A8BF1C46A9EB040484F8C0762EEA80
:10B3C000EE749C42A8BF1C46A9EB040422EAE27278
:10B3D00084F8C0769A42A8BF1A46A9EB020282F806
:10B3E000C0762AEAEA729A42A8BF1A46A9EB02027C
:10B3F00082F8C07625EAE5729A42A8BF1A46A9EB00
:10B400000202BDEEC00A82F8C07626EAE67210EEAD
:10B41000101A38EEC10A9A42A8BF1A46BDEEC00AF9
:10B42000A9EB020221EAE17110EE100A82F8C0765F
:10B430009942A8BF1946A9EB010120EAE07081F802
:10B44000C0769842A8BF1846A9EB000080F8C076E5
:10B450000DF054FE01200BF081FC0DF087FE0EF084
:10B4600045F80BF1010BBBF5347F08F1A00801F0A2
:10B47000838148464FF4D861F5F708FB0020414628
:10B4800011F8143F09EB000282F870364B788E7881
:10B4900082F86F364B7982F86E6682F86B368B795C
:10B4A000CE7982F86A360B7A82F8696682F8683655
:10B4B0008B7A4E7A82F866368B7B82F86766CE7A14
:10B4C00082F86236CB7B82F865660E7CCD780C798B
:10B4D00082F861364B7C82F860668E7C82F86D560D
:10B4E00082F86C460D7B4C7B82F85F36CB7C14383F
:10B4F00082F85E6610F1A00682F8645682F8634610
:10B5000082F85D36BCD1BBF1000F3FF4EBAE41F2E7
:10B510001841C2F20801ABF1010C01EB8B0001EB09
:10B520008C0190ED001A91ED000ACDF81480B4EE74
:10B53000401AF1EE10FA20EE080A40F39380BDEEB7
:10B54000C02A21EE080AB8EEC21AB4EE410A4FF63C
:10B5500056254FF6CE244FF6463A4FF6BE3EF1EE54
:10B5600010FACFF6FF75CFF6FF74CFF6FF7ACFF65D
:10B57000FF7EC0F2938012EE101A01F5B56100BF94
:10B58000A1F5B562B2F58C7F0B46C8BF4FF4D86306
:10B5900012F5B56FA1F2A75201EE102AB8EEC11A4A
:10B5A000B4EE410AD8BF0123F1EE10FA09F8037096
:10B5B00074DB531E013201EE102A4E1CB3F58C7F52
:10B5C000B8EEC11AA8BF4FF4D86613F5B56FB4EE44
:10B5D000410AB8BF0126F1EE10FA09F806705DDBEA
:10B5E000931E013201EE102A8E1CB3F58B7F6FF48F
:10B5F000B568B8EEC11AC8BF4FF4D8664345B4EE7B
:10B60000410AB8BF0126F1EE10FA09F8067045DBD1
:10B61000D31E013201EE102ACE1CB3F58B7FB8EE9B
:10B62000C11AA8BF4FF4D866AB42B4EE410AB8BF06
:10B630000126F1EE10FA01F1040109F806709FDA13
:10B640002CE000BF00008C430000C843000002440F
:10B650000000204400003E4400005C4400007A44A6
:10B6600000008C4421EE081ABDEEC11AB8EEC12AC2
:10B67000B4EE420A4FF656254FF6CE244FF6463A20
:10B680004FF6BE3EF1EE10FACFF6FF75CFF6FF741F
:10B69000CFF6FF7ACFF6FF7E80F2368543F258323E
:10B6A000C2F2080202EB8B0191ED001A02EB8C0151
:10B6B00091ED000AB4EE401AF1EE10FA20EE080AFD
:10B6C00070DDBDEEC02A21EE080AB8EEC21AB4EE53
:10B6D000410AF1EE10FA6FF4A66071DB12EE101A57
:10B6E00001F5A661A1F5A662B2F5C87F0B46C8BFF9
:10B6F0004FF4D86312F5A66FA1F22F5201EE102A73
:10B70000B8EEC11AB4EE410AD8BF0123F1EE10FA27
:10B7100009F8037054DB531E013201EE102A4E1C4F
:10B72000B3F5C87FB8EEC11AA8BF4FF4D86613F5B9
:10B73000A66FB4EE410AB8BF0126F1EE10FA09F87F
:10B7400006703DDB931E013201EE102A8E1CB3F50C
:10B75000C77FB8EEC11AC8BF4FF4D8668342B4EEB3
:10B76000410AB8BF0126F1EE10FA09F8067027DB8E
:10B77000D31E013201EE102ACE1CB3F5C77FB8EEFE
:10B78000C11AA8BF4FF4D866A342B4EE410AB8BFAD
:10B790000126F1EE10FA01F1040109F80670A1DAB0
:10B7A0000EE000BF21EE081ABDEEC11AB8EEC12AA4
:10B7B000B4EE420AF1EE10FA6FF4A66080F20E8544
:10B7C00044F24462C1F2000202EB8B0191ED001AD7
:10B7D00002EB8C0191ED000AB4EE401AF1EE10FA82
:10B7E00020EE080A74DDBDEEC02A21EE080AB8EE8C
:10B7F000C21AB4EE410ADDF81480F1EE10FA40F2FC
:10B8000006206FF4976475DB12EE101A01F597614C
:10B81000A1F59762B2F5027F0B46C8BF4FF4D8631B
:10B8200012F5976FA1F2B74201EE102AB8EEC11AD5
:10B83000B4EE410AD8BF0123F1EE10FA09F8037003
:10B8400058DB531E013201EE102A4E1CB3F5027F65
:10B85000B8EEC11AA8BF4FF4D86613F5976FB4EECF
:10B86000410AB8BF0126F1EE10FA09F8067041DB73
:10B87000931E013201EE102A8E1C8342B8EEC11ACB
:10B88000C8BF4FF4D866A342B4EE410AB8BF012640
:10B89000F1EE10FA09F806702CDBD31E013240F2EB
:10B8A000052501EE102ACE1CAB42B8EEC11AC8BF66
:10B8B0004FF4D8665345B4EE410AB8BF0126F1EE05
:10B8C00010FA01F1040109F80670A1DA12E000BFD4
:10B8D00021EE081ABDEEC11AB8EEC12AB4EE420A32
:10B8E000DDF81480F1EE10FA40F206206FF4976450
:10B8F00080F2DC844FF2D842C2F2070202EB8B01E5
:10B9000091ED001A02EB8C0191ED000AB4EE401AA1
:10B91000F1EE10FA20EE080A74DDBDEEC02A21EE29
:10B92000080AB8EEC21AB4EE410AF1EE10FA40F27B
:10B930007E206FF4886540F27D2A40F2F52475DBA5
:10B9400012EE101A01F58861A1F58862B2F5207F28
:10B950000B46C8BF4FF4D86312F5886FA1F23F427F
:10B9600001EE102AB8EEC11AB4EE410AD8BF012385
:10B97000F1EE10FA09F8037058DB531E013201EEA4
:10B98000102A4E1CB3F5207FB8EEC11AA8BF4FF4A1
:10B99000D86613F5886FB4EE410AB8BF0126F1EE00
:10B9A00010FA09F8067041DB931E013201EE102AED
:10B9B0008E1C8342B8EEC11AC8BF4FF4D866AB42A2
:10B9C000B4EE410AB8BF0126F1EE10FA09F806708C
:10B9D0002CDBD31E013201EE102ACE1C5345B8EEEB
:10B9E000C11AC8BF4FF4D8667345B4EE410AB8BF58
:10B9F0000126F1EE10FA01F1040109F80670A3DA4C
:10BA000014E000BF21EE081ABDEEC11AB8EEC12A3B
:10BA1000B4EE420AF1EE10FA40F27E206FF488652F
:10BA200040F27D2A40F2F52480F2A88442F20472AA
:10BA3000C1F2000202EB8B0191ED001A02EB8C01C6
:10BA400091ED000AB4EE401AF1EE10FA20EE080A69
:10BA500078DDBDEEC02A21EE080AB8EEC21AB4EEB7
:10BA6000410A4FF6364E4FF6AE45F1EE10FACFF6DC
:10BA7000FF7ECFF6FF7540F2F62A6FF4727079DB25
:10BA800012EE101A01F57271A1F57272B2F53E7FD5
:10BA90000B46C8BF4FF4D86312F5727FA1F2C732CC
:10BAA00001EE102AB8EEC11AB4EE410AD8BF012344
:10BAB000F1EE10FA09F803705CDB531E013201EE5F
:10BAC000102A4E1CB3F53E7FB8EEC11AA8BF4FF442
:10BAD000D86613F5727FB4EE410AB8BF0126F1EEC5
:10BAE00010FA09F8067045DB931E013201EE102AA8
:10BAF0008E1C5345B8EEC11AC8BF4FF4D8668342B6
:10BB0000B4EE410AB8BF0126F1EE10FA09F806704A
:10BB100030DBD31E013201EE102ACE1CA342B8EE58
:10BB2000C11AC8BF4FF4D8667345B4EE410AB8BF16
:10BB30000126F1EE10FA01F1040109F80670A3DA0A
:10BB400018E000BF21EE081ABDEEC11AB8EEC12AF6
:10BB5000B4EE420A4FF6364E4FF6AE45F1EE10FA0D
:10BB6000CFF6FF7ECFF6FF7540F2F62A6FF47270C3
:10BB700080F26A844DF29852C2F2070202EB8B0106
:10BB800091ED001A02EB8C0191ED000AB4EE401A1F
:10BB9000F1EE10FA20EE080A76DDBDEEC02A21EEA5
:10BBA000080AB8EEC21AB4EE410A4FF62650F1EE7A
:10BBB00010FACFF6FF7040F26E3E6FF4547440F20C
:10BBC0006D3A77DB12EE101A01F55471A1F554723B
:10BBD000B2F55C7F0B46C8BF4FF4D86312F5547FB3
:10BBE000A1F24F3201EE102AB8EEC11AB4EE410AAA
:10BBF000D8BF0123F1EE10FA09F803705ADB531E87
:10BC0000013201EE102A4E1CB3F55C7FB8EEC11A6A
:10BC1000A8BF4FF4D86613F5547FB4EE410AB8BFFD
:10BC20000126F1EE10FA09F8067043DB931E01328B
:10BC300001EE102A8E1C7345B8EEC11AC8BF4FF42E
:10BC4000D866A342B4EE410AB8BF0126F1EE10FA5D
:10BC500009F806702EDBD31E013201EE102ACE1C2D
:10BC60005345B8EEC11AC8BF4FF4D866AB42B4EE24
:10BC7000410AB8BF0126F1EE10FA01F1040109F8FA
:10BC80000670A3DA16E000BF21EE081ABDEEC11A55
:10BC9000B8EEC12AB4EE420A4FF62650F1EE10FA81
:10BCA000CFF6FF7040F26E3E6FF4547440F26D3A7E
:10BCB00080F2308446F21472C1F2000202EB8B0172
:10BCC00091ED000A02EB8C0191ED001AB4EE410AED
:10BCD000F1EE10FA70DDBDEEC11AB8EEC12AB4EE75
:10BCE000420AF1EE10FA40F2E6356FF4367440F293
:10BCF000E53E71DB11EE101A01F53671A1F53672D1
:10BD0000B2F57A7F0B46C8BF4FF4D86312F5367F81
:10BD1000A1F2D72201EE102AB8EEC11AB4EE410A00
:10BD2000D8BF0123F1EE10FA09F8037054DB531E5B
:10BD3000013201EE102A4E1CB3F57A7FB8EEC11A1B
:10BD4000A8BF4FF4D86613F5367FB4EE410AB8BFEA
:10BD50000126F1EE10FA09F806703DDB931E013260
:10BD600001EE102A8E1CAB42B8EEC11AC8BF4FF4C8
:10BD7000D866A342B4EE410AB8BF0126F1EE10FA2C
:10BD800009F8067028DBD31E013201EE102ACE1C02
:10BD90007345B8EEC11AC8BF4FF4D8668342B4EEFB
:10BDA000410AB8BF0126F1EE10FA01F1040109F8C9
:10BDB0000670A3DA10E000BFBDEEC00AB8EEC02ADC
:10BDC000B4EE421AF1EE10FA40F2E6356FF4367432
:10BDD00040F2E53E80F2048448F25462C1F200026F
:10BDE00002EB8B0191ED000A02EB8C0191ED001A40
:10BDF000B4EE410AF1EE10FA74DDBDEEC11AB8EEF0
:10BE0000C12AB4EE420A4FF69E50F1EE10FACFF678
:10BE1000FF7040F25E456FF4187440F25D4E75DBC2
:10BE200011EE101A01F51871A1F51872B2F58C6FA8
:10BE30000B46C8BF4FF4D86312F5187FA1F25F22FA
:10BE400001EE102AB8EEC11AB4EE410AD8BF0123A0
:10BE5000F1EE10FA09F8037058DB531E013201EEBF
:10BE6000102A4E1CB3F58C6FB8EEC11AA8BF4FF460
:10BE7000D86613F5187FB4EE410AB8BF0126F1EE7B
:10BE800010FA09F8067041DB931E013201EE102A08
:10BE90008E1CAB42B8EEC11AC8BF4FF4D866A3429D
:10BEA000B4EE410AB8BF0126F1EE10FA09F80670A7
:10BEB0002CDBD31E013201EE102ACE1C7345B8EEE6
:10BEC000C11AC8BF4FF4D8668342B4EE410AB8BF66
:10BED0000126F1EE10FA01F1040109F80670A3DA67
:10BEE00014E000BFBDEEC00AB8EEC02AB4EE421A9C
:10BEF0004FF69E50F1EE10FACFF6FF7040F25E451D
:10BF00006FF4187440F25D4E80F2D08347F2D8107F
:10BF1000C2F2080000EB8B0100EB8C0091ED000AEF
:10BF200090ED001AB4EE410AF1EE10FA76DDBDEEA6
:10BF3000C11AB8EEC12AB4EE420AF1EE10FA40F28C
:10BF4000D64640F2D545FFF683AA11EE100A00F559
:10BF5000F47000BFA0F5F471B1F59B6F0246C8BF45
:10BF60004FF4D86211F5F47FA0F2E71101EE101A38
:10BF7000B8EEC11AB4EE410AD8BF0122F1EE10FAB0
:10BF800009F80270FFF664AA4A1E013101EE101A88
:10BF9000431CB2F59B6FB8EEC11AA8BF4FF4D8632B
:10BFA00012F5F47FB4EE410AB8BF0123F1EE10FAA6
:10BFB00009F80370FFF64CAA8A1E013101EE101A2F
:10BFC000831CB242B8EEC11AC8BF4FF4D86312F551
:10BFD000F57FB4EE410AD8BF0123F1EE10FA09F85B
:10BFE0000370FFF635AACA1E013101EE101AC31CF8
:10BFF000AA42B8EEC11AC8BF4FF4D86312F5F57F54
:10C00000B4EE410AB8BF0123F1EE10FA00F10400CA
:10C0100009F803709EDAFFF71BBA00BFBDEEC00A35
:10C02000B8EEC02AB4EE421AF1EE10FA40F2D6464B
:10C0300040F2D545FFF60CAA10EE100A00F5F47098
:10C04000A0F5F471B1F59B6F0246C8BF4FF4D862FA
:10C0500011F5F47FA0F2E71100EE101AB8EEC00A55
:10C06000B4EE401AD8BF0122F1EE10FA09F80270BE
:10C07000FFF6EEA94A1E013100EE101A431CB2F57C
:10C080009B6FB8EEC00AA8BF4FF4D86312F5F47FD7
:10C09000B4EE401AB8BF0123F1EE10FA09F80370AC
:10C0A000FFF6D6A98A1E013100EE101A831CB24297
:10C0B000B8EEC00AC8BF4FF4D86312F5F57FB4EEEE
:10C0C000401AD8BF0123F1EE10FA09F80370FFF609
:10C0D000BFA9CA1E013100EE101AC31CAA42B8EE55
:10C0E000C00AC8BF4FF4D86312F5F57FB4EE401A0A
:10C0F000B8BF0123F1EE10FA00F1040009F8037053
:10C100009EDAFFF7A5B900BF11EE101A01F5B5616F
:10C11000A1F5B562B2F58C7F0B46C8BF4FF4D8636A
:10C1200012F5B56FA1F2A75201EE102AB8EEC11AAE
:10C13000B4EE410AD8BF0123F1EE10FA09F80370FA
:10C14000FFF6ACAA531E013201EE102A4E1CB3F5C5
:10C150008C7FB8EEC11AA8BF4FF4D86613F5B56F3F
:10C16000B4EE410AB8BF0126F1EE10FA09F80670E4
:10C17000FFF694AA931E013201EE102A8E1CB3F52D
:10C180008B7F6FF4B560B8EEC11AC8BF4FF4D866A4
:10C190008342B4EE410AB8BF0126F1EE10FA09F865
:10C1A0000670FFF67BAAD31E013201EE102ACE1CC8
:10C1B000B3F58B7FB8EEC11AA8BF4FF4D866AB4277
:10C1C000B4EE410AB8BF0126F1EE10FA01F1040104
:10C1D00009F806709CDAFFF761BA00BF11EE101A79
:10C1E00001F5A661A1F5A662B2F5C87F0B46C8BFEE
:10C1F0004FF4D86312F5A66FA1F22F5201EE102A68
:10C20000B8EEC11AB4EE410AD8BF0123F1EE10FA1C
:10C2100009F80370FFF6D4AA531E013201EE102A6A
:10C220004E1CB3F5C87FB8EEC11AA8BF4FF4D8664C
:10C2300013F5A66FB4EE410AB8BF0126F1EE10FA6D
:10C2400009F80670FFF6BCAA931E013201EE102A0F
:10C250008E1CB3F5C77FB8EEC11AC8BF4FF4D866BD
:10C260008342B4EE410AB8BF0126F1EE10FA09F894
:10C270000670FFF6A5AAD31E013201EE102ACE1CCD
:10C28000B3F5C77FB8EEC11AA8BF4FF4D866A34272
:10C29000B4EE410AB8BF0126F1EE10FA01F1040133
:10C2A00009F806709EDAFFF78BBA00BF11EE101A7C
:10C2B00001F59761A1F59762B2F5027F0B46C8BF01
:10C2C0004FF4D86312F5976FA1F2B74201EE102A2E
:10C2D000B8EEC11AB4EE410AD8BF0123F1EE10FA4C
:10C2E00009F80370FFF606AB531E013201EE102A67
:10C2F0004E1CB3F5027FB8EEC11AA8BF4FF4D86642
:10C3000013F5976FB4EE410AB8BF0126F1EE10FAAB
:10C3100009F80670FFF6EEAA931E013201EE102A0C
:10C320008E1C8342B8EEC11AC8BF4FF4D866A34230
:10C33000B4EE410AB8BF0126F1EE10FA09F8067012
:10C34000FFF6D8AAD31E013240F2052501EE102ACD
:10C35000CE1CAB42B8EEC11AC8BF4FF4D8665345E5
:10C36000B4EE410AB8BF0126F1EE10FA01F1040162
:10C3700009F806709EDAFFF7BDBA00BF11EE101A79
:10C3800001F58861A1F58862B2F5207F0B46C8BF30
:10C390004FF4D86312F5886FA1F23F4201EE102AE4
:10C3A000B8EEC11AB4EE410AD8BF0123F1EE10FA7B
:10C3B00009F80370FFF63AAB531E013201EE102A62
:10C3C0004E1CB3F5207FB8EEC11AA8BF4FF4D86653
:10C3D00013F5886FB4EE410AB8BF0126F1EE10FAEA
:10C3E00009F80670FFF622AB931E013201EE102A07
:10C3F0008E1C8342B8EEC11AC8BF4FF4D866AB4258
:10C40000B4EE410AB8BF0126F1EE10FA09F8067041
:10C41000FFF60CABD31E013201EE102ACE1C5345A1
:10C42000B8EEC11AC8BF4FF4D8667345B4EE410ADE
:10C43000B8BF0126F1EE10FA01F1040109F8067007
:10C44000A0DAFFF7F3BA00BF11EE101A01F572710E
:10C45000A1F57272B2F53E7F0B46C8BF4FF4D863A8
:10C4600012F5727FA1F2C73201EE102AB8EEC11A9E
:10C47000B4EE410AD8BF0123F1EE10FA09F80370B7
:10C48000FFF678AB531E013201EE102A4E1CB3F5B5
:10C490003E7FB8EEC11AA8BF4FF4D86613F5727F7D
:10C4A000B4EE410AB8BF0126F1EE10FA09F80670A1
:10C4B000FFF660AB931E013201EE102A8E1C53452D
:10C4C000B8EEC11AC8BF4FF4D8668342B4EE410A31
:10C4D000B8BF0126F1EE10FA09F80670FFF64AAB74
:10C4E000D31E013201EE102ACE1CA342B8EEC11AAF
:10C4F000C8BF4FF4D8667345B4EE410AB8BF0126F1
:10C50000F1EE10FA01F1040109F80670A0DAFFF764
:10C5100031BB00BF11EE101A01F55471A1F5547230
:10C52000B2F55C7F0B46C8BF4FF4D86312F5547F59
:10C53000A1F24F3201EE102AB8EEC11AB4EE410A50
:10C54000D8BF0123F1EE10FA09F80370FFF6B2AB81
:10C55000531E013201EE102A4E1CB3F55C7FB8EE7B
:10C56000C11AA8BF4FF4D86613F5547FB4EE410A40
:10C57000B8BF0126F1EE10FA09F80670FFF69AAB83
:10C58000931E013201EE102A8E1C7345B8EEC11ABB
:10C59000C8BF4FF4D866A342B4EE410AB8BF012623
:10C5A000F1EE10FA09F80670FFF684ABD31E0132E3
:10C5B00001EE102ACE1C5345B8EEC11AC8BF4FF485
:10C5C000D866AB42B4EE410AB8BF0126F1EE10FACC
:10C5D00001F1040109F80670A0DAFFF76BBB00BF98
:10C5E00010EE101A01F53671A1F53672B2F57A7FA8
:10C5F0000B46C8BF4FF4D86312F5367FA1F2D7229D
:10C6000000EE102AB8EEC00AB4EE401AD8BF0123DB
:10C61000F1EE10FA09F80370FFF6DEAB531E01329B
:10C6200000EE102A4E1CB3F57A7FB8EEC00AA8BF00
:10C630004FF4D86613F5367FB4EE401AB8BF012622
:10C64000F1EE10FA09F80670FFF6C6AB931E013240
:10C6500000EE102A8E1CAB42B8EEC00AC8BF4FF4E1
:10C66000D866A342B4EE401AB8BF0126F1EE10FA24
:10C6700009F80670FFF6B0ABD31E013200EE102AA7
:10C68000CE1C7345B8EEC00AC8BF4FF4D8668342CB
:10C69000B4EE401AB8BF0126F1EE10FA01F1040120
:10C6A00009F80670A0DAFFF797BB00BF10EE101A6A
:10C6B00001F51871A1F51872B2F58C6F0B46C8BF61
:10C6C0004FF4D86312F5187FA1F25F2200EE102A12
:10C6D000B8EEC00AB4EE401AD8BF0123F1EE10FA4A
:10C6E00009F80370FFF612AC531E013200EE102A57
:10C6F0004E1CB3F58C6FB8EEC00AA8BF4FF4D866D5
:10C7000013F5187FB4EE401AB8BF0126F1EE10FA07
:10C7100009F80670FFF6FAAB931E013200EE102AFC
:10C720008E1CAB42B8EEC00AC8BF4FF4D866A34215
:10C73000B4EE401AB8BF0126F1EE10FA09F80670FF
:10C74000FFF6E4ABD31E013200EE102ACE1C734577
:10C75000B8EEC00AC8BF4FF4D8668342B4EE401AA0
:10C76000B8BF0126F1EE10FA01F1040109F80670D4
:10C77000A0DAFFF7CBBB00BF4FF43478012740F2BB
:10C78000D64B0EE00CF0BAFC01200AF0E7FA0CF0F0
:10C79000EDFC0CF0ABFE08F10108B8F5FA6F01F002
:10C7A000118148464FF4D861F4F770F941F218410D
:10C7B000C2F20801A8F1010A01EB880001EB8A012D
:10C7C00090ED001A91ED000AB4EE401AF1EE10FA65
:10C7D00020EE080A74DDBDEEC02A21EE080AB8EE8C
:10C7E000C21AB4EE410A4FF65624F1EE10FACFF613
:10C7F000FF746FF4B56075DB12EE101A01F5B561C8
:10C80000A1F5B562B2F58C7F0B46C8BF4FF4D86373
:10C8100012F5B56FA1F2A75201EE102AB8EEC11AB7
:10C82000B4EE410AD8BF0123F1EE10FA09F8037003
:10C8300058DB531E013201EE102A4D1CB3F58C7FDC
:10C84000B8EEC11AA8BF4FF4D86513F5B56FB4EEB2
:10C85000410AB8BF0125F1EE10FA09F8057041DB75
:10C86000931E013201EE102A8D1CB3F58B7FB8EEBA
:10C87000C11AC8BF4FF4D8658342B4EE410AB8BFAD
:10C880000125F1EE10FA09F805702BDBD31E0132F9
:10C8900001EE102ACD1CB3F58B7FB8EEC11AA8BFEC
:10C8A0004FF4D865A342B4EE410AB8BF0125F1EEBA
:10C8B00010FA01F1040109F80570A1DA12E000BFD5
:10C8C00021EE081ABDEEC11AB8EEC12AB4EE420A32
:10C8D0004FF65624F1EE10FACFF6FF746FF4B56000
:10C8E00080F2388543F25832C2F2080202EB880126
:10C8F00091ED001A02EB8A0191ED000A4FF6CE2469
:10C90000B4EE401A4FF6463C4FF6BE3EF1EE10FA3A
:10C9100020EE080ACFF6FF74CFF6FF7CCFF6FF7E3D
:10C9200070DDBDEEC02A21EE080AB8EEC21AB4EEE0
:10C93000410AF1EE10FA6FF4A66071DB12EE101AE4
:10C9400001F5A661A1F5A662B2F5C87F0B46C8BF86
:10C950004FF4D86312F5A66FA1F22F5201EE102A00
:10C96000B8EEC11AB4EE410AD8BF0123F1EE10FAB5
:10C9700009F8037054DB531E013201EE102A4D1CDE
:10C98000B3F5C87FB8EEC11AA8BF4FF4D86513F548
:10C99000A66FB4EE410AB8BF0125F1EE10FA09F80E
:10C9A00005703DDB931E013201EE102A8D1CB3F59C
:10C9B000C77FB8EEC11AC8BF4FF4D8658342B4EE42
:10C9C000410AB8BF0125F1EE10FA09F8057027DB1E
:10C9D000D31E013201EE102ACD1CB3F5C77FB8EE8D
:10C9E000C11AA8BF4FF4D865A342B4EE410AB8BF3C
:10C9F0000125F1EE10FA01F1040109F80570A1DA40
:10CA00000EE000BF21EE081ABDEEC11AB8EEC12A31
:10CA1000B4EE420AF1EE10FA6FF4A66080F20285DD
:10CA200044F24462C1F2000202EB880191ED001A67
:10CA300002EB8A0191ED000AB4EE401AF1EE10FA11
:10CA400020EE080A72DDBDEEC02A21EE080AB8EE1B
:10CA5000C21AB4EE410AF1EE10FA40F2062073DB7E
:10CA600012EE101A01F59761A1F59762B2F5027FF7
:10CA70000B46C8BF4FF4D86312F5976FA1F2B742C7
:10CA800001EE102AB8EEC11AB4EE410AD8BF012354
:10CA9000F1EE10FA09F8037056DB531E013201EE75
:10CAA000102A4D1CB3F5027FB8EEC11AA8BF4FF48F
:10CAB000D86513F5976FB4EE410AB8BF0125F1EEC2
:10CAC00010FA09F805703FDB931E013201EE102ABF
:10CAD0008D1C83426FF49764B8EEC11AC8BF4FF43F
:10CAE000D865A342B4EE410AB8BF0125F1EE10FAB1
:10CAF00009F8057028DBD31E013240F2052401EE4F
:10CB0000102ACD1CA342B8EEC11AC8BF4FF4D86595
:10CB10006345B4EE410AB8BF0125F1EE10FA01F108
:10CB2000040109F805709FDA0EE000BF21EE081A33
:10CB3000BDEEC11AB8EEC12AB4EE420AF1EE10FA07
:10CB400040F2062080F2D6844FF2D842C2F20702A9
:10CB500002EB880191ED001A02EB8A0191ED000AC7
:10CB6000B4EE401AF1EE10FA20EE080A74DDBDEEC4
:10CB7000C02A21EE080AB8EEC21AB4EE410AF1EE5C
:10CB800010FA40F27E206FF4886440F27D2C6FF43E
:10CB9000727675DB12EE101A01F58861A1F58862D4
:10CBA000B2F5207F0B46C8BF4FF4D86312F5886FEB
:10CBB000A1F23F4201EE102AB8EEC11AB4EE410ACA
:10CBC000D8BF0123F1EE10FA09F8037058DB531EA9
:10CBD000013201EE102A4D1CB3F5207FB8EEC11AC8
:10CBE000A8BF4FF4D86513F5886FB4EE410AB8BFFB
:10CBF0000125F1EE10FA09F8057041DB931E0132B0
:10CC000001EE102A8D1C8342B8EEC11AC8BF4FF442
:10CC1000D865A342B4EE410AB8BF0125F1EE10FA7F
:10CC200009F805702CDBD31E013201EE102ACD1C51
:10CC30006345B8EEC11AC8BF4FF4D8657345B4EE6A
:10CC4000410AB8BF0125F1EE10FA01F1040109F81B
:10CC50000570A3DA14E000BF21EE081ABDEEC11A78
:10CC6000B8EEC12AB4EE420AF1EE10FA40F27E208C
:10CC70006FF4886440F27D2C6FF4727680F2A484A5
:10CC800042F20472C1F2000202EB880191ED001A37
:10CC900002EB8A0191ED000AB4EE401AF1EE10FAAF
:10CCA00020EE080A78DDBDEEC02A21EE080AB8EEB3
:10CCB000C21AB4EE410A4FF6364C4FF6AE40F1EED2
:10CCC00010FACFF6FF7CCFF6FF7040F2F62440F268
:10CCD000F52E79DB12EE101A01F57271A1F5727260
:10CCE000B2F53E7F0B46C8BF4FF4D86312F5727F92
:10CCF000A1F2C73201EE102AB8EEC11AB4EE410A11
:10CD0000D8BF0123F1EE10FA09F803705CDB531E63
:10CD1000013201EE102A4D1CB3F53E7FB8EEC11A68
:10CD2000A8BF4FF4D86513F5727FB4EE410AB8BFBF
:10CD30000125F1EE10FA09F8057045DB931E01326A
:10CD400001EE102A8D1CA342B8EEC11AC8BF4FF4E1
:10CD5000D865B342B4EE410AB8BF0125F1EE10FA2E
:10CD600009F8057030DBD31E013201EE102ACD1C0C
:10CD70007345B8EEC11AC8BF4FF4D8656345B4EE29
:10CD8000410AB8BF0125F1EE10FA01F1040109F8DA
:10CD90000570A3DA18E000BF21EE081ABDEEC11A33
:10CDA000B8EEC12AB4EE420A4FF6364C4FF6AE400A
:10CDB000F1EE10FACFF6FF7CCFF6FF7040F2F624CA
:10CDC00040F2F52E80F266844DF29852C2F20702CC
:10CDD00002EB880191ED001A02EB8A0191ED000A45
:10CDE000B4EE401AF1EE10FA20EE080A72DDBDEE44
:10CDF000C02A21EE080AB8EEC21AB4EE410AF1EEDA
:10CE000010FA40F26E366FF4547440F26D3C73DBEE
:10CE100012EE101A01F55471A1F55472B2F55C7F4F
:10CE20000B46C8BF4FF4D86312F5547FA1F24F32BE
:10CE300001EE102AB8EEC11AB4EE410AD8BF0123A0
:10CE4000F1EE10FA09F8037056DB531E013201EEC1
:10CE5000102A4D1CB3F55C7FB8EEC11AA8BF4FF481
:10CE6000D86513F5547FB4EE410AB8BF0125F1EE41
:10CE700010FA09F805703FDB931E013201EE102A0B
:10CE80008D1CB342B8EEC11AC8BF4FF4D865A34297
:10CE9000B4EE410AB8BF0125F1EE10FA09F80570A9
:10CEA0002ADBD31E013201EE102ACD1C6345B8EEF9
:10CEB000C11AC8BF4FF4D8658342B4EE410AB8BF67
:10CEC0000125F1EE10FA01F1040109F80570A3DA69
:10CED00012E000BF21EE081ABDEEC11AB8EEC12A59
:10CEE000B4EE420AF1EE10FA40F26E366FF454746A
:10CEF00040F26D3C80F2348446F21472C1F20002BA
:10CF000002EB880191ED000A02EB8A0191ED001A13
:10CF1000B4EE410AF1EE10FA74DDBDEEC11AB8EEBE
:10CF2000C12AB4EE420A4FF62650F1EE10FACFF6BF
:10CF3000FF7040F2E6366FF4367440F2E53C75DB84
:10CF400011EE101A01F53671A1F53672B2F57A7F3D
:10CF50000B46C8BF4FF4D86312F5367FA1F2D72233
:10CF600001EE102AB8EEC11AB4EE410AD8BF01236F
:10CF7000F1EE10FA09F8037058DB531E013201EE8E
:10CF8000102A4D1CB3F57A7FB8EEC11AA8BF4FF432
:10CF9000D86513F5367FB4EE410AB8BF0125F1EE2E
:10CFA00010FA09F8057041DB931E013201EE102AD8
:10CFB0008D1CB342B8EEC11AC8BF4FF4D865A34266
:10CFC000B4EE410AB8BF0125F1EE10FA09F8057078
:10CFD0002CDBD31E013201EE102ACD1C6345B8EEC6
:10CFE000C11AC8BF4FF4D8658342B4EE410AB8BF36
:10CFF0000125F1EE10FA01F1040109F80570A3DA38
:10D0000014E000BFBDEEC00AB8EEC02AB4EE421A6A
:10D010004FF62650F1EE10FACFF6FF7040F2E636EA
:10D020006FF4367440F2E53C80F2008448F25462BA
:10D03000C1F2000202EB880191ED000A02EB8A01C5
:10D0400091ED001AB4EE410AF1EE10FA74DDBDEE76
:10D05000C11AB8EEC12AB4EE420A4FF69E50F1EE64
:10D0600010FACFF6FF7040F25E466FF4187440F28B
:10D070005D4C75DB11EE101A01F51871A1F51872EF
:10D08000B2F58C6F0B46C8BF4FF4D86312F5187F0A
:10D09000A1F25F2201EE102AB8EEC11AB4EE410AE5
:10D0A000D8BF0123F1EE10FA09F8037058DB531EC4
:10D0B000013201EE102A4D1CB3F58C6FB8EEC11A87
:10D0C000A8BF4FF4D86513F5187FB4EE410AB8BF76
:10D0D0000125F1EE10FA09F8057041DB931E0132CB
:10D0E00001EE102A8D1CB342B8EEC11AC8BF4FF42E
:10D0F000D865A342B4EE410AB8BF0125F1EE10FA9B
:10D1000009F805702CDBD31E013201EE102ACD1C6C
:10D110006345B8EEC11AC8BF4FF4D8658342B4EE78
:10D12000410AB8BF0125F1EE10FA01F1040109F836
:10D130000570A3DA14E000BFBDEEC00AB8EEC02A45
:10D14000B4EE421A4FF69E50F1EE10FACFF6FF7091
:10D1500040F25E466FF4187440F25D4C80F2CC836E
:10D1600047F2D810C2F2080000EB880100EB8A00F9
:10D1700091ED000A90ED001AB4EE410AF1EE10FABA
:10D1800074DDBDEEC11AB8EEC12AB4EE420AF1EE6A
:10D1900010FA40F2D546FFF6F5AA11EE100A00F596
:10D1A000F47000BFA0F5F471B1F59B6F0246C8BFE3
:10D1B0004FF4D86211F5F47FA0F2E71101EE101AD6
:10D1C000B8EEC11AB4EE410AD8BF0122F1EE10FA4E
:10D1D00009F80270FFF6D6AA4A1E013101EE101AB4
:10D1E000431CB2F59B6FB8EEC11AA8BF4FF4D863C9
:10D1F00012F5F47FB4EE410AB8BF0123F1EE10FA44
:10D2000009F80370FFF6BEAA8A1E013101EE101A5A
:10D21000831C5A45B8EEC11AC8BF4FF4D86312F543
:10D22000F57FB4EE410AD8BF0123F1EE10FA09F8F8
:10D230000370FFF6A7AACA1E013101EE101AC31C23
:10D24000B242B8EEC11AC8BF4FF4D86312F5F57FE9
:10D25000B4EE410AB8BF0123F1EE10FA00F1040068
:10D2600009F803709EDAFFF78DBA00BFBDEEC00A61
:10D27000B8EEC02AB4EE421AF1EE10FA40F2D546EA
:10D28000FFF680AA10EE100A00F5F470A0F5F47114
:10D29000B1F59B6F0246C8BF4FF4D86211F5F47F19
:10D2A000A0F2E71100EE101AB8EEC00AB4EE401A70
:10D2B000D8BF0122F1EE10FA09F80270FFF662AA57
:10D2C0004A1E013100EE101A431CB2F59B6FB8EEF6
:10D2D000C00AA8BF4FF4D86312F5F47FB4EE401A29
:10D2E000B8BF0123F1EE10FA09F80370FFF64AAA5D
:10D2F0008A1E013100EE101A831C5A45B8EEC00A8E
:10D30000C8BF4FF4D86312F5F57FB4EE401AD8BF0A
:10D310000123F1EE10FA09F80370FFF633AACA1ED2
:10D32000013100EE101AC31CB242B8EEC00AC8BFE9
:10D330004FF4D86312F5F57FB4EE401AB8BF01235D
:10D34000F1EE10FA00F1040009F803709EDAFFF71D
:10D3500019BA00BF11EE101A01F5B561A1F5B56259
:10D36000B2F58C7F0B46C8BF4FF4D86312F5B56F8A
:10D37000A1F2A75201EE102AB8EEC11AB4EE410A8A
:10D38000D8BF0123F1EE10FA09F80370FFF6AAAA3C
:10D39000531E013201EE102A4D1CB3F58C7FB8EEFE
:10D3A000C11AA8BF4FF4D86513F5B56FB4EE410AA2
:10D3B000B8BF0125F1EE10FA09F80570FFF692AA40
:10D3C000931E013201EE102A8D1CB3F58B7FB8EE4F
:10D3D000C11AC8BF4FF4D8658342B4EE410AB8BF42
:10D3E0000125F1EE10FA09F80570FFF67BAAD31EAD
:10D3F000013201EE102ACD1CB3F58B7FB8EEC11AB5
:10D40000A8BF4FF4D865A342B4EE410AB8BF0125C6
:10D41000F1EE10FA01F1040109F805709EDAFFF748
:10D4200061BA00BF11EE101A01F5A661A1F5A6625E
:10D43000B2F5C87F0B46C8BF4FF4D86312F5A66F8C
:10D44000A1F22F5201EE102AB8EEC11AB4EE410A31
:10D45000D8BF0123F1EE10FA09F80370FFF6E0AA35
:10D46000531E013201EE102A4D1CB3F5C87FB8EEF1
:10D47000C11AA8BF4FF4D86513F5A66FB4EE410AE0
:10D48000B8BF0125F1EE10FA09F80570FFF6C8AA39
:10D49000931E013201EE102A8D1CB3F5C77FB8EE42
:10D4A000C11AC8BF4FF4D8658342B4EE410AB8BF71
:10D4B0000125F1EE10FA09F80570FFF6B1AAD31EA6
:10D4C000013201EE102ACD1CB3F5C77FB8EEC11AA8
:10D4D000A8BF4FF4D865A342B4EE410AB8BF0125F6
:10D4E000F1EE10FA01F1040109F805709EDAFFF778
:10D4F00097BA00BF11EE101A01F59761A1F5976276
:10D50000B2F5027F0B46C8BF4FF4D86312F5976F90
:10D51000A1F2B74201EE102AB8EEC11AB4EE410AE8
:10D52000D8BF0123F1EE10FA09F80370FFF60CAB37
:10D53000531E013201EE102A4D1CB3F5027FB8EEE6
:10D54000C11AA8BF4FF4D86513F5976FB4EE410A1E
:10D55000B8BF0125F1EE10FA09F80570FFF6F4AA3C
:10D56000931E013201EE102A8D1C83426FF49764E2
:10D57000B8EEC11AC8BF4FF4D865A342B4EE410A51
:10D58000B8BF0125F1EE10FA09F80570FFF6DCAA24
:10D59000D31E013240F2052401EE102ACD1CA34215
:10D5A000B8EEC11AC8BF4FF4D8656345B4EE410A5E
:10D5B000B8BF0125F1EE10FA01F1040109F8057078
:10D5C0009CDAFFF7C1BA00BF11EE101A01F58861AD
:10D5D000A1F58862B2F5207F0B46C8BF4FF4D8632F
:10D5E00012F5886FA1F23F4201EE102AB8EEC11A7F
:10D5F000B4EE410AD8BF0123F1EE10FA09F8037026
:10D60000FFF63EAB531E013201EE102A4D1CB3F55E
:10D61000207FB8EEC11AA8BF4FF4D86513F5886F04
:10D62000B4EE410AB8BF0125F1EE10FA09F8057011
:10D63000FFF626AB931E013201EE102A8D1C8342A9
:10D64000B8EEC11AC8BF4FF4D865A342B4EE410A80
:10D65000B8BF0125F1EE10FA09F80570FFF610AB1E
:10D66000D31E013201EE102ACD1C6345B8EEC11A5B
:10D67000C8BF4FF4D8657345B4EE410AB8BF012561
:10D68000F1EE10FA01F1040109F80570A0DAFFF7D4
:10D69000F7BA00BF11EE101A01F57271A1F572729E
:10D6A000B2F53E7F0B46C8BF4FF4D86312F5727FC8
:10D6B000A1F2C73201EE102AB8EEC11AB4EE410A47
:10D6C000D8BF0123F1EE10FA09F80370FFF67CAB26
:10D6D000531E013201EE102A4D1CB3F53E7FB8EE09
:10D6E000C11AA8BF4FF4D86513F5727FB4EE410A92
:10D6F000B8BF0125F1EE10FA09F80570FFF664AB2A
:10D70000931E013201EE102A8D1CA342B8EEC11AFD
:10D71000C8BF4FF4D865B342B4EE410AB8BF012583
:10D72000F1EE10FA09F80570FFF64EABD31E013288
:10D7300001EE102ACD1C7345B8EEC11AC8BF4FF4D4
:10D74000D8656345B4EE410AB8BF0125F1EE10FA81
:10D7500001F1040109F80570A0DAFFF735BB00BF3D
:10D7600011EE101A01F55471A1F55472B2F55C7FF7
:10D770000B46C8BF4FF4D86312F5547FA1F24F3265
:10D7800001EE102AB8EEC11AB4EE410AD8BF012347
:10D79000F1EE10FA09F80370FFF6AEAB531E01323A
:10D7A00001EE102A4D1CB3F55C7FB8EEC11AA8BF7C
:10D7B0004FF4D86513F5547FB4EE410AB8BF012584
:10D7C000F1EE10FA09F80570FFF696AB931E0132E0
:10D7D00001EE102A8D1CB342B8EEC11AC8BF4FF437
:10D7E000D865A342B4EE410AB8BF0125F1EE10FAA4
:10D7F00009F80570FFF680ABD31E013201EE102A46
:10D80000CD1C6345B8EEC11AC8BF4FF4D86583423A
:10D81000B4EE410AB8BF0125F1EE10FA01F104019E
:10D8200009F80570A0DAFFF767BB00BF10EE101A09
:10D8300001F53671A1F53672B2F57A7F0B46C8BF95
:10D840004FF4D86312F5367FA1F2D72200EE102AEA
:10D85000B8EEC00AB4EE401AD8BF0123F1EE10FAB8
:10D8600009F80370FFF6E2AB531E013200EE102AF6
:10D870004D1CB3F57A7FB8EEC00AA8BF4FF4D86547
:10D8800013F5367FB4EE401AB8BF0125F1EE10FA59
:10D8900009F80570FFF6CAAB931E013200EE102A9C
:10D8A0008D1CB342B8EEC00AC8BF4FF4D865A3427E
:10D8B000B4EE401AB8BF0125F1EE10FA09F8057070
:10D8C000FFF6B4ABD31E013200EE102ACD1C634527
:10D8D000B8EEC00AC8BF4FF4D8658342B4EE401A10
:10D8E000B8BF0125F1EE10FA01F1040109F8057045
:10D8F000A0DAFFF79BBB00BF10EE101A01F51871FC
:10D90000A1F51872B2F58C6F0B46C8BF4FF4D863FF
:10D9100012F5187FA1F25F2200EE102AB8EEC00ABD
:10D92000B4EE401AD8BF0123F1EE10FA09F80370E3
:10D93000FFF616AC531E013200EE102A4D1CB3F553
:10D940008C6FB8EEC00AA8BF4FF4D86513F5187FE6
:10D95000B4EE401AB8BF0125F1EE10FA09F80570CF
:10D96000FFF6FEAB931E013200EE102A8D1CB3426F
:10D97000B8EEC00AC8BF4FF4D865A342B4EE401A4F
:10D98000B8BF0125F1EE10FA09F80570FFF6E8AB13
:10D99000D31E013200EE102ACD1C6345B8EEC00A3A
:10D9A000C8BF4FF4D8658342B4EE401AB8BF012512
:10D9B000F1EE10FA01F1040109F80570A0DAFFF7A1
:10D9C000CFBB00BF142009F0C9F9C8240BF096FBA7
:10D9D0004FF4AF6009F0E4F90BF090FB4FF4AF6047
:10D9E00009F0DEF9013CF1D10BF0C0FB0BF086FB36
:10D9F0004FF4AF6009F0D4F90BF080FB4FF4AF6047
:10DA000009F0CEF90BF07AFB4FF4AF6009F0C8F9DA
:10DA10000BF074FB4FF4AF6009F0C2F90BF06EFB32
:10DA20004FF4AF6009F0BCF90BF068FB4FF4AF6046
:10DA300009F0B6F90BF062FB4FF4AF6009F0B0F9F2
:10DA40000BF05CFB4FF4AF6009F0AAF90BF056FB4A
:10DA50004FF4AF6009F0A4F90BF050FB4FF4AF6046
:10DA600009F09EF90BF04AFB4FF4AF6009F098F90A
:10DA70000BF044FB4FF4AF6009F092F90BF03EFB62
:10DA80004FF4AF6009F08CF90BF038FB4FF4AF6046
:10DA900009F086F90BF032FB4FF4AF6009F080F922
:10DAA0000BF02CFB4FF4AF6009F07AF90BF026FB7A
:10DAB0004FF4AF6009F074F90BF020FB4FF4AF6046
:10DAC00009F06EF90BF01AFB4FF4AF6009F068F93A
:10DAD0000BF014FB4FF4AF6009F062F90BF00EFB92
:10DAE0004FF4AF6009F05CF90BF008FB4FF4AF6046
:10DAF00009F056F90BF002FB4FF4AF6009F050F952
:10DB00000BF0FCFA4FF4AF6009F04AF90BF0F6FAAB
:10DB10004FF4AF6009F044F90BF0F0FA4FF4AF6046
:10DB200009F03EF90BF0EAFA4FF4AF6009F038F96A
:10DB30000BF0E4FA4FF4AF6009F032F90BF0DEFAC3
:10DB40004FF4AF6009F02CF90BF0D8FA4FF4AF6046
:10DB500009F026F90BF0D2FA4FF4AF6009F020F982
:10DB60000BF0CCFA4FF4AF6009F01AF90BF0C6FADB
:10DB70004FF4AF6009F014F90BF0C0FA4FF4AF6046
:10DB800009F00EF90BF0BAFA4FF4AF6009F008F99A
:10DB90000BF0B4FA4FF4AF6009F002F90BF0AEFAF3
:10DBA0004FF4AF6009F0FCF80BF0A8FA4FF4AF6047
:10DBB00009F0F6F80BF0A2FA4FF4AF6009F0F0F8B4
:10DBC0000BF09CFA4FF4AF6009F0EAF80BF096FA0C
:10DBD0004FF4AF6009F0E4F80BF090FA4FF4AF6047
:10DBE00009F0DEF80BF08AFA4FF4AF6009F0D8F8CC
:10DBF0000BF084FA4FF4AF6009F0D2F80BF07EFA24
:10DC00004FF4AF6009F0CCF80BF078FA4FF4AF6046
:10DC100009F0C6F80BF072FA4FF4AF6009F0C0F8E3
:10DC20000BF06CFA4FF4AF6009F0BAF80BF066FA3B
:10DC30004FF4AF6009F0B4F80BF060FA4FF4AF6046
:10DC400009F0AEF80BF05AFA4FF4AF6009F0A8F8FB
:10DC50000BF054FA4FF4AF6009F0A2F80BF04EFA53
:10DC60004FF4AF6009F09CF80BF048FA4FF4AF6046
:10DC700009F096F80BF042FA4FF4AF6009F090F813
:10DC80000BF03CFA4FF4AF6009F08AF80BF036FA6B
:10DC90004FF4AF6009F084F80BF030FA4FF4AF6046
:10DCA00009F07EF80BF02AFA4FF4AF6009F078F82B
:10DCB0000BF024FA4FF4AF6009F072F80BF01EFA83
:10DCC0004FF4AF6009F06CF80BF018FA4FF4AF6046
:10DCD00009F066F80BF012FA4FF4AF6009F060F843
:10DCE0000BF00CFA4FF4AF6009F05AF80BF006FA9B
:10DCF0004FF4AF6009F054F80BF000FA4FF4AF6046
:10DD000009F04EF80BF0FAF94FF4AF6009F048F85B
:10DD10000BF0F4F94FF4AF6009F042F80BF0EEF9B4
:10DD20004FF4AF6009F03CF80BF0E8F94FF4AF6046
:10DD300009F036F80BF0E2F94FF4AF6009F030F873
:10DD40000BF0DCF94FF4AF6009F02AF80BF0D6F9CC
:10DD50004FF4AF6009F024F80BF0D0F94FF4AF6046
:10DD600009F01EF80BF0CAF94FF4AF6009F018F88B
:10DD70000BF0C4F94FF4AF6009F012F80BF0BEF9E4
:10DD80004FF4AF6009F00CF80BF0B8F94FF4AF6046
:10DD900009F006F80BF0B2F94FF4AF6009F000F8A3
:10DDA0000BF0ACF94FF4AF6008F0FAFF06B0BDEC31
:10DDB000108B01B0BDE8F04F0BF0D8B900000000A7
:10DDC0002DE9F04F81B02DED108B84B040F25070F2
:10DDD000C1F200000127077040F25170C1F200004B
:10DDE0000021017040F63C10C1F20000016040F6D5
:10DDF0003810C1F20000016040F6341040F24C09C6
:10DE0000C1F20000C2F20009017099F8000041F26D
:10DE10000008C4F202080028C9F8081089F80110A7
:10DE2000C9F8241089F80510C9F81C10A9F80310C6
:10DE300040F0C98040461021002209F065FA4046B2
:10DE40000821002209F060FA0A2008F087FF11205B
:10DE500005F024FF4FF4967008F080FF2020002189
:10DE60000AF0C8FB02460FF62051002005F0C6FB61
:10DE7000642008F095FF412086210AF0BBFB642056
:10DE800008F08EFF422035210AF0B4FB642008F030
:10DE900087FF4320CC210AF0ADFB642008F080FF0F
:10DEA000582009210AF0A6FB642008F079FF5920C8
:10DEB000D8210AF09FFB642008F072FF4D20072153
:10DEC0000AF098FB642008F06BFF4E2007210AF04F
:10DED00091FB642008F064FF482081210AF08AFB4E
:10DEE000492081210AF086FB4A2081210AF082FB29
:10DEF0004B2081210AF07EFB4C2081210AF07AFB25
:10DF0000642008F04DFF102005F0C8FE642008F0E2
:10DF100047FF082005F0C2FE40460821012209F013
:10DF2000F3F90A2008F01AFFA8F5806630464FF48E
:10DF30008071002209F0E8F930461021002209F032
:10DF4000E3F90A2008F00AFF112005F0C3FE64205F
:10DF500008F004FF202000210CF070F802460FF6B4
:10DF60003041002005F04AFB4220A0210CF066F869
:10DF7000142008F0F3FE412001210CF05FF864202A
:10DF800008F00EFF4920C2210CF058F8642008F078
:10DF900007FF4A2003210CF051F8642008F000FF2D
:10DFA000102005F097FE0A2008F0FAFE082005F080
:10DFB00091FE30461021012209F0A6F9642008F0F4
:10DFC000CDFE89F800700FF6D831002005F016FB61
:10DFD00001207F2103F07CFF8B2000900020002196
:10DFE00040F21F322823282405F026F840F27471ED
:10DFF000C1F20001D02008800FF6B8304FF0010ABE
:10E0000010254FF4F07BCDE902A001204FF42071E0
:10E0100014224FF44873CDE900B54FF4487704F06B
:10E02000BBFF0FF6A430F126039001200E2140F231
:10E03000BB124FF4F073CDE90076CDF808A004F0E0
:10E04000ABFF0B204FF4DC71402240F2D51300945B
:10E0500003F0ACFF0FF6743003900120602140F212
:10E06000BB124FF4F073CDE90076CDF808A004F0B0
:10E0700093FF5D204FF4DC71922240F2D51300949F
:10E0800003F094FF0FF6483003900120B22140F2D4
:10E09000BB124FF4F073CDE90076CDF808A004F080
:10E0A0007BFFAF204FF4DC71E42240F2D5130094E3
:10E0B00003F07CFF0FF61C30039001204FF48271B7
:10E0C00040F2BB124FF4F073CDE90076CDF808A012
:10E0D00004F062FF40F201104FF4DC714FF49B72C8
:10E0E00040F2D513009403F061FF0FF6EC2003908B
:10E0F00001204FF4AB7140F2BB124FF4F073CDE945
:10E100000076CDF808A004F047FF40F253104FF41A
:10E11000DC714FF4C47240F2D513009403F046FF53
:10E120000FF65C70039001204FF4D47140F2BB12E3
:10E130004FF4F073CDE90076CDF808A004F02CFF81
:10E1400040F2A5104FF4DC714FF4ED7240F2D5139C
:10E150000094282603F02AFF00204FF4D77140F2E4
:10E160009E224FF4D7738B24009403F0BFFE40F23D
:10E170009E20292140F29E2240F2DF13009403F0FA
:10E18000B5FE0FF6007003900120022140F27312D9
:10E190004FF44873CDE900B5CDF808A004F0FCFEBB
:10E1A0000FF6E8601821CDE900B1039001200221AB
:10E1B0004FF4C4724FF44873CDF808A004F0ECFE9D
:10E1C00040F274740FF6D060C1F200040390012095
:10E1D0004FF42871DC224FF448732680CDE900B556
:10E1E000CDF808A004F0D8FE43F608763020C0F63B
:10E1F0000206CDE900B001204FF42871ED224FF462
:10E200004873CDF808A0039604F0C6FE43F6F867FD
:10E21000C0F6020701204FF4287140F21F124FF49C
:10E220004873CDE900B5CDF808A0039704F0B4FE1B
:10E23000422020800FF66860039001204FF428717F
:10E2400028224FF44873CDE900B5CDF808A004F0BA
:10E25000A3FE3020CDE9010A01204FF428713922B4
:10E260004FF44873CDF800B0039604F095FE43F6E2
:10E270000077C0F6020701204FF428716B224FF49B
:10E280004873CDE900B5CDF808A0039704F084FEEB
:10E2900043F61F70C0F60200A121CDE900B1039042
:10E2A00001204FF437716B224FF44873CDF808A06A
:10E2B00004F072FE43F60377C0F6020701204FF424
:10E2C0003F716B224FF44873CDE900B5CDF808A03B
:10E2D000039704F061FE43F62777C0F6020701209A
:10E2E0004FF428717D224FF44873CDE900B5CDF885
:10E2F00008A0039704F050FE43F63377C0F60207F8
:10E3000001204FF428718F224FF44873CDE900B5F6
:10E31000CDF808A0039704F03FFE0FF688502027A1
:10E32000039001204FF428714FF49B724FF448730F
:10E330002780CDE900B5CDF808A004F02DFE3020EF
:10E34000CDE9010A01204FF4287140F247124FF441
:10E350004873CDF800B0039604F01EFE422043F649
:10E3600096762080C0F602060120022128224FF472
:10E370004873CDE900B5CDF808A0039604F00CFE73
:10E3800043F63D76C0F602060120022182224FF4B8
:10E390004873CDE900B5CDF808A0039604F0FCFD64
:10E3A000282043F652762080C0F602060120022182
:10E3B000DC224FF44873CDE900B5CDF808A00396F0
:10E3C00004F0EAFD278043F62277C0F60207012019
:10E3D00002214FF49B724FF44873CDF800B0CDE9A1
:10E3E0000150039704F0D8FD142041211522692320
:10E3F0004224009403F0DAFD14209B211522C3234C
:10E40000009403F0D3FD9FED478A9FED479A9FED5F
:10E4100047AA9FED47BB9FED48CA9FED48DA9FEDA5
:10E4200048FB9FED49EB4CF648044FF2A07540F6CF
:10E43000381740F2507BC1F20004C2F20105C1F26C
:10E4400000074FF0000AC1F2000B01E085F800A0C0
:10E4500040F63410C1F20000007838B301200126E4
:10E4600008F07CFC40464FF4806108F053FF002820
:10E470003FD040464FF4006108F04CFF002837D0F1
:10E4800040464FF4805108F045FF00283ED04046FA
:10E490004FF4005108F03EFF0126002808BF032674
:10E4A0009BF8000026708642D0D027E0D9F80800FB
:10E4B000411C0928C9F80810D0D8DFE810F02F0057
:10E4C0000B002F000B0019010B002F000B002F0079
:10E4D000490000BF05F0B6FD05F018FC09F1440045
:10E4E00001F00AFD01F022FDC9F80C00B6E700BFFB
:10E4F00003269BF8000026708642A7D028780130BA
:10E50000C1B2FA292870A3D301F00CBA03269BF8F4
:10E51000000026708642F1D198E700BF05F092FD19
:10E520009CE700BF0000A0420000824300001042B0
:10E5300000000000000044C00000C8420000C8C243
:10E5400047FC2FF33E0AB7BF0000000000804640A2
:10E5500005F078FD05F0DAFB09F1440001F0CCFC90
:10E5600001F0E4FCC9F80C000AF0AAF83868B0F52C
:10E57000FA6FC0F2998141F21844C2F20804211DD9
:10E58000204641F63C72F2F73CFA43F25830C2F2B0
:10E590000800011D41F63C72F2F733FA44F2446080
:10E5A000C1F20000011D41F63C72F2F72AFA4FF267
:10E5B000D847C2F20707391D384641F63C72F2F7D8
:10E5C00020FA42F20475C1F20005291D284641F6E1
:10E5D0003C72F2F716FA4DF29856C2F20706311D58
:10E5E000304641F63C72F2F70CFA46F2147AC1F268
:10E5F000000A0AF10401504641F63C72F2F701FAB2
:10E6000048F2546BC1F2000B0BF10401584641F67D
:10E610003C72F2F7F6F940F23C20C2F2000090EDB5
:10E62000000A41F63C7240F2302120EE080AA018A0
:10E63000C2F2000191ED001A80ED000A43F2583059
:10E6400040F23821C2F20800C2F2000121EE080AAD
:10E65000104491ED001A40F2402180ED000A44F28E
:10E660004460C2F2000121EE080AC1F2000091EDFF
:10E67000001A40F244211044C2F2000180ED000A69
:10E6800021EE080A91ED001A40F24821B818C2F2B2
:10E69000000180ED000A21EE080A91ED001A40F217
:10E6A0005021A818C2F2000180ED000A21EE080AEC
:10E6B00091ED001AB018D9F80C1080ED000A21EE87
:10E6C000080A0AEB020080ED000AC81701EB50703F
:10E6D0006FF0C70101EBE00000EE100AB8EEC00ACF
:10E6E0000BEB02004FF0000A80ED000A63E100BF6F
:10E6F00005F0A8FC09F0E4FF3868B0F5FA6FC0F245
:10E70000F58341F21845C2F20805291D284641F655
:10E710003C72F2F776F943F25830C2F20800011D5C
:10E7200041F63C72F2F76DF944F24460C1F2000028
:10E73000011D41F63C72F2F764F94FF2D840C2F283
:10E740000700011D41F63C72F2F75BF93C4642F2CC
:10E750000477C1F20007391D384641F63C72F2F7E2
:10E7600050F94DF29856C2F20706311D304641F677
:10E770003C72F2F746F946F2147BC1F2000B0BF142
:10E780000401584641F63C72F2F73BF948F2546AEC
:10E79000C1F2000A0AF10401504641F63C72F2F758
:10E7A00030F940F23C20C2F2000090ED000A41F640
:10E7B0003C7240F2302120EE080AA818C2F2000193
:10E7C00091ED001A80ED000A43F25830C2F20800C1
:10E7D00040F2382121EE080A1044C2F2000191ED06
:10E7E000001A80ED000A44F2446040F24021C1F278
:10E7F0000000C2F2000121EE080A104491ED001A57
:10E8000040F2442180ED000A4FF2D840C2F20001EC
:10E8100021EE080AC2F2070091ED001A40F24821E9
:10E820001044C2F2000180ED000A21EE080A91EDC9
:10E83000001A40F25021B818C2F2000180ED000A1F
:10E8400021EE080A91ED001AB018D9F80C1080EDED
:10E85000000A21EE080A0BEB020080ED000AC8173F
:10E8600001EB50706FF0C70101EBE00000EE100A01
:10E87000274640F2507BB8EEC00A0AEB02004CF685
:10E8800048044FF2A075C1F2000B4FF0000AC1F22C
:10E890000004C2F2010580ED000A99F80300002887
:10E8A00040F0B083DAE500BF40F23C21C2F2000143
:10E8B00091ED000A41F21841C2F2080140F2302203
:10E8C00020EE080A01EB8001C2F2000292ED001A6C
:10E8D00081ED000A43F25831C2F2080140F23822B9
:10E8E00021EE080A01EB8001C2F2000292ED001A4B
:10E8F00081ED000A44F24461C1F2000140F240227D
:10E9000021EE080A01EB8001C2F2000292ED001A2A
:10E9100081ED000A4FF2D841C2F2070140F24422D1
:10E9200021EE080A01EB8001C2F2000292ED001A0A
:10E9300081ED000A42F20471C1F2000140F2482266
:10E9400021EE080A01EB8001C2F2000292ED001AEA
:10E9500081ED000A4DF29851C2F2070140F25022B7
:10E9600021EE080A01EB8001C2F2000292ED001ACA
:10E9700081ED000A46F21471C1F20001D9F80C20B1
:10E9800021EE080A01EB800181ED000AD11702EBAC
:10E9900051716FF0C70202EBE10100EE101A48F26C
:10E9A0005461C1F20001B8EEC00A01EB80010130F0
:10E9B00081ED000A386040F65414C1F2000408F0FA
:10E9C000F3FA99F80300C8B30AF0EEFBD9F8200077
:10E9D00089ED0A0A012805D10BF096F999ED0A0A8A
:10E9E000D9F82000B4EE490AF1EE10FA11DB80B933
:10E9F0000120C9F8200040460221002208F084FCD2
:10EA000040460121012208F07FFC99ED0A0AD9F85D
:10EA10002000B4EE4A0AF1EE10FA0FDC01280DD105
:10EA200040460121002208F06FFCC9F820A089F8B7
:10EA300003A00EF0D1FC012089F8040099F805002C
:10EA40004FF0000A0130C1B2042940F29871C1F2BE
:10EA5000000188BF0120096889F805004EF6602092
:10EA6000081A41F64101C0F29301884240F23C206D
:10EA7000C2F2000038BF4FF0010A006889F802A016
:10EA800011F05EF85BEC1B6B32465B4610F060FEEB
:10EA900010F0A0FD40F65011C1F20001086040F2F4
:10EAA0003020C2F20000006811F04AF832465B469E
:10EAB00010F04EFE10F08EFD0746206040F2382028
:10EAC000C2F20000006811F03BF832465B4610F0DD
:10EAD0003FFE10F07FFD40F65811C1F200010860C2
:10EAE00040F24020C2F20000006811F029F83246DE
:10EAF0005B4610F02DFE10F06DFD40F65C11C1F28A
:10EB00000001086040F24420C2F20000006811F0E9
:10EB100017F832465B4610F01BFE10F05BFD40F626
:10EB20006011C1F20001086040F24820C2F200000A
:10EB3000006811F005F832465B4610F009FE10F04F
:10EB400049FD40F66411C1F20001086040F2502016
:10EB5000C2F20000006810F0F3FF32465B4610F08E
:10EB6000F7FD10F037FD40F6681517F12B0FC1F2D5
:10EB70000005286032DA40F63C186FF02B01C1F234
:10EB800000087F2633E000BF69643D25780D0A0048
:10EB9000526573702069643D25780D0A00000000FD
:10EBA00031326C656164205461736B20447261770B
:10EBB0000D0A0000323130302D31332D3332203206
:10EBC000353A36313A3631004445000046470000B8
:10EBD00034350000292A00004849000040F63C185E
:10EBE000862FC1F200084FF07F0601DB86212160ED
:10EBF00010F12B0F80F292806FF02B002860D8F874
:10EC00000000B0F5277F00F39B80BAF1000F00F001
:10EC1000B48040F68411C1F20001B8F80000098800
:10EC20002388421C5A31871C5A3390B289B2BAB237
:10EC30009BB2A2464224009403F058F940F63C10DF
:10EC400040F69811C1F20000C1F200010088098865
:10EC50002B88421CAA31871CAA3390B289B2BAB25F
:10EC600040F63C189BB2C1F200084227009454467B
:10EC700003F03CF9D8F8000041F6807140F6C1720B
:10EC8000C0F2F811CCF2FC0200FB02104FF0010BB5
:10EC90004FEA7000884200F2A18240F63810C1F2BB
:10ECA00000000068B0F5FA6FC0F298820BF010FC1B
:10ECB00040F2B400C2F200000068B0F57A7F06DBD3
:10ECC00040F2B400C2F2000040F2E731016040F2CD
:10ECD0007470C1F2000007804FF42870392140F2AF
:10ECE000EB226B23009604F0A7F940F2D800C2F2A1
:10ECF00000000268B2F57A7FC0F2D6814FF4F0705E
:10ED000000903020CDE9010B01204FF42871392209
:10ED10004FF448730FF64447E5E000BF862809DB4F
:10ED200086202860D8F80000B0F5277F7FF76DAF08
:10ED300006E000BFD8F80000B0F5277F7FF765AF89
:10ED40000020C8F8000001202921022240F23513DA
:10ED5000009603F02BF9B8F8000040F23513811C3F
:10ED6000C21C88B292B22921009603F01FF999F8CB
:10ED700002A0BAF1000F7FF44CAF99F80510D8F853
:10ED80000000022911D8023081B20120552242230D
:10ED900004F0B2F9B8F80000AF22023081B20120CD
:10EDA000422304F0A9F9D8F8000041F6807140F63A
:10EDB000C172C0F2F811CCF2FC0200FB02104FF05D
:10EDC000010B4FEA7000884200F2088240F63810CA
:10EDD000C1F200000068B0F5FA6FC0F2FF8140F2A6
:10EDE0007470C1F20000422101804FF428706B2141
:10EDF0004FF436727D23009604F01EF943F6007737
:10EE0000A2464FF4F07445464FF0100801204FF42D
:10EE100028716B224FF44873C0F602070094CDE9C5
:10EE2000018B039704F0B8F84FF42870392140F2B1
:10EE3000EB226B23009604F0FFF8302043F60877AE
:10EE4000CDE9010B01204FF4287139224FF44873AA
:10EE5000C0F602070094039704F09EF84FF43F7049
:10EE60006B2140F21F327D23009604F0E5F843F653
:10EE7000037701204FF43F716B224FF44873C0F6C3
:10EE800002078DE81009039704F086F84FF4287004
:10EE90007D214FF44872A123009604F0CDF843F68B
:10EEA000277701204FF428717D224FF44873C0F674
:10EEB00002078DE81009039704F06EF8CDF804807E
:10EEC000A84640F6681543F6337700945446C1F2DD
:10EED000000501204FF428718F224FF44873C0F6CB
:10EEE0000207CDF808B0039776E100BF40F23C215D
:10EEF000C2F2000191ED000A41F21841C2F208018C
:10EF000040F2302220EE080A01EB8001C2F200023A
:10EF100092ED001A81ED000A43F25831C2F2080165
:10EF200040F2382221EE080A01EB8001C2F2000211
:10EF300092ED001A81ED000A44F24461C1F2000131
:10EF400040F2402221EE080A01EB8001C2F20002E9
:10EF500092ED001A81ED000A4FF2D841C2F207018A
:10EF600040F2442221EE080A01EB8001C2F20002C5
:10EF700092ED001A81ED000A42F20471C1F2000123
:10EF800040F2482221EE080A01EB8001C2F20002A1
:10EF900092ED001A81ED000A4DF29851C2F207017C
:10EFA00040F2502221EE080A01EB8001C2F2000279
:10EFB00092ED001A81ED000A46F21471C1F20001CF
:10EFC000D9F80C2021EE080A01EB800181ED000A3E
:10EFD000D11702EB51716FF0C70202EBE10100EEB5
:10EFE000101A48F25461C1F20001B8EEC00A01EBF8
:10EFF0008001013081ED000A386099F80300002893
:10F000003FF42CAA0AF0D0F8D9F8200089ED0A0ABA
:10F01000012805D10AF078FE99ED0A0AD9F82000F6
:10F02000B4EE490AF1EE10FA11DB80B90120C9F8FB
:10F03000200040460221002208F066F940460121E6
:10F04000012208F061F999ED0A0AD9F82000B4EE1E
:10F050004A0AF1EE10FA3FF701AA01287FF4FEA94F
:10F0600040460121002208F04FF9C9F820A089F894
:10F0700003A00EF0B1F9012089F80400FFF7EEB902
:10F080004A4B00004E494250000000002D2D2D2F0C
:10F090002D2D206D6D48670053704F320000000029
:10F0A000485200005252000040F6BC14C1F2000465
:10F0B00043F6B7712046C0F60201F1F7DBF94FF4D1
:10F0C000F07000903020CDE9010B01204FF4287141
:10F0D00039224FF448734FF4F077039403F05CFF48
:10F0E0004FF428706B214FF436727D23009603F0A5
:10F0F000A3FF40F2B400C2F20000026820460FF6FF
:10F100003801F1F7B7F90097102701204FF4287163
:10F110006B224FF44873CDE9017B039403F03CFF6D
:10F120004FF43F706B2140F21F327D23009603F0B5
:10F1300083FF40F2C400C2F20000026820460FF6CE
:10F140000001F1F797F94FF4F0708DE88108012084
:10F150004FF43F716B224FF44873039403F01CFF8C
:10F160004FF428707D214FF44872A123009603F0DC
:10F1700063FF40F2C800C2F20000006810F0E0FC3B
:10F1800002460B4620460FF2BC71F1F773F94FF4BB
:10F19000F07601204FF428717D224FF448738DE8FA
:10F1A000C008039403F0F8FE40F2CC00C2F2000065
:10F1B000006810F0C5FC02460B4620460FF2907125
:10F1C000F1F758F98DE8C00801204FF428718F221B
:10F1D0004FF448730394544603F0DEFE206840F673
:10F1E0008411C1F20001086040F65900C1F200002C
:10F1F00000782968002840F69810C1F200000160EC
:10F2000030D040F65800C1F20000007850B3D9F871
:10F210000C0010F00EFA53EC1F2B10F099FA53EC7F
:10F220001E2B0FF08BFF10F0D5F9B8F80010B9F8CD
:10F230003020C9F82C004F1C02F209128E1C00F27B
:10F24000091083B2B8B240F63C1891B2B2B2282786
:10F25000C1F20008009702F049FE40F6BC14C1F26A
:10F26000000411E099F8050040F6BC140228C1F230
:10F27000000409D8B8F8000040F20912023081B247
:10F280000120282303F038FFD9F82C0099F8011049
:10F29000C9F8300081F00100002989F8010040F030
:10F2A0003E81D9F824007F26B0F5277F4FF000007B
:10F2B00013DDC9F82400012040F23711022240F288
:10F2C0007113009602F072FE022040F23711032201
:10F2D00040F27113009602F069FE40F29C70C1F298
:10F2E000000090ED000AB4EE4C0AF1EE10FA19DDC0
:10F2F0001E2099F80210C9F8140099B3B9F8241027
:10F30000B9F834204F1C02F5AA728E1C00F5AA70C1
:10F3100083B2B8B291B2B2B220277F26009702F032
:10F32000E5FD2DE0B4EE4D0AF1EE10FA08DA6FF0CB
:10F330001D0099F80210C9F814000029DED111E06F
:10F3400010EE100A10F0FCFB9FED910B53EC102B0C
:10F3500010F0FEF910F03EF999F80210C9F8140007
:10F360000029CBD199F80500012809D8B9F8240063
:10F3700040F26312023081B20120202303F0BCFE70
:10F38000D9F81400B9F82410C9F83400C81C0431A5
:10F3900080B28AB24FF49B714FF4B973009602F0B9
:10F3A00005FED9F82400D9F81C60471CB6F5FA6FA1
:10F3B000C9F824702EDB45F29824C2F20804211DFE
:10F3C000204641F63C72F1F71CFB47F2D815C2F219
:10F3D0000805291D284641F63C72F1F712FB40F260
:10F3E0009C70C1F200000068D9F8141041F63C721C
:10F3F000A0506FF09F0000EB410000EE100AB8EE45
:10F40000C00AA81840F6BC14C1F2000480ED000A3E
:10F4100025E000BF40F29C7040F63811C1F20000B8
:10F42000C1F200010068096845F29823D9F8142058
:10F43000C2F2080343F821006FF09F0000EB420086
:10F4400000EE100A47F2D810C2F20800B8EEC00A67
:10F4500000EB8100013680ED000AC9F81C604BF614
:10F46000500045F62941C0F21E50CCF28F2107FB17
:10F4700001004AF614614FEAF000C0F2471140F66D
:10F480003C188842C1F2000849D8B6F5FA6F46DB4D
:10F4900099F802002021002840F27470C1F20000A7
:10F4A00001801BD008F0FAFB4FF4287040F247119E
:10F4B00040F21F3240F279137F26009603F0BCFD24
:10F4C00040F2D460C1F20000026843F6B7712046F2
:10F4D000C0F60201F0F7CEFF20460FE04FF428708F
:10F4E00040F2471140F21F3240F279137F26009616
:10F4F00003F0A2FD43F60870C0F602004FF4F0716D
:10F50000009130210191039001204FF4287140F2C5
:10F5100047124FF44873CDF808B003F03DFD99F859
:10F5200004007F2600284BD0002089F8040040F218
:10F530007470C1F20000D021018002204FF4C47128
:10F54000B6224FF4D173009603F076FD40F200002E
:10F55000C1F200000268501C06D020460FF20041A4
:10F56000F0F788FF05E000BF42F62D50C0F22F00F3
:10F57000206040F20400C1F200000368581C0BD068
:10F5800020460FF2E0312246F0F774FF09E000BF99
:10F59000D12A75C83F33D33F2046F5A12246F0F764
:10F5A00069FF4FF4F07000901820CDE9010B0120A5
:10F5B00002214FF4C4724FF44873039403F0ECFC3F
:10F5C0004CF2D445C1F2000528460AF035FEA87970
:10F5D00000F0ECF9D9F81810884200F092804CF253
:10F5E000D445C1F20005A87900F0E0F9C9F8180087
:10F5F0004FF42070142140F21F3224238B270097F0
:10F6000003F01AFD287840F27471C1F20001D02293
:10F610000A8000F0CBF943F60C7102462046C0F692
:10F620000201F0F727FF687800F0C0F96978064614
:10F63000084600F0BBF90346D2A1D0A00A2EB8BFFD
:10F64000014620462246F0F715FFA87800F0AEF9F3
:10F650000A28A878CFA6CDA1B8BF0E4600F0A6F91B
:10F660000346204631462246F0F704FF287900F091
:10F670009DF9474643F619780A28C0F6020828790A
:10F68000464643F6127AC0F6020AB8BF564600F064
:10F690008DF90346204631462246F0F7EBFE6879A5
:10F6A00000F084F90A2868794646B846B8BF56463D
:10F6B00000F07CF90346204631462246F0F7DAFE98
:10F6C000A87900F073F90A28A879B6A6B3A1B8BF43
:10F6D0000E4600F06BF903462046314622467F264F
:10F6E000F0F7C8FE4FF4F07000901020CDE9010B48
:10F6F00001204FF4207114224FF44873039403F057
:10F700004BFCB8F8000040F23513C11C021D88B252
:10F7100092B22921009602F049FC40F2747A43F635
:10F720009674C1F2000A42264FF001084FF4F07BB4
:10F7300010270120022128224FF44873C0F602044A
:10F74000AAF80060CDF800B0CDE90178039403F089
:10F7500023FC43F63D740120022182224FF44873BA
:10F76000C0F60204CDE900B7CDF80880039403F099
:10F7700013FC43F65274282501200221DC224FF4A9
:10F780004873C0F60204AAF80050CDE900B7CDF8DE
:10F790000880039403F000FC2020AAF80000012058
:10F7A000CDE9017043F6227702214FF49B724FF4AA
:10F7B0004873C0F60207CDF800B0039703F0ECFBE6
:10F7C0001420412115226923009602F0EFFB14203A
:10F7D0009B211522C323009602F0E8FB40F29E20F5
:10F7E000292140F29E2240F2DF138B27009702F07E
:10F7F0007DFBB9F94800D9F84010AAF80050B9F9D2
:10F800004A2041F2000840F2507B4FF2A0754CF6BE
:10F8100048048142C4F20208C1F2000BC2F20105A1
:10F82000C1F20004C9E90E022ED04FF42870ED2178
:10F8300040F2EB2240F21F137F27009703F0FCFBFE
:10F84000D9F83820501C0BD040F6BC16C1F2000687
:10F8500043F6B7713046C0F60201F0F70BFE03E045
:10F8600043F60876C0F602064FF4F071009130219D
:10F87000019101204FF42871ED224FF448730127C4
:10F880000396029703F088FBD9F81000D9F83C10D2
:10F89000814230D04FF4287040F21F114FF43C7277
:10F8A00040F231137F27009703F0C6FBD9F83C20C4
:10F8B000501C0BD040F6BC16C1F2000643F6F061B6
:10F8C0003046C0F60201F0F7D5FD03E043F6F866D6
:10F8D000C0F602064FF4F071009110210191012051
:10F8E0004FF4287140F21F124FF44873012703961A
:10F8F000029703F051FBD9E90E0140F63C12C1F228
:10F900000002C9F84000106840F6381701304FF087
:10F91000000AC1F20007C9F810101060C9F808A069
:10F92000FEF79CBD00213046297004B0BDEC108B61
:10F9300001B0BDE8F08F00BF5154633A2564000068
:10F940003A25640052563A252E3366206D56000043
:10F9500053563A252E3366206D560000393939004A
:10F9600025642F0025732564206D6D486700000015
:10F9700025732D2D206D6D486700000025733025FF
:10F98000642D0000257325642D00000025733025AB
:10F9900064200000257325642000000025733025B5
:10F9A0006400000025732564000000000128BCBF2E
:10F9B00000207047B0B50146002001224FF0640ED0
:10F9C0004FF47A7C42F210730AE000BF04F00F0497
:10F9D000544304FB0C00090C03FB02F208BFB0BD4A
:10F9E00001F00F0402FB04000C0910D004F00F0416
:10F9F000544304EB84050C0A00EB45001FBF04F0E0
:10FA00000F04544304FB0E005FEA1134DED1B0BD95
:10FA1000FEE70000000000002DE9F04F87B040F63F
:10FA20005800C1F20000418E828E40F294251144AC
:10FA3000C2F200054FEA510AE9892A89E980D5F81E
:10FA40000A102A80EA8AC5F80210298A0492EA81FB
:10FA5000AA8A06912981698A0592AA8103916981FE
:10FA6000C18D028E438D848D891A4FF47A72514371
:10FA70001F1B91FBF7F607FB02F1E2184EF660241C
:10FA80005208B5F81EB0B5F81890B5F81C80B5F856
:10FA90001AC091FBF2F1B4FBFAF20FFA86FEBEF542
:10FAA0000C7FA5F816B0A5F81090A5F81480A5F85D
:10FAB00012C02A836E83E98324DDBEF5167F23D925
:10FAC00040F277239E4521D340F28B239E451FD3DE
:10FAD000BEF52A7F1ED940F2C7239E451CD3BEF532
:10FAE000397F1BD9BEF53E7F1AD940F217339E45A8
:10FAF00018D3BEF54D7F17D95A23BEF5577F88BF5F
:10FB0000592312E0642310E063230EE062230CE02B
:10FB100061230AE0602308E05F2306E05E2304E03F
:10FB20005D2302E05C2300E05B23AB83069DA245DE
:10FB300003D8B9F1000F25D065B30FFA8CF7039EF7
:10FB4000BF1007EB6E0736B207EBA6060FFA88F771
:10FB5000BF1007EB5303059F0FFA8BF409B2A410F3
:10FB60003FB204EB6101049C03EBA7030FFA89F792
:10FB700012B2BF1024B207EB62022FB201EBA40154
:10FB800002EBA70201858684C3845C2B42841DDAC4
:10FB900002271EE00FFA8CF77F1007EB6E060FFAB4
:10FBA00088F70FFA8BF47F1009B2641007EB530348
:10FBB0000FFA89F704EB610112B27F100185868488
:10FBC000C38407EB62025C2B4284E1DB5E2B02D82C
:10FBD00001273B44C3840FB2012F01DC053110E043
:10FBE0008FB2032F02D841F004010AE0052F01D89B
:10FBF000033106E0072F01D8023102E0092F01D8B6
:10FC0000013101859FB2642F04BF6323C38408B20E
:10FC100014B21DB20FF00DFD9FED0B0B53EC102B2A
:10FC20000FF096FD41EC100B30B2029008A10020BD
:10FC300022462B468DED000B03F0E0FC07B0BDE83B
:10FC4000F08F00BF00BF00BF9A9999999999B93F69
:10FC50004852EFBC9A253364202053704F32EFBCDA
:10FC60009A253364252520205049EFBC9A25322E51
:10FC700031662525202052EFBC9A25640D0A00002C
:10FC8000FEE7000070B54FF4804007F0EBF8012864
:10FC900018BF70BD41F20004C4F2020420464FF4C4
:10FCA000804107F037FB40F26C75C1F2000558B98E
:10FCB000288848B9012620464FF400412E6007F0FD
:10FCC00029FB012808BF6E8020464FF4804107F0D1
:10FCD00021FB012812D1288801280FD16888002132
:10FCE0000128298009D120464FF4004107F012FB7A
:10FCF00010B9A8880130A880688828B14FF48040E6
:10FD0000BDE8704007F0A8B820464FF4004107F066
:10FD100001FB0128F2D1A8880138A8804FF4804067
:10FD2000BDE8704007F098B8B0B5102007F09AF819
:10FD3000012818BFB0BD40F60005C4F202052846F0
:10FD4000102107F0E7FA012814D107F095F80446CE
:10FD50000AF0D8F92DA1DFE804F01C4E072D234747
:10FD6000492F4D2B4B21250044F21B01C0F6020107
:10FD700041E000BF0A2006F0F1FF07F07DF80446DD
:10FD80000AF0C0F914B10A2006F0E8FF0A2006F0D4
:10FD9000E5FF1020BDE8B04007F05EB81EA12AE0E4
:10FDA0003DA128E044F22501C0F6020123E000BF96
:10FDB00023A120E03BA11EE040F23C04C2F200047B
:10FDC000227828A1002003F019FC22784FF400517A
:10FDD00082F00100207005F5806007F095FA102090
:10FDE000BDE8B04007F038B828A104E024A102E043
:10FDF0000EA100E017A1002003F000FC204608F04F
:10FE000019F91020BDE8B04007F026B84B657920FD
:10FE10002D20410D0A0000004B6579202D20456EF4
:10FE200065726779203230304A0D0A004B657920BF
:10FE30002D20456E65726779203135304A0D0A00F4
:10FE40004B6579202D20456E657267792035304AE3
:10FE50000D0A00004B6579202D20436861726765AB
:10FE60000D0A00004B6579202D2053637265656E85
:10FE7000546F67676C652C7363723D25640D0A00CF
:10FE80004B6579202D20460D0A0000004B65792036
:10FE90002D20450D0A0000004B6579202D20440DD2
:10FEA0000A0000004B6579202D20430D0A00000058
:10FEB00080B54FF4007006F0D5FF012818BF80BD53
:10FEC0004FF40070BDE8804006F0C6BF10B542F2A6
:10FED0000004C4F201042046012106F05FFE00BFC9
:10FEE0002046022106F0ECFD0028F9D02046BDE8AE
:10FEF000104006F04FBE000040F65802C1F200026A
:10FF0000518C29B1B2F828C0938CD28C08E000BF84
:10FF10004FF6FF7C4FF6FF714FF6FF734FF6FF72FF
:10FF2000A0F806C0018043808280704710B540F67B
:10FF3000580EC1F2000E40F2100CDEF83800C2F28A
:10FF4000000C40F2E732DCF80830411C9042CEF859
:10FF5000381018DBA3F59672DEF83C3000204FF421
:10FF60007A71CEF8402003F596724FF6FF73CEF803
:10FF70003800CEF84400CEE91A00CCE90232CCF8C1
:10FF80001010CEF83C00BEF81E20B2F5FA6F03D96F
:10FF90009342C8BFCCF808204EF65F20824205D8B5
:10FFA000DEF83C009042B8BFCEF83C20DEF84010AE
:10FFB000DCF80C008A42A8BF904205DA0023C3F6A1
:10FFC000F0730024CEE91A43541A4FF47A7348BFF1
:10FFD000002313D4904211DB401A4FF47A7161432D
:10FFE00091FBF0F3DCF810008342B8BFCCF810307E
:10FFF000DEF844008342C8BFCEF8443098B210BD4A
:020000040801F1
:1000000040F23870C1F20000D0E9040170470000EE
:100010002DE9F04F81B040F658084EF68F0EC1F230
:1000200000084FF0000B002800F0A8804BF2701978
:10003000C2F20809B9F8001043F6992A40F21E3CB2
:1000400000240F460E46A8F816B00CE039468FB2D1
:10005000BE4298BF3E46BA420BF10E0B38BF174660
:10006000E34500F0338109EB0B056A88A2EB0A0334
:100070009BB2734506D2082C698001F24383013498
:1000800001E000BF1146B6B28BB29E4298BF1E4639
:10009000AA88BFB29F4238BF3B46A2EB0A07BFB255
:1000A000774505D2082CA98001F22C83013400E0A9
:1000B00011468FB2BE4298BF3E46EA88BB4238BF67
:1000C0001F46A2EB0A039BB2734505D2082CE980B8
:1000D00001F21883013400E011468BB29E4298BFB2
:1000E0001E462A899F4238BF3B46A2EB0A07BFB291
:1000F000774505D2082C298101F20483013400E000
:1001000011468FB2BE4298BF3E466A89BB4238BF95
:100110001F46A2EB0A039BB2734505D2082C6981E6
:1001200001F2F082013400E011468BB29E4298BF8A
:100130001E46AA899F4238BF3B46A2EB0A07BFB2C0
:10014000774505D2082CA98101F2DC82013400E058
:1001500011468AB2964298BF1646EF89934238BF3D
:100160001A46A7EB0A039BB27345BFF46FAF082C86
:10017000E98101F2C782013469E700BF4CF22859D6
:10018000C1F20009B9F8001043F6992A40F21E3C6A
:1001900000240F460E46A8F814B00CE039468FB282
:1001A000BE4298BF3E46BA420BF10E0B38BF17460F
:1001B000E34500F01F8109EB0B056A88A2EB0A03F7
:1001C0009BB2734506D2082C698001F29B820134F0
:1001D00001E000BF1146B6B28BB29E4298BF1E46E8
:1001E000AA88BFB29F4238BF3B46A2EB0A07BFB204
:1001F000774505D2082CA98001F28482013400E001
:1002000011468FB2BE4298BF3E46EA88BB4238BF15
:100210001F46A2EB0A039BB2734505D2082CE98066
:1002200001F27082013400E011468BB29E4298BF09
:100230001E462A899F4238BF3B46A2EB0A07BFB23F
:10024000774505D2082C298101F25C82013400E057
:1002500011468FB2BE4298BF3E466A89BB4238BF44
:100260001F46A2EB0A039BB2734505D2082C698195
:1002700001F24882013400E011468BB29E4298BFE1
:100280001E46AA899F4238BF3B46A2EB0A07BFB26F
:10029000774505D2082CA98101F23482013400E0AF
:1002A00011468AB2964298BF1646EF89934238BFEC
:1002B0001A46A7EB0A039BB27345BFF46FAF082C35
:1002C000E98101F21F82013469E700BFF11B009050
:1002D00008460FF0AEF99FEDC20B044653EC102B0D
:1002E0000D460FF035FA0FF075F99FEDBF0B07EBD8
:1002F000000B53EC102B204629460FF029FA0FF083
:1003000069F907EB000A09F130004FF0000C0146D3
:1003100031F8302C1FFA8BF5AA4200F2718109EBFB
:100320004C077A88AA4200F2F780BA88AA4200F203
:10033000F780FA88AA4200F2F7803A89AA4200F2CE
:10034000F7807A89AA4200F2F780BA89AA4200F2BD
:10035000F780FA89AA4200F2F7803A8AAA4200F2AC
:10036000F7807A8AAA4200F2F780BA8AAA4200F29B
:10037000F780FA8AAA4200F2F7803A8BAA4200F28A
:10038000F7807A8BAA4200F2F780BA8BAA4200F279
:10039000F780FA8BAA4200F2F7803A8CAA4200F268
:1003A000F7807A8CAA4200F2F780BA8CAA4200F257
:1003B000F980FA8CAA4200F2FB803A8DAA4200F240
:1003C000FD807A8DAA4200F2FF80BA8DAA4200F227
:1003D0000181FA8DAA4200F20B810A88AA4200F23A
:1003E0000D810CF1190CBCF5C87F01F132018FD1E0
:1003F00071E100BFF11B009008460FF01AF99FED64
:10040000780B044653EC102B0D460FF0A1F90FF0BA
:10041000E1F89FED750B07EB000B53EC102B20461A
:1004200029460FF095F90FF0D5F809F1300C07EBDC
:10043000000A0021604630F8302C1FFA8BF5AA42E2
:1004400000F25B8209EB41077A88AA4200F2A88099
:10045000BA88AA4200F2AA80FA88AA4200F2AC80C6
:100460003A89AA4200F2AE807A89AA4200F2B080AC
:10047000BA89AA4200F2B280FA89AA4200F2BC808C
:100480003A8AAA4200F218827A8AAA4200F21682B6
:10049000BA8AAA4200F21482FA8AAA4200F21282AE
:1004A0003A8BAA4200F210827A8BAA4200F20E82A4
:1004B000BA8BAA4200F20C82FA8BAA4200F20A829C
:1004C0003A8CAA4200F208827A8CAA4200F2068292
:1004D000BA8CAA4200F20482FA8CAA4200F202828A
:1004E0003A8DAA4200F200827A8DAA4200F2FE8181
:1004F000BA8DAA4200F2FC81FA8DAA4200F2FA817A
:100500000288AA4200F2F8811931B1F5C87F00F1E2
:10051000320090D154E200BF0CF1010C70E000BF3A
:100520000CF1020C6CE000BF0CF1030C68E000BFA2
:100530000CF1040C64E000BF0CF1050C60E000BF9E
:100540000CF1060C5CE000BF0CF1070C58E000BF9A
:100550000CF1080C54E000BF0CF1090C50E000BF96
:100560000CF10A0C4CE000BF0CF10B0C48E000BF92
:100570000CF10C0C44E000BF0CF10D0C40E000BF8E
:100580000CF10E0C3CE000BF0CF10F0C38E000BF8A
:100590000CF1100C34E000BF0CF1110C30E000BF86
:1005A0000131AAE10CF1120C2AE000BF0231A4E1F2
:1005B0000CF1130C24E000BF03319EE10CF1140C8C
:1005C0001EE000BF043198E10CF1150C18E000BFEB
:1005D000053192E10CF1160C12E000BF06318CE1FE
:1005E0009A9999999999D93F333333333333E33F08
:1005F0000CF1170C04E000BF07317EE10CF1180C80
:100600001FFA8CF10909182965D84BF2904B002785
:100610004FF0040EC2F2080B1FFA8CFC6146BCF5C9
:10062000C87F0EEB4C0638BF40F28F114A1C39F8D8
:100630001C10A94227D30CF1010399B294B28C4249
:1006400049D009EB4C014988A9421BD30CF10203A4
:1006500099B28C423FD039F80610A94212D30CF15E
:10066000030399B28C4236D009EB06014988A942AE
:1006700008D30CF1040C1FFA8CF18C4206F1080629
:10068000D5D128E09C461FFA8CF30BEB87021B099F
:10069000182B22F8021F2BF827C01CD839F81C3061
:1006A000AB420DD88CB29C4282BF2BF827C013807E
:1006B0001946BCF5C77F0CF1010CEFD90BE000BF68
:1006C0001FFA8CF21209791C182A88F8161002D821
:1006D0000F2F0F46A0D300261FFA8AF230F8301CE5
:1006E0009142C0F0808009EB46014B8893424BD386
:1006F0008B8893424AD3CB88934249D30B89934248
:1007000048D34B89934247D38B89934246D3CB89B5
:10071000934245D30B8A934244D34B8A934243D3AB
:100720008B8A934242D3CB8A934241D30B8B934221
:1007300040D34B8B93423FD38B8B93423ED3CB8B97
:1007400093423DD30B8C93423CD34B8C93423BD38F
:100750008B8C93423AD3CB8C934239D30B8D9342FB
:1007600038D34B8D934237D38B8D934236D3C98D7B
:10077000914235D30188914234D31936B6F5C87FFA
:1007800000F13200AAD105E201362CE002362AE05F
:10079000033628E0043626E0053624E0063622E05B
:1007A000073620E008361EE009361CE00A361AE05B
:1007B0000B3618E00C3616E00D3614E00E3612E05B
:1007C0000F3610E010360EE011360CE012360AE05B
:1007D000133608E0143606E0153604E0163602E05B
:1007E000173600E01836B0B20009182800F2D2819E
:1007F0004CF2E84C00204FF0040EC1F2000CB6B2EF
:100800003146B6F5C87F0EEB460538BF40F28F1172
:100810004C1C39F81610914225D8731C99B2A7B216
:100820008F4200F0B78109EB46014988914219D8FF
:10083000B31C99B28F4200F0AD8139F80510914296
:1008400010D8F31C99B28F4200F0A48109EB050186
:100850004988914206D80436B1B28F4205F10805A5
:10086000D7D197E11E46B3B20CEB80051B09182BBC
:1008700025F8021F2CF8206000F28C8139F8163020
:1008800093420DD38CB29C423EBF2CF820602B804B
:100890001946B6F5C77F06F10106EFD97AE100BF28
:1008A000B3B21B09411C182B88F8171000F2728193
:1008B0000F280846A3D36DE108311EE009311CE082
:1008C0000A311AE00B3118E00C3116E00D3114E05A
:1008D0000E3112E00F3110E010310EE011310CE05A
:1008E00012310AE0133108E0143106E0153104E05A
:1008F000163102E0173100E0183188B200091828DB
:100900005ED84BF2D04B00274FF0040EC2F2080B1A
:1009100089B20846B1F5C87F0EEB410638BF40F2F8
:100920008F10421C39F81100A84222D34B1C98B2F8
:1009300094B2844244D009EB41004088A84217D3C6
:100940008B1C98B284423BD039F80600A8420FD3E2
:10095000CB1C98B2844233D009EB06004088A842F1
:1009600006D3043188B2844206F10806DAD127E0C2
:1009700019468BB20BEB87021B09182B22F8020FCA
:100980002BF827101CD800BF39F81130AB420DD816
:1009900084B29C4282BF2BF8271013801846B1F511
:1009A000C77F01F10101EFD90AE000BF8AB2120945
:1009B000781C182A88F8140002D80F2F0746A7D3EE
:1009C00000271FFA8AF23CF8300C9042C0F0818078
:1009D00009EB4700418891424CD3818891424BD327
:1009E000C18891424AD30189914249D341899142B8
:1009F00048D38189914247D3C189914246D3018A24
:100A0000914245D3418A914244D3818A914243D352
:100A1000C18A914242D3018B914241D3418B914291
:100A200040D3818B91423FD3C18B91423ED3018C05
:100A300091423DD3418C91423CD3818C91423BD336
:100A4000C18C91423AD3018D914239D3418D91426B
:100A500038D3818D914237D3C08D904236D3BCF8C4
:100A60000000904234D31937B7F5C87F0CF1320C2F
:100A7000A9D18FE001372CE002372AE0033728E0C4
:100A8000043726E0053724E0063722E0073720E068
:100A900008371EE009371CE00A371AE00B3718E068
:100AA0000C3716E00D3714E00E3712E00F3710E068
:100AB00010370EE011370CE012370AE0133708E068
:100AC000143706E0153704E0163702E0173700E068
:100AD0001837B8B2000918285CD840F2942E0020CC
:100AE0004FF0040CC2F2000EBFB23946B7F5C87F12
:100AF0000CEB470538BF40F28F114C1C39F817102A
:100B0000914222D87B1C99B2A6B28E4242D009EB08
:100B100047014988914217D8BB1C99B28E4239D0FF
:100B200039F8051091420FD8FB1C99B28E4231D092
:100B300009EB05014988914206D80437B9B28E42C3
:100B400005F10805DAD125E01F46BBB20EEB8004A3
:100B500025461B0925F8221F182B25F8027C19D8D9
:100B600039F8173093420BD38EB29E423EBF278492
:100B70002B801946B7F5C77F07F10107F0D909E0C7
:100B8000BBB21B09411C182B88F8151002D80F287E
:100B90000846A9D30098002800F0CA8040F6580EF5
:100BA000C1F2000E9EF816B0BBF1030FC0F0AA858B
:100BB0009EF817A0BAF1030FC0F0A4854CF2E849E3
:100BC0004BF29042C1F20009C2F20802B9F800C02B
:100BD0001088844580F0828100214FF0FF384FF06B
:100BE000000C08E0AAF1010A8EF817A05FFA8CF158
:100BF0000A2980F0E58358FA8AF088425FFA8BF080
:100C000040F334825FFA8CF6864280F02F824C1CCF
:100C100039F8247032F82150AF421DD932F82450EF
:100C2000AF422BD3431E8B4228D0AF4214D9ABEB3B
:100C30000C0111F0030751D0711C52F82130012F23
:100C400042F8263051D0B41C52F82430022F42F81A
:100C5000213045D1214648E05FFA8AF08442C1D272
:100C6000CB43534413F0030719D08E1C59F8263098
:100C7000012F49F8243005D1344610E00CF1010C65
:100C8000B4E700BFCC1C59F82430022F49F82630B5
:100C900005D00B1D59F8235049F824501C46411A21
:100CA000023903299ED309EB8401001B123100BFD6
:100CB00051F80E3C51F80A4C51F8065C51F8026CA0
:100CC00041F8123C41F80E4C41F80A5C41F8066CC0
:100CD000043801F11001EBD184E700BF314604E094
:100CE000F11C52F8213042F82430331A13F1040F6A
:100CF00018D8401A02EB8101123100BF51F80E3CA6
:100D000051F80A4C51F8065C51F8026C41F8123C5B
:100D100041F80E4C41F80A5C41F8066C043801F1C8
:100D20001001EBD1ABF1010B8EF816B05EE700BFFE
:100D300040F65800C1F2000090F814E0BEF1030F35
:100D4000C0F0E08490F815A0BAF1030FC0F0DA8487
:100D500040F294294BF2D042C2F20009C2F20802DA
:100D6000B9F820C01088844580F0208100214FF020
:100D7000FF384FF0000B0CE040F65800AAF1010AD2
:100D8000C1F2000080F815A05FFA8BF10A2980F00B
:100D9000178358FA8AF088425FFA8EF040F32C826B
:100DA0005FFA8BF6864280F027824C1C09EB8407A1
:100DB0003F8C32F82150AF421ED932F82450AF4256
:100DC0002ED3431E8B422BD0AF4215D9AEEB0B0175
:100DD00011F0030754D0711C52F82130012F42F852
:100DE000263054D0B51C52F82530022F42F821305D
:100DF00048D129464BE000BF5FFA8AF08442BBD25B
:100E0000CB43534413F003071BD08D1C09F120067C
:100E100056F82530012F46F8243005D12C4610E035
:100E20000BF1010BB0E700BFCC1C56F82430022FA9
:100E300046F8253005D00B1D56F8237046F824706F
:100E40001C46411A0239032996D309EB8401001B81
:100E5000323100BF51F80E3C51F80A7C51F8066C53
:100E600051F8025C41F8123C41F80E7C41F80A6CE2
:100E700041F8065C043801F11001EBD17CE700BFBA
:100E8000314604E0F11C52F8213042F82530331A83
:100E900013F1040F18D8401A02EB8101123100BF80
:100EA00051F80E3C51F80A7C51F8066C51F8025C7E
:100EB00041F8123C41F80E7C41F80A6C41F8065C9E
:100EC000043801F11001EBD140F65800AEF1010EEB
:100ED000C1F2000080F814E056E700BF908860453A
:100EE00080F0D0804FF0FF3606E000BF908860456C
:100EF000ABF1010B80F0C4805FFA8BF7022FF6D3C1
:100F0000B81E032856FA8BF806D20025002018F0E8
:100F1000030432D1EAE700BFF14628F00306A2F14C
:100F2000100500206B6940F0030145F8103F40F0C8
:100F300001039BB202EB83077F6889B242F82370FA
:100F400040F002039BB202EB830702EB810E7F6845
:100F5000DEF80440043E00F1040042F8237042F839
:100F60002140DFD1CE464CF2E84985B2C1F20009FA
:100F70004FF0FF3618F00304B8D002EB8501496842
:100F8000012C42F82510B1D0411C89B202EB81033B
:100F90005B68022C42F82130A8D0023080B202EB0C
:100FA0008001496842F82010A0E700BF90886045A2
:100FB00080F038814FF0FF3806E000BF9088604530
:100FC000AEF1010E80F028815FFA8EF7022FF6D382
:100FD000B81E032858FA8EFB06D2002500201BF00D
:100FE00003042AD1EAE700BF2BF00306A2F11005A3
:100FF000002000BF6B6940F0030145F8103F40F04E
:1010000001039BB202EB83077F6889B242F8237029
:1010100040F002039BB202EB830702EB81047F687E
:101020006468043E00F1040042F8237042F8214055
:10103000E0D185B21BF00304C0D002EB8501496802
:10104000012C42F82510B9D0411C89B202EB810372
:101050005B68022C42F82130B0D0023080B202EB43
:101060008001496842F82010A8E700BF0138884293
:1010700040F3A68102EB8100808822F82100B8E0CD
:101080008EF816B001264FF0010C5FFA8AF45FFA71
:101090008CF1A1425FFA8BF038BF814280F0A080D2
:1010A00039F8267032F826309F421FD902EB8603AA
:1010B0009D88AF4230D3431EB3422DD0AF4215D9E5
:1010C000ABEB0C0313F003075CD04C1C52F824303C
:1010D000012F42F821305CD08E1C52F82630022FAE
:1010E00042F8243050D1344653E000BFAAEB0C0044
:1010F00010F0030718D0481C59F82030012F49F888
:10110000213018D08E1C59F82630022F49F8203093
:101110000CD130460FE000BF0CF1010C5FFA8CF6E9
:101120000A2EB2D34CE100BF084604E0C81C59F8AF
:10113000203049F82630091B11F1040F18D8211A64
:1011400009EB8000123000BF50F80E3C50F80A7CCA
:1011500050F8066C50F8025C40F8123C40F80E7CE7
:1011600040F80A6C40F8065C043900F11000EBD13D
:10117000AAF1010A8EF817A05FFA8CF60A2EFFF486
:1011800084AF1DE10C4604E0CC1C52F8243042F838
:101190002630091A11F1040F17D802EB8401001B45
:1011A000123151F80E3C51F80A7C51F8066C51F896
:1011B000025C41F8123C41F80E7C41F80A6C41F89F
:1011C000065C043801F11001EBD1ABF1010B8EF894
:1011D00016B05FFA8CF60A2EFFF457AFF0E000BFAE
:1011E0000138B04240F3EC8002EB8600808822F8A0
:1011F00026008EF816C0E3E00138884240F3E08014
:1012000002EB8100808822F8210040F65800C1F2EC
:10121000000080F814B0D3E040F65800C1F200009E
:1012200080F814E001264FF0010C5FFA8AF45FFAAF
:101230008CF1A1425FFA8EF038BF814280F0B2801B
:1012400009EB86031F8C32F826309F4222D902EB2D
:1012500086039D88AF4239D3431EB34236D0AF4296
:1012600018D9AEEB0C0313F0030769D04C1C52F8ED
:10127000243040F65808012FC1F2000842F821300E
:1012800069D08E1C52F82630022F42F824305DD1EE
:10129000344660E0AAEB0C0010F003071ED0481C97
:1012A00009F1200656F8203040F65808012FC1F207
:1012B000000846F821301CD08D1C56F82530022F2E
:1012C00046F8203010D1284613E000BF0CF1010C85
:1012D0005FFA8CF60A2EA8D372E000BF40F65808D9
:1012E0000846C1F2000804E0C81C56F8203046F851
:1012F0002530091B11F1040F17D8211A09EB8000C2
:10130000323050F80E3C50F80A4C50F8065C50F859
:10131000026C40F8123C40F80E4C40F80A5C40F871
:10132000066C043900F11000EBD1AAF1010A88F82B
:1013300015A05FFA8CF60A2EFFF477AF40E000BFED
:1013400040F658080C46C1F2000804E0CC1C52F8E4
:10135000243042F82630091A11F1040F17D802EB95
:101360008401001B123151F80E3C51F80A4C51F81F
:10137000065C51F8026C41F8123C41F80E4C41F801
:101380000A5C41F8066C043801F11001EBD1AEF1B2
:10139000010E88F814E05FFA8CF60A2EFFF445AFD0
:1013A0000EE000BF0138B0420ADD02EB8600808803
:1013B00022F8260040F65800C1F2000080F814C060
:1013C0000098012818D140F65808C1F2000898F892
:1013D00016A0BAF1020FC0F0958198F81700022804
:1013E000C0F09081A0F10109B9F1030F00F0030CE6
:1013F00020D20023002237E040F65809C1F200094C
:1014000099F814B0BBF1020FC0F07C8199F8151067
:101410000229C0F07781A1F1010A40F2942001F085
:10142000030CBAF1030FC2F2000041D200270023DF
:101430004FE000BF4CF2E842C1F20002A2F11003FB
:1014400000F0FC0256420027002200BF5C8AD98AC5
:10145000224411445A8BDC8B1144043F0A19BE42CA
:1014600003F11003F2D17B42BCF1000F11D04CF21A
:10147000E841C1F2000101EB83035988BCF1010F7F
:101480000A4406D0D988BCF1020F0A441CBF59890E
:101490000A44B2FBF0F0BAF1000FA8F82A003DD0E0
:1014A000BAF1040F0AF0030040D20022002157E0F5
:1014B00001F0FC060027002300EB8704628C658D99
:1014C0001A44E38C04371A44E38D2A44BE42134481
:1014D000F2D1BCF1000F0DD000EB87077A8CBCF184
:1014E000010F134406D0FA8CBCF1020F13441CBF49
:1014F0007A8D1344B3FBF1F14BF2D048BBF1000FEE
:10150000C2F20808A9F82E100CD0BBF1040F0BF0A2
:10151000030280F083800023002195E04FF0000A51
:1015200000212EE04FF0000B00219AE04BF2904199
:10153000C2F20801A1F110020AF0FC014F4200239F
:10154000002100BF568AD48A3144568B2144D48B63
:101550003144043B21449F4202F11002F2D15A422D
:1015600078B14BF29043C2F2080303EB8202538836
:101570000128194405D0D388022819441CBF50897A
:1015800001444CF2E84708F15806C1F200074DCE7D
:1015900037F829403D881F1AA4EB0503A7FB030574
:1015A0009641DA1707FB0252B1FBFAF506FB03215D
:1015B0004FF4C8720023A8F82C50EEF7E3FE4FEA70
:1015C000E9734A46EEF7DEFE4BF29041AAF10104C0
:1015D000C2F2080131F824200988511AA7FB01231F
:1015E000CD1707FB0533054606FB013110464FF4C6
:1015F000C8720023EEF7C6FEE3172246EEF7C2FEDE
:10160000284481B298F813004908A8F8321018B19C
:1016100002286CD076E000BF01206EE00BF0FC01E8
:10162000A8F110034E420027002100BF5D8ADC8A2A
:1016300029445D8B2144DC8B2944043F2144BE4274
:1016400003F11003F2D17B425AB108EB83035F88A8
:10165000012A394405D0DF88022A39441CBF5A893F
:10166000114430F8206F09F148078CCF30F82A0078
:10167000D9F85450BF1AA0EB0602A7FB020465EB91
:101680000306D31707FB0343B1FBFBF506FB02314F
:101690004FF4C8720023A9F83050EEF773FE4FEAFA
:1016A000EA735246EEF76EFEABF1010438F82410EF
:1016B000B8F80020891AA7FB0123CD1707FB0533D3
:1016C000054606FB013110464FF4C8720023EEF7C1
:1016D00059FEE3172246EEF755FE284481B299F8E9
:1016E00013004908A9F8341030B101280AD1FEF7D7
:1016F00093F9002001E000BF022040F65801C1F23A
:101700000001C87401B0BDE8F08F0000FEE70000E2
:10171000B0EE401A90ED020A90ED032A90ED043AE3
:1017200030EE010A30EE420A40F2980120EE030A40
:10173000C2F2000181ED010A80ED020A80ED031A78
:101740007047000070B541F20044C4F20204204624
:1017500000210122012305F0E3FD204602210022A1
:1017600005F0D2FD052005F01BFB204602210122D9
:1017700005F0CAFD052005F013FB2046012105F008
:10178000C9FD0546002820464FF002014FF0000237
:1017900018BF012505F0B8FD052005F001FB204626
:1017A0000221012205F0B0FD052005F0F9FA2046DE
:1017B000012105F0AFFD002818BF012040EA4506D1
:1017C00020460221002205F09FFD052005F0E8FAE1
:1017D00020460221012205F097FD052005F0E0FAE0
:1017E0002046012105F096FD0546002820464FF0D1
:1017F00002014FF0000218BF012505F085FD05200C
:1018000005F0CEFA20460221012205F07DFD0520DB
:1018100005F0C6FAB00040EA45052046012105F072
:1018200079FD002818BF01202E1820460221002231
:1018300005F06AFD052005F0B3FA204602210122D9
:1018400005F062FD052005F0ABFA2046012105F008
:1018500061FD0546002820464FF002014FF00002CE
:1018600018BF012505F050FD052005F099FA204626
:101870000221012205F048FD052005F091FAB00093
:1018800040EA45052046012105F044FD002818BF27
:1018900001202E1820460221002205F035FD0520EA
:1018A00005F07EFA20460221012205F02DFD0520DB
:1018B00005F076FA2046012105F02CFD05460028AA
:1018C00020464FF002014FF0000218BF012505F03D
:1018D0001BFD052005F064FA20460221012205F0D7
:1018E00013FD052005F05CFAB00040EA45052046EE
:1018F000012105F00FFD002818BF012005442046F6
:101900000221002205F000FDE8B270BDB0B541F241
:101910000044C4F2020405462046012101220123AD
:1019200005F0FEFC20460221002205F0EDFCEA094C
:101930002046012105F0E8FC012005F031FA20469F
:101940000221012205F0E0FC052005F029FA2046DD
:101950000221002205F0D8FC052005F021FAC5F38C
:1019600080122046012105F0CFFC012005F018FA75
:1019700020460221012205F0C7FC052005F010FADF
:1019800020460221002205F0BFFC052005F008FAE0
:10199000C5F340122046012105F0B6FC012005F0F8
:1019A000FFF920460221012205F0AEFC052005F0DA
:1019B000F7F920460221002205F0A6FC052005F0DB
:1019C000EFF9C5F300122046012105F09DFC01202E
:1019D00005F0E6F920460221012205F095FC0520DC
:1019E00005F0DEF920460221002205F08DFC0520DD
:1019F00005F0D6F9C5F3C0022046012105F084FCAC
:101A0000012005F0CDF920460221012205F07CFCE1
:101A1000052005F0C5F920460221002205F074FCDE
:101A2000052005F0BDF9C5F380022046012105F02F
:101A30006BFC012005F0B4F920460221012205F0DB
:101A400063FC052005F0ACF920460221002205F0D8
:101A50005BFC052005F0A4F9C5F3400220460121F6
:101A600005F052FC012005F09BF9204602210122DD
:101A700005F04AFC052005F093F9204602210022DA
:101A800005F042FC052005F08BF905F00102204627
:101A9000012105F039FC012005F082F920460221E0
:101AA000012205F031FC052005F07AF920460221DB
:101AB000002205F029FC0520BDE8B04005F070B912
:101AC000B0B541F20044C4F20204204602210022D3
:101AD00005F01AFC20460121012205F015FC2046E4
:101AE00000210122012305F01BFC052005F058F917
:101AF00020460221012205F007FC052005F050F9DF
:101B00002046012105F006FC01287BD1052005F0C7
:101B100047F92046012105F0FDFB012872D105207F
:101B200005F03EF92046012105F0F4FB012869D1BA
:101B3000052005F035F92046012105F0EBFB0128D1
:101B400060D1052005F02CF92046012105F0E2FBCB
:101B5000012857D1052005F023F92046012105F081
:101B6000D9FB01284ED1052005F01AF920460121A4
:101B700005F0D0FB012845D1052005F011F92046DC
:101B8000012105F0C7FB01283CD1052005F008F92B
:101B90002046012105F0BEFB012833D1052005F0C8
:101BA000FFF82046012105F0B5FB01282AD10520C8
:101BB00005F0F6F820460121012505F0ABFB204693
:101BC00001210122012305F0ABFB20460221002266
:101BD00005F09AFB20460121002205F095FB2046E6
:101BE0000221012205F090FB052005F0D9F82046DE
:101BF0000121012205F088FB052005F0D1F82846D7
:101C0000B0BD00BF204602210022002505F07CFB6C
:101C1000204601210122012305F082FB2846B0BDA8
:101C2000B0B54FF4406007F0E9FF41F2081007F04B
:101C3000E5FF4FF4003004F0E7FE42F20004C4F286
:101C4000010404F56045284603210022022305F023
:101C500067FB284600210222022305F01BFC00201E
:101C600004F0DCFF04F0E6FE20464FF48071002211
:101C700004F0A6FF20460221002204F0A1FF204626
:101C800004F0E4FE2046002104F028FF2046002155
:101C900004F0C6FE20460121012204F091FE2046F8
:101CA00000210122012304F021FF2046012101220D
:101CB00004F0DCFE20460121002204F0EFFE204665
:101CC00004F004FF204604F0C7FE2046BDE8B04003
:101CD00004F050BEB0B54FF4406007F08FFF41F202
:101CE0001D0007F08BFF47F20044C4F2000404F526
:101CF000C635284603210022202305F011FB284683
:101D000000210222202305F0C5FB204604F0D0FF6D
:101D1000204604F0B7FF2046012104F0EBFF2046E7
:101D2000012104F0F7FF20460121002205F002F80E
:101D30002046012104F0CEFF204601210022642329
:101D4000BDE8B04004F0A4BF10B540F6034007F072
:101D500055FF40F60044C4F202042046012100224F
:101D60004FF4006305F0DCFA2046002102224FF414
:101D7000006305F08FFB20464FF4006105F0C2FAC6
:101D80002046012100224FF4806305F0C9FA204665
:101D9000002102224FF4806305F07CFB20464FF4C3
:101DA000806105F0AFFA2046012100224FF4007354
:101DB00005F0B6FA2046002102224FF4007305F028
:101DC00069FB20464FF4007105F09CFAFFF728FFED
:101DD000BDE81040FFF77EBF70B584B041F204004B
:101DE00007F00CFF4FF0807007F07CFF41F2000419
:101DF000C4F2000420460CF005F86D4628460CF0AD
:101E000023F91320ADF8000042F20F700026029073
:101E10002046294601960CF0ADF820460BF0ECFF69
:101E200020460CF09DF8204601210CF09FF836204A
:101E30000121002207F0C6F8204601210CF0F0F83D
:101E400040F23870C1F20000C0E9046604B070BD11
:101E50009FED0E1A40F2980120EE011A21EE201A91
:101E6000C2F2000181ED001A80ED000A91ED000A36
:101E7000B7EE001A30EE010A81EE000A0021C0ED33
:101E8000010AC0E9021180ED040A7047D80FC94069
:101E90009FED0E1A40F2980120EE011A21EE201A51
:101EA000C2F2000181ED001A80ED000A91ED000AF6
:101EB000B7EE001A30EE011A80EE010A0021C0EDE3
:101EC000010A816080ED030A704700BFD80FC94046
:101ED00080B50A464FF684104DF60041C2F201006B
:101EE000C0F20501EEF7CAFD80BD00002DE9F04FFC
:101EF00081B0151AB2EB000A18BF4FF0FF3A002D5F
:101F0000AE4648BFC5F1000E012DA3EB01044FF012
:101F1000010BA8BFDA465A1A18BF4FF0FF32002C47
:101F2000A44648BFC4F1000C012C6546B8BF9346D7
:101F3000E64588BF7546A5EB55060027002400221C
:101F400000960EE074446744B44202F10102C4BF3B
:101F5000641B5044B74293B2C4BF7F1B59449D4297
:101F600020D31FFA80F8B8F5487FEBD81FFA81F923
:101F7000B9F5F07FE6D840F27473C1F2000366460B
:101F8000DC46F346D646D3F810A04FF4487309FB5D
:101F900003A3F246DE46E346B4460A9E03F8086011
:101FA000009ECFE701B0BDE8F08F00002DE9F04FB3
:101FB00082B0141AB2EB000B18BF4FF0FF3B002C9D
:101FC000A44648BFC4F1000CDDF82C80012C01931D
:101FD000CDF800B0A8BF4FF0010BB1F5F07F7BD971
:101FE000002400BF44F00107BFB2BC450DD344F04C
:101FF0000207BFB2BC4508D344F00307BFB2BC45DB
:1020000003D30434A7B2BC45ECD2019B5C1AB3EBFA
:10201000010A18BF4FF0FF3A002CA64648BFC4F192
:10202000000E012CA8BF4FF0010AB0F5487FAEEBBF
:102030005E0B4FF0000477D944F00107BFB2BE45F4
:102040000DD344F00207BFB2BE4508D344F00307E6
:10205000BFB2BE4503D30434A7B2BE45ECD2B2F53D
:10206000487F40F28180002141F00107BFB2BE45A8
:102070000DD341F00207BFB2BE4508D341F00307BC
:10208000BFB2BE4503D304318FB2BE45ECD2811A34
:10209000084648BF484201290099A8BF0121019B79
:1020A000B3F5F07F40F28080002100BF41F00102D3
:1020B00092B290420DD341F0020292B2904208D304
:1020C00041F0030292B2904203D304318AB29042AB
:1020D000ECD202B0BDE8F08F4FF44877ACEB5C0A6D
:1020E00001FB07F30024074600260AE004EB0C0579
:1020F00001365545D4BF2C465F44B5B2AC45FFF41C
:1021000084AF1FFA87FEBEF5487FEFD840F27475A2
:10211000C1F20005C146D5F8108008EB0305C8469A
:1021200005F80E90E2E700BF40F274734FF448796F
:102130000E460027C1F200030BE000BF04EB0E05C2
:1021400001375D45D4BF2C465644BDB2AE45FFF4C1
:1021500086AF1FFA86FCBCF5F07FEFD81D690CFB3B
:10216000095505F80080E9E740F2747300244FF444
:1021700048790026C1F200030BE000BF04EB0E0714
:1021800001365F45D4BF3C465144B7B2BE45FFF46B
:102190007EAF8DB2B5F5F07FF0D81F6905FB0977EA
:1021A00007F80280EAE700BF4FF44877A0EB500C35
:1021B0007B430024002509E0271801356745D4BF7B
:1021C0003C460A44AFB2B842FFF483AF97B2B7F5CA
:1021D000487FF1D840F27476C1F2000636691E4499
:1021E00006F80780E8E7000010B584B002F09AFF17
:1021F00040F6174007F002FD46F68004C4F20104E1
:10220000A4F180000BF08AFF20460BF08FFF012025
:102210000CF01AF80BF02EFF4FF6FF70ADF80C0023
:10222000FF208DF80E0002A920460CF001F8204690
:102230000BF0F6FF01200CF007F84FF684104DF676
:102240000041C2F20100C0F20501D022EEF716FCF7
:102250004AF2803020444FF4005105F053F804B0A6
:1022600010BD00002DE9F04F85B0DDE90E65049248
:10227000792E029004D14FF00C0E18200DE000BF13
:10228000A12E07D0F12E40F083814FF0180E482088
:1022900003E000BF4FF0100E20200390A3F12002B6
:1022A000002DD4B2019400F09D8140F2882304EB0C
:1022B0004400C0F6020303EBC00B40F6186040F286
:1022C000747AC0F60200049B0022C1F2000A00EBFF
:1022D00044100027009000BF0E98792856D10BEBD0
:1022E00002061FFA81F8B8F5487F03F1010066D9AC
:1022F00080B242090E2A00F24C86049A801A704578
:1023000000F03681981C80B242090E2A00F2418604
:10231000049A801A704500F02B81D81C80B24209C3
:102320000E2A00F23686049A801A704500F0208149
:10233000181D80B242090E2A00F22B86049A801AD8
:10234000704500F01581581D80B242090E2A00F236
:102350002086049A801A704500F00A81981D80B288
:1023600042090E2A00F21586049A801A704500F080
:10237000FF80D81D80B242090E2A00F20A86049A14
:10238000801A704540F0E980F2E000BFF12805D0E6
:10239000A12840F0FE85009809E000BF019842F2B4
:1023A000F42400EBC000C0F6020404EBC000861861
:1023B0001FFA81F8B8F5487F03F1010098D896F824
:1023C00000C04FFA8CF4B4F1FF3F16DC9EB2B6F5B4
:1023D000F07F12D8029C9AF800500AEB8404E4685B
:1023E0006246DC46D3464FF4487A06FB0A44DA4696
:1023F000E3469446F14604F8085080B244090E2C96
:1024000000F2C785049A841A744500F0B1805FEA2F
:102410004C640BD5029C4FF448750AEB8404E468C5
:102420009AF8006000FB054000F80860981C80B234
:1024300044090E2C00F2AD85049A841A744500F00C
:1024400097805FEA8C640BD5029C4FF448750AEBC9
:102450008404E4689AF8006000FB054000F8086016
:10246000D81C80B244090E2C00F29385049A841A79
:1024700074457DD05FEACC640BD5029C4FF448755F
:102480000AEB8404E4689AF8006000FB054000F859
:102490000860181D80B244090E2C00F27A85049A57
:1024A000841A744564D05FEA0C740BD5029C4FF417
:1024B00048750AEB8404E4689AF8006000FB054064
:1024C00000F80860581D80B244090E2C00F26185A6
:1024D000049A841A74454BD05FEA4C740BD5029C65
:1024E0004FF448750AEB8404E4689AF8006000FB36
:1024F000054000F80860981D80B244090E2C00F2D7
:102500004885049A841A744532D05FEA8C740BD5DE
:10251000029C4FF448750AEB8404E4689AF8006062
:1025200000FB054000F80860D81D80B244090E2C5D
:1025300000F22F85049A841A744519D05FEACC748E
:102540000BD0029C4FF448750AEB8404E4689AF8B7
:10255000006000FB054000F80860083398B24209AB
:102560000E2A00F21685049A801A704507D100BF22
:10257000013188B24009049B182800F20A8501370E
:102580000398FAB290423FF6A7AE00F002BD00BF3A
:10259000F0080122770718BF02EBD6007208302E30
:1025A00002FB00F00CD12D2B00F0C4812F2B00F08A
:1025B000BF813F2B14BFA3F130020B22BBE100BF50
:1025C000642EA3F1200240F2B681C0B2002800F0D0
:1025D000E084DDF838E040000390002DD4B201948F
:1025E0007FF463AE40F2882304EB4402C0F602039A
:1025F00003EBC20B40F61862C0F6020202EB441273
:102600000092049A002000260E9B792B5ED10BEBE2
:1026100000031FFA81FCBCF5487F02F101076ED967
:10262000B8B243090E2B00F2B484049BC01A704563
:1026300000F07081901C80B243090E2B00F2A98437
:10264000049BC01A704500F06581D01C80B243091C
:102650000E2B00F29E84049BC01A704500F05A8134
:10266000101D80B243090E2B00F29384049BC01A04
:10267000704500F04F81501D80B243090E2B00F2CF
:102680008884049BC01A704500F04481901D80B27C
:1026900043090E2B00F27D84049BC01A704500F0A4
:1026A0003981D01D80B243090E2B00F27284049B45
:1026B000C01A704500F02E81083290B243090E2BEB
:1026C00000F26784049BC01A22E100BFA12B0DD049
:1026D000F12B40F05E84019B42F2F42703EBC3032D
:1026E000C0F6020707EBC30301E000BF009B0344F1
:1026F0001FFA81FCBCF5487F02F1010790D893F8DE
:10270000009093B2B3F5F07F17D84FFA89F4002CFC
:1027100040F21004C1F2000440F2747AC1F2000ADF
:1027200048BF5446029D4FF448700AEB8505ED689A
:10273000247803FB005303F80C40BBB25C090E2C59
:1027400000F2278404981C1A744500F0E380029C70
:1027500040F27475C1F2000505EB840ADAF80C70DA
:102760004FF4487003FB00775FEA49632B4640F261
:102770001000C1F2000058BF03461D78931C9BB2A5
:102780005C464FEA531BBBF10E0F07F80C5000F2EA
:1027900000840498A3461D1A754500F0BB80DAF842
:1027A0000C504FF4487403FB04555FEA896340F210
:1027B0007473C1F2000340F21000C1F2000058BF70
:1027C00003461F78D31C9BB25C090E2C05F80C70D5
:1027D00000F2DF8304981C1A744500F09B80DAF83D
:1027E0000C404FF4487503FB05445FEAC96340F2AF
:1027F0007473C1F2000340F21000C1F2000058BF30
:1028000003461D78131D9BB25F090E2F04F80C5070
:1028100000F2BF8304981C1A74457BD0DAF80C4090
:102820004FF4487503FB05445FEA097340F2747383
:10283000C1F2000340F21000C1F2000058BF03468D
:102840001D78531D9BB25F090E2F04F80C5000F247
:10285000A08304981C1A74455CD0DAF80C404FF43D
:10286000487503FB05445FEA497340F27473C1F293
:10287000000340F21000C1F2000058BF03461D786B
:10288000931D9BB25F090E2F04F80C5000F2818358
:1028900004981C1A74453DD0DAF80C404FF4487582
:1028A00003FB05445FEA897340F27473C1F20003CD
:1028B00040F21000C1F2000058BF03461D78D31D3E
:1028C0009BB25F090E2F04F80C5000F2628304984B
:1028D0001C1A74451ED0DAF80C404FF4487503FBFF
:1028E00005445FEAC97340F27473C1F2000340F219
:1028F0001000C1F2000008BF034608321D7893B2F1
:102900005F090E2F04F80C5000F243830498181A44
:10291000704506D1013188B24009049A182800F2A6
:1029200038830136039BF0B283423FF66DAE30E34D
:102930000C2200E00A22030600F02B83D2B25FFAD9
:1029400080FC002D02EBC20900F07A814FF614657D
:1029500002EB4200C0F6010505EB800540F62800B9
:10296000C0F6020040F2747B00EB0210049A0026CD
:10297000C1F2000B039000BF0E9F182F10D0102F34
:102980000CD00C2F284612D0302F40F0028343F297
:10299000D430C0F6020000EB091007E0039805E010
:1029A00041F29850C0F6020000EB890030441FFA53
:1029B00081FABAF5487F55D9501C80B244090E2CD3
:1029C00000F2E782049BC01AB84200F02981901CF3
:1029D00080B244090E2C00F2DC82049BC01AB8427B
:1029E00000F01E81D01C80B244090E2C00F2D1826E
:1029F000049BC01AB84200F01381101D80B2440934
:102A00000E2C00F2C682049BC01AB84200F0088166
:102A1000501D80B244090E2C00F2BB82049BC01AE8
:102A2000B84200F0FD80901D80B244090E2C00F2E7
:102A3000B082049BC01AB84200F0F280D01D80B270
:102A400044090E2C00F2A582049BC01AB84200F083
:102A5000E780083290B244090E2C00F29A82049B5F
:102A6000DAE000BF90F800E04FFA8EF0B0F1FF3FDF
:102A70000FDC90B2B0F5F07F0BD8029C4FF4487396
:102A80000BEB8404E4689BF8007000FB034000F843
:102A90000A70501C80B244090E2C00F27A82049B0A
:102AA0000E9FC41ABC4200F0BB805FEA4E670BD594
:102AB000029C9BF800300BEB8407FF684FF44874CE
:102AC00000FB047000F80A30901C80B244090E2C00
:102AD00000F25F82049B0E9FC41ABC4200F0A080EB
:102AE0005FEA8E640BD5029C9BF800700BEB8404AC
:102AF000E3684FF4487400FB043000F80A70D01CFF
:102B000080B244090E2C00F24482049B0E9FC41A2A
:102B1000BC4200F085805FEACE640BD5029C9BF836
:102B200000700BEB8404E3684FF4487400FB04303E
:102B300000F80A70101D80B244090E2C00F22982A0
:102B4000049B0E9FC41ABC426AD05FEA0E740DD576
:102B5000029C9BF800700BEB8404E4685B464FF426
:102B6000487B00FB0B409B4600F80A70501D80B26A
:102B700044090E2C00F20D82049B0E9FC41ABC4225
:102B80004ED05FEA4E740BD5029C9BF800700BEBA5
:102B90008404E3684FF4487400FB043000F80A70C2
:102BA000901D80B244090E2C00F2F381049B0E9F0D
:102BB000C41ABC4234D05FEA8E740BD5029C9BF8D9
:102BC00000700BEB8404E3684FF4487400FB04309E
:102BD00000F80A70D01D80B244090E2C00F2D98191
:102BE000049B0E9FC41ABC421AD05FEACE770BD06A
:102BF000029F4FF448740BEB8707FF689BF8003087
:102C000000FB047000F80A30083290B247090E2F1A
:102C100000F2BF81049B0E9FC01AB84207D100BFCB
:102C2000013188B24009049A182800F2B2810136B5
:102C3000BCF1010C05F101057FF49EAEA9E100BFD6
:102C400041F29850C0F6020000EB890A40F62800D5
:102C5000C0F60200049C002600EB0210CDF80090A4
:102C6000039201900E980C2812D010280ED018282C
:102C7000554617D0302840F08C81009843F2D4326A
:102C8000C0F6020202EB00100BE000BF019808E062
:102C900003984FF6146200EB4000C0F6010202EB0D
:102CA0008000851988B2B0F5487F5DD9601C80B27C
:102CB00045090E2D00F26D81049A801A0E9A9042F9
:102CC00000F05A81A01C80B245090E2D00F26181EE
:102CD000049A801A0E9A904200F04E81E01C80B255
:102CE00045090E2D00F25581049A801A0E9A9042E1
:102CF00000F04281201D80B245090E2D00F249816D
:102D0000049A801A0E9A904200F03681601D80B2BB
:102D100045090E2D00F23D81049A801A0E9A9042C8
:102D200000F02A81A01D80B245090E2D00F23181EC
:102D3000049A801A0E9A904200F01E81E01D80B223
:102D400045090E2D00F22581049A801A0E9A9042B0
:102D500000F012810834A0B245090E2D00F219814D
:102D6000049A801A05E100BF95F800B0A5B2B5F548
:102D7000F07F16D84FFA8BF2002A40F21002C1F20F
:102D8000000240F27473C1F2000348BF1A46029F6A
:102D9000127803EB8707FF684FF4487305FB03774E
:102DA0003A54621C95B26A090E2A00F2F280049A23
:102DB0000E9FAA1ABA4200F0DF80029A40F27473A2
:102DC000C1F2000303EB8209D9F80C704FF448728A
:102DD00005FB02775FEA4B651D4640F21002C1F227
:102DE000000258BF154695F800E0A51CADB26A096F
:102DF0000E2A07F800E000F2CC80049A0E9FAA1A6F
:102E0000BA4200F0B980D9F80C205FEA8B674FF422
:102E1000487340F2747705FB032EC1F2000740F2BD
:102E2000100204F10305C1F2000258BF1746ADB20B
:102E30003F786A090E2A0EF8007000F2AA80049A00
:102E40000E9FAA1ABA4200F09780D9F80C205FEAC8
:102E5000CB6740F2747705FB032EC1F2000740F206
:102E6000100204F10405C1F2000258BF1746ADB2CA
:102E70003F786A090E2A0EF8007000F28A80049AE0
:102E80000E9FAA1ABA4277D0D9F80C205FEA0B77C6
:102E900040F2747705FB032EC1F2000740F21002E6
:102EA00004F10505C1F2000258BF1746ADB23F78E4
:102EB0006A090E2A0EF800706BD8049A0E9FAA1A9F
:102EC000BA4259D0D9F80C205FEA4B7740F27477B8
:102ED00005FB032EC1F2000740F2100204F10605C3
:102EE000C1F2000258BF1746ADB23F786A090E2AF8
:102EF0000EF800704DD8049A0E9FAA1ABA423BD021
:102F0000D9F80C205FEA8B7740F2747705FB032E2B
:102F1000C1F2000740F2100204F10705C1F20002FD
:102F200058BF1746ADB23F786A090E2A0EF80070F6
:102F30002FD8049A0E9FAA1ABA421DD0D9F80C2095
:102F40005FEACB7740F2747705FB032EC1F20007EE
:102F500040F2100204F10804C1F2000208BF174653
:102F6000A5B23F786A090E2A0EF8007011D80498AD
:102F7000281A0E9A904205D1013188B24009049C6A
:102F8000182806D80136BCF1010C0AF1010A7FF4B9
:102F900069AE05B0BDE8F08F2DE9F04F85B00F9F09
:102FA000039111991446792F029009D0F12F05D081
:102FB000A12F12BF04971020049003E0182000E016
:102FC0000C2004900878A0F12002D2B25E2A30D8FA
:102FD0000E9ADDF80CB00026652F38BF0126049D3F
:102FE0005B44224425FA06FA4D1C1FFA83F81FFAA7
:102FF00082F900BF1FFA8BF1049A414528BF14449F
:10300000A2B24A4515D24145039928BF5FFA81FB18
:10301000C3B20298109E1FFA8BF1CDE90076FFF73C
:1030200021F915F8010BD344A0F12001C9B25F29A1
:10303000E0D305B0BDE8F08F40F2747CC1F2000C23
:103040009942CCF8081088BF70472DE9F04F141A48
:10305000B2EB000E2246DDF8249018BF4FF0FF3E81
:10306000002C48BF6242A2EB520A4FF44878012C70
:10307000A8BF4FF0010E07E0DCF80810994201F1FB
:103080000101CCF8081033DA8CB2B4F5F07F15D911
:10309000002400BF44F00105ADB2AA42EED344F0D3
:1030A0000205ADB2AA42E9D344F00305ADB2AA428B
:1030B000E4D30434A5B2AA42ECD2DFE704FB08FB58
:1030C00000270646002408E0B91801345145D4BF52
:1030D0000F467644A1B28A42CED3B5B2B5F5487F49
:1030E000F2D8DCF81010594401F80590ECE700BF65
:1030F000BDE8F04F70470000B1F5487F98BFB2F5CA
:10310000F07F01D9704700BF40F2747CC1F2000C1F
:103110000CEB8000D0F80CC04FF4487002FB00C0EC
:103120004354704790ED021A90ED032A30EE410AA5
:1031300022EE000A40F2980130EE010AC2F20001CC
:1031400081ED010A80ED020A70470000FEE70000F1
:10315000FEE7000010B540F2F424C2F2000420465D
:10316000A821EDF7B5FC03202061606143F6E7611B
:1031700040F62020C0F60201C1F20000A161E0612A
:103180004FF4007020620020A0626062E06221665D
:1031900040F24001C2F20001013161660821A166DE
:1031A00053212067E0666067BFF35F8F2170452180
:1031B00047226170A270E270217152212022617158
:1031C000A271E171542121726172A072E0722073C8
:1031D0006073A073E073BFF35F8F10BD2DE9F047FC
:1031E00082B040F2F42AC2F2000A9AF800100546B2
:1031F00053295BD05046A821EDF76AFC0320CAF89A
:103200001000CAF8140043F6E76140F62020C0F62B
:103210000201C1F20000CAF81810CAF81C004FF4ED
:103220000070CAF820000020CAF82800CAF824005C
:10323000CAF82C00CAF8601040F24001C2F2000146
:103240000131CAF864100821CAF868105321CAF87D
:103250007000CAF86C00CAF87400BFF35F8F8AF878
:103260000010452147228AF801108AF802208AF8C6
:1032700003208AF80410522120228AF805108AF8C7
:1032800006208AF8071054218AF808108AF80910D5
:103290008AF80A008AF80B008AF80C008AF80D00F8
:1032A0008AF80E008AF80F00BFF35F8FFF200F2D02
:1032B0008DF8060044D843F69420C0F60200405D25
:1032C0008DF80700EFF311894FF0200181F3118889
:1032D000DAF82C0000F00300022837D140F2400059
:1032E000C2F20000DAF8247005700DF10605022420
:1032F000DAF82810DAF82000FA43B9421144A0EBBA
:10330000070698BF0144B14238BF0E46DAF81C00E8
:10331000A64228BF2646384429463246EDF7FAFA37
:10332000DAF82000F119A41B0F1A354418BF0F4614
:10333000002CBFF35F8FCAF82470D9D145E000BFDD
:103340004FF0FF3002B0BDE8F08700BFDAF824107C
:10335000DAF8280088420BD9CA43104402280ED25A
:103360004FF0FF3089F3118802B0BDE8F08700BF4D
:10337000DAF82020CB43184410440228F0D340F25E
:103380004000DAE90723C2F2000005705D1A032D40
:1033900002EB010006D3BDF806208E1C0280BFF3AD
:1033A0005F8F10E00DF1060841462A46EDF7B2FAAC
:1033B000C5F10206DAF81C0008EB05013246EDF70C
:1033C000A9FABFF35F8FCAF82460002089F311883F
:1033D00002B0BDE8F0870000F0B581B040F2F425FE
:1033E000C2F200052B780C46532B41D006462846E6
:1033F000A8211746EDF76CFB03212961696143F6AB
:10340000E76340F62021C0F60203C1F20001AB6180
:10341000E9614FF4007129620021A9626962E962E1
:103420002B6640F24003C2F2000301336B660823AF
:10343000AB6653233A462967E9666967BFF35F8F36
:103440002B70452347276B70AF70EF702B715223A1
:10345000202730466B71AF71EB7154232B726B7266
:10346000A972E97229736973A973E973BFF35F8F56
:10347000EFF311854FF0200181F31188214600F010
:1034800005F885F3118801B0F0BD00002DE9F04387
:1034900081B0144640F2F42200EB4000C2F2000278
:1034A00002EBC002D06A8946022802F118081DD03A
:1034B00001280FD048B9D8F80C50D8F81000A8420D
:1034C0006AD9E9430844A0426DD20026304601B0D3
:1034D000BDE8F083D8F80C50D8F81010A94235D9BF
:1034E000EA43D8F80800114435E000BFD8F80C5082
:1034F000002600BFD8F81010D8F80800EA43A94207
:103500001144A0EB050798BF0144B94238BF0F46EC
:10351000D8F80400A74228BF2746284449463A461F
:10352000EDF7F8F9D8F808007919E41B0D1A3E44B4
:10353000B94418BF0D46002CBFF35F8FC8F80C507C
:10354000D8D1304601B0BDE8F08300BFD8F80800FC
:10355000EA4311440144A14238BF0C46461BD8F847
:103560000400B442284407D249462246EDF7D2F976
:10357000BFF35F8F601923E049463246EDF7CAF981
:10358000A71BD8F8040009EB06013A46EDF7C2F98B
:10359000BFF35F8F2AE000BFD8F80810EA43104459
:1035A0000844A04291D3D8E901014E1BB4422844FB
:1035B0000ED249462246EDF7ADF92819BFF35F8FC9
:1035C000C8F80C002646304601B0BDE8F08300BFC5
:1035D00049463246EDF79EF9A71BD8F8040009EBDF
:1035E00006013A46EDF796F9BFF35F8FC8F80C7005
:1035F0002646304601B0BDE8F083000082B080B5B9
:1036000082B0CDE9042304AA019201AA00F006F8D1
:1036100002B0BDE8804002B0704700002DE9F04FD5
:1036200093B0904606AA0E92202200250490129094
:103630000DF1380A002089460F92CDE910550FE0B0
:10364000011DC8F80010016850463B46CDE9006BEB
:1036500001F094FE11984946B0F1FF3F40F3FA8221
:1036600019F8013B252B1BD0002B00F0E382DDE98C
:103670000F20411C914207D80E9A135411980F9AAB
:1036800001301190084610919042E3D10E991298A2
:10369000FFF7A2FE1099884240F0C6821095D9E744
:1036A00001F104094FF0000B19F8031CA1F12303E9
:1036B0000D2B00F25F800222DFE803F0085C5C5C07
:1036C0005C5C5C5C0C5C0A5C5C0D00BF082202E088
:1036D000012200E0042219F8021C4BEA020BA1F1BE
:1036E00023030D2B00F28C800222DFE803F0078910
:1036F0008989898989890B890989890C082202E0CD
:10370000012200E0042219F8011C4BEA020BA1F18E
:1037100023030D2B00F280800222DFE803F0077DF7
:103720007D7D7D7D7D7D0B7D097D7D0C082202E008
:10373000012200E0042299F800104BEA020BA1F1EB
:1037400023030D2B5ED80222DFE803F00E5C5C5CE5
:103750005C5C5C5C105C125C5C0800BF4BEA020BBA
:1037600009F10409A0E700BF0822F7E70422F5E702
:103770000122F3E7A9F10309A1F13A0212F10A0FBC
:1037800045D309F10209002606EB860201EB42024D
:1037900019F8011CA2F13006A1F13A0313F10A0F46
:1037A00042D306EB860201EB420299F80010A2F127
:1037B0003006A1F13A0313F10A0F37D306EB860264
:1037C00001EB420299F80110A2F13006A1F13A038F
:1037D00013F10A0F76D306EB860201EB420299F849
:1037E0000210A2F13006A1F13A0212F10A0F09F11A
:1037F0000409C9D2A9F102092E2919D00AE000BF93
:10380000A9F10209A1F13A0212F10A0FB9D2002678
:103810002E290DD0002761E0A9F10109A1F13A029A
:1038200012F10A0FF3D3ACE7A9F101092E29F1D166
:103830004A4612F8011FA1F13A0313F10A0F03D20D
:10384000002791464AE000BF09F10209002700BFA6
:1038500099F8002007EB870301EB4301A2F13A033B
:1038600013F10A0FA1F1300738D399F8011007EBD3
:10387000870302EB4302A1F13A0313F10A0FA2F10D
:10388000300725D399F8022007EB870301EB4301AA
:10389000A2F13A0313F10A0FA1F130071CD307EB91
:1038A000870102EB410299F80310A2F13007A1F160
:1038B0003A0212F10B0F09F10409C9D8A9F1010963
:1038C0000CE000BF09F101092E29B1D0A2E700BF29
:1038D00009F1010902E000BF09F1020999F800109D
:1038E00001F0FB02682A43D199F8011001F0FB02B4
:1038F000682A40F04F8099F8021001F0FB02682A14
:1039000040F0508099F8031009F1040901F0FB021E
:10391000682AE3D0A1F15802202A2FD8DFE802F06C
:103920001412121212121212121212184E12121233
:1039300012121212121212127E12128C124A121249
:10394000140000BF86E600BFD8F80000102277E61A
:10395000DDE90F20D8F80030411C1F1D9142C8F846
:1039600000703FF691AE1A680E9B1A5486E600BFAF
:1039700009F10109A1F15802202ACFD925297FF4A4
:1039800069AEDDE90F20411C91423FF67DAE0E9AF3
:10399000252372E609F10209A1F15802202ABDD9B6
:1039A000ECE700BF09F10309A1F15802202A7FF6D4
:1039B000B5AFE3E7D8F800000A2241E6D8F80010D6
:1039C00041F2597C0A1DC8F80020096848F29F643A
:1039D0000029C1F100028E4648BF11460A2942F271
:1039E0001075CDF2B71CC0F201040392CDF814801B
:1039F00052DB4FF0020800BF642957D3B1F57A7F3C
:103A00004ED3A94250D3A1FB0C23A1424FEA53311C
:103A100008F10408F0D8A8F1010847E0D8F8000040
:103A20001022011DC8F8001001685046082308271D
:103A3000CDE900750CE600BFD8F800100A1DC8F8E3
:103A400000200C6885A1002C08BF0C4608E000BFD0
:103A500011981095B0F1FF3F04F101047FF7FAAD22
:103A60002778002F3FF4F6ADDDE90F214B1C934280
:103A700007D80E98475411980F9A013019461093A1
:103A800011909142E6D10E991298FFF7A5FC10997A
:103A90008842DDD0C8E000BF4FF0010806E000BF5B
:103AA00008F1010802E000BF08F10208B84598BF1C
:103AB000B846744676B10021002C48BF01210BF0B6
:103AC000040241EA9201A6EB010A5FEA8B7506D473
:103AD0002EE000BF4FF0000A5FEA8B7528D53FBB90
:103AE000002800F19B80B4F1FF3F4BDD5FEA4B7192
:103AF0005BD5DDE90F214B1C934208D80E982B2291
:103B0000425411980F9A0130109311901946914226
:103B100049D10E991298FFF75FFC1099884240F046
:103B2000838000201090119800283ED576E000BFD9
:103B30005FEACB71D4D1BAF1000FD1D0AAF101065E
:103B4000564538BFD045CBD2DDE90F214B1C9342FF
:103B500008D80E982022425411980F9A0130194625
:103B600010931190914209D10E991298FFF734FCED
:103B70001099884258D11198002110910028B2461E
:103B8000DCD54BE0DDE90F214B1C934208D80E98A1
:103B90002D22425411980F9A01301946109311901A
:103BA000039C9142B5D0002838D4002D0CD40EA827
:103BB00021460A223B46CDE900AB824601F0DEFBFE
:103BC000DDF81480002545E50BF001013943EED105
:103BD000BAF1000FEBD0AAF10106564538BFD04527
:103BE000E5D2DDE90F214B1C934208D80E98302214
:103BF000425411980F9A0130194610931190914236
:103C000009D10E991298FFF7E7FB109988420BD162
:103C10001198002110910028B246DCD5DDF81480FF
:103C200000250DF1380A15E54FF0FF3013B0BDE85F
:103C3000F08F00BF40B1109A52B1049806A9FFF767
:103C4000CBFBDDE9101004E0002013B0BDE8F08FDD
:103C50000021084413B0BDE8F08F00BF284E554C3A
:103C60004C290000B0B545F200040546C4F2010439
:103C7000204602210AF00EF80628F9D020462946EF
:103C80000AF006F8204601210AF004F80628F9D0C7
:103C9000204609F0F9FFC0B2B0BD0000B0B543F254
:103CA00000440546C4F201042046022109F0F2FF57
:103CB0000628F9D02046294609F0EAFF20460121CE
:103CC00009F0E8FF0628F9D0204609F0DDFFC0B270
:103CD000B0BD0000B0B543F600040546C4F20004D0
:103CE0002046022109F0D6FF0628F9D020462946B1
:103CF00009F0CEFF2046012109F0CCFF0628F9D0BB
:103D0000204609F0C1FFC0B2B0BD0000F0B540F2DE
:103D1000B010C2F20000418D838DB0F84A20B0F897
:103D20004C701944C38D3A44B0F84E701944038E58
:103D30003A44B0F850701944438E3A44B0F8527087
:103D40001944838E3A44B0F854701944C38E3A44EF
:103D5000B0F856701944038F3A44B0F858701944BB
:103D6000438F3A44B0F85A701944838F3A44B0F8FC
:103D70005C701944C38F3A44B0F85E701944B0F8CF
:103D800040303A44B0F860701944B0F842303A44D8
:103D9000B0F862701944B0F844303A44B0F8647036
:103DA0001944B0F846303A44B0F866701944B0F897
:103DB0004830B0F868003A4410440B4482B240F6F0
:103DC000580140F21000B2F5FA4FC1F20001C2F200
:103DD00000009BB298BFB3F5FA4F07D90F7A7FB1B5
:103DE0000127A1F807704F7AE7B123E0CF797FB1BF
:103DF0004FF48077A1F807704F7A9FB11AE000BFA7
:103E0000CF79092F0CD80137CF714F7A57B111E014
:103E10000F7A092F0CD801370F724F7A17B109E0CA
:103E200000224A7200224A7004210170F0BD00BFD6
:103E300001274F72B2F5C86F88BFB3F5C86F05D8B8
:103E4000CA7A00230B707AB1012205E08F7A01262D
:103E50000E707FB34FF480724A8140F201120A80E3
:103E600002210170F0BD00BF8A7A4FF06413132A5B
:103E70009CBF01328A724FF480720A800022C0F81F
:103E8000023040F29423A1F80520C1E903228A837D
:103E90000A84C2F20003C1F82220C1F826200321BF
:103EA000C3E90022C3E90222C3E90422C3E90622CE
:103EB0000170F0BDCF7A132F02D87A1CCA72CCE7FA
:103EC0008E791EB14F799FB301241FE0B3F5964F51
:103ED00006D30F7B022F0BD801370F73002411E09C
:103EE0004F7B022F0AD801374F7300240AE000BF2E
:103EF000878800240A370C73878003E00027012499
:103F00004F738C714F799FB1002E6DD08588B0F8BA
:103F100002C091F9116091F912E0B2F5C85F28BFB3
:103F2000B3F5C85F14D20F7C022F2FD8013725E0DC
:103F3000B2F5964F06D38A7B022A49D801328A739A
:103F400052E000BFCA7B022A4AD80132CA734BE052
:103F5000F02DE8D8BCF1F00FE5D8642DE3D3BCF127
:103F6000640FE0D3322EDEDC16F1320FDBDBBEF164
:103F7000320FD8DC1EF1330FD5DD00270F74CCB320
:103F8000B3F5AF4F38D9FF2301243CE04FF0641361
:103F900040F20112C0F8023040F294230A8000225D
:103FA000C2F20003A1F80520C1E903228A830A8432
:103FB000C3E90022C3E90222C3E90422C3E90622BD
:103FC000C1F82220C1F8262001210170F0BD00BFF8
:103FD000438800228A7303F10A02428004E000BF92
:103FE0000022CA7301224A7140F201120A800121A3
:103FF0000170F0BD01230BE0DB097C2B4FF00103C6
:1040000006D84FF6FF7433442C444B74002384804D
:10401000B2F5AF4F02D9FF22012305E0D2097C2A75
:104020000CD84FF6FF7301226344724443808A74B4
:1040300040F201120A8000210170F0BD002BF7D080
:10404000F9E700002DE9F04140F65805C1F20005FE
:10405000A8780138062800F2DA81DFE810F00700BE
:1040600097002300D801F50011015D0040F60044DF
:10407000C4F2020420464FF4006103F041F92046E7
:104080004FF4806103F03EF920464FF4007103F0D5
:1040900039F940F21000C2F20000408800F0C2F985
:1040A000B5E100BF40F60044C4F2020420464FF4DC
:1040B000006103F025F920464FF4806103F020F9F8
:1040C00020464FF4007103F01BF96979AA79E8786A
:1040D0001140CA0700F03E811E28C0F03B81A98B29
:1040E0006A8B4CF22853481CC1F200030029A883B4
:1040F00023F8112000F07C8180B2B0F5C87FC0F0B9
:1041000086810020A883FBF77BFFC5E9140100200E
:10411000FBF77EFF7BE100BF40F60044C4F20204DF
:1041200020464FF4006103F0EBF820464FF4806125
:1041300003F0E6F820464FF4007103F0E1F86979E6
:10414000AA7928791140CA0700F012811E28C0F010
:104150000F81298C6A8B4BF27013481CC2F2080342
:104160000029288423F8112000F0488180B2B0F59E
:10417000C87FC0F0478100202884FBF741FFC5E9D4
:1041800018010120FBF744FF3CE100BFFBF79EFE56
:104190002A8B40F2B011AB79C2F2000101EB42026E
:1041A000012BA2F84A0040F0F1806A79002A00F061
:1041B000ED80D1F80630D1F802E09AB240F2211633
:1041C00000EB800072434FEA1E464FEA400CD1F8E4
:1041D000260006EB1346C12706FB07221FFA8EF8BE
:1041E000060C45F68F4706FB072218FA8CF7D1F824
:1041F000224007EB470702EB07124AF29C57C1E93E
:10420000084080B2CFF6FF7700FB0720260C42F66D
:10421000331206FB02004FF6AE02A4B2CFF6FF72D5
:1042200004FB02044DF6F00204F1664000F1CB708D
:10423000CEF295729042C1E900E3A1F808C000F205
:10424000CB8000200881D0E040F60044C4F2020494
:1042500020464FF4006103F055F820464FF480618A
:1042600003F04EF820464FF4007103F04BF840F293
:104270001000C2F20000808800F0D4F8C7E000BF50
:10428000FBF724FEA9792B8B012940F2B011C2F271
:10429000000103F1010201EB43032A83588540F03A
:1042A00087806879002800F0838090B201EB40009D
:1042B000008DD5F8766000EB8000D5F872704FEA7B
:1042C000400CB4B240F22110C5E91C7604FB00FE9C
:1042D0003C0CBFB2D1F8163004EB164417FA8CF63A
:1042E000C12704FB07E7180C45F68F4400FB047058
:1042F000D1F8122006EB460700EB07104AF29C5754
:10430000C1E904239BB2CFF6FF7703FB07004FEA16
:10431000124842F6331308FB03004FF6AE0392B285
:10432000CFF6FF7302FB030048F6AD32C6F6DB02A0
:1043300050FB02F0021302EBD07202F46040B0F5C1
:10434000204FA5F878C024BF0022A5F878200A8362
:104350003EE000BF00221E2838BF01221140012983
:104360004FF0000112BFE9700130E8704FE000BF6C
:1043700000221E2838BF0122114001294FF0000100
:1043800012BF2971013028713CE000BF4FF6FF7069
:104390000022A5F87820C5E91C22C1E900220A8183
:1043A000C1E904220A83C1E908220A8568832EE054
:1043B00000204FF6FF72A5F87800C5E91C00C1E99E
:1043C00000000881C1E904000883C1E908000885EC
:1043D0006A83EA831BE000BF48F6AD30C6F6DB0017
:1043E00054FB00F0021302EBD070088568830EE0E6
:1043F000FBF706FEC5E9120109E000BFFBF700FE6E
:10440000C5E91601288B102824BF00202883A8782E
:10441000411CC8B20828688B88BF0021A970BDE87C
:10442000F0810000034647F20040C4F20000012181
:10443000002202F02DBC00002DE9F04F84B00D9D4C
:104440008B46792B04D14FF00C0C4FF0180E0DE079
:10445000A12B07D0F12B40F013814FF0180C4FF037
:10446000480E03E04FF0100C4FF0200E203A002DC4
:10447000D5B2039500F0298140F2882405EB45026E
:10448000C0F6020404EBC20A40F61862C0F602024B
:1044900002EB45110027029100255946012600BF75
:1044A000792B40F0D1800AEB070292F900701FFAD5
:1044B00080F8B7F1FF3F09DC4BF21052C2F208025C
:1044C0004FF4AF6408FB04228CB216554A1C92B21A
:1044D00094091A2C00F28A83A2EB0B04644500F0C5
:1044E000A5805FFA87F95FEA496709D54BF2105456
:1044F000C2F208044FF4AF6708FB07470124BC541D
:104500008A1C92B297091A2F00F27083A2EB0B0754
:10451000674500F08B805FEA896709D54BF210543C
:10452000C2F208044FF4AF6708FB07470124BC54EC
:10453000CA1C92B297091A2F00F25883A2EB0B07FC
:10454000674573D05FEAC96709D54BF21054C2F2D0
:1045500008044FF4AF6708FB07470124BC540A1D49
:1045600092B297091A2F00F24183A2EB0B0767451D
:104570005CD05FEA097709D54BF21054C2F2080407
:104580004FF4AF6708FB07470124BC544A1D92B2A1
:1045900097091A2F00F22A83A2EB0B07674545D033
:1045A0005FEA497709D54BF21054C2F208044FF480
:1045B000AF6708FB07470124BC548A1D92B29709D4
:1045C0001A2F00F21383A2EB0B0767452ED05FEA88
:1045D000897709D54BF21054C2F208044FF4AF6743
:1045E00008FB07470124BC54CA1D92B297091A2F31
:1045F00000F2FC82A2EB0B07674517D05FEAC97790
:1046000009D04BF21054C2F208044FF4AF6708FB14
:1046100007470124BC5408318AB297091A2F00F2C7
:10462000E582A2EB0B02624507D100BF013082B2E6
:1046300052094A2A594600F2D9820135EFB2BE45E5
:104640003FF62EAFD2E200BFF12B05D0A12B40F0F8
:10465000CD82029A09E000BF039A42F2F42402EBF1
:10466000C202C0F6020404EBC2023A4492F900709E
:104670001FFA80F8B7F1FF3F3FF728AF1CE700BFF4
:10468000DF0801265C0718BF06EBD3075E08302B56
:1046900006FB07F708D12D2A00F0D4803F2A14BF6B
:1046A000303A0B22CFE000BF642BA2F1200240F28F
:1046B000CA80FFB2002F00F099824FEA470E9C4655
:1046C000002DD5B203957FF4D7AE40F2882405EBD8
:1046D0004502C0F6020404EBC20140F61862C0F6BF
:1046E00002020026029102EB451100275D4601916E
:1046F000792B01D1029A0DE0A12B0DD0F12B40F0C6
:104700007582039901EBC10242F2F421C0F6020165
:1047100001EBC202324401E001998A194BF21056B2
:1047200092F8008082B2C2F208064FF4AF6102FB39
:1047300001666A1C1FFA82F94FEA9912ACB21A2A72
:104740004FEAD812325500F25182A9EB0B026245B2
:104750006AD0AC1C1FFA84FA4FEA9A14C8F380128C
:104760001A2C06F8092000F24182AAEB0B026245DE
:104770005AD0EC1CA4B2A209C8F340191A2A06F8B0
:104780000A9000F23382A4EB0B0262454CD02A1D42
:104790001FFA82FA4FEA9A12C8F300191A2A06F889
:1047A000049000F22382AAEB0B0262453CD06C1D00
:1047B000A4B2A209C8F3C0091A2A06F80A9000F2A6
:1047C0001582A4EB0B0262452ED0AA1D1FFA82FAB5
:1047D0004FEA9A12C8F380091A2A06F8049000F2E8
:1047E0000582AAEB0B0262451ED0EC1DA4B2A20901
:1047F000C8F340091A2A06F80A9000F2F781A4EBE0
:104800000B02624510D008351FFA85F94FEA99125C
:1048100008F001081A2A06F8048000F2E781A9EBE3
:104820000B02624507D100BF013082B252094A2A09
:104830005D4600F2DB810137FEB2B6453FF658AF68
:10484000D4E100BF0A223E0600F0D081D2B2002D92
:10485000F9B2039100F00A8141F298574FF61466BD
:1048600040F6280C302B02EBC205C0F60207C0F65A
:104870000106C0F6020C40F0BD8102EB420406EBDB
:10488000840443F2D43607EB85094FF0000E0CEB9D
:1048900002175946C0F6020601950294009700BF20
:1048A0000C2B0BD0102B07D0182B4D4609D0019F95
:1048B00006EB071703E000BF009F00E0029F07EB35
:1048C0000E0595F900701FFA80FAB7F1FF3F0ADC78
:1048D0004BF21055C2F208054FF4AF640AFB0455C1
:1048E0008CB201222A554D1C1FFA85FC4FEA9C14FC
:1048F0001A2C00F27B81ACEB0B049C4200F0A580EB
:104900005FFA87F85FEA48650AD54BF21054C2F2A5
:1049100008044FF4AF650AFB0545012405F80C4077
:104920008F1CBFB2BD091A2D00F26081A7EB0B05E9
:104930009D4200F08A805FEA886509D54BF21055E8
:10494000C2F208054FF4AF640AFB04550124EC558C
:10495000CF1CBFB2BD091A2D00F24881A7EB0B0591
:104960009D4272D05FEAC86509D54BF21055C2F27C
:1049700008054FF4AF640AFB04550124EC550F1DE4
:10498000BFB2BD091A2D00F23181A7EB0B059D4284
:104990005BD05FEA087509D54BF21055C2F20805E5
:1049A0004FF4AF640AFB04550124EC554F1DBFB210
:1049B000BD091A2D00F21A81A7EB0B059D4244D0C8
:1049C0005FEA487509D54BF21055C2F208054FF45D
:1049D000AF640AFB04550124EC558F1DBFB2BD091D
:1049E0001A2D00F20381A7EB0B059D422DD05FEA43
:1049F000887509D54BF21055C2F208054FF4AF6423
:104A00000AFB04550124EC55CF1DBFB2BD091A2D78
:104A100000F2EC80A7EB0B059D4216D05FEAC8754B
:104A200009D04BF21055C2F208054FF4AF640AFBEF
:104A300004550124EC5508318FB2BD091A2D00F23E
:104A4000D580A7EB0B079F4206D1013087B27F09C3
:104A50004A2F594600F2CA80039A0EF1010E013A1C
:104A600009F1010903927FF41BAFBFE041F29857AF
:104A700002EBC201C0F6020707EB810840F62807E7
:104A8000C0F602070091002507EB02115F46029273
:104A9000019100BF0C2B13D0102B0DD0182B4646C4
:104AA00018D0302B40F0A280009E43F2D431C0F6E3
:104AB000020101EB06160CE001994E190AE000BF55
:104AC00002994FF6146401EB4106C0F6010404EBB1
:104AD00086062E444BF2105296F800A086B2C2F21F
:104AE00008024FF4AF6106FB012C7E1C1FFA86F909
:104AF0004FEA9916BCB21A2E4FEADA160CF8046087
:104B000074D8A9EB0B069E4262D0BE1C1FFA86FE2B
:104B10004FEA9E16CAF380141A2E0CF8094065D885
:104B2000AEEB0B049C4253D0FC1CA4B2A609CAF302
:104B300040191A2E0CF80E9058D8A4EB0B069E4282
:104B400046D03E1D1FFA86FE4FEA9E16CAF3001994
:104B50001A2E0CF8049049D8AEEB0B049C4237D0C7
:104B60007C1DA4B2A609CAF3C0091A2E0CF80E9037
:104B70003CD8A4EB0B069E422AD0BE1D1FFA86FE2F
:104B80004FEA9E16CAF380091A2E0CF804902DD80D
:104B9000AEEB0B049C421BD0FC1DA4B2A609CAF3C9
:104BA00040091A2E0CF80E9020D8A4EB0B069E425A
:104BB0000ED008371FFA87F94FEA99160AF0010E4E
:104BC0001A2E0CF804E011D8A9EB0B069E4205D171
:104BD000013087B27F094A2F5F4607D8039A013513
:104BE000013A08F1010803927FF454AF04B0BDE824
:104BF000F08F00BF02EB420407EB850106EB84094E
:104C0000002602914FF0010A0CEB0211DC460191E3
:104C1000182B00F0CF80102B00F0CA800C2B4D46D3
:104C2000E4D195F900701FFA80FEB7F1FF3F40F321
:104C3000CB800CF101041FFA84F84FEA98141A2C67
:104C4000D4D8A8EB0B049C4200F0A180F9B24D0629
:104C500009D54BF21054C2F208044FF4AF650EFBB5
:104C6000054505F808A00CF10205AFB2BD091A2DE3
:104C7000BCD8A7EB0B059D4200F089808D0609D5B5
:104C80004BF21054C2F208044FF4AF650EFB054519
:104C900005F807A00CF10305AFB2BD091A2DA5D880
:104CA000A7EB0B059D4272D0CD0609D54BF21054EF
:104CB000C2F208044FF4AF650EFB054505F807A0E6
:104CC0000CF10405AFB2BD091A2D8FD8A7EB0B0567
:104CD0009D425CD00D0709D54BF21054C2F2080476
:104CE0004FF4AF650EFB054505F807A00CF105056F
:104CF000AFB2BD091A2D3FF679AFA7EB0B059D4268
:104D000045D04D0709D54BF21054C2F208044FF4B8
:104D1000AF650EFB054505F807A00CF10605AFB21F
:104D2000BD091A2D3FF662AFA7EB0B059D422ED0B1
:104D30008D0709D54BF21054C2F208044FF4AF6549
:104D40000EFB054505F807A00CF10705AFB2BD093C
:104D50001A2D3FF64BAFA7EB0B059D4217D0CD07A1
:104D600009D04BF21054C2F208044FF4AF610EFBAD
:104D7000014505F807A00CF1080C1FFA8CF7BD09D6
:104D80001A2D3FF633AFA7EB0B079F4206D1013038
:104D900087B27F094A2FDC463FF628AF03990136D8
:104DA000013909F1010903917FF432AF1EE700BF19
:104DB000019900E002998D1995F900701FFA80FEA3
:104DC000B7F1FF3F3FF735AF4BF21054C2F2080482
:104DD0004FF4AF610EFB01451FFA8CF405F804A0F7
:104DE00027E700002DE9F04F83B00C9E0C460E998A
:104DF000792E01900AD0F12E06D0A12E19BF30468F
:104E000002961020029003E0182000E00C2002908F
:104E10000D78A5F12000C0B25E2831D8DDF804A0DD
:104E2000652E02EB0A0003EB04024FF0000338BFCB
:104E30000123029F1FFA80F827FA03FB4F1C1FFA79
:104E400082F900BF1FFA8AF00299404528BF0C443E
:104E5000A1B2494514D240450198EAB20D9D28BF40
:104E60005FFA80FA1FFA8AF033460095FFF7E4FAFA
:104E700017F8015BDA44A5F12000C0B25F28E1D346
:104E800003B0BDE8F08F000001F07EBF81B04EF6A8
:104E90008851CEF200010A6843F6000042F4700225
:104EA000C4F202000A60016841F00101016001687A
:104EB000890709D4016889075CBF01685FEA8171CD
:104EC00002D401688907F2D5816841F080018160D0
:104ED00000210091009A4F2A18D800BF009A013291
:104EE0000092009A4F2A11D8009A01320092009A3B
:104EF0004F2A0BD8009A01320092009A4F2A05D807
:104F0000009A01320092009A502AE7D3826842F058
:104F100090028260009100994F2917D800990131C1
:104F2000009100994F2911D8009901310091009901
:104F30004F290BD800990131009100994F2905D8CC
:104F400000990131009100995029E7D381684FF60B
:104F5000FF7221F0030181600168CFF6F662114013
:104F60000160016821F48021016000218160826874
:104F700043F21002C2F200424260C160016841F493
:104F8000803101604FF6FC71026892030CD4026814
:104F900092035CBF02685FEA823205D421B10268E5
:104FA00004399203F0D500BF0168890309D4016870
:104FB00089035CBF01685FEA813102D4016889031B
:104FC000F2D5026C47F2040142F08052C4F20001B3
:104FD000026451F8042C42F4404241F8042C8268E7
:104FE0008260826842F400428260826842F4A05289
:104FF000826047F61902C0F640224260026842F021
:10500000807202600268920109D4026892015CBF5A
:1050100002685FEA821202D402689201F2D551F866
:10502000042C42F4803241F8042C0A68D20309D4DB
:105030000A68D2035CBF0A685FEAC23202D40A6817
:10504000D203F2D551F8042C42F4003241F8042C7A
:105050000A68920309D40A6892035CBF0A685FEA8F
:10506000823202D40A689203F2D5816821F00301EA
:105070008160816841F0020181608168090709D47B
:10508000816809075CBF81685FEA017102D48168A9
:105090000907F2D501B07047B0B541F20004C4F27F
:1050A000000420460121012508F0C2FF012803D198
:1050B0002046012108F0B8FF40F23870C1F200002C
:1050C0000189828801318BB20181C18801320131AD
:1050D000022B05708280C18006D1D0E904350133EE
:1050E00045F1000503E000BF0AD3D0E904350133E0
:1050F00045F100050024C0E9043501230481437013
:1051000092B2B2F57A7F03D30022828001228270AC
:1051100089B2B1F5FA6F38BFB0BD0021C18001215D
:10512000C170B0BD2DE9F04397B00AA809F09AF814
:10513000684609F063F841F21A1004F05FFD4FF47D
:10514000406004F05BFD40F6014004F057FD40F67E
:10515000024004F053FD40F6034004F04FFD40F6DA
:10516000054004F04BFD40F6064004F047FD40F6D4
:105170000048C4F20208A8F5406630460E2141F608
:10518000581202F055F8A8F50067384609210122A7
:1051900002F04EF838460E214FF4706202F048F8E3
:1051A000A8F5806420460E21C02202F041F8404656
:1051B0000E21082202F03CF808F5006948460E214D
:1051C0004FF4806202F034F808F5406528460E215D
:1051D0004FF40C6202F02CF8284609214FF4A0523B
:1051E00002F026F830460221002241F6581302F060
:1051F00097F830460021032241F6581302F04AF98D
:1052000038460221002240F6017302F089F8384640
:105210000021032240F6017302F03CF920460221EE
:105220000022C02302F07CF8204600210322C02384
:1052300002F030F9404602210022082302F070F803
:10524000404600210322082302F024F948460221A7
:1052500000224FF4806302F063F8484600210322E5
:105260004FF4806302F016F92846022100224FF421
:10527000E65302F055F82846002103224FF4E65386
:1052800002F008F94046012100224FF4005302F0D9
:1052900047F84046002103224FF4005302F0FAF889
:1052A000C0200221032204F0D9FC002860D01C2079
:1052B00004F08AFB1C2004F097FB00285AD0002041
:1052C000CDE91500CDE913004FF009100A909520A3
:1052D000C0F29F000B9040F275200C9040F2E73036
:1052E0000F904FF4217040F2BF340E90FF250AA8B2
:1052F0000D94CDE91055129508F0C6FEA020C0F21D
:105300007520CDF8020096206FF0FF01ADF8060081
:105310000520CDF80D104FF480610290CDE9051005
:1053200040F274704FF68411C1F20000C2F2010124
:10533000016140F24060C0F2436008904FF4F070A9
:10534000ADF8240046F680000791C4F201006946DA
:10535000ADF800408DF80C5008F0F0FE012008F088
:1053600073FF012008F078FE17B0BDE8F08300BF9E
:10537000FEE700BFFEE70000FEE700002DE9F04F6A
:1053800081B0DDF828901F4615468B4691420446B1
:1053900002D24FF001081FE04FF00408584600BF4A
:1053A000B0FBF5F0A84211D3B0FBF5F0A84211D341
:1053B000B0FBF5F0A8420FD3B0FBF5F008F10408FC
:1053C000A842EDD2A8F1030806E000BFA8F1020848
:1053D00002E000BFA8F101080B99B84598BFB84694
:1053E000B9F1000F35D011F0010032D12026880725
:1053F00048BF30264FF0000A2020002F18BF064675
:1054000004E000BFE068B0F1FF3F22DDB9F1000F1A
:105410001FD0C8451DD2D4E90120411C914207D8B4
:1054200022681654E06862680130E0600846A160B6
:105430009042A9F10109E5D121682069FDF7CCFF6F
:10544000A168884202D1C4F808A0DBE74FF0FF3022
:10545000E060E068002858D4012601E0013F6E4377
:10546000022F01D3013F03E0BBFBF6F1A9421BD39E
:10547000012F05FB06F601D9013F03E0BBFBF6F166
:10548000A94211D3012F05FB06F601D9013F03E024
:10549000BBFBF6F1A94207D3012F05FB06F6DDD8C9
:1054A000BBFBF6F1A942DAD2A2682EA76168BBFB6A
:1054B000F6FA531C8B4209D817F80A002168885461
:1054C000E068616801301A46A360E0608A4209D151
:1054D00021682069FDF780FFA26890420CD1E06846
:1054E0000022A26000280AD4B6FBF5F10AFB16BB25
:1054F000AE420E46DAD202E04FF0FF30E0600B9988
:10550000C90718BFB9F1000F02D101B0BDE8F08F93
:105510002025A9F101064E4538BFC845F5D261687E
:10552000531C8B4207D820688554E06861680130BD
:105530001A46A360E0608A4209D121682069FDF71C
:105540004BFFA168884207D1E0680022A260B0F159
:10555000FF3FB146DDDCD8E74FF0FF30E06001B03F
:10556000BDE8F08F30313233343536373839414287
:1055700043444546000000002DE9F04F81B02DED79
:10558000068B8CB040F2CC7AC1F2000ADAF808003F
:10559000DAF81010DAF81820CAF80C00CAF814105B
:1055A000CAF81C20DAF82800DAF8301040F20802B5
:1055B000C2F2000245F20004DAF82030CAF82C00EA
:1055C000CAF83410DAF838001168C4F20104CAF8D5
:1055D0002430CAF83C0051602046022108F05AFBF2
:1055E0000628F9D02046002108F052FB2046012170
:1055F00008F050FB0628F9D0204608F045FB0120B2
:1056000001F0CEFB40F21C250020C2F20005CAF8D2
:10561000400000BF2046022108F03CFB0628F9D0DC
:105620002046002108F034FB2046012108F032FB1F
:105630000628F9D0204608F027FBDAF84010294464
:1056400081F85C00012001F0ABFBDAF84000411C5E
:105650001A28CAF84010DDDB95F8602095F85F1035
:1056600095F85C0095F86130120242EA0141CA18CF
:10567000C028CAF8442041F0128142F400004FF0E3
:10568000000CBCEBD25F18BFA2F5000095F86330A8
:1056900095F8622095F864701B02110443EA0242F7
:1056A0003A4442F4000BCAF8480095F86560BCEB38
:1056B000D15F18BFA2F5000B95F8662095F86770CA
:1056C000120242EA06423A44330442F40001CAF8A4
:1056D0004CB0BCEBD35F18BFA2F5000195F8693060
:1056E00095F868201B0295F86A60170443EA0242A5
:1056F00032440191CAF8501042F40001BCEBD75F6C
:1057000018BFA2F5000195F86C3095F86B201B02CC
:1057100095F86D60170443EA024232440291CAF8D8
:10572000541042F40001BCEBD75F18BFA2F5000192
:1057300095F86F3095F86E201B0295F8706017048D
:1057400043EA024232440391CAF8581042F400017D
:10575000BCEBD75F18BFA2F5000195F8723095F841
:10576000712095F873701B022C4695F8746015042F
:1057700043EA02423A440491CAF85C1042F4000140
:10578000BCEBD55F18BFA2F5000194F8752094F822
:105790007670120242EA064200EE100A3A44B8EE6F
:1057A000C00A0591CAF86010330442F4000110EEFB
:1057B000100ABCEBD35F18BFA2F500010091CAF834
:1057C00064100AF0BDF99FED1C0B53EC102B0992ED
:1057D0000B9309F0BDFF09F07FFC08EE100ACAF830
:1057E00068000AF0ADF98046DAF8080089460AF048
:1057F000A7F99FED130B044653EC102B0D460892AE
:105800000A9309F09BFC9FED100B06460F4653ECE4
:10581000102B20462946CDE9062309F08FFC0446CB
:105820000D463046394642464B460AF0D7F9E8B9AC
:1058300012E000BF00BF00BF72C4ABC30900093F44
:10584000CDCCCCCCCCCC1040CDCCCCCCCCCC10C0A6
:105850009A9999999999B93F2046294642464B46CB
:105860000AF0A7F9002808BF8AED1B8A00EE10BADB
:10587000B8EEC00A10EE100A8AED028A0AF060F94A
:10588000099A0B9B09F064FF09F026FC08EE100A48
:10589000CAF870000AF054F98046DAF81000894618
:1058A0000AF04EF9089A0A9B04460D4609F046FC98
:1058B000DDE9062306460F462046294609F03EFC50
:1058C00004460D463046394642464B460AF086F9B4
:1058D00048B92046294642464B460AF06AF9002854
:1058E00008BF8AED1D8A00988AED048A00EE100A2E
:1058F000B8EEC00A10EE100A0AF022F9099A0B9BC2
:1059000009F026FF09F0E8FB08EE100ACAF8780053
:105910000AF016F90746DAF8180088460AF010F976
:10592000089A0A9B04460D4609F008FCDDE90623A7
:1059300006468B4620462946454609F0FFFB804631
:105940008946304659463A462B460AF047F940F216
:10595000301BC2F2000B48B9404649463A462B4636
:105960000AF027F9002808BF8BED008A01988AED1C
:10597000068A00EE100AB8EEC00A10EE100A0AF00D
:10598000DFF8099A0B9B09F0E3FE09F0A5FB08EE8E
:10599000100ACBF804000AF0D3F88046DAF82000A9
:1059A00089460AF0CDF8089A0A9B04460D4609F08C
:1059B000C5FBDDE9062306460F462046294609F0C9
:1059C000BDFB04460D463046394642464B460AF07A
:1059D00005F948B92046294642464B460AF0E9F8FF
:1059E000002808BF8BED028A02988AED088A00EE33
:1059F000100AB8EEC00A10EE100A0AF0A1F8099ACF
:105A00000B9B09F0A5FE09F067FB08EE100ACBF826
:105A10000C000AF095F88046DAF8280089460AF06A
:105A20008FF8089A0A9B04460D4609F087FBDDE9CA
:105A3000062306460F462046294609F07FFB04460A
:105A40000D463046394642464B460AF0C7F848B93B
:105A50002046294642464B460AF0ABF8002808BFCC
:105A60008BED048A03988AED0A8A00EE100AB8EEDC
:105A7000C00A10EE100A0AF063F8099A0B9B09F0AD
:105A800067FE09F029FB08EE100ACBF814000AF0B3
:105A900057F88046DAF8300089460AF051F8089A3B
:105AA0000A9B04460D4609F049FBDDE9062306463C
:105AB0000F462046294609F041FB04460D46304674
:105AC000394642464B460AF089F848B920462946ED
:105AD00042464B460AF06DF8002808BF8BED068A57
:105AE00004988AED0C8A00EE100AB8EEC00A10EE97
:105AF000100A0AF025F8099A0B9B09F029FE09F013
:105B0000EBFA08EE100ACBF81C000AF019F88046F0
:105B1000DAF8380089460AF013F8089A0A9B044616
:105B20000D4609F00BFBDDE9062306460F4620462D
:105B3000294609F003FB04460D46304639464246E5
:105B40004B460AF04BF848B92046294642464B4698
:105B50000AF02FF8002808BF8BED088A05988AED17
:105B60000E8A00EE100AB8EEC00A10EE100A09F014
:105B7000E7FF099A0B9B09F0EBFD09F0ADFA08EE7F
:105B8000100ACBF8240009F0DBFF804640F2080041
:105B9000C2F200000068894609F0D2FF089A0A9B09
:105BA00004460D4609F0CAFADDE9062306460F460B
:105BB0002046294609F0C2FA04460D4630463946C9
:105BC00042464B460AF00AF848B920462946424662
:105BD0004B4609F0EEFF002808BF8BED0A8ADBF880
:105BE0002C0040F20801C2F200019AED1B9A81EDEF
:105BF000008A411C0428CBF82C10C0F2AA81002096
:105C0000CBF82C0019EE100A8BED0C9A09F098FFD6
:105C10000446DBF834000D4609F092FF1FEDF40B4B
:105C2000064653EC102B0F46CDE90A2309F086FAFD
:105C30009FED0B0B8046894653EC102B30463946BE
:105C4000CDE9082309F07AFA06460F464046494650
:105C500022462B4609F0C2FF80B905E000BF00BF15
:105C60009A9999999999B9BF3046394622462B4657
:105C700009F09FFF002808BF8BED0E9A9AED1D8A50
:105C80008BED0D9A18EE100A8BED0F8A09F058FF74
:105C90008046DBF84000894609F052FFDDE90A231F
:105CA00006460F4609F04AFADDE9082304460D4688
:105CB0003046394609F042FA06460F462046294644
:105CC00042464B4609F08AFF48B9304639464246BB
:105CD0004B4609F06EFF002808BF8BED118A9BED43
:105CE00000AA8BED108A1AEE100A8BED12AA09F0A9
:105CF00027FF8046DBF84C00894609F021FFDDE9EB
:105D00000A2306460F4609F019FADDE9082304467E
:105D10000D463046394609F011FA06460F46204630
:105D2000294642464B4609F059FF48B930463946A4
:105D300042464B4609F03DFF002808BF8BED14AAF0
:105D40009BED028A8BED13AA18EE100A8BED158AD3
:105D500009F0F6FE8046DBF85800894609F0F0FEAF
:105D6000DDE90A2306460F4609F0E8F9DDE90823D4
:105D700004460D463046394609F0E0F906460F461E
:105D80002046294642464B4609F028FF48B930468E
:105D9000394642464B4609F00CFF002808BF8BED00
:105DA000178A9BED04AA8BED168A1AEE100A8BED6A
:105DB00018AA09F0C5FE8046DBF86400894609F0A0
:105DC000BFFEDDE90A2306460F4609F0B7F9DDE913
:105DD000082304460D463046394609F0AFF9064619
:105DE0000F462046294642464B4609F0F7FE48B981
:105DF0003046394642464B4609F0DBFE002808BFD4
:105E00008BED1AAA9BED068A8BED19AA18EE100AE3
:105E10008BED1B8A09F094FE8046DBF87000894602
:105E200009F08EFEDDE90A2306460F4609F086F9E1
:105E3000DDE9082304460D463046394609F07EF96F
:105E400006460F462046294642464B4609F0C6FE06
:105E500048B93046394642464B4609F0AAFE00286A
:105E600008BF8BED1D8A9BED08AA8BED1C8A1AEEEC
:105E7000100A8BED1EAA09F063FE804640F21C203A
:105E8000C2F200000068894609F05AFEDDE90A23E3
:105E900006460F4609F052F9DDE9082304460D468F
:105EA0003046394609F04AF906460F46204629464B
:105EB00042464B4609F092FE68B9304639464246A2
:105EC0004B4609F076FE002802BF40F21C20C2F2C9
:105ED000000080ED01AA9BED0A8A40F21C24C2F268
:105EE000000418EE100A84ED00AA8AED018A09F078
:105EF00027FE8046A068894609F022FEDDE90A23D4
:105F000006460F4609F01AF9DDE9082304460D4656
:105F10003046394609F012F906460F462046294612
:105F200042464B4609F05AFE68B930463946424669
:105F30004B4609F03EFE002802BF40F21C20C2F290
:105F4000000080ED038A40F21C20C2F2000080EDC8
:105F5000028A4FF2A474C2F20104211D2046742269
:105F6000EAF74FFD9BED0E0A94ED001A94ED012A1D
:105F700084ED1D0A31EE000A94ED021A30EE020A99
:105F800094ED032A30EE010A94ED041A30EE020A71
:105F900094ED052A30EE010A94ED061A30EE020A5D
:105FA00094ED072A30EE010A94ED081A30EE020A49
:105FB00094ED092A30EE010A94ED0A1A30EE020A35
:105FC00094ED0B2A30EE010A94ED0C1A30EE020A21
:105FD00094ED0D2A30EE010A94ED0E1A30EE020A0D
:105FE00094ED0F2A30EE010A94ED101A30EE020AF9
:105FF00094ED112A30EE010A94ED121A30EE020AE5
:1060000094ED132A30EE010A94ED141A30EE020AD0
:1060100094ED152A30EE010A94ED161A30EE020ABC
:1060200094ED172A30EE010A94ED181A30EE020AA8
:1060300094ED192A30EE010A94ED1A1A30EE020A94
:1060400094ED1B2A30EE010A94ED1C1A30EE020A80
:106050009FEDFB8A30EE010A40F6244420EE080A48
:106060005D4640F21C2BC1F2000439EE409AC2F2A8
:10607000000B211D204674228BED040A8BED059A3E
:10608000EAF7BFFC95ED110A94ED001A94ED012A90
:1060900084ED1D0A94ED023A31EE000A94ED034AB4
:1060A00030EE020A94ED041A30EE030A94ED052A4C
:1060B00030EE040A94ED063A30EE010A94ED074AF8
:1060C00030EE020A94ED081A30EE030A94ED092A24
:1060D00030EE040A94ED0A3A30EE010A94ED0B4AD0
:1060E00030EE020A94ED0C1A30EE030A94ED0D2AFC
:1060F00030EE040A94ED0E3A30EE010A94ED0F4AA8
:1061000030EE020A94ED101A30EE030A94ED112AD3
:1061100030EE040A94ED123A30EE010A94ED134A7F
:1061200030EE020A94ED141A30EE030A94ED152AAB
:1061300030EE040A94ED163A30EE010A94ED174A57
:1061400030EE020A94ED181A30EE030A94ED192A83
:1061500030EE040A94ED1A3A30EE010A94ED1B4A2F
:1061600030EE020A94ED1C1A30EE030A30EE040AF7
:1061700030EE010A9AED1D1A20EE080A31EE401A9F
:1061800039EE412A32EE093ABEEE004A23EE043AD5
:1061900012EE100A8BED060A8BED071A8BED093A09
:1061A0008BED082A09F0CCFC064619EE100A0F46C2
:1061B00009F0C6FC9FEDA40B804654EC105B2A4608
:1061C0002346894609F0C4FA02460B463046394652
:1061D00009F0C8FB08F080FFCBF8280030463946AC
:1061E0002A46234609F0B4FA02460B464046494681
:1061F00009F0B8FB08F070FF4FF61C04C2F201046E
:10620000CBF82C00211D20467422EAF7FAFB40F25D
:106210003015C2F2000595ED140A94ED001A94EDC4
:10622000012A84ED1D0A31EE000A94ED021A30EEC7
:10623000020A94ED032A30EE010A94ED041A30EEBE
:10624000020A94ED052A30EE010A94ED061A30EEAA
:10625000020A94ED072A30EE010A94ED081A30EE96
:10626000020A94ED092A30EE010A94ED0A1A30EE82
:10627000020A94ED0B2A30EE010A94ED0C1A30EE6E
:10628000020A94ED0D2A30EE010A94ED0E1A30EE5A
:10629000020A94ED0F2A30EE010A94ED101A30EE46
:1062A000020A94ED112A30EE010A94ED121A30EE32
:1062B000020A94ED132A30EE010A94ED141A30EE1E
:1062C000020A94ED152A30EE010A94ED161A30EE0A
:1062D000020A94ED172A30EE010A94ED181A30EEF6
:1062E000020A94ED192A30EE010A94ED1A1A30EEE2
:1062F000020A94ED1B2A30EE010A94ED1C1A30EECE
:10630000020A30EE010A95ED001A40F69C4420EE98
:10631000080AC1F2000431EE401A211D2046742201
:106320008BED0C0A8BED0D1AEAF76BFB95ED170A56
:1063300094ED001A94ED012A84ED1D0A31EE000A55
:1063400094ED021A30EE020A94ED032A30EE010AAF
:1063500094ED041A30EE020A94ED052A30EE010A9B
:1063600094ED061A30EE020A94ED072A30EE010A87
:1063700094ED081A30EE020A94ED092A30EE010A73
:1063800094ED0A1A30EE020A94ED0B2A30EE010A5F
:1063900094ED0C1A30EE020A94ED0D2A30EE010A4B
:1063A00094ED0E1A30EE020A94ED0F2A30EE010A37
:1063B00094ED101A30EE020A94ED112A30EE010A23
:1063C00094ED121A30EE020A94ED132A30EE010A0F
:1063D00094ED141A30EE020A94ED152A30EE010AFB
:1063E00094ED161A30EE020A94ED172A30EE010AE7
:1063F00094ED181A30EE020A94ED192A30EE010AD3
:1064000094ED1A1A30EE020A94ED1B2A30EE010ABE
:1064100094ED1C1A30EE020A30EE010A95ED021AD4
:106420004FF6940420EE080AC2F2010431EE401A3D
:10643000211D204674228BED0E0A00F009B800BF22
:106440008988083D00BF00BF000000000000E03F59
:106450008BED0F1AEAF7D5FA95ED1A0A94ED001AAA
:1064600094ED012A84ED1D0A31EE000A94ED021A22
:1064700030EE020A94ED032A30EE010A94ED041A7C
:1064800030EE020A94ED052A30EE010A94ED061A68
:1064900030EE020A94ED072A30EE010A94ED081A54
:1064A00030EE020A94ED092A30EE010A94ED0A1A40
:1064B00030EE020A94ED0B2A30EE010A94ED0C1A2C
:1064C00030EE020A94ED0D2A30EE010A94ED0E1A18
:1064D00030EE020A94ED0F2A30EE010A94ED101A04
:1064E00030EE020A94ED112A30EE010A94ED121AF0
:1064F00030EE020A94ED132A30EE010A94ED141ADC
:1065000030EE020A94ED152A30EE010A94ED161AC7
:1065100030EE020A94ED172A30EE010A94ED181AB3
:1065200030EE020A94ED192A30EE010A94ED1A1A9F
:1065300030EE020A94ED1B2A30EE010A94ED1C1A8B
:1065400030EE020A30EE010A95ED041A40F61454BA
:1065500020EE080AC1F2000431EE401A211D204647
:1065600074228BED100A8BED111AEAF74AFA95EDB9
:106570001D0A94ED001A94ED012A84ED1D0A31EEF6
:10658000000A94ED021A30EE020A94ED032A30EE6E
:10659000010A94ED041A30EE020A94ED052A30EE59
:1065A000010A94ED061A30EE020A94ED072A30EE45
:1065B000010A94ED081A30EE020A94ED092A30EE31
:1065C000010A94ED0A1A30EE020A94ED0B2A30EE1D
:1065D000010A94ED0C1A30EE020A94ED0D2A30EE09
:1065E000010A94ED0E1A30EE020A94ED0F2A30EEF5
:1065F000010A94ED101A30EE020A94ED112A30EEE1
:10660000010A94ED121A30EE020A94ED132A30EECC
:10661000010A94ED141A30EE020A94ED152A30EEB8
:10662000010A94ED161A30EE020A94ED172A30EEA4
:10663000010A94ED181A30EE020A94ED192A30EE90
:10664000010A94ED1A1A30EE020A94ED1B2A30EE7C
:10665000010A94ED1C1A30EE020A30EE010A95EDA3
:10666000061A4FF60C1420EE080AC2F2010431EEAD
:10667000401A211D204674228BED120A8BED131A4D
:10668000EAF7BFF99BED010A94ED001A94ED012A97
:1066900084ED1D0A31EE000A94ED021A30EE020A72
:1066A00094ED032A30EE010A94ED041A30EE020A4A
:1066B00094ED052A30EE010A94ED061A30EE020A36
:1066C00094ED072A30EE010A94ED081A30EE020A22
:1066D00094ED092A30EE010A94ED0A1A30EE020A0E
:1066E00094ED0B2A30EE010A94ED0C1A30EE020AFA
:1066F00094ED0D2A30EE010A94ED0E1A30EE020AE6
:1067000094ED0F2A30EE010A94ED101A30EE020AD1
:1067100094ED112A30EE010A94ED121A30EE020ABD
:1067200094ED132A30EE010A94ED141A30EE020AA9
:1067300094ED152A30EE010A94ED161A30EE020A95
:1067400094ED172A30EE010A94ED181A30EE020A81
:1067500094ED192A30EE010A94ED1A1A30EE020A6D
:1067600094ED1B2A30EE010A94ED1C1A30EE020A59
:1067700030EE010A95ED081A40F68C5420EE080A16
:10678000C1F2000431EE401A211D204674228BED27
:10679000140A8BED151AEAF734F99BED030A94ED10
:1067A000001A94ED012A84ED1D0A31EE000A94EDE1
:1067B000021A30EE020A94ED032A30EE010A94ED3B
:1067C000041A30EE020A94ED052A30EE010A94ED27
:1067D000061A30EE020A94ED072A30EE010A94ED13
:1067E000081A30EE020A94ED092A30EE010A94EDFF
:1067F0000A1A30EE020A94ED0B2A30EE010A94EDEB
:106800000C1A30EE020A94ED0D2A30EE010A94EDD6
:106810000E1A30EE020A94ED0F2A30EE010A94EDC2
:10682000101A30EE020A94ED112A30EE010A94EDAE
:10683000121A30EE020A94ED132A30EE010A94ED9A
:10684000141A30EE020A94ED152A30EE010A94ED86
:10685000161A30EE020A94ED172A30EE010A94ED72
:10686000181A30EE020A94ED192A30EE010A94ED5E
:106870001A1A30EE020A94ED1B2A30EE010A94ED4A
:106880001C1A30EE020A30EE010A95ED0A1A20EECB
:10689000080A8BED160A31EE400A8AED000A0CB0A8
:1068A000BDEC068B01B0BDE8F08F000070B5064668
:1068B00045F200040A200D46C4F2010400F070FA0B
:1068C0002046022107F0E6F90628F9D02046314695
:1068D00007F0DEF92046012107F0DCF90628F9D09F
:1068E000204607F0D1F90A2000F05AFA204602218A
:1068F00007F0D0F90628F9D02046002107F0C8F9A2
:106900002046012107F0C6F90628F9D0204607F0F5
:10691000BBF90A2000F044FAB00615D52046022142
:1069200007F0B8F90628F9D02046002107F0B0F9A1
:106930002046012107F0AEF90628F9D0204607F0DD
:10694000A3F90A2000F02CFA2046022107F0A2F950
:106950000628F9D0E9B2204607F09AF9204601212D
:1069600007F098F90628F9D0204607F08DF9C0B253
:1069700070BD0000816841F00801816081680907ED
:1069800009D58168090744BF81685FEA017102D5B2
:1069900081680907F2D4816841F00401816003E055
:1069A0008168490758BF70478168490706D58168E3
:1069B000490744BF81685FEA4171F1D47047000024
:1069C00080B502290AD001291CD1511E102919D2E3
:1069D0004FF4700E6FF4700C2C2308E0511E032945
:1069E00088BF80BD4FF4401E6FF4401C38231958F7
:1069F00001EA0C0119500EEB02511A5801EA0E017E
:106A00001143195080BD000042F20431C4F201016B
:106A10000A6822F4E0220A600A681043086070479E
:106A20008268002922F4006218BF02F500628260C9
:106A30007047000080B540F6081003F0FFF840F6FC
:106A40000810BDE8804003F0E9B80000816821F437
:106A500080718160704700008168C90718BF704766
:106A6000816841F00101816070470000012907D071
:106A7000022918BF70474FF0140C6FF4401303E065
:106A80004FF01C0C6FF04053816802FA0CF2194071
:106A9000816081681143816070470000012905D041
:106AA000022918BF70476FF4702101E06FF0706128
:106AB00083681940816081681143816070470000DC
:106AC0000068084018BF012070470000D0F880100F
:106AD00021F00101C0F8801070470000426822F0E8
:106AE00040724260426811434160704780B5052999
:106AF0000ED8D0F834C001EB810E1F2101FA0EF13F
:106B00002CEA010C02FA0EF141EA0C01416325E086
:106B10000B2911D801EB8101D0F830C0A1F11E0E74
:106B20001F2101FA0EF12CEA010C02FA0EF141EAE2
:106B30000C01016312E000BF10290FD201EB8101AB
:106B4000D0F82CC0A1F13C0E1F2101FA0EF12CEA65
:106B5000010C02FA0EF141EA0C01C162092A05D8C2
:106B600000F1100C02EB420108E000BF122A88BFBE
:106B700080BD02EB420100F10C0C1E39DCF8002054
:106B80000720884022EA000003FA01F10843CCF80C
:106B9000000080BDC06C80B270470000012909D0A0
:106BA000022918BF70474FF4800182681143816049
:106BB000704700BF4FF08041826811438160704789
:106BC00032B1CA0518D44A051CD4890720D47047AD
:106BD000CA0503D5426822F4807242604A0503D593
:106BE000426822F480624260890758BF704781681A
:106BF00021F0020181607047426842F48072426075
:106C00004A05E2D5426842F4806242608907DED5D7
:106C1000816841F0020181607047000042F2043156
:106C2000C4F201010A6822F01F020A600A681043D8
:106C30000860704780B540F29C30C2F200004FF40B
:106C4000FA31E9F745FF80BD002808BF7047B0B5AD
:106C50000446007890B141F20005C4F2010500BF7E
:106C6000C1B2284607F06EFB2846072107F0DEFB7D
:106C70000028F9D014F8010F0028F1D1BDE8B04088
:106C800070470000016821F00111016070470000A9
:106C9000012905D059B9032A09D2082104E000BF0F
:106CA000022A88BF7047142101EB82010B50704704
:106CB00047F20041C4F20001884218BF704780B516
:106CC00040F61D0002F0BAFF40F61D00BDE880400E
:106CD00002F0A4BF41B1012918BF70474FF48031C1
:106CE000026811430160704701210268114301608D
:106CF0007047000041B1012918BF70476FF400319F
:106D000002681140016070476FF002010268114093
:106D10000160704741B1012918BF70476FF48021AD
:106D200002681140016070476FF004010268114071
:106D300001607047012907D0002918BF704701681A
:106D400021F0C00104E000BF0168120421F44001F9
:106D50000160016811430160704700004FF47A71CF
:106D600041434FF29C70C2F20100016006E000BF97
:106D70000168002908BF7047016821B1016811B19D
:106D800001680029F4D170474FF29C70C2F20100F3
:106D90000168002908BF7047016801390160704728
:106DA0004FF29C71C2F20101086005E008680028FA
:106DB00008BF7047086820B1086810B1086800284B
:106DC000F4D1704710B543F6084CC4F2010C644688
:106DD00054F808ED2EEA000323605CF8043C23EA33
:106DE00000034CF8043CDCF8003023EA0003CCF844
:106DF0000030DCF8043023EA0003CCF8043019B189
:106E0000012904D1ACF10404216801432160022A64
:106E100016D0012A6FEA00010ED0002A18BF10BD5B
:106E2000DCF800201043CCF80000DCF80400084037
:106E3000CCF8040010BD00BFDCF80020114002E0D7
:106E4000DCF800100143CCF80010DCF80410084313
:106E5000CCF8040010BD000043F61441C4F2010157
:106E60000860704743F61441C4F201010968084004
:106E700018BF012070470000B0B541F20044C4F2D1
:106E8000020403F03FF90520FFF768FFA4F58065D1
:106E90002846802100F03EFA012827D101F032F97E
:106EA00020464FF4005100F035FA012804BF0220BB
:106EB000B0BD20464FF4804100F02CFA012804BFF9
:106EC0000520B0BD20464FF4004100F023FA012810
:106ED00004BF0920B0BD04F58060012100F01AFA5A
:106EE000012804BF0C20B0BD5BE000BF28464FF472
:106EF000807100F00FFA012826D101F003F9204635
:106F00004FF4005100F006FA012804BF0320B0BD81
:106F100020464FF4804100F0FDF9012804BF06200F
:106F2000B0BD20464FF4004100F0F4F9012804BF41
:106F30000A20B0BD04F58060012100F0EBF90128C2
:106F400004BF0720B0BD2CE004F58065284602216F
:106F500000F0E0F9012824D101F0D4F820464FF4E4
:106F6000005100F0D7F9012804BF0120B0BD204630
:106F70004FF4804100F0CEF9012804BF0420B0BDD9
:106F800020464FF4004100F0C5F9012804BF082055
:106F9000B0BD2846012100F0BDF9012804BF0B2037
:106FA000B0BD0020B0BD00002DE9F04381B043F634
:106FB0000004C4F2000400BF2046022106F06AFE6D
:106FC0000628F9D02046002106F062FE2046012165
:106FD00006F060FE0628F9D0204606F055FE052092
:106FE000FFF7DEFE2046022106F054FE0628F9D007
:106FF0002046002106F04CFE2046012106F04AFE04
:107000000628F9D0204606F03FFE80460520FFF70F
:10701000C7FE00BF2046022106F03CFE0628F9D03C
:107020002046002106F034FE2046012106F032FE03
:107030000628F9D0204606F027FE0520FFF7B0FE0F
:107040002046022106F026FE0628F9D0204600211F
:1070500006F01EFE2046012106F01CFE0628F9D08F
:10706000204606F011FE0520FFF79AFE2046022179
:1070700006F010FE0628F9D02046002106F008FE92
:107080002046012106F006FE0628F9D0204606F02B
:10709000FBFD81460520FFF783FE00BF204602214D
:1070A00006F0F8FD0628F9D02046002106F0F0FD94
:1070B0002046012106F0EEFD0628F9D0204606F014
:1070C000E3FD07460520FFF76BFE00BF20460221C7
:1070D00006F0E0FD0628F9D02046002106F0D8FD94
:1070E0002046012106F0D6FD0628F9D0204606F0FC
:1070F000CBFD05460520FFF753FE00BF20460221C9
:1071000006F0C8FD0628F9D02046002106F0C0FD93
:107110002046012106F0BEFD0628F9D0204606F0E3
:10712000B3FD0520FFF73CFE2046022106F0B2FD2C
:107130000628F9D02046002106F0AAFD20460121AC
:1071400006F0A8FD0628F9D0204606F09DFD052092
:10715000FFF726FE2046022106F09CFD0628F9D006
:107160002046002106F094FD2046012106F092FD04
:107170000628F9D020465FFA88F606F085FD05203E
:10718000FFF70EFEC02E50D1E8B25FFA89F1FBB2D4
:1071900040EA014040EA032040F288740A0440F4C7
:1071A00000010023C1F20004B3EBD25F18BFA0F5C9
:1071B0000001D4E9020242F21073C718C31A9942BF
:1071C0000B466160B8BF1346B942C8BF1346C4E955
:1071D000021046F26760C6F2666053FB00F0811051
:1071E00001EBD07000EE100AB8EEC00A04F12000E6
:1071F0002361FBF797FF04F1300084ED050AFAF7ED
:1072000087FABDEEC00A94ED001AB8EEC00A31EE5E
:10721000001AB6EE002AE06921EE021A84ED060A91
:1072200084ED051A206084ED070A01B0BDE8F08303
:1072300010B5036AD40723F00F0ED0F824C018BF8E
:107240004EEA010323F0F00E940748BF4EEA011303
:1072500023F4706E540748BF4EEA012323F4704EA6
:10726000140748BF4EEA013323F4702ED40648BFFA
:107270004EEA014323F4700E940648BF4EEA0153D0
:1072800023F0706E540648BF4EEA016323F0704E3F
:10729000140648BF4EEA01732CF00F0ED40548BF08
:1072A0004EEA010C2CF0F00E940548BF4EEA011C8A
:1072B0002CF4706E540548BF4EEA012C2CF4704E2D
:1072C000140548BF4EEA013C2CF4702ED40448BF8C
:1072D0004EEA014C2CF4700E940448BF4EEA015C57
:1072E0002CF0706E540448BF4EEA016C2CF07044D0
:1072F000120448BF44EA017C0362C0F824C010BDF8
:1073000081627047816170471823002A08BF2823D3
:10731000195070470069084018BF012070470000ED
:10732000B0B5D0F800C0D0F80CE013F001042CF098
:1073300003042EF003051CBF44EA010C45EA020ECB
:1073400013F002042CF00C042EF00C051CBF44EAD0
:10735000810C45EA820E13F004042CF030042EF068
:1073600030051CBF44EA011C45EA021E13F0080464
:107370002CF0C0042EF0C0051CBF44EA811C45EA75
:10738000821E13F010042CF440742EF440751CBFC0
:1073900044EA012C45EA022E13F020042CF4406448
:1073A0002EF440651CBF44EA812C45EA822E13F07E
:1073B00040042CF440542EF440551CBF44EA013CD8
:1073C00045EA023E13F080042CF440442EF440457C
:1073D0001CBF44EA813C45EA823E13F480742CF4DD
:1073E00040342EF440351CBF44EA014C45EA024EBD
:1073F00013F400742CF440242EF440251CBF44EAFE
:10740000814C45EA824E13F480642CF440142EF42F
:1074100040151CBF44EA015C45EA025E13F40064B7
:107420002CF440042EF440051CBF44EA815C45EA7C
:10743000825E13F480542CF040742EF040751CBF13
:1074400044EA016C45EA026E13F400542CF04064E7
:107450002EF040651CBF44EA816C45EA826E13F44D
:1074600080442CF040542EF040551CBF44EA017C6F
:1074700045EA027E13F400432CF040432EF04044D2
:107480001CBF43EA817C44EA827EC0F800C0C0F899
:107490000CE0B0BD0129416814BF99431943416014
:1074A00080B5D0F808E0D9072EF0030C18BF4CEADD
:1074B000020E2EF00C0C990748BF4CEA820E2EF0FB
:1074C000300C590748BF4CEA021E2EF0C00C1907B9
:1074D00048BF4CEA821E2EF4407CD90648BF4CEAD5
:1074E000022E2EF4406C990648BF4CEA822E2EF4F0
:1074F000405C590648BF4CEA023E2EF4404C190647
:1075000048BF4CEA823E2EF4403CD90548BF4CEAC5
:10751000024E2EF4402C990548BF4CEA824E2EF4C0
:10752000401C590548BF4CEA025E2EF4400C190578
:1075300048BF4CEA825E2EF0407CD90448BF4CEA3A
:10754000026E2EF0406C990448BF4CEA826E2EF019
:10755000405C590448BF4CEA027E2EF040411B04B7
:1075600048BF41EA827EC0F808E080BD2DE9F041C5
:1075700088B040F6054002F041FB41F2141002F0E1
:107580003DFB41F20044C4F20204204602210022E5
:1075900080230025FFF7C4FE2046022100224FF47D
:1075A0008073FFF7BDFE2046022100224FF40073D6
:1075B0004FF40078FFF7B4FE204605218022FFF744
:1075C00037FE204605214FF48072FFF731FE20463A
:1075D00005214FF40072FFF72BFE20460021022206
:1075E0008023FFF757FF2046002102224FF48073CB
:1075F000FFF750FF2046002102224FF40073FFF7EF
:1076000049FF40F6054002F0F9FA20460121002228
:1076100040230127FFF784FE204600210222402359
:10762000FFF738FF204640210122FFF76DFE20467C
:107630000121002210231026FFF772FE20460121AF
:1076400000222023FFF76CFE204600210222102397
:10765000FFF720FF2046002102222023FFF71AFF18
:1076600002954FF48270CDE90358CDE90557A4F592
:107670004445019001A92846079606F011FB2846CB
:1076800006F0FCFA204620210122FFF73DFE0A20E9
:10769000FFF764FB204610210122FFF735FE64202E
:1076A000FFF75CFB204610210622FFF72DFE052088
:1076B000FFF776FB204610210122FFF725FE64200C
:1076C000FFF74CFB204620210622FFF71DFE01207C
:1076D000FFF744FB204620210122FFF715FE012081
:1076E000FFF73CFB204620210622FFF70DFE0A2073
:1076F000FFF734FB0020FBF771FD03A10020FBF72F
:107700007DFF08B0BDE8F0813132206C65616420F6
:1077100072656164790D0A00B0B54FF4406002F003
:107720006DFA41F2041002F069FA41F20004C4F269
:10773000010404F57045284607214FF48062FFF7E5
:1077400077FD284607214FF40042FFF771FD2846D8
:10775000022101224FF48063FFF7E2FD2846022157
:1077600001224FF40043FFF7DBFD284600210222EF
:107770004FF48063FFF78EFE2846002102224FF46B
:107780000043FFF787FE204606F0E0FD48F2804107
:10779000C0F21E01204606F06BFD2046002106F0D7
:1077A0004DFE2046002106F05FFE2046002106F037
:1077B0004DFE2046082106F051FE2046BDE8B040AF
:1077C00006F02EBE70B540F6044002F017FA40F6FF
:1077D000054002F013FA40F6064002F00FFA41F2BB
:1077E0000E1002F00BFA41F20004C4F2020420462B
:1077F000002100224FF48063FFF792FD2046002114
:1078000000224FF40063FFF78BFD20460021002289
:107810004FF48053FFF784FD2046002100224FF4EF
:107820000053FFF77DFD2046002102224FF48063C4
:10783000FFF730FE2046002102224FF40063FFF7DD
:1078400029FE2046002102224FF48053FFF722FE3A
:107850002046002102224FF40053FFF71BFE204672
:10786000002100224FF40073FFF75AFD204600214B
:1078700002224FF40073FFF70DFE04F580663046D8
:10788000012101224FF40053FFF74AFD3046012148
:1078900001224FF48043FFF743FD304601210122CE
:1078A0004FF40043FFF73CFD04F500652846012135
:1078B00001220123FFF734FD3046002102224FF45C
:1078C0000053FFF7E7FD3046002102224FF48043CA
:1078D000FFF7E0FD3046002102224FF40043FFF79E
:1078E000D9FD2846002102220123FFF7D3FD3046AF
:1078F0004FF400510122FFF707FD30464FF480415D
:107900000122FFF701FD30464FF400410122FFF74D
:10791000FBFC284601210122FFF7F6FC2846002146
:1079200000220223FFF7FCFC2046002100228023D6
:10793000FFF7F6FC2046002100224FF48073FFF78A
:10794000EFFC2846002102220223FFF7A3FD204678
:10795000002102228023FFF79DFD20460021022204
:107960004FF48073FFF796FD2046002100224FF46C
:107970008043FFF7D5FC2046002100224FF400434E
:10798000FFF7CEFC2046002102224FF48043FFF790
:1079900081FD2046002102224FF40043FFF77AFDCB
:1079A00018A10020FBF72AFE0A200321032201F080
:1079B00009FB17200321032201F004FB28200321E7
:1079C000032201F0FFFA0220042106F083F90420CB
:1079D000092106F07FF904200E2106F07BF9102022
:1079E00000210222FFF7EEF94FF40070002101227E
:1079F000FFF7E8F94FF4804000210222BDE8704013
:107A0000FFF7E0B94B6579204750494F20696E690F
:107A10007465640D0A000000B0B540F6054002F040
:107A2000EDF841F20004C4F2020404F58065284632
:107A3000012101220123FFF773FC284601210122C5
:107A40000223FFF76DFC2846012102220123FFF7E4
:107A500021FD2846012102220223FFF71BFD40F6EB
:107A6000044002F0CBF82046012100220223FFF758
:107A700057FC2046002102220223FFF70BFD20467F
:107A8000012100220123FFF74BFC204600210222A6
:107A90000123FFF7FFFCBDE8B04001F085BB00000B
:107AA00070B540F6054002F0A9F840F6014002F03A
:107AB000A5F840F6024002F0A1F840F6064002F0B8
:107AC0009DF84FF4406002F099F841F60005C4F2C9
:107AD0000205A5F5A0542046012100220223FFF74C
:107AE0001FFC2046012100220423FFF719FCA5F505
:107AF00080663046012100224FF40063FFF710FC3E
:107B00003046012100224FF48053FFF709FC204644
:107B1000002102220223FFF7BDFC204600210222A1
:107B20000423FFF7B7FC3046002102224FF4006324
:107B3000FFF7B0FC3046002102224FF48053FFF7DC
:107B4000A9FC204604210022FFF7DEFB30464FF45B
:107B500080510022FFF7D8FBA5F580563046002162
:107B600000222023FFF7DCFB3046002102222023E5
:107B7000FFF790FC2846012100220823FFF7D0FBE5
:107B80002846012100221023FFF7CAFB28460121C5
:107B900000224FF48043FFF7C3FB28460121002257
:107BA0004FF40043FFF7BCFB2846002102220823C4
:107BB000FFF770FC2846002102221023FFF76AFC21
:107BC0002846002102224FF48043FFF763FC284639
:107BD000002102224FF40043FFF75CFC28461021ED
:107BE0000122FFF791FB284608210122FFF78CFBB9
:107BF00028464FF400410122FFF786FB28464FF448
:107C000080410122FFF780FB28460121002220232A
:107C1000FFF786FB2846002102222023FFF73AFCCB
:107C2000284620210022FFF76FFB28460121002271
:107C30004FF40053FFF774FB2046012100228023FC
:107C4000FFF76EFB2046012100224023FFF768FB6F
:107C50002846002102224FF40053FFF71BFC204668
:107C6000002102228023FFF715FC2046002102227A
:107C70004023FFF70FFC28464FF400510022FFF786
:107C800043FB204680210022FFF73EFB2046402197
:107C90000022BDE87040FFF737BB00002DE9F04F30
:107CA00089B040F2547940F2D46845F298214CF6FC
:107CB000E01BC1F200090020C1F20008C2F2080175
:107CC000C2F20A0BC9F80800C8F800000A1892EDC1
:107CD000000A0BEB0003BDEEC00A10EE105A92ED45
:107CE000020A92ED011ABDEEC00A83ED020A92ED7E
:107CF000040ABDEEC11ABDEEC00A83ED011A92ED71
:107D0000031A83ED040A92ED060ABDEEC11ABDEE18
:107D1000C00A83ED031A92ED051A83ED060A92ED6F
:107D2000080ABDEEC11ABDEEC00A83ED051A92ED38
:107D3000071A83ED080A92ED0A0ABDEEC11ABDEEDC
:107D4000C00A83ED071A92ED091A83ED0A0A92ED33
:107D50000C0ABDEEC11ABDEEC00A83ED091A92ED00
:107D60000B1A83ED0C0A92ED0E0ABDEEC11ABDEEA0
:107D7000C00A83ED0B1A92ED0D1A83ED0E0A92EDF7
:107D8000100ABDEEC11ABDEEC00A83ED0D1A92EDC8
:107D90000F1A83ED100A92ED120ABDEEC11ABDEE64
:107DA000C00A83ED0F1A92ED111A83ED120A92EDBB
:107DB000130A4BF800505030BDEEC11ABDEEC00A98
:107DC000B0F5FA5F83ED111A83ED130A7FF47EAFED
:107DD00000200DF1140A9FED950ACDE90700CDE9C9
:107DE0000500F1EE000A5046FAF752F8ABF1040430
:107DF0004FF4FA66254600BF55F8040F00EE100A4E
:107E0000B8EEC00A5046FBF78DF9BDEEC00A013E40
:107E100085ED000AF0D100206D469FED840ADFED6C
:107E2000840A0490CDE90200CDE900002846FAF763
:107E30000FF84FF4FA6600BF54F8040F00EE100A72
:107E4000B8EEC00A2846F9F763FCBDEEC00A013E51
:107E500084ED000AF0D1D9F80420D9E9031442F2E4
:107E6000934E40F6314C0020C9F2492EC3F2C30CA8
:107E7000002327E009F10C010BEB000270C19168AF
:107E80002E4426440E445EFB0666C9F804103711E2
:107E900007EBD676966009F10C020BEB000632C2B6
:107EA000F26825440D4415445EFB055504332F113B
:107EB00007EBD575B3F5FA6F00F11000C9F804208F
:107EC000F56059D050B3C9F814405BF800500C4429
:107ED00014442C445EFB0444C9E90321261106EB3B
:107EE000D4740E46C9F804504BF8004043F0010129
:107EF00001291AD1DBE9005461195EFB0111C9F8AF
:107F00000C50CA1002EBD171C9F80440CBF8041030
:107F100043F002010229ADD11EE000BF15462646FE
:107F20000A4643F001010129E4D00BEB0001C9F836
:107F300014604C6816442E4426445EFB0666C9E96C
:107F40000352371107EBD6764E601646C9F8044047
:107F500043F0020102298DD1DBF8081062190A44AE
:107F600052FB0CF2961006EBD272C9E90345C9F830
:107F70000410CBF808208EE799F80020D8F800000C
:107F80005BF8083B40F2CC7107E000BF1CBF002249
:107F900089F800200BF1100B04395BF8046C9E4249
:107FA00018DA1AB9012289F800200130DBF8003014
:107FB000B34217DA22B90122013089F8002000BF4C
:107FC000DBF804609E4215DAC2B90122013089F85B
:107FD000002013E01CBF002289F80020DBF80030ED
:107FE000B342E7DB1CBF002289F80020DBF8046005
:107FF0009E42E9DB1CBF002289F8002051B1DBF86A
:108000000830B342C2DA002AC4D10122013089F813
:108010000020BFE700EB400103390428B8BF00216E
:10802000C8F8001009B0BDE8F08F00BF0AD7A33B25
:10803000CDCC4C3E40F25071C1F200010A78032AC7
:1080400008D14978012915D019B903283CD0012855
:1080500024D07047012AFCD14978002918BF704705
:10806000052825D0032819D0022808BFF1F788BCBD
:10807000EFE700BF01380328EBD8DFE800F0033753
:108080002D2F00BF40F20100C2F20000017802294A
:1080900022BF013901707047DBE700BF40F63410A2
:1080A000C1F20000017881F001010170704700BF4A
:1080B00080B505F05FFE40F24F00C2F200000121E2
:1080C0000170BDE88040704740F63610C1F20000F4
:1080D00001210170704700BFEDF768BA40F201005E
:1080E000C2F2000014210170704700BF40F201008D
:1080F000C2F20000017805299EBF0131017070476E
:10810000A7E70000B0B541F20044C4F202042046E3
:108110004FF400510022FFF7F7F820464FF480415A
:108120000022FFF7F1F820464FF400410022FFF74C
:10813000EBF804F58065284601210022FFF7E4F8FA
:108140002046002100224FF40053FFF7E9F82046B3
:10815000002100224FF48043FFF7E2F8204600217F
:1081600000224FF40043FFF7DBF8284600210022ED
:108170000123FFF7D5F82846012100220223FFF74B
:10818000CFF8A4F580642046012100228023FFF768
:10819000C7F82046012100224FF48073FFF7C0F892
:1081A000284602210122FFF7AFF820468021012254
:1081B000FFF7AAF820464FF480710122BDE8B040D5
:1081C000FFF7A2B884B04FF4A06000F053FF05F0B1
:1081D000ABFDFAF7BFFF0020FBF700F843F64E4176
:1081E000C0F602010020FBF709FAFFF759FCFFF780
:1081F00093FA43F60D30C0F60200FEF725FDF9F7BD
:10820000F3FF43F6C230C0F60200FEF71DFD40F258
:108210007470C1F20000492101804FF07708DF201F
:10822000C72140F21D22E123CDF80080F9F7BEFE00
:1082300043F6CD60C0F6020001244FF01809502526
:1082400003900120E621C8224FF4F073CDE90059D4
:108250000294FAF7A1FE43F64C6BC0F6020B10270E
:10826000012002214FF4DF724FF4F073CDE9005783
:108270000294CDF80CB0FAF78FFE43F6896AC0F687
:10828000020A4FF44876012002214FF4E7724FF4BE
:108290004873CDE900670294CDF80CA0FAF77CFE94
:1082A00043F61840C0F60200FEF7CEFCFFF78AFA4C
:1082B00043F6E930C0F60200FEF7C6FC01F082FF8B
:1082C000F9F78AFD43F60040C0F60200FEF7BCFC59
:1082D000FFF74CF943F6D430C0F60200FEF7B4FCC9
:1082E000F9F732FD43F6AF30C0F60200FEF7ACFC02
:1082F000FFF792FB2BA0FEF7A7FC00F09DF82FA044
:10830000FEF7A2FC01F0ACFD33A0FEF79DFC37A008
:10831000FEF79AFC0120D021F9F7DAFDDF20C72112
:1083200040F21D22E123CDF80080F9F73FFE35A091
:1083300003900120E621C8224FF4F073CDE90059E3
:108340000294FAF729FE012002214FF4DF724FF464
:10835000F073CDE90057CDF80CB00294FAF71CFE8B
:10836000012002214FF4E7724FF44873CDE9006712
:108370000294CDF80CA0FAF70FFE28A0FEF764FCDB
:1083800043F6923443F62D45C0F60204C0F60205CA
:10839000F1F798FA2046FEF757FC00202946FBF734
:1083A0002DF9F5E75B244C4F47245D5072657373DC
:1083B000757265202D204F4B0D0A00005B244C4F39
:1083C00047245D4D6F6E69746F72454347202D20C1
:1083D0004F4B0D0A000000005B244C4F47245D52B8
:1083E000455350202D204F4B0D0A00005B244C4F6D
:1083F00047245D434C4541522053435245454E0D61
:108400000A00000043616C6C696E672053797374D5
:10841000656D20536F667477617265005B244C4F05
:1084200047245D43616C6C696E6720536F66747797
:108430006172650D0A0000002DE9F04188B040F638
:10844000044001F0DBFB40F6024001F0D7FB41F2B3
:108450000D1001F0D3FB41F20004C4F202042046E7
:108460000221002204230026FEF75AFF20460221A3
:1084700000222023FEF754FF204602210022402341
:10848000FEF74EFF204605210422FEF7D1FE2046CE
:1084900005212022FEF7CCFE204605214022FEF7D2
:1084A000C7FE2046002102220423FEF7F3FF2046E8
:1084B000002102222023FEF7EDFF204600210222A8
:1084C0004023FEF7E7FF40F6044001F097FB20460B
:1084D0000121002210234FF001081027FEF720FF92
:1084E0002046002102221023FEF7D4FF204610214F
:1084F0000122FEF709FFA4F50065284601210022AC
:108500004FF40053FEF70CFF204601210022082300
:10851000FEF706FF2846002102224FF40053FEF723
:10852000B9FF2046002102220823FEF7B3FF4FF4D3
:10853000827001904FF4007002960396CDE9040614
:10854000A4F55C4601A93046CDF81880079705F0E0
:10855000A7FB304605F092FB204608210122FEF7DA
:10856000D3FE6420FEF7FAFB28464FF400510122A7
:10857000FEF7CAFE6420FEF7F1FB28464FF40051D7
:108580000622FEF7C1FE0520FEF70AFC28464FF43E
:1085900000510122FEF7B8FEC820FEF7DFFB20469F
:1085A00008210622FEF7B0FE0520FEF7D7FB204685
:1085B00008210122FEF7A8FE0520FEF7CFFB20468A
:1085C00008210622FEF7A0FE0A20FEF7C7FB0020C6
:1085D000FAF704FE03A10020FBF710F808B0BDE88D
:1085E000F08100BF6D6F6E656367207265616479AD
:1085F0000D0A000070B5064643F200440A200D46FD
:10860000C4F20104FEF7CCFB2046022105F042FB38
:108610000628F9D02046314605F03AFB20460121D4
:1086200005F038FB0628F9D0204605F02DFB0A207E
:10863000FEF7B6FB2046022105F02CFB0628F9D0F8
:108640002046002105F024FB2046012105F022FBF5
:108650000628F9D0204605F017FB0A20FEF7A0FBFC
:10866000B00615D52046022105F014FB0628F9D0E6
:108670002046002105F00CFB2046012105F00AFBF5
:108680000628F9D0204605F0FFFA0A20FEF788FBFD
:108690002046022105F0FEFA0628F9D0E9B220466C
:1086A00005F0F6FA2046012105F0F4FA0628F9D083
:1086B000204605F0E9FAC0B270BD000000000000DD
:1086C0002DE9F04F81B02DED048B88B043F20044CA
:1086D000C4F201042046022105F0DCFA0628F9D094
:1086E0002046002105F0D4FA2046012105F0D2FAF7
:1086F0000628F9D0204605F0C7FA0120FEF750FB06
:1087000040F6204640F27825C1F200060020C2F271
:10871000000530602046022105F0BCFA0628F9D099
:108720002046002105F0B4FA2046012105F0B2FAF6
:108730000628F9D0204605F0A7FA316868540120D0
:10874000FEF72EFB3068411C1A283160E2DB2A79E3
:10875000E9786B791202287842EA0141CA1840F69A
:108760001001C1F20001C0280A6040F01C8442F4EC
:1087700000000021B1EBD25F18BFA2F5000040F667
:108780001402C1F20002EB791060AA792F7A1B0261
:10879000140443EA02423A4442F400036E7AB1EB15
:1087A000D45F18BFA2F5000340F61802C1F2000220
:1087B0001360AA7AEF7A12020093330442EA064267
:1087C0003A44B1EBD35F40F61C0142F40007C1F21A
:1087D000000118BFA2F5000701970F6006F029FFFE
:1087E0009FED1F0B53EC102B0592079306F0B0FF83
:1087F00006F072FC40F63401C1F2000108EE100AE6
:10880000086007F09DF9804640F2D470C1F2000084
:108810000068894607F094F99FED130B044653EC6A
:10882000102B0D460492069306F088FC9FED100B6A
:1088300082460F4653EC102B20462946CDE90223F1
:1088400006F07CFC06468B465046394642464B466F
:1088500007F0C4F940F6380AC1F2000AF0B913E093
:1088600072C4ABC30900093FCDCCCCCCCCCC1040FA
:10887000CDCCCCCCCCCC10C09A9999999999B93FD0
:108880009A9999999999B9BF3046594642464B46AB
:1088900007F08FF9002808BF8AED008A40F2D470F3
:1088A000C1F2000080ED008A009806F0C2FE059A31
:1088B000079B06F04DFF06F00FFC40F63C01C1F2AD
:1088C000000108EE100A086007F03AF940F2DC7B7C
:1088D000C1F2000B8146DBF80000884607F030F952
:1088E000049A069B04460D4606F028FCDDE90223A7
:1088F00006460F462046294606F020FC05460C4653
:10890000304639464A46434607F068F968B9284672
:1089100021464A46434607F04CF9002802BF40F67C
:108920004000C1F2000080ED008A01988BED008AC2
:1089300006F07FFE059A079B06F00AFF06F0CCFBC7
:1089400040F64401C1F2000108EE100A086007F089
:10895000F7F840F2E47BC1F2000B8046DBF8000040
:10896000894607F0EDF8049A069B05460F4606F087
:10897000E5FBDDE9022304460E462846394606F0AB
:10898000DDFB05460F462046314642464B4607F082
:1089900025F968B92846394642464B4607F009F999
:1089A000002802BF40F23010C2F2000080ED008AC1
:1089B00040F25C10C2F2000001688BED008A9AED73
:1089C000008A40F2681640F2741540F2801A4A1C80
:1089D0000429C2F20006C2F20005C2F2000A0260D7
:1089E000C0F2D8800021016040F26010C2F20000A5
:1089F00080ED008A18EE100A07F0A2F8044640F253
:108A00006410C2F2000000680D4607F099F81FEDEF
:108A1000660B064653EC102B0F46CDE9062306F0F5
:108A20008DFB1FED690B80465AEC10BB8946304622
:108A300039465A46534606F081FB06460F464046E5
:108A4000494622462B4607F0C9F868B930463946F0
:108A500022462B4607F0ADF8002802BF40F268100E
:108A6000C2F2000080ED008A40F26410C2F2000001
:108A700080ED008A40F64000C1F2000090ED009ABF
:108A800040F26C10C2F2000080ED009A19EE100A5C
:108A900007F056F8804640F27010C2F200000068FD
:108AA000894607F04DF8DDE9062306460F4606F035
:108AB00045FB04460D46304639465A46534606F0B5
:108AC0003DFB06460F462046294642464B4607F0E8
:108AD00085F868B93046394642464B4607F069F892
:108AE000002802BF40F27410C2F2000080ED009A2C
:108AF00040F27010C2F2000080ED009A40F2301097
:108B0000C2F2000090ED009A40F27810C2F200002C
:108B100080ED009A19EE100A07F012F8804640F234
:108B20007C10C2F200000068894607F009F8DDE910
:108B3000062306460F4606F001FB04460D46304666
:108B400039465A46534606F0F9FA06460F4620467D
:108B5000294642464B4607F041F840F2801AC2F2DD
:108B6000000A48B93046394642464B4607F021F8DC
:108B7000002808BF8AED009A40F27C1040F274157C
:108B800040F26816C2F20000C2F20005C2F200060E
:108B900080ED009A4FF2A474C2F20104211D204618
:108BA0007422E7F72EFF96ED000A94ED001A94ED7B
:108BB000012A84ED1D0A31EE000A94ED021A30EE0E
:108BC000020A94ED032A30EE010A94ED041A30EE05
:108BD000020A94ED052A30EE010A94ED061A30EEF1
:108BE000020A94ED072A30EE010A94ED081A30EEDD
:108BF000020A94ED092A30EE010A94ED0A1A30EEC9
:108C0000020A94ED0B2A30EE010A94ED0C1A30EEB4
:108C1000020A94ED0D2A30EE010A94ED0E1A30EEA0
:108C2000020A94ED0F2A30EE010A94ED101A30EE8C
:108C3000020A94ED112A30EE010A94ED121A30EE78
:108C4000020A94ED132A30EE010A94ED141A30EE64
:108C5000020A94ED152A30EE010A94ED161A30EE50
:108C6000020A94ED172A30EE010A94ED181A30EE3C
:108C7000020A94ED192A30EE010A94ED1A1A30EE28
:108C8000020A94ED1B2A30EE010A94ED1C1A30EE14
:108C9000020A9FEDCB9A30EE010A40F22C2020EE22
:108CA000090AC2F2000080ED000A40F2302040F6CE
:108CB000244438EE408AC2F20000C1F2000480ED84
:108CC000008A211D20467422E7F79BFE95ED000ADD
:108CD00094ED001A94ED012A84ED1D0A31EE000A8C
:108CE00094ED021A30EE020A94ED032A30EE010AE6
:108CF00094ED041A30EE020A94ED052A30EE010AD2
:108D000094ED061A30EE020A94ED072A30EE010ABD
:108D100094ED081A30EE020A94ED092A30EE010AA9
:108D200094ED0A1A30EE020A94ED0B2A30EE010A95
:108D300094ED0C1A30EE020A94ED0D2A30EE010A81
:108D400094ED0E1A30EE020A94ED0F2A30EE010A6D
:108D500094ED101A30EE020A94ED112A30EE010A59
:108D600094ED121A30EE020A94ED132A30EE010A45
:108D700094ED141A30EE020A94ED152A30EE010A31
:108D800094ED161A30EE020A94ED172A30EE010A1D
:108D900094ED181A30EE020A94ED192A30EE010A09
:108DA00094ED1A1A30EE020A94ED1B2A30EE010AF5
:108DB00094ED1C1A30EE020A40F6400130EE010A32
:108DC00040F23420C1F2000120EE090AC2F2000094
:108DD00091ED001A80ED000A40F2382031EE400A91
:108DE000C2F2000080ED000A38EE400A30EE081AA8
:108DF000BEEE002A40F2402021EE021AC2F200002C
:108E000080ED001A40F23C20C2F2000080ED000A22
:108E100010EE100A06F094FE064618EE100A0F46F1
:108E200006F08EFE9FED640B804654EC105B2A46E4
:108E30002346894606F08CFC02460B4630463946EE
:108E400006F090FD06F048F940F24421C2F200011C
:108E50000860304639462A46234606F079FC024629
:108E60000B464046494606F07DFD06F035F940F2D6
:108E700048214FF61C04C2F20001C2F2010408604E
:108E8000211D20467422E7F7BCFD9AED000A94EDFF
:108E9000001A94ED012A84ED1D0A31EE000A94EDCA
:108EA000021A30EE020A94ED032A30EE010A94ED24
:108EB000041A30EE020A94ED052A30EE010A94ED10
:108EC000061A30EE020A94ED072A30EE010A94EDFC
:108ED000081A30EE020A94ED092A30EE010A94EDE8
:108EE0000A1A30EE020A94ED0B2A30EE010A94EDD4
:108EF0000C1A30EE020A94ED0D2A30EE010A94EDC0
:108F00000E1A30EE020A94ED0F2A30EE010A94EDAB
:108F1000101A30EE020A94ED112A30EE010A94ED97
:108F2000121A30EE020A94ED132A30EE010A94ED83
:108F3000141A30EE020A94ED152A30EE010A94ED6F
:108F4000161A30EE020A94ED172A30EE010A94ED5B
:108F5000181A30EE020A94ED192A30EE010A94ED47
:108F60001A1A30EE020A94ED1B2A30EE010A94ED33
:108F70001C1A30EE020A40F2301130EE010A40F2C3
:108F80004C20C2F2000120EE090AC2F2000091ED6D
:108F9000001A80ED000A40F2502031EE400AC2F281
:108FA000000080ED000A08B0BDEC048B01B0BDE804
:108FB000F08F00BF00BF00BF000000000000E03FD6
:108FC0008988083D4EF60C5CCEF2000CDCF80030CF
:108FD00003F4E063B3F5E06F02D1042326E000BFA1
:108FE000DCF8003003F4E063B3F5C06F02D1032373
:108FF0001CE000BFDCF8003003F4E063B3F5A06FC1
:1090000002D1022312E000BFDCF8003003F4E06379
:10901000B3F5806F02D1012308E000BFDCF8003017
:1090200003F4E063B3F5407F1CD1002301FA03FC95
:10903000C3F104030F21D94011404EF2001241EA5E
:109040000C01CEF20002090140EA020383F800138A
:1090500000F01F01012303FA01F11C2303EAD000F1
:109060008150704740F20053C0F2FA53CCF8003000
:10907000C7E7000040F080604EF60C5140F0FD70F4
:10908000CEF20001086070474EF62010C2F20A00CE
:109090000168032988BF7047B0B544F23C02C0F6AE
:1090A0000202002452F82120C90040F20013C0F24D
:1090B0000114C0F2010324FA01F540F20044CB4050
:1090C000C4F202040260DAB220460221FEF71CF963
:1090D000204604210122FEF717F904F58054EAB274
:1090E00020464FF40061FEF70FF920464FF48051FF
:1090F0000122BDE8B040FEF707B9000040F6480085
:10910000C1F200004168032988BF7047B0B544F23E
:109110003C02C0F6020252F82120C90040F20013BE
:1091200040F20114C0F2010324FA01F540F20044B8
:10913000CB40C4F202044260DAB220460221FEF7BC
:10914000E3F8204604210122FEF7DEF804F58054FE
:10915000EAB220464FF40061FEF7D6F820464FF4FD
:1091600080510122BDE8B040FEF7CEB810B540F204
:109170000044C4F20204204604210022FEF7C4F891
:1091800004F580504FF480510022BDE81040FEF7F6
:10919000BBB8000047F20000C4F20000016841F4CF
:1091A000807101607047000070B541F20044C4F264
:1091B00002042046012101220123FEF7B1F82046D6
:1091C00001210122FEF7A0F8204602210122FEF72C
:1091D0009BF80520FDF7E4FD204601210022FEF763
:1091E00093F80520FDF7DCFD204602210022FEF762
:1091F0008BF80520FDF7D4FDA020F8F787FBF8F7E2
:109200005FFC18B3A3A10020FAF7F8F9204601216A
:1092100001220123FEF784F8204602210022FEF7F6
:1092200073F8204601210022FEF76EF82046022145
:109230000122FEF769F80520FDF7B2FD2046012165
:109240000122FEF761F80520FDF7AAFD0020F8F7DE
:109250005DFBF8F735FC18B395A10020FAF7CEF9BD
:109260002046012101220123FEF75AF8204602215F
:109270000022FEF749F8204601210022FEF744F8BB
:10928000204602210122FEF73FF80520FDF788FD68
:10929000204601210122FEF737F80520FDF780FD69
:1092A0002046012101220123FEF73AF82046012140
:1092B0000122FEF729F8204602210122FEF724F8B8
:1092C0000520FDF76DFD204601210022FEF71CF868
:1092D0000520FDF765FD204602210022FEF714F867
:1092E0000520FDF75DFDA120F8F710FBF8F7E8FB7E
:1092F00018B376A10020FAF781F920460121012256
:109300000123FEF70DF8204602210022FDF7FCFFA5
:10931000204601210022FDF7F7FF2046022101220D
:10932000FDF7F2FF0520FDF73BFD2046012101225C
:10933000FDF7EAFF0520FDF733FDF8F703FA0546D0
:109340002046012101220123FDF7EAFF20460221E8
:109350000022FDF7D9FF204601210122FDF7D4FFAD
:10936000204601210022FDF7CFFF204602210122E5
:10937000FDF7CAFF0520FDF713FD2046022100225C
:10938000FDF7C2FF204601210122FDF7BDFFF8F7DE
:10939000D9F906462046012101220123FDF7C0FF2D
:1093A000204602210022FDF7AFFF204601210122C5
:1093B000FDF7AAFF204601210022FDF7A5FF204668
:1093C00002210122FDF7A0FF0520FDF7E9FC204660
:1093D00002210022FDF798FF204601210122FDF71E
:1093E00093FFF8F7AFF92046012101220123FDF791
:1093F00097FF204602210022FDF786FF204601212B
:109400000022FDF781FF204601210122FDF77CFFAC
:10941000204602210122FDF777FF0520FDF7C0FC61
:10942000204602210022FDF76FFF20460121002285
:10943000FDF76AFF2046012101220123FDF770FF9D
:10944000204602210022FDF75FFF20460121002275
:10945000FDF75AFF204602210122FDF755FF0520A6
:10946000FDF79EFC204601210122FDF74DFF05205E
:10947000FDF796FC46EA052000EE100AB8EE400A19
:10948000B6EE081A9FED182A20EE010A30EE020A05
:1094900070BD00BF63616E277420726561642070C7
:1094A00072657373757265307841300D0A00000083
:1094B00063616E27742072656164207072657373D6
:1094C000757265307830300D0A00000063616E27D8
:1094D0007420726561642070726573737572653093
:1094E0007841310D0A0000000080BBC42DE9F0472F
:1094F00041F60009C4F20209A9F5A054204604214E
:1095000000220025FDF700FFA9F5806840464FF4D2
:1095100080510022FDF7F8FE40F6480AC1F2000A29
:1095200040F21206CAF80850AAF800506FF45875B5
:10953000C1F2000615E000BF0022FDF7E5FE20465F
:1095400040210122FDF7E0FE0120FDF729FC204625
:1095500040210022FDF7D8FE0120FDF721FC013556
:1095600020D2701990F8C11631B1DAF80810012232
:109570000131CAF8081000E0002290F861734846F3
:109580004FF40051FDF7C0FE20468021002FD3D0BC
:109590000122FDF7B9FEDAF808000130CAF8080028
:1095A000CDE700BFDAF8080040F208051528C1F23F
:1095B000000501DA82200AE0232803D84FF49670D0
:1095C00005E000BF322800F279814FF41B7068601B
:1095D00001208AF80000484620210022FDF794FE71
:1095E0000120FDF7DDFB484620210122FDF78CFE1E
:1095F0000120FDF7D5FB484620210022FDF784FE1F
:109600000120FDF7CDFB0120FDF7CAFB9AF8000011
:10961000002800F003816420FDF7C2FB6868FDF7B5
:10962000BFFB484610210022FDF76EFE4846082188
:109630000022FDF769FE48464FF400410022FDF785
:1096400063FE48464FF480410022FDF75DFE40F284
:10965000DC50FDF7A5FB48464FF480410122FDF7A1
:1096600053FE48464FF400410122FDF74DFE4846A7
:1096700008210122FDF748FE484610210122FDF78E
:1096800043FE6868FDF78CFB9AF8010000284BD078
:1096900040F6B830FDF784FB484610210022FDF764
:1096A00033FE40F27260FDF77BFB48461021012239
:1096B000FDF72AFE6868C830FDF772FB48460821AE
:1096C0000022FDF721FE40F27260FDF769FB48467B
:1096D00008210122FDF718FE6868C830FDF760FB1D
:1096E00048464FF400410022FDF70EFE40F2726042
:1096F000FDF756FB48464FF400410122FDF704FEFA
:109700006868C830FDF74CFB48464FF480410022A2
:10971000FDF7FAFD40F27260FDF742FB48464FF458
:1097200080410122FDF7F0FD6868FDF739FB4846EE
:1097300020210122FDF7E8FD0120FDF731FB48461D
:1097400020210022FDF7E0FD0120FDF729FB48461E
:1097500020210122FDF7D8FD2878002808BFBDE8A8
:10976000F0879AF80010DAF8080041B9B0F5FA7FEE
:1097700005DC40F2DC50FDF713FBDAF80800FB28AB
:1097800003DB40F6B830FDF70BFBDAF804000328E2
:1097900027D844F23C01C0F6020140F2001251F811
:1097A0002010C000C0F20102C24040F2011323FAAF
:1097B00000F5CAF80410D2B220460221FDF7A4FD3C
:1097C000204604210122FDF79FFDEAB240464FF4F6
:1097D0000061FDF799FD40464FF480510122FDF7ED
:1097E00093FDDAF808209AF8001040F6C410FB2A1E
:1097F000B8BF4FF4E160002918BF4FF4AF60FDF728
:10980000CFFA204604210022FDF77EFD40464FF4AA
:1098100080510022BDE8F047FDF776BD41F2A86017
:10982000FDF7BEFA484610210022FDF76DFD40F21B
:10983000A460FDF7B5FA484610210122FDF764FD4A
:109840006868FDF7ADFA484608210022FDF75CFD87
:1098500040F2A460FDF7A4FA484608210122FDF772
:1098600053FD6868FDF79CFA48464FF4004100221A
:10987000FDF74AFD40F2A460FDF792FA48464FF426
:1098800000410122FDF740FD6868FDF789FA48466E
:109890004FF480410022FDF737FD40F2A460FDF750
:1098A0007FFA48464FF480410122FDF72DFD9AF8DA
:1098B000010000287FF4ECAE36E700BF642803D82F
:1098C0004FF4E160686086E6962803D840F6C4103D
:1098D000686080E6C82803D84FF4616068607AE663
:1098E000B0F5967F04D841F29410686073E600BF2B
:1098F000B0F5C87F8CBF41F2707041F2883068606B
:1099000001208AF8010066E610B543F60402C4F2AD
:10991000020253680146C3F3810342F20040022B66
:10992000C0F2F40006D0012B1FD147F64000C0F270
:109930007D101AE0D2F800C013680CF03F0CC3F39E
:10994000881E13681468C3F30143640247F6400499
:10995000C0F27D1458BF0446B4FBFCF4022000EBB7
:10996000430004FB0EF3B3FBF0F0536812A4C3F3FF
:109970000313E35C546843F6A42CC4F38224C0F6BA
:10998000020C1CF804E05268032913D820FA03F3F0
:10999000DFE801F00E020408184610BD23FA0EF0AD
:1099A00010BD00BFC2F342301CF8000023FA00F0E3
:1099B00010BD00BF002010BD00000000000000002E
:1099C000010203040607080943F6000300F01F0123
:1099D0008009C4F202034FF0010CC2580CFA01F1E5
:1099E0001143C150704700000146B0F5E05F4FF0F1
:1099F00000002FDA1C2900F2C580DFE801F00FC358
:109A0000C3C3C3C3C3C3C3C3C3C3C3C3C3C38FC35A
:109A1000C3C3C3C3C3C373C357C3A90043F6000082
:109A200040F2FC41C4F20200026892075CBF026887
:109A30005FEA82720AD4026892075CBF02685FEA3A
:109A4000827203D40029A1F10401EDD10068C0F3B2
:109A50004000704700F09880B1F5E85F00F0B280F8
:109A600043F21002914218BF704743F600004FF6D0
:109A7000FC71C4F20200C0F20F01D0F8C0209203C2
:109A80000ED4D0F8C02092035CBFD0F8C0205FEAAB
:109A9000823205D421B1D0F8C02004399203ECD52C
:109AA000D0F8C000C0F34040704700BF43F600004C
:109AB0004FF6FC71C4F20200C0F20F0102681201FD
:109AC0000BD4026812015CBF02685FEA021204D480
:109AD00019B1026804391201F0D50068C0F3C06002
:109AE000704700BF43F600004FF6FC71C4F202005D
:109AF000C0F20F01026892010BD4026892015CBFB0
:109B000002685FEA821204D419B102680439920132
:109B1000F0D50068C0F34060704700BF43F6000115
:109B20004FF6FC70C4F202010A6892030BD40A6873
:109B300092035CBF0A685FEA823204D418B10A68F3
:109B400004389203F0D50868C0F34040704700BF66
:109B500043F600004FF6FC71C4F20200C0F20F01A0
:109B6000026892000BD4026892005CBF02685FEA50
:109B7000820204D419B1026804399200F0D5006859
:109B8000C0F34070704700BF4FF6FC7143F6000011
:109B9000C0F20F01C4F2020001F17F61026F92076F
:109BA0000BD4026F92075CBF026F5FEA827204D42B
:109BB00019B1026F04399207F0D5006FC0F340006D
:109BC000704700BF43F600004FF6FC71C4F202007C
:109BD000C0F20F01426F92070BD4426F92075CBF35
:109BE000426F5FEA827204D419B1426F043992075E
:109BF000F0D5406FC0F340007047000043F600030B
:109C000000F01F018009C4F202034FF0010CC2589A
:109C10000CFA01F11143C1507047000043F60003F4
:109C200000F01F018009C4F202034FF0010CC2587A
:109C30000CFA01F122EA0101C150704743F600031A
:109C400000F01F018009C4F202034FF0010CC2585A
:109C50000CFA01F11143C15070470000A0F132032A
:109C6000B3F5E17F30D8931E052B4FF0000C2DD8B3
:109C700080B50B1FB3FA83F34FEA531E21F00403A0
:109C8000023BB3FA83F35B094EEA030EA1F108032A
:109C9000B3FA83F35B0953EA0E0311D00023C7F62E
:109CA000FF7303EAC13101EB8010A0F5803043F669
:109CB000880140EA0270C4F202014FF0010C086012
:109CC000BDE88040604670474FF0000C604670472A
:109CD00043F67001C4F202010A6822F44072104394
:109CE0000860704743F68C0CC4F2020CDCF80020CC
:109CF0006FF0807142EA0003884208BF22F080734F
:109D0000CCF8003070470000B0B540F6D404C1F282
:109D10000004214651F8080F102807DB6068B0F5F1
:109D2000486F07DB012104F8041B2146013008605D
:109D3000B0BD00BFB2EE041A20EE010ABDEEC01A9B
:109D400040F6046511EE101AC1F20005B8EE410AA2
:109D500025F8101004F15000F9F7E4F96068BDEE41
:109D6000C00A35F8103010EE102A46F6902CC2F2D8
:109D70000A0C9A1A03284CF8202039D8DFE800F0A2
:109D800002280818DCF800302363636455E000BF44
:109D9000D4E90C3504F130012CC12A441A4445F2AF
:109DA0005653C5F2555352FB03F202EBD27235E023
:109DB000A16BD4E90C35E1631144294404F1300E60
:109DC00019448EE82C00CA1701EB92718A1025E025
:109DD000236B656CC4E90C231A4402EBD272531056
:109DE00005EB620202EBD272C4E91135521024E095
:109DF000D4E90E51D4E90CE3216411442944C4E9A7
:109E00000C2E194446F267627144C6F2666251FB39
:109E100002F14A1002EBD172C4E90E35D4E91113F4
:109E2000C4E911211944114445F25652C5F2555264
:109E300051FB02F101EBD172E3640CEB800151E9BB
:109E400003131A4402EBD27201EB620101EBD171F0
:109E500049104CF82010211D01300860B0BD0000F1
:109E60002DE9F0412DED028B88B040F288749FED12
:109E70006D8AC1F2000404F12000F1EE000AB0EE98
:109E8000480AF8F705F8DFED680A04F13000B0EE93
:109E9000480AF7F7DDFF40F60140FFF7AFFE4FF449
:109EA0004060FFF7ABFE40F60340FFF7A7FE41F22C
:109EB0000E00FFF7A3FE40F60044C4F20204A4F52E
:109EC00000652846022100224FF480430027FDF759
:109ED00027FA2846022100224FF40043FDF720FA1A
:109EE000A4F540663046022100224FF400734FF47F
:109EF0000078FDF715FA284605214FF48042FDF75A
:109F000097F9284605214FF40042FDF791F93046B4
:109F100005214FF40072FDF78BF92846002102223B
:109F20004FF48043FDF7B6FA2846002102224FF491
:109F30000043FDF7AFFA3046002102224FF40073D0
:109F4000FDF7A8FA40F60340FFF758FE204601212E
:109F500000224FF480730125FDF7E2F9204600212D
:109F600002224FF48073FDF795FA20464FF480717A
:109F70000122FDF7C9F92046012100222023FDF727
:109F8000CFF920460121002210231026FDF7C8F941
:109F90002046002102222023FDF77CFA20460021E2
:109FA00002221023FDF776FA4FF48270CDE9057591
:109FB000A4F5EA35019001A928460297CDE9037876
:109FC000079603F06DFE284603F058FE6420FCF768
:109FD000C5FE204620210122FDF796F96420FCF7FA
:109FE000BDFE204620210622FDF78EF90520FCF754
:109FF000D7FE204620210122FDF786F96420FCF7D8
:10A00000ADFE204610210622FDF77EF90020F9F76B
:10A01000E5F806A10020F9F7F1FA08B0BDEC028BD3
:10A02000BDE8F0810AD7233CCDCCCC3D726573707E
:10A030006D6F6E2072656164790D0A0070B5064619
:10A0400043F600040A200D46C4F20004FCF7A8FE03
:10A050002046022103F01EFE0628F9D02046314694
:10A0600003F016FE2046012103F014FE0628F9D065
:10A07000204603F009FE0A20FCF792FE204602214A
:10A0800003F008FE0628F9D02046002103F000FE68
:10A090002046012103F0FEFD0628F9D0204603F0FA
:10A0A000F3FD0A20FCF77CFEB00615D52046022100
:10A0B00003F0F0FD0628F9D02046002103F0E8FD6A
:10A0C0002046012103F0E6FD0628F9D0204603F0E2
:10A0D000DBFD0A20FCF764FE2046022103F0DAFDD6
:10A0E0000628F9D0E9B2204603F0D2FD204601212E
:10A0F00003F0D0FD0628F9D0204603F0C5FDC0B21C
:10A1000070BD000070B541F20045C4F2020505F5CE
:10A110008064204602210022FDF7F6F8A5F580664E
:10A12000304680210022FDF7EFF830464FF4807171
:10A130000022FDF7E9F82046002100220223FDF766
:10A14000EFF83046002100228023FDF7E9F8304681
:10A15000002100224FF48073FDF7E2F82846012128
:10A1600000224FF40053FDF7DBF8284601210022BE
:10A170004FF48043FDF7D4F82846012100224FF424
:10A180000043FDF7CDF82046012100220123FDF711
:10A19000C7F828464FF400510122FDF7B5F82846CC
:10A1A0004FF480410122FDF7AFF828464FF40041FB
:10A1B0000122FDF7A9F8204601210122BDE87040E7
:10A1C000FDF7A2B810B586B042F6500441F21C006B
:10A1D000C4F20004FFF712FDFEF7DCFF4FF4E0507D
:10A1E000FFF7F2FB4FF4E050FFF7FEFB4FF48070F7
:10A1F000FFF76EFD41F60F40FFF700FD00F01AF982
:10A2000021684FF23420814213D020607F20C0F2B9
:10A21000FF00039040F22470C0F224300190172018
:10A22000ADF8080000208DF80A00059001A800F0A4
:10A2300031F806B010BD000080B542F6000CC4F243
:10A24000000CDCF800E0DCF80430DCF810101A0C2C
:10A25000DCF808C00270C3F30422427003F03F022E
:10A260008270C3F34232C270CEF305420271CEF364
:10A27000062242710EF07F028271C1F306426FF333
:10A28000DF31028141810EF480010CF04002C0E90F
:10A29000031280BD2DE9F04F82B042F60C01C4F2EA
:10A2A0000001CA2290F8008090F801E090F802C006
:10A2B00090F80390D0F80CA00779467990F806B092
:10A2C0008A6153228A614FF6FF720A614A61222233
:10A2D0008A63CA634FF4804200920A68520635D4FA
:10A2E0000A6842F080020A60012200BF0B68009DEC
:10A2F00003F040046B1E009382EA94131FD0F4B95C
:10A300000B68009D03F040046B1E009382EA9413D7
:10A3100015D0A4B90B68009D03F040046B1E009398
:10A3200082EA94130BD054B90B68009D03F04004EB
:10A330006B1E009382EA941301D0002CD6D02BB16F
:10A340000020FF228A6102B0BDE8F08F07F03F02D3
:10A350004AEA024206F07F0342EA03220BF07F033F
:10A360001A434FEA084369F34F330EF01F0743EADD
:10A3700007230CF03F073B44478906896FF3DF371B
:10A3800066F316474F6041F80C2C41F8083C51F831
:10A39000042C22F0400241F8042C006951F8042CEE
:10A3A000104341F8040C086820F0800008604FF466
:10A3B0000040019051F8040C80064FF00100C0D419
:10A3C000CA228A6153228A610A6822F020020A6046
:10A3D0000A68019F02F020037A1E019280EA53125C
:10A3E0001FD0F3B90A68019F02F020037A1E019280
:10A3F00080EA531215D0A3B90A68019F02F0200326
:10A400007A1E019280EA53120BD053B90A68019F59
:10A4100002F020037A1E019280EA531201D0002B31
:10A42000D6D082F00100FF228A61FF228A6102B049
:10A43000BDE8F08F81B042F60C0C4FF40040C4F23E
:10A44000000C00905CF8040C80064FF001003DD435
:10A45000CA22CCF818205322CCF81820DCF80020AF
:10A4600022F02002CCF80020DCF80020009902F055
:10A470002003013980EA5312009122D00BBBDCF893
:10A480000010009A01F02003511E80EA531200913F
:10A4900017D0B3B9DCF80010009A01F02003511E68
:10A4A00080EA531200910CD05BB9DCF80010009ADE
:10A4B00001F02003511E80EA5312009101D0002BBD
:10A4C000D2D082F00100FF21CCF8181001B0704703
:10A4D0002DE9F04F81B02DED068B8CB040F2980540
:10A4E0004EF62410C2F200050024C2F20A004FF416
:10A4F0004861C5E90544C5E90744C5E90944C5E91A
:10A500000B44C5E90D44C5E90F446C64E6F7E0FA75
:10A5100040F22C009FED080A43F258339FED07AA42
:10A520004DF25C62C2F200005421C2F20803C1F293
:10A530000002C17306E000BF000000005A7E833EA7
:10A54000263F5D3F191991ED001A91ED012A31EE78
:10A55000401A21EE0A1A31EE000A32EE401A91ED4D
:10A56000023A101921EE0A1A80ED000A31EE000AB3
:10A5700033EE401A91ED034A21EE0A1A80ED010AEA
:10A5800031EE000A34EE401A21EE0A1A80ED020A7A
:10A5900031EE000A91ED041A80ED030A31EE401A03
:10A5A00021EE0A1A31EE000A91ED051A80ED040A37
:10A5B00031EE401A21EE0A1A31EE000A91ED061A28
:10A5C00080ED050A31EE401A21EE0A1A31EE000A3A
:10A5D00091ED071A80ED060A31EE401A21EE0A1AB3
:10A5E00031EE000A91ED081A80ED070A31EE401AAB
:10A5F00021EE0A1A31EE000A91ED091A80ED080ADF
:10A6000031EE401A21EE0A1A31EE000A91ED0A1AD3
:10A6100091ED0B2A31EE401A21EE0A1A80ED090A5B
:10A6200031EE000A32EE401A91ED0C3A21EE0A1A90
:10A6300080ED0A0A31EE000A33EE401A91ED0D4A20
:10A6400021EE0A1A80ED0B0A31EE000A34EE401AB0
:10A6500021EE0A1A80ED0C0A31EE000A91ED0E1A75
:10A6600080ED0D0A31EE401A21EE0A1A31EE000A91
:10A6700091ED0F1A403431EE401A21EE0A1A80EDA6
:10A680000E0A31EE000AB4F5FA5F80ED0F0A7FF48E
:10A6900059AF4DF67A101FED580AC3F620601FED32
:10A6A000589A28600020B0EE401A00BF111831EE11
:10A6B000400A91ED001A91ED012A30EE010A20EED8
:10A6C000090A81ED000A30EE410A30EE020A91EDEE
:10A6D000023A20EE090A81ED010A30EE420A30EE1C
:10A6E000030A91ED034A20EE090A81ED020A30EED9
:10A6F000430A30EE040A20EE090A91ED041A81EDB6
:10A70000030A30EE440A30EE010A20EE090A91ED08
:10A71000052A81ED040A30EE410A30EE020A20EEED
:10A72000090A91ED061A81ED050A30EE420A30EE73
:10A73000010A20EE090A91ED072A81ED060A30EEA2
:10A74000410A30EE020A20EE090A91ED081A81ED65
:10A75000070A30EE420A30EE010A20EE090A91EDB6
:10A76000092A81ED080A30EE410A30EE020A20EE95
:10A77000090A91ED0A1A81ED090A30EE420A30EE1B
:10A78000010A20EE090A91ED0B2A81ED0A0A30EE4A
:10A79000410A30EE020A20EE090A91ED0C1A81ED11
:10A7A0000B0A30EE420A30EE010A20EE090A91ED62
:10A7B0000D2A81ED0C0A30EE410A30EE020A20EE3D
:10A7C000090A91ED0E1A81ED0D0A30EE420A30EEC3
:10A7D000010A20EE090A91ED0F2A81ED0E0A30EEF2
:10A7E000410A30EE020A20EE090A91ED101A81EDBD
:10A7F0000F0A30EE420A30EE010A20EE090A91ED0E
:10A80000112A81ED100A30EE410A30EE020A20EEE4
:10A81000090A91ED121A81ED110A30EE420A30EE6A
:10A82000010A20EE092A91ED130A32EE411A31EEA7
:10A83000001A503021EE091AB0F5FA5F81ED122AA4
:10A8400081ED131A7FF432AF40F21810C2F200000B
:10A850009FEDF10B90ED048B4FF0000856EC10BB10
:10A8600085ED011A4DF25C61C1F2000151F808005A
:10A8700001EB080905F064F902460B4651EC180B90
:10A8800004F05CFC5A46334604F062FF09F1040A06
:10A8900004460D469AE88104D9F810100B9105F092
:10A8A0004FF902460B462046294604F047FC5A461B
:10A8B000334604F04DFF044638460D4605F040F996
:10A8C00002460B462046294604F038FC5A463346D9
:10A8D00004F03EFF044650460D4605F031F90246AD
:10A8E0000B462046294604F029FC5A46334604F01C
:10A8F0002FFF04460B980D4605F022F902460B4641
:10A900002046294604F01AFC5A46334604F020FF3C
:10A910000446D9F814000D4605F012F902460B461C
:10A920002046294604F00AFC5A46334604F010FF3C
:10A930000446D9F818000D4605F002F902460B4608
:10A940002046294604F0FAFB5A46334604F000FF3D
:10A950000446D9F81C000D4605F0F2F802460B46F5
:10A960002046294604F0EAFB5A46334604F0F0FE3E
:10A9700041EC180B08F12008B8F5FA5F7FF472AFCC
:10A9800040F21810C2F2000080ED048B9FEDE41A33
:10A990009FEDE48A4DF25C6B0020B7EE000AC1F235
:10A9A000000B00BF0BEB000191ED002A91ED013A85
:10A9B00022EE022A22EE012AB4EE402A91ED024A4A
:10A9C00091ED035AF1EE10FAB8BFB0EE482A81EDCE
:10A9D000002A23EE032A22EE012AB4EE402AF1EEE9
:10A9E00010FAB8BFB0EE482A81ED012A24EE042AFD
:10A9F00022EE012AB4EE402AF1EE10FAB8BFB0EE12
:10AA0000482A81ED022A25EE052A22EE012AB4EE1B
:10AA1000402AF1EE10FAB8BFB0EE482A91ED043AA0
:10AA200081ED032A23EE032A22EE012AB4EE402A06
:10AA3000F1EE10FAB8BFB0EE482A91ED053A81ED7B
:10AA4000042A23EE032A22EE012AB4EE402AF1EE74
:10AA500010FAB8BFB0EE482A91ED063A81ED052A0A
:10AA600023EE032A22EE012AB4EE402AF1EE10FA78
:10AA7000B8BFB0EE482A91ED073A81ED062A23EEE1
:10AA8000032A22EE012AB4EE402AF1EE10FAB8BFF2
:10AA9000B0EE482A91ED083A81ED072A23EE032A09
:10AAA00022EE012AB4EE402AF1EE10FAB8BFB0EE61
:10AAB000482A91ED093A81ED082A23EE032A22EE75
:10AAC000012AB4EE402AF1EE10FAB8BFB0EE482ADF
:10AAD00091ED0A3A81ED092A23EE032A22EE012A9A
:10AAE000B4EE402AF1EE10FAB8BFB0EE482A91ED6C
:10AAF0000B3A81ED0A2A23EE032A22EE012AB4EE54
:10AB0000402AF1EE10FAB8BFB0EE482A91ED0C3AA7
:10AB100081ED0B2A23EE032A22EE012AB4EE402A0D
:10AB2000F1EE10FAB8BFB0EE482A91ED0D3A81ED82
:10AB30000C2A23EE032A22EE012AB4EE402AF1EE7B
:10AB400010FAB8BFB0EE482A91ED0E3A81ED0D2A09
:10AB500023EE032A22EE012AB4EE402AF1EE10FA87
:10AB6000B8BFB0EE482A91ED0F3A81ED0E2A23EEE0
:10AB7000032A22EE012AB4EE402AF1EE10FA00F187
:10AB80004000B8BFB0EE482AB0F5FA5F81ED0F2A59
:10AB90007FF408AF4BF6D03040F298084EF62419F7
:10ABA00043F2583A00222D23C2F20A000026002167
:10ABB000C2F20008C2F20A09C2F2080A08E000BFA5
:10ABC00000262832B2F5FA5F03F1320300F0068165
:10ABD0000BEB020797ED001AF607B4EE401A03D00C
:10ABE000F1EE10FA08DA1BE0F1EE10FA18DDA3F12D
:10ABF0002D0640F821600131012697ED011AB4EECF
:10AC0000401AA6B9F1EE10FA14DDA3F1280640F8B7
:10AC1000216001311EE000BFFCA9F1D24D62403F2E
:10AC2000002697ED011A002EB4EE401AEAD0F1EE9C
:10AC300010FA0FDA002697ED021AB4EE401A86B920
:10AC4000F1EE10FA10DDA3F1230640F82160013186
:10AC500014E000BF012697ED021A002EB4EE401A50
:10AC6000EED0F1EE10FA09DA002697ED031AB4EEF1
:10AC7000401A56B1F1EE10FA0FDA19E0012697EDFD
:10AC8000031A002EB4EE401AF4D1F1EE10FA0FDDE3
:10AC9000A3F11E0640F821600131012697ED041A48
:10ACA000B4EE401A5EB1F1EE10FA10DA1EE000BF09
:10ACB000002697ED041A002EB4EE401AF3D1F1EEFF
:10ACC00010FA13DDA3F1190640F8216001310126C5
:10ACD00097ED051AB4EE401A7EB9F1EE10FA0FDDC9
:10ACE000A3F1140640F8216001311DE0002697ED24
:10ACF000051A002EB4EE401AEFD0F1EE10FA13DA76
:10AD0000002697ED061AB4EE401AA6B9F1EE10FA35
:10AD100014DDA3F10F0640F82160013118E000BFF7
:10AD20000AD7233B00000000012697ED061A002EEB
:10AD3000B4EE401AEAD0F1EE10FA09DA002697EDE7
:10AD4000071AB4EE401A56B1F1EE10FA0FDA19E014
:10AD5000012697ED071A002EB4EE401AF4D1F1EE59
:10AD600010FA0FDDA3F10A0640F821600131012637
:10AD700097ED081AB4EE401A5EB1F1EE10FA0FDA50
:10AD80001EE000BF002697ED081A002EB4EE401A10
:10AD9000F3D1F1EE10FA13DD5E1F40F821600131AE
:10ADA000012697ED091AB4EE401A86B9F1EE10FAB1
:10ADB0007FF706AF40F821300131012601E700BFDF
:10ADC000002697ED091A002EB4EE401AEED0F1EEEF
:10ADD00010FAFFF6F5AE0126F3E600BF002940F0B9
:10ADE00098831FED301A00210AEB010393ED002A2E
:10ADF00093ED013A32EE412A22EE0A2A32EE011A8E
:10AE000033EE412A93ED024A0BEB010222EE0A2AAD
:10AE100082ED001A32EE011A34EE412A93ED035A04
:10AE200022EE0A2A82ED011A32EE011A35EE412A8B
:10AE300022EE0A2A82ED021A32EE011A93ED042A5A
:10AE400082ED031A32EE412A22EE0A2A32EE011A6C
:10AE500093ED052A82ED041A32EE412A22EE0A2AE7
:10AE600032EE011A93ED062A82ED051A32EE412ADE
:10AE700022EE0A2A32EE011A93ED072A82ED061A13
:10AE800032EE412A22EE0A2A32EE011A93ED082A06
:10AE900082ED071A32EE412A22EE0A2A32EE011A18
:10AEA00093ED092A82ED081A32EE412A22EE0A2A8F
:10AEB00032EE011A93ED0A2A93ED0B3A32EE412A53
:10AEC00022EE0A2A82ED091A32EE011A33EE412AE5
:10AED00093ED0C4A22EE0A2A82ED0A1A32EE011A8A
:10AEE00034EE412A93ED0D5A22EE0A2A82ED0B1A16
:10AEF00032EE011A35EE412A22EE0A2A82ED0C1AB0
:10AF000032EE011A93ED0E2A82ED0D1A32EE412A2D
:10AF100022EE0A2A32EE011A93ED0F2A403132EE68
:10AF2000412A22EE0A2A82ED0E1A32EE011AB1F5FA
:10AF3000FA5F82ED0F1A7FF457AF4DF67A111FEDCD
:10AF4000871AC3F62061C8F800100021B0EE412A2C
:10AF50000BEB010232EE411A92ED002A92ED013A1A
:10AF600031EE021A21EE091A82ED001A31EE421A70
:10AF700031EE031A92ED024A21EE091A82ED011A0E
:10AF800031EE431A31EE041A92ED035A21EE091AFA
:10AF900082ED021A31EE441A31EE051A21EE091A39
:10AFA00092ED042A82ED031A31EE451A31EE021AAF
:10AFB00021EE091A92ED053A82ED041A31EE421A99
:10AFC00031EE031A21EE091A92ED062A82ED051AD6
:10AFD00031EE431A31EE021A21EE091A92ED073AC8
:10AFE00082ED061A31EE421A31EE031A21EE091AE9
:10AFF00092ED082A82ED071A31EE431A31EE021A59
:10B0000021EE091A92ED093A82ED081A31EE421A40
:10B0100031EE031A21EE091A92ED0A2A82ED091A7D
:10B0200031EE431A31EE021A21EE091A92ED0B3A73
:10B0300082ED0A1A31EE421A31EE031A21EE091A94
:10B0400092ED0C2A82ED0B1A31EE431A31EE021A00
:10B0500021EE091A92ED0D3A82ED0C1A31EE421AE8
:10B0600031EE031A21EE091A92ED0E2A82ED0D1A25
:10B0700031EE431A31EE021A21EE091A92ED0F3A1F
:10B0800082ED0E1A31EE421A31EE031A21EE091A40
:10B0900092ED102A82ED0F1A31EE431A31EE021AA8
:10B0A00021EE091A92ED113A82ED101A31EE421A90
:10B0B00031EE031A21EE091A92ED122A82ED111ACD
:10B0C00031EE431A31EE021A21EE093A92ED131ACB
:10B0D00033EE422A32EE012A503122EE092AB1F52E
:10B0E000FA5F82ED123A82ED132A7FF431AF88EDD8
:10B0F000012A9FEDE11A9FEDE12A00210BEB0102ED
:10B1000092ED003A92ED014A23EE033A23EE013A22
:10B11000B4EE403A92ED025A92ED036AF1EE10FA63
:10B12000B8BFB0EE423A82ED003A24EE043A23EE84
:10B13000013AB4EE403AF1EE10FAB8BFB0EE423A3E
:10B1400082ED013A25EE053A23EE013AB4EE403A9B
:10B15000F1EE10FAB8BFB0EE423A82ED023A26EEB6
:10B16000063A23EE013AB4EE403AF1EE10FAB8BFD7
:10B17000B0EE423A92ED044A82ED033A24EE043AEC
:10B1800023EE013AB4EE403AF1EE10FAB8BFB0EE59
:10B19000423A92ED054A82ED043A24EE043A23EE57
:10B1A000013AB4EE403AF1EE10FAB8BFB0EE423ACE
:10B1B00092ED064A82ED053A24EE043A23EE013A76
:10B1C000B4EE403AF1EE10FAB8BFB0EE423A92ED6A
:10B1D000074A82ED063A24EE043A23EE013AB4EE31
:10B1E000403AF1EE10FAB8BFB0EE423A92ED084A9A
:10B1F00082ED073A24EE043A23EE013AB4EE403AE7
:10B20000F1EE10FAB8BFB0EE423A92ED094A82ED83
:10B21000083A24EE043A23EE013AB4EE403AF1EE55
:10B2200010FAB8BFB0EE423A92ED0A4A82ED093AFE
:10B2300024EE043A23EE013AB4EE403AF1EE10FA6D
:10B24000B8BFB0EE423A92ED0B4A82ED0A3A24EED4
:10B25000043A23EE013AB4EE403AF1EE10FAB8BFE8
:10B26000B0EE423A92ED0C4A82ED0B3A24EE043AEB
:10B2700023EE013AB4EE403AF1EE10FAB8BFB0EE68
:10B28000423A92ED0D4A82ED0C3A24EE043A23EE56
:10B29000013AB4EE403AF1EE10FAB8BFB0EE423ADD
:10B2A00092ED0E4A82ED0D3A24EE043A23EE013A75
:10B2B000B4EE403AF1EE10FAB8BFB0EE423A92ED79
:10B2C0000F4A82ED0E3A24EE043A23EE013AB4EE30
:10B2D000403AF1EE10FA01F14001B8BFB0EE423A47
:10B2E000B1F5FA5F82ED0F3A7FF408AF00222D230B
:10B2F0000026002108E000BF00262832B2F5FA5FE0
:10B3000003F1320300F002810BEB020797ED001A04
:10B31000F607B4EE401A03D0F1EE10FA08DA17E09F
:10B32000F1EE10FA14DDA3F12D0640F82160013191
:10B33000012697ED011AB4EE401A86B9F1EE10FA23
:10B3400010DDA3F1280640F8216001311AE000BFAA
:10B35000002697ED011A002EB4EE401AEED0F1EE61
:10B3600010FA0FDA002697ED021AB4EE401A86B9E9
:10B37000F1EE10FA10DDA3F1230640F8216001314F
:10B3800014E000BF012697ED021A002EB4EE401A19
:10B39000EED0F1EE10FA09DA002697ED031AB4EEBA
:10B3A000401A56B1F1EE10FA0FDA19E0012697EDC6
:10B3B000031A002EB4EE401AF4D1F1EE10FA0FDDAC
:10B3C000A3F11E0640F821600131012697ED041A11
:10B3D000B4EE401A5EB1F1EE10FA10DA1EE000BFD2
:10B3E000002697ED041A002EB4EE401AF3D1F1EEC8
:10B3F00010FA13DDA3F1190640F82160013101268E
:10B4000097ED051AB4EE401A7EB9F1EE10FA0FDD91
:10B41000A3F1140640F82160013119E0002697EDF0
:10B42000051A002EB4EE401AEFD0F1EE10FA0FDA42
:10B43000002697ED061AB4EE401A86B9F1EE10FA1E
:10B4400010DDA3F10F0640F82160013118E000BFC4
:10B45000012697ED061A002EB4EE401AEED0F1EE5A
:10B4600010FA0DDA002697ED071AB4EE401A76B1FD
:10B47000F1EE10FA13DA1DE0CDCC4C3C00000000D8
:10B48000012697ED071A002EB4EE401AF0D1F1EE26
:10B4900010FA0FDDA3F10A0640F821600131012600
:10B4A00097ED081AB4EE401A5EB1F1EE10FA0FDA19
:10B4B0001EE000BF002697ED081A002EB4EE401AD9
:10B4C000F3D1F1EE10FA13DD5E1F40F82160013177
:10B4D000012697ED091AB4EE401A86B9F1EE10FA7A
:10B4E0007FF70AAF40F821300131012605E700BFA0
:10B4F000002697ED091A002EB4EE401AEED0F1EEB8
:10B5000010FAFFF6F9AE0126F7E600BF002900F0B9
:10B510002D820129C0F227824CF64C0E01F0030C5B
:10B520000429C1F2000E80F0358100270021BCF112
:10B53000000F2BD050F82760731C0BD046F26763C6
:10B54000C6F2666356FB03F35E1006EBD3734EF848
:10B5500021300131BCF1010F18D000EB87004768A2
:10B560007B1C0BD046F26763C6F2666357FB03F39E
:10B570005F1007EBD3734EF821300131BCF1020F9D
:10B580001CBF806810F1010340F0DE810129C0F288
:10B59000EA8100204FF0FF3C05E000BF4EF820C0DC
:10B5A0000130814270D05EF820200AEB820616ED51
:10B5B000010A96ED001ABDEEC00A10EE104ABDEE6B
:10B5C000C10A10EE107ABC4205D0A7EB0402C8BF36
:10B5D000E21B052AE4DC16ED020ABDEEC00A10EEFD
:10B5E000105AA54205D0A4EB0502C8BF2A1B052AA4
:10B5F000D6DC16ED030ABDEEC00A10EE103AAB42DF
:10B6000005D0A5EB0302C8BF5A1B052AC8DC96ED7E
:10B61000010ABDEEC00A10EE104AA74205D0A4EB05
:10B620000702C8BF3A1B052ABADC96ED020ABDEE36
:10B63000C00A10EE103A9C4205D0A3EB0402C8BF2A
:10B64000E21A052AACDC96ED030ABDEEC00A10EE44
:10B65000106AB34205D0A6EB0302C8BF9A1B052AA5
:10B660009EDCBD4205D0A7EB0502C8BFEA1B052A38
:10B6700096DCB44292D0A6EB0402C8BFA21B052AF6
:10B68000D8BF4EF820C08BE70129C0F26C8144F28C
:10B69000446A0020C1F2000A4FF0FF3C06E000BF00
:10B6A0004EF820C00130814200F0BA805EF82030B0
:10B6B0005A1CF7D00AEB830616ED010A96ED001A24
:10B6C000BDEEC00A10EE104ABDEEC10A10EE107AAF
:10B6D000BC4205D0A7EB0402C8BFE21B052AE1DC8F
:10B6E00016ED020ABDEEC00A10EE105AA54205D0B2
:10B6F000A4EB0502C8BF2A1B052AD3DC16ED030AFA
:10B70000BDEEC00A10EE103AAB4205D0A5EB030225
:10B71000C8BF5A1B052AC5DC96ED010ABDEEC00A5A
:10B7200010EE104AA74205D0A4EB0702C8BF3A1B8F
:10B73000052AB7DC96ED020ABDEEC00A10EE103AFB
:10B740009C4205D0A3EB0402C8BFE21A052AA9DC7B
:10B7500096ED030ABDEEC00A10EE106AB34205D0A2
:10B76000A6EB0302C8BF9A1B052A9BDCBD4205D08D
:10B77000A7EB0502C8BFEA1B052A93DCB4423FF4DD
:10B780008FAFA6EB0402C8BFA21B052AD8BF4EF894
:10B7900020C087E74FF6FC73C7F6FF7346F2676475
:10B7A00001EA030600F108050027C6F266640021DD
:10B7B00006E000BF0437BE4205F110053FF4B7AE06
:10B7C00055F8083C5A1C07D053FB04F2531003EB06
:10B7D000D2724EF82120013155F8043C5A1C07D092
:10B7E00053FB04F2531003EBD2724EF821200131C7
:10B7F0002B685A1C07D053FB04F2531003EBD27290
:10B800004EF8212001316B685A1CD3D053FB04F24F
:10B81000531003EBD2724EF821200131CAE700BF6A
:10B8200000200129C8F84400C0F2A080042901F0DA
:10B83000030003D2002100254BE000BF4FF6FC724D
:10B84000C7F6FF7201EA02030EF108070021002586
:10B850000EE000BF49F825600135C8F844507E6805
:10B86000721C022A2BD204318B4207F1100730D010
:10B8700057F8086C721C022A0AD257F8046C721C22
:10B88000022A0FD23E68721C022A14D3E2E700BFDC
:10B8900049F825600135C8F8445057F8046C721C0B
:10B8A000022AEFD349F825600135C8F844503E68B4
:10B8B000721C022ACED27E68721C022AD3D349F8A7
:10B8C00025600135C8F8445004318B4207F1100758
:10B8D000CED108B35EF821305A1C022A04D349F8AD
:10B8E00025300135C8F84450012815D00EEB8101F0
:10B8F0004A68531C022B04D349F825200135C8F8A7
:10B900004450022808D08868411C022904D349F811
:10B9100025000135C8F8445045B3012D079511DBCA
:10B92000D9F80000B0F1FF3418BF00EB8004681EA6
:10B9300008D0A91E032900F0030C27D201270021FB
:10B94000002268E09DE000BF46F26763C6F26663CE
:10B9500050FB03F0431003EBD0704EF8210001318F
:10B960000129BFF616AE0020C8F844000020C8F830
:10B970004000C8F814004FF4B470C8F82C000CB0A4
:10B98000BDEC068B01B0BDE8F08F00BF20F00307CF
:10B990000021002200260DE020462D696B1C35D0C9
:10B9A00005EB85048442C2BF0132201A01440436EB
:10B9B000B7422FD009EB86056868431C14D000EB12
:10B9C0008000A042C2BF0132031B1944AC68631C53
:10B9D0000ED004EB84048442C2BF0132201A014419
:10B9E000E868431C08D1D7E72046AC68631CF0D157
:10B9F0000446E868431CCFD000EB8000A042C2BFE1
:10BA00000132031B19442D696B1CC9D1044604364D
:10BA1000B742CFD1771CBCF1000F26D059F82700D0
:10BA2000461C07D000EB8006A642C2BF0132301B85
:10BA3000014400E02646BCF1010F16D009EB870750
:10BA40007868451C08D000EB8000B042C2BF0132CC
:10BA5000861B314401E000BF3046BCF1020F1CBF21
:10BA6000BB6813F1010741F0A98491FBF2F14EF696
:10BA7000602090FBF1F0079D0191C8F81410C8F800
:10BA8000400098ED150A98ED161A98ED172A012D29
:10BA9000C0F23E814FF0000A00200B9016E000BF7C
:10BAA00040F298004EF62419C2F20000C2F20A09D0
:10BAB000C0E9121EC0F850C04DF25C6B079DC1F288
:10BAC000000B0AF1010AAA4500F0248159F82A1056
:10BAD0006429F6DB41F218426FF00303C2F2080258
:10BAE00003EB810302EB81001A4490ED004A92EDD2
:10BAF000003A43F25832C2F2080234EE434A02EBF3
:10BB000081071A44BDEEC45A97ED006A92ED004ACF
:10BB100044F24466C1F2000615EE102A36EE445A8D
:10BB200006EB81053344BDEEC56A95ED007A93EDD1
:10BB3000005A16EE108A37EE456ABDEEC66A16EE5A
:10BB4000109ACE1EA7F10C040C3DA0F10C074FF08B
:10BB5000000B0FE0B01C013E043C043D043F0228F2
:10BB6000B0EE605AB0EE474AB0EE463A0A46F046AA
:10BB7000E14695D997ED016A33EE467ABDEEC77A74
:10BB800017EE101A0B46002948BF4B4294ED017A7C
:10BB9000032B74EE470AFDEEE01AD5ED010A11EE13
:10BBA00090EA75EE601AFDEEE11A11EE90CA0FD818
:10BBB000BEF1000F704648BFCEF10000BCF1000F8F
:10BBC000634648BFCCF10003032898BF032B1FD95D
:10BBD00002FB01F0002808D408FB0EF0002804D472
:10BBE00009FB0CF0B0F1FF3FB4DCBBF1030F4DD209
:10BBF00097ED033A33EE463ABDEEC33A13EE100A20
:10BC0000002848BF404202285CD90BF1010BA1E794
:10BC1000D7ED001A76EE612AFDEEE22A12EE900AC6
:10BC2000002848BF40420328D2D8D4ED002A77EE3E
:10BC3000623AFDEEE33A13EE900A002848BF404214
:10BC40000328C5D8D5ED003A70EEE34AFDEEE44A8C
:10BC500014EE900A002848BF40420328B8D840F2AA
:10BC600098024EF62419C2F20002701CC2F20A09B0
:10BC700030EE210A31EE221A32EE232AC2E9121ED8
:10BC8000C2F850C049F82A0015E000BF40F29802FF
:10BC90004EF62419C2F20002B01CC2F20A09C2E92F
:10BCA000121EC2F850C049F82A0030EE030A31EEE5
:10BCB000041A32EE052A82ED150A82ED161A82ED7B
:10BCC000172A20E097ED003A40F2980030EE030A80
:10BCD00094ED003A4EF6241931EE031A95ED003A30
:10BCE000C2F20000C2F20A0932EE032A8164C0F8EF
:10BCF0004CE0C0F850C049F82A6080ED150A80ED8C
:10BD0000161A80ED172A0B9801300B90D4E600BF6D
:10BD100000200B900B9840F2980A03EE100AB8EE40
:10BD2000C33A80EE030A81EE034A82EE031AC2F29E
:10BD3000000A012D8AED150A8AED164A8AED171AB6
:10BD4000C0F22C8143F25830C2F2080008300021C2
:10BD50000290002200270023002003901CE000BF77
:10BD600040F29800C2F20000C0F848A082460B984A
:10BD7000CAF84C000A98CAF850004EF624194DF241
:10BD80005C6BDDE90421C2F20A09C1F2000B0798DD
:10BD90000131814200F0F68059F821C0BCF1640FF6
:10BDA000F5DB0CF1040008900CF10600DDF80880CA
:10BDB00041F2184E44F24469039E013206900CF1A0
:10BDC00031004FEA8C0BC2F2080EC1F20009059156
:10BDD0000492099025E000BF04EE107A32EE402A6A
:10BDE000B8EEC44A32EE042ABDEEC22A12EE107A30
:10BDF00033EE412A03EE103AB8EEC33A32EE032A8C
:10BE00000998BDEEC22A12EE103A84450CF1010CDD
:10BE100006F1050609F104090EF1040E08F1040803
:10BE20009EDA0EEB0B0010ED013A90ED002A08EBC4
:10BE30000B0132EE433ABDEEC33A13EE10AA52465E
:10BE4000BAF1000F48BFCAF1000211ED033A11ED3B
:10BE5000024A09EB0B0434EE433ABDEEC35A14ED2B
:10BE6000016A94ED003A15EE105A33EE465ABDEED3
:10BE7000C55A032A15EE102A0B950A920FD83D4693
:10BE80000B9F002F44BF0B9A57420A9A002A44BFC7
:10BE90000A9A5242032F2F4698BF032A3CD990EDAD
:10BEA000024A32EE445ABDEEC55A15EE101A002968
:10BEB00048BF494203298FD890ED035A34EE454AD2
:10BEC000BDEEC44A14EE100A002848BF40420328C1
:10BED0003FF682AF94ED024A33EE445ABDEEC55AA6
:10BEE00015EE100A002848BF404203283FF674AF01
:10BEF00094ED035A34EE454ABDEEC44A14EE100ADE
:10BF0000002848BF404203283FF666AF06988445A4
:10BF10007FF762AF2BE000BF089A9445BFDD90ED3C
:10BF2000025A32EE455ABDEEC55A15EE107A002F70
:10BF300048BF7F42032F2F46B1D891ED005A34EE0F
:10BF4000454ABDEEC44A14EE101A002948BF4942C2
:10BF50000329A4D894ED024A33EE444ABDEEC44A04
:10BF600014EE101A002948BF4942032997D840F21D
:10BF70009800C2F20000C0F848A082460B980396D1
:10BF8000F6E600BF039890FBF2F857EA0300CAF800
:10BF900024800AD14FF4B470E8E000BF00230027EA
:10BFA00057EA0300CAF82480F4D0012FA8BF012B60
:10BFB00068DAB7F1FF3FD8BFB3F1FF3F40F3A68087
:10BFC000012F2DDBB3F1FF3F2ADCC7EB430000EE6E
:10BFD000100AB8EEC00A10EE100A0B9303F0B0FD81
:10BFE000044638460E4603F024FB9FED3B0B3D46CE
:10BFF0000746894653EC102B2046314603F0A8FB38
:10C000003A464B462F4603F04DF941EC100B02F037
:10C0100013FE51EC100B03F0DDFA0B9BCAF82C0059
:10C02000B7F1FF3F00F3A480002B40F3A18007EBA2
:10C030004300404200EE100AB8EEC00A10EE100AAB
:10C0400003F07EFD9FED260B53EC102B03F080FBDD
:10C05000044638460E4603F0ECFA02460B462046EC
:10C06000314603F01FF941EC100B02F0E5FD51ECF5
:10C07000100B9FED1D0B53EC102B03F069FB9FED94
:10C080001C0B6DE007EB430000EE100AB8EEC00A8F
:10C0900010EE100A03F054FD9FED110B53EC102B22
:10C0A00003F056FB044638460E4603F0C2FA024639
:10C0B0000B462046314603F0F5F841EC100B02F038
:10C0C000BBFD51EC100B9FED0C0B53EC102B03F050
:10C0D0003FFB49E000BF00BF10FC6E83548A404024
:10C0E00063D832CACA79E23F775AF01ADCA54CC04D
:10C0F0000000000000806640775AF01ADCA54C4032
:10C1000000000000008066C09F08D43E07EB43009B
:10C11000404200EE100AB8EEC00A10EE100A03F01A
:10C120000FFD1FED110B53EC102B03F011FB044618
:10C1300038460E4603F07DFA02460B46204631464D
:10C1400003F0B0F841EC100B02F076FD51EC100B4F
:10C150001FED170B53EC102B03F0FAFA1FED180B21
:10C1600053EC102B02F0EAFF03F034FACAF82C006B
:10C170001FED1B0A43F258330020C2F2080300BF30
:10C180001A1892ED001A92ED012A31EE481A21EEAA
:10C19000001A31EE081A32EE412A22EE002A92ED00
:10C1A000023A31EE015A32EE011A0BEB000131EE88
:10C1B000012A81ED012A33EE412A22EE002A92ED76
:10C1C000034A32EE011A31EE012A81ED022A34EEE1
:10C1D000412A22EE002A32EE011A92ED043A31EEA3
:10C1E000012A81ED032A33EE412A22EE002A32EEA3
:10C1F000011A92ED053A31EE012A81ED042A33EE5F
:10C20000412A22EE002A32EE011A92ED063A31EE70
:10C21000012A81ED052A33EE412A22EE002A32EE70
:10C22000011A92ED073A31EE012A81ED062A33EE2A
:10C23000412A22EE002A32EE011A92ED083A31EE3E
:10C24000012A81ED072A33EE412A22EE002A32EE3E
:10C25000011A92ED093A31EE012A81ED082A33EEF6
:10C26000412A22EE002A32EE011A31EE012A81ED36
:10C27000092A92ED0A2A92ED0B3A32EE412A22EE79
:10C28000002A32EE011A31EE012A81ED0A2A33EE3C
:10C29000412A22EE002A92ED0C4A32EE011A31EECA
:10C2A000012A81ED0B2A34EE412A22EE002A81ED8B
:10C2B000005A92ED0D5A32EE011A31EE012A81ED4B
:10C2C0000C2A35EE412A22EE002A32EE011A92EDB6
:10C2D0000E3A31EE012A81ED0D2A33EE412A22EE8B
:10C2E000002A32EE011A92ED0F3A31EE012A81ED69
:10C2F0000E2A33EE412A22EE002A32EE018A403025
:10C3000038EE081AB0F5FA5F81ED0F1A7FF438AFF6
:10C310004AF6FB509FEDE11AC3F680609FEDE00AFC
:10C32000CAF800000020B0EE412A00BF0BEB00016C
:10C3300032EE411A91ED002A91ED013A31EE021AE6
:10C3400021EE001A81ED001A31EE421A31EE031A85
:10C3500091ED024A21EE001A81ED011A31EE431AE5
:10C3600031EE041A91ED035A21EE001A81ED021A02
:10C3700031EE441A31EE051A21EE001A91ED042A2D
:10C3800081ED031A31EE451A31EE021A21EE001A40
:10C3900091ED053A81ED041A31EE421A31EE031A9D
:10C3A00021EE001A91ED062A81ED051A31EE431AAD
:10C3B00031EE021A21EE001A91ED073A81ED061ACC
:10C3C00031EE421A31EE031A21EE001A91ED082ADD
:10C3D00081ED071A31EE431A31EE021A21EE001AEE
:10C3E00091ED093A81ED081A31EE421A31EE031A45
:10C3F00021EE001A91ED0A2A81ED091A31EE431A55
:10C4000031EE021A21EE001A91ED0B3A81ED0A1A73
:10C4100031EE421A31EE031A21EE001A91ED0C2A88
:10C4200081ED0B1A31EE431A31EE021A21EE001A99
:10C4300091ED0D3A81ED0C1A31EE421A31EE031AEC
:10C4400021EE001A91ED0E2A81ED0D1A31EE431AFC
:10C4500031EE021A21EE001A91ED0F3A81ED0E1A1B
:10C4600031EE421A31EE031A21EE001A91ED102A34
:10C4700081ED0F1A31EE431A31EE021A21EE001A45
:10C4800091ED113A81ED101A31EE421A31EE031A94
:10C4900021EE001A91ED122A81ED111A31EE431AA4
:10C4A00031EE021A21EE003A91ED131A33EE422AD0
:10C4B00032EE012A503022EE002AB0F5FA5F81ED0B
:10C4C000123A81ED132A7FF431AF0BF1080749F6D8
:10C4D000904E00220423C2F20A0E39468AED012A48
:10C4E00011ED020A11ED011A31EE400ABDEEC00A4B
:10C4F00010EE106A002E48BF76420E2E22BFDE1EBE
:10C500004EF82260013211ED010A91ED001A31EE70
:10C51000400ABDEEC00A10EE106A002E48BF7642F7
:10C520000E2E22BF9E1E4EF82260013291ED000AAF
:10C5300091ED011A31EE400ABDEEC00A10EE106A0C
:10C54000002E48BF76420E2E22BF5E1E4EF822609D
:10C550000132B3F5FA6F15D091ED010A91ED021A8F
:10C56000103131EE400ABDEEC00A10EE106A002E06
:10C5700048BF76420E2E24BF4EF8223001320433DB
:10C58000AEE700BF012A35DB02F0030C93084FF041
:10C59000000218D023F06043A2EB8303AEF1100633
:10C5A000002500BF56F8104F043D4BF82420D6E973
:10C5B0000141F068AB424BF824204BF821204BF8A6
:10C5C0002020EFD16A42BCF1000F13D05EF8226048
:10C5D0000023BCF1010F4BF826300BD00EEB82028A
:10C5E0005668BCF1020F4BF8263003D09168002248
:10C5F0004BF821200022042317ED020A17ED011A3F
:10C6000031EE400ABDEEC00A10EE101A002948BFF4
:10C610004942292922BFD81E4EF82200013217EDC7
:10C62000010A97ED001A31EE400ABDEEC00A10EE85
:10C63000101A002948BF4942292922BF981E4EF8E6
:10C640002200013297ED000A97ED011A31EE400AFF
:10C65000BDEEC00A10EE101A002948BF4942292930
:10C6600022BF581E4EF822000132B3F5FA6F19D0DE
:10C6700097ED010A97ED021A103731EE400ABDEE30
:10C68000C00A10EE101A002948BF4942292924BFC8
:10C690004EF8223001320433AEE700BF0000000044
:10C6A0002F954C3F012A31DB02F0030193084FF034
:10C6B000000218D023F06040A2EB8003AEF1100717
:10C6C000002600BF57F8100F043E4BF82020D7E992
:10C6D0000105FC68B3424BF820204BF825204BF8AD
:10C6E0002420EFD1724289B15EF822000023012993
:10C6F0004BF820300AD00EEB8200426802294BF83A
:10C70000223003D0806800214BF8201001989FED63
:10C71000B81A00EE100AB8EEC00A20EE010AB1EE17
:10C72000C08ACDF8108018EE100A03F009FA9FEDC8
:10C73000B20B53EC102B03F00BF802F04BFF079BEE
:10C740008146012B0A90C0F25B815046D0F86CB054
:10C75000A9F11F000590A9F11E00DAE91868DAF8BE
:10C7600068A000F00301089120F0030400270025D1
:10C770000021002218E000BF4EF6784341F2883CC9
:10C78000CFF6FF730B9E40F298009844C2F200006F
:10C79000079B013566448A449344603080E8400D2D
:10C7A00001379F4200F02D814EF62410C2F20A009C
:10C7B00050F827E0BEF1640FF2DB0EEB0900B0F594
:10C7C000E16FEDDCB9F11F0F0B96D5DB05980995EC
:10C7D000032807D24EF6784341F2883C0026CFF674
:10C7E000FF738DE04DF25C60C1F2000000EB8E0043
:10C7F0004EF67843A0F1100941F2883C0026CFF6AE
:10C80000FF7300BF00EE103A99ED222AB8EEC01A6D
:10C81000B4EE412A01EE10CABDEEC25AB8EEC11AFA
:10C8200099ED233A99ED244A99ED250A15EE100A5F
:10C8300006F11E05F1EE10FAC4BF29460346B4EE18
:10C84000412A01EE103AB8EEC11AF1EE10FABCBF5F
:10C850002A468446B4EE413A01EE10CABDEEC32A20
:10C86000B8EEC11A12EE100A06F11F05F1EE10FA29
:10C87000C4BF29460346B4EE413A01EE103AB8EE81
:10C88000C11AF1EE10FABCBF2A468446B4EE414A02
:10C8900001EE10CABDEEC42AB8EEC11A12EE100A9B
:10C8A00006F12005F1EE10FAC4BF29460346B4EEA6
:10C8B000414A01EE103AB8EEC11AF1EE10FABCBFCF
:10C8C0002A468446B4EE410A01EE10CAB8EEC11AF7
:10C8D000BDEEC02AF1EE10FAB4EE410A12EE100AD3
:10C8E00006F12105C4BF29460346F1EE10FA06F110
:10C8F0000406BCBF2A468446B44209F1100981D11E
:10C900000898DDE9095900283FF43CAF0EF11E00FC
:10C910004DF25C653044C1F2000505EB800E00EE7F
:10C92000103A9EED001AB8EEC00AB4EE401A00EEBE
:10C9300010CAB8EEC00ABDEEC12AF1EE10FAB4EE8C
:10C94000401ACDF8188012EE105A06F11E00C4BF2E
:10C9500001462B46F1EE10FABCBF0246AC46DDF8AC
:10C960002080B8F1010F3ED000EE103A9EED011A82
:10C97000B8EEC00AB4EE401A00EE10CAB8EEC00A13
:10C98000BDEEC12AF1EE10FAB4EE401A12EE100A12
:10C9900006F11F05C4BF29460346F1EE10FABCBFDD
:10C9A0002A468446B8F1020F1DD000EE103A9EEDE3
:10C9B000021AB8EEC00AB4EE401A00EE10CAB8EE81
:10C9C000C00ABDEEC12AF1EE10FAB4EE401A12EE22
:10C9D000100A06F12006C4BF31460346F1EE10FAF4
:10C9E000BCBF32468446099DDDF81880CAE600BF08
:10C9F0006F12833A00BF00BF0000000000005C40DF
:10CA0000002540F2980AC2F2000ADAE91A67DAE968
:10CA1000181097FBF5F44AF2E927C2F68B6790FBF2
:10CA2000F5F091FBF5F296FBF5F154FB07F6751066
:10CA3000002805EBD67651FB07F7CAE91820CAF89B
:10CA40006810CAF86C4048BF4042002A06EB040553
:10CA50004FEA670648BF524206EBD777904288BF3D
:10CA60007D1805EB850000EE100AB8EEC00A80EED6
:10CA7000080A0499CAF81800401A4EF62418CAF891
:10CA8000280040F21810C2F20A080021C2F2000089
:10CA9000012BC0E90111C160CAF80810BDEEC00A3F
:10CAA0008AED070AC0F25E8346F2147B03F0030CA2
:10CAB000042BC1F2000B80F05D83002200230026CE
:10CAC000BCF1000F00F0938058F8220064282ADBA4
:10CAD00000EB0907B7F5E16F25DC6FF0070707EBFF
:10CAE00080000BEB000797ED000A01EE103AB8EE5C
:10CAF000C11A4AF2945730EE010AC1F20007BDEEA6
:10CB0000C00A384410EE103A90ED000A01EE106AA7
:10CB1000B8EEC11A30EE010ABDEEC00A013110EEC6
:10CB2000106A8AED040ABCF1010F60D008EB8200A4
:10CB30004268642A2ADB02EB0907B7F5E16F25DCBE
:10CB40006FF0070707EB82020BEB020797ED000A75
:10CB500001EE103AB8EEC11A4AF2945730EE010ACB
:10CB6000C1F20007BDEEC00A3A4410EE103A92ED51
:10CB7000000A01EE106AB8EEC11A30EE010ABDEEED
:10CB8000C00A013110EE106A8AED040ABCF1020FEE
:10CB90002DD0806864282ADB00EB0902B2F5E16F32
:10CBA00025DC6FF0070202EB80000BEB000292ED38
:10CBB000000A01EE103AB8EEC11A4AF2945230EE71
:10CBC000010AC1F20002BDEEC00A104410EE103A94
:10CBD00090ED000A01EE106AB8EEC11A30EE010ABB
:10CBE000BDEEC00A013110EE106A8AED040A079A00
:10CBF00093FBF1F0012ACAF87000C0F2858346F277
:10CC00006762049BC6F2666253FB02F2531003EBA9
:10CC1000D27296FBF1F100EE100AD01D931D039025
:10CC200002F00300099301EE101A089022F00300AD
:10CC30004EF67843B8EEC00AB8EEC11A08304FF08D
:10CC4000000B00254FF0000C4FF0000900240022DB
:10CC50004FF000080027CFF6FF73029016E000BFE8
:10CC600040F218100B9A1E46C2F2000001356444CF
:10CC70004A44F0443744CAE91D24CAF80C800760CE
:10CC800007980BF1010B834500F044834EF6241006
:10CC9000C2F20A0050F82B006428F1DB0A99014423
:10CCA000B1F5E16FECDC0B9240F21811099AC2F277
:10CCB00000018B60811E024441F2883E9142CAF815
:10CCC00008E0CDDA039ACDE90578032A06D240F2CE
:10CCD00018101E46C2F200001EE100BF4AF2945234
:10CCE00046F21477C1F20002C1F2000702EB8002A3
:10CCF00007EB8000071DDDF8088040F218100432B1
:10CD00001E46C2F2000000BF17ED032A04EE109A7F
:10CD100032EE403A02EE10CAB8EEC22AB4EE423AFF
:10CD2000B8EEC44AF1EE10FAB4EE443ABDEEC32AAE
:10CD3000BCBF12EE10CA80ED032AF1EE10FAC4BF98
:10CD400012EE109A80ED012A12ED032A04EE106A09
:10CD500032EE413A02EE10EAB8EEC22AB4EE423A9E
:10CD6000B8EEC44AF1EE10FAB4EE443ABDEEC32A6E
:10CD7000BCBF12EE10EA8AED022AF1EE10FAC4BF2F
:10CD800012EE106A80ED022A17ED022A04EE109AC4
:10CD900032EE403A02EE10CAB8EEC22AB4EE423A7F
:10CDA000B8EEC44AF1EE10FAB4EE443ABDEEC32A2E
:10CDB000BCBF12EE10CA80ED032AF1EE10FAC4BF18
:10CDC00012EE109A80ED012A12ED022A04EE106A8A
:10CDD00032EE413A02EE10EAB8EEC22AB4EE423A1E
:10CDE000B8EEC44AF1EE10FAB4EE443ABDEEC32AEE
:10CDF000BCBF12EE10EA8AED022AF1EE10FAC4BFAF
:10CE000012EE106A80ED022A17ED012A04EE109A44
:10CE100032EE403A02EE10CAB8EEC22AB4EE423AFE
:10CE2000B8EEC44AF1EE10FAB4EE443ABDEEC32AAD
:10CE3000BCBF12EE10CA80ED032AF1EE10FAC4BF97
:10CE400012EE109A80ED012A12ED012A04EE106A0A
:10CE500032EE413A02EE10EAB8EEC22AB4EE423A9D
:10CE6000B8EEC44AF1EE10FAB4EE443ABDEEC32A6D
:10CE7000BCBF12EE10EA8AED022AF1EE10FAC4BF2E
:10CE800012EE106A80ED022A97ED002A04EE109A45
:10CE900032EE403A02EE10CAB8EEC22AB4EE423A7E
:10CEA000B8EEC44AF1EE10FAB4EE443ABDEEC32A2D
:10CEB000BCBF12EE10CA80ED032AF1EE10FAC4BF17
:10CEC00012EE109A80ED012A92ED002A04EE106A0B
:10CED00032EE413A02EE10EAB8EEC22AB4EE423A1D
:10CEE000B8EEC44AF1EE10FAB4EE443ABDEEC32AED
:10CEF000BCBF12EE10EA8AED022AF1EE10FAC4BFAE
:10CF000012EE106A80ED022A04311032B8F10408E2
:10CF100007F110077FF4F8AE089A4EF67843002A1E
:10CF2000DDE905780B9ACFF6FF733FF49FAE46F22A
:10CF30001470C1F2000000EB810090ED002A03EEB6
:10CF400010CA32EE402AB8EEC33A40F21810B4EEDE
:10CF5000432AC2F20000F1EE10FABEBFBDEEC23AA3
:10CF600080ED033A13EE10CA03EE109AB8EEC33AFE
:10CF7000B4EE432AF1EE10FAC2BFBDEEC22A80ED34
:10CF8000012A12EE109A4AF29450C1F2000000EB0E
:10CF9000810090ED002A03EE10EA32EE412AB8EE4D
:10CFA000C33AB4EE432AF1EE10FABEBFBDEEC23A68
:10CFB0008AED023A13EE10EA03EE106AB8EEC33AB5
:10CFC000B4EE432A40F218100494F1EE10FAC2F2C3
:10CFD0000000C2BFBDEEC22A80ED022A12EE106A26
:10CFE000089C012C60D046F21472481CC1F2000269
:10CFF00002EB800292ED002A03EE10CA32EE402AC4
:10D00000B8EEC33AB4EE432AF1EE10FA09DABDEEF7
:10D01000C23A40F21812C2F2000213EE10CA82EDB8
:10D02000033A03EE109AB8EEC33AB4EE432AF1EE97
:10D0300010FA09DDBDEEC22A40F21812C2F2000257
:10D0400012EE109A82ED012A4AF29452C1F20002C5
:10D0500002EB800090ED002A03EE10EA32EE412A46
:10D06000B8EEC33AB4EE432AF1EE10FABEBFBDEEFD
:10D07000C23A8AED023A13EE10EA03EE106AB8EEF5
:10D08000C33AB4EE432A40F21810F1EE10FAC2F29D
:10D0900000000B9AC2BFBDEEC22A80ED022A12EE3A
:10D0A000106A089C022C01D1049CDFE5881C46F222
:10D0B0001471C1F2000101EB800191ED002A049C82
:10D0C00032EE403A02EE10CAB8EEC22AB4EE423A4C
:10D0D000F1EE10FABDEEC32A07DA40F2181112EE93
:10D0E00010CAC2F2000181ED032A04EE109AB8EED4
:10D0F000C44AB4EE443AF1EE10FA07DD40F21811DA
:10D1000012EE109AC2F2000181ED012A4AF2945106
:10D11000C1F2000101EB800090ED002A04EE106ADC
:10D1200032EE413A02EE10EAB8EEC22AB4EE423ACA
:10D13000B8EEC44A40F21810F1EE10FAB4EE443AD8
:10D14000C2F20000BDEEC32ABCBF12EE10EA8AEDA7
:10D15000022AF1EE10FAC4BF12EE106A80ED022A24
:10D1600084E500BF4FF000080022002400250027BE
:10D17000D0E000BF4FF6FC70C7F6FF7003EA000E68
:10D1800008F1080400226FF007070023002605E0DD
:10D190000432964504F110043FF492AC54F8080CA4
:10D1A000642828DB00EB0905B5F5E16F23DC07EB0C
:10D1B00080000BEB000595ED000A01EE103AB8EE89
:10D1C000C11A4AF2945530EE010AC1F20005BDEED3
:10D1D000C00A284410EE103A90ED000A01EE106AE1
:10D1E000B8EEC11A30EE010ABDEEC00A013110EEF0
:10D1F000106A8AED040A54F8040C642828DB00EB5A
:10D200000905B5F5E16F23DC07EB80000BEB0005AA
:10D2100095ED000A01EE103AB8EEC11A4AF29455A3
:10D2200030EE010AC1F20005BDEEC00A284410EE3E
:10D23000103A90ED000A01EE106AB8EEC11A30EE15
:10D24000010ABDEEC00A013110EE106A8AED040A2F
:10D250002068642828DB00EB0905B5F5E16F23DCC5
:10D2600007EB80000BEB000595ED000A01EE103A8C
:10D27000B8EEC11A4AF2945530EE010AC1F2000527
:10D28000BDEEC00A284410EE103A90ED000A01EEFF
:10D29000106AB8EEC11A30EE010ABDEEC00A0131C3
:10D2A00010EE106A8AED040A60686428FFF670AF19
:10D2B00000EB0905B5F5E16F3FF76AAF07EB8000BA
:10D2C0000BEB000595ED000A01EE103AB8EEC11A1D
:10D2D0004AF2945530EE010AC1F20005BDEEC00AD3
:10D2E000284410EE103A90ED000A01EE106AB8EEF4
:10D2F000C11A30EE010ABDEEC00A013110EE106A0B
:10D300008AED040A44E700BF00274FF0000800221E
:10D310000024002594FBF5F492FBF5F097FBF5F65D
:10D3200040F21811C2F20001CAE91D0400280E6083
:10D3300048BF404202F07DF99FED250B59EC10BB30
:10D340005A464B4602F004FA01F0C6FE002CCAF819
:10D35000300048BF6442204698FBF5F702F069F9B7
:10D360005A464B4602F0F4F901F0B6FE002ECAF818
:10D37000340048BF7642304602F05BF95A464B46CD
:10D3800002F0E6F901F0A8FE002FCAF8380048BF05
:10D390007F42384602F04DF95A464B4602F0D8F922
:10D3A00001F09AFECAF83C000020CAE903000CB064
:10D3B000BDEC068B01B0BDE8F08F00BF03EB83032B
:10D3C0008342C2BF0132181A0144FEF74EBB00BFB0
:10D3D0009A9999999999893F2DE9F04F85B040F62E
:10D3E000D40BC1F2000B9BF8000000218BF8011058
:10D3F00010B105B0BDE8F08FDBF8040046F69029C7
:10D400000128C2F20A0947DB59F8043C09F10C0172
:10D410004242002051F80C7C9F4217DC13185E1C1E
:10D420003AD009EB80056E68BE4211DC9F1C33D0F8
:10D43000AF68B7420EDC03332ED00B680430BB421A
:10D4400009DC171801F11001E4D125E0013002E0F8
:10D45000023000E0033059F8201000F00302830886
:10D460004FF000000DD0A0EB8303A9F1100700BF1F
:10D47000043847F8101F8342C7E90111F960F7D15A
:10D4800040424AB1012A49F8201005D009EB80003A
:10D49000022A416018BF816000204FF0FF3159F827
:10D4A0000020002A37D409EB0002536849F8001025
:10D4B000002B30D493685160002B2CD4D36891603A
:10D4C000002B28D41369D160002B24D45369116137
:10D4D000002B20D493695161002B1CD4D369916136
:10D4E000002B18D4136AD161002B14D4536A116233
:10D4F000002B10D4936A5162002B0CD4D36A916232
:10D50000002B08D4136BD162002B04D43430B0F557
:10D51000027F1163C3D14DF245350FF2F461002053
:10D52000CFF6FF750024F6F769F8DBF804A0ABF836
:10D530000140BAF1020F8BF80340CBE90754CBF856
:10D540000C40CBF81040CBF81440C0F2BD81D9F8A4
:10D550000040012200264FF0000CAE4600214FF0A3
:10D56000000B4FF0000800270023049111E000BFDA
:10D57000A94600274FF0FF3C8770C0E90377C0F849
:10D5800014C04FF000084FF0000B0132924500F03C
:10D590009D80214659F82240A1422FDD091B40F60B
:10D5A000D4004D460BF101090229C1F20000C0F878
:10D5B000109041DB6FB146F284570498D9B2C1F2A2
:10D5C000000747F8210040F6D4000133C1F2000003
:10D5D000C370A9460021002E4FF0FF378170C0E9CB
:10D5E0000417C6D101264FF0FF384670C0F80C80F2
:10D5F00000274FF0000B4FF0FF3CC6E72EDB1CF17D
:10D60000010534D0744507DD40F6D400C1F20000B6
:10D61000A646C0E907420492611A40F6D400884445
:10D62000002FC1F20000C0F80C80AED1B8F10A0F93
:10D63000A4BF01278770A8E776B3002F98D046F2E1
:10D6400084570498D9B2C1F2000747F8210040F688
:10D65000D4000133C1F20000C37089E740F6D40062
:10D660000026C1F2000046701CF10105CAD14DF23E
:10D67000453E40F6D4004FF0000BCFF6FF7EC1F2DE
:10D680000000C0E907EBC0E904B200209446049012
:10D690007445B9DCC0E700BF0126A8F10108BBF161
:10D6A000030F4670C0F80C8002DACB460CE000BFD6
:10D6B00000274FF0FF3C4FF000084FF0000B877041
:10D6C000C0E90377C0F814C0A9465EE740F6D40B62
:10D6D0001806C1F2000B00F0F78046F284560025D0
:10D6E0000FF25454C1F2000656F8252000202146BE
:10D6F000F5F784FF9BF8039001354D45F4D30023E3
:10D70000B9F1030F4FF00008CBF82430CBF81830F4
:10D71000C0F02D817568A9F1020C06F1080162467E
:10D72000049106E008F101080431013ACBF82480A5
:10D7300015D028460D6851F8087C2F44A7EB40000F
:10D74000002848BF40421E28ECD9B8F1000F06DC83
:10D750004FF000080431013ACBF82480E9D1B9F147
:10D76000030FC0F0048146F24C6EC1F2000E09F0C6
:10D77000030A09F0FC0B01220EF1080003900BE0F4
:10D7800000204BF25801C2F2080141F82200624524
:10D7900002F1010200F0DE80B9F1030F06D1002092
:10D7A0000027BAF1000F3FD168E000BF049864463B
:10D7B0000021002705E000BF0131594500F11000AC
:10D7C0002CD08C468A420BD10CF10101914210D130
:10D7D0000131914215D101319142EDD018E000BFE5
:10D7E00050F8081C4EF8271001370CF10101914246
:10D7F000EED050F8043C4EF8273001370131914209
:10D80000E9D003684EF82730013701319142D3D077
:10D8100043684EF827300137CEE700BF0CF1040013
:10D82000A446BAF1000F29D0904208D046F28451A4
:10D83000C1F2000151F820104EF827100137BAF15B
:10D84000010F1BD0411C914208D046F28453C1F213
:10D85000000353F821104EF827100137BAF1020FD8
:10D860000CD00230904209D046F28451C1F200013E
:10D8700051F820004EF82700013700BF032FFFF6B4
:10D880007FAFDEF80440039BBD1E002006E000BF12
:10D890000130013D03F104033FF473AF21461C68DE
:10D8A00053F8086C2644A6EB4106002E48BF76428A
:10D8B0001E2EEDD900283FF764AF0020013D03F193
:10D8C0000403EBD15DE700BF6FF001000021CBE95D
:10D8D00006104FF0FF30CBF82010CBE90A000020F3
:10D8E000E0A10022CBF82400F5F788FE9BF80300A6
:10D8F0000328C0F05E8146F28451C1F20001DBE9E9
:10D9000009264C680831831E0EE000BF771C04BF57
:10D91000CBF828000646CBF82C4001320431013BFD
:10D92000CBF8242000F0458127460C6851F8080CFC
:10D930000519A5EB4705002D48BF6D421E2DE5D901
:10D94000002A00F3368100220431013BCBF8242069
:10D95000EAD12EE140F6D40B46F28456C1F2000B18
:10D96000C1F200060023CBF80C70CBF818006FF062
:10D970000102B9F1020FCBE907235FD3A9F101003E
:10D98000A9F102014BF2580C00F003050329C2F281
:10D99000080C01D200232EE020F003040CEB8900D8
:10D9A000A0F10807002300BF78689042C2BFA9F128
:10D9B0000103CBE90703024638689042C2BFA9F1D0
:10D9C0000203CBE90703024657F8040C9042C2BF9A
:10D9D000A9F10303CBE90703024657F8080CA9F1A4
:10D9E00004099042C2BFCBE907094B460246043CFA
:10D9F000A7F11007D8D10DB3A9F101005CF82010F0
:10DA00009142C2BFCBE9071003460A46012D15D04B
:10DA1000A9F102005CF820109142C2BFCBE90710C7
:10DA200003460A46022D09D0A9F103005CF8201034
:10DA30009142C2BFCBE9071003460A464FF0FF30C0
:10DA40004245CBF82800CBF82C00FFF648AF7CA16C
:10DA500000200024F5F7D2FD9BF80310CBF80C4012
:10DA600061B1DBF8202046F24C6E01F0030C042972
:10DA7000C1F2000E06D20027002142E0CBF8184088
:10DA800097E000BF06F1080701F0FC000024002128
:10DA900005E000BF6C1C844207F1100730D023461C
:10DAA000A24209D15D1C954210D10135954217D192
:10DAB00001359542EED01CE057F8085C4EF8215035
:10DAC0000131CBF80C105D1C9542EED057F8044C98
:10DAD0004EF821400131CBF80C1001359542E7D0CA
:10DAE0003C684EF821400131CBF80C1001359542CD
:10DAF000D0D07C684EF821400131CBF80C10C9E73A
:10DB00001F1DBCF1000F22D0974206D056F82730D7
:10DB10004EF821300131CBF80C10BCF1010F16D0BA
:10DB20007B1C934206D056F823304EF82130013149
:10DB3000CBF80C10BCF1020F09D0BB1C934206D0ED
:10DB400056F823204EF821200131CBF80C1000228A
:10DB50000329CBF818202CDBDBF82860DEF8044022
:10DB60000EF10800023900270EE000BF0137731CD8
:10DB7000CBF8187004BFCBF828201646CBF82C4001
:10DB8000013900F1040014D02346046850F8082C31
:10DB90001519A5EB4305002D48BF6D421E2DE5D993
:10DBA000002F06DC0027CBF81870013900F10400C3
:10DBB000EAD10120F9F7D2F8DBE90A7640F60460F1
:10DBC000C1F2000030F817104CF6CD435943CA0C8F
:10DBD00030F8161040F200005943C1F20000CB0C9F
:10DBE000791CC0E9002304BF4FF0FF320260711CB2
:10DBF00043F6ED7104BF4FF0FF334360C0F60201FE
:10DC00000020CDE90076F5F7F9FC05B0BDE8F08F0E
:10DC10003D3D3D3D3D3D3D3D3D3D3D3D3D3D3D4829
:10DC20006572652061726520496E646578733D3D5B
:10DC30003D3D3D0D0A00000025640D0A0000000076
:10DC4000506C616E20422062657474657220696454
:10DC5000783D25642020207573652066203D25646D
:10DC60000D0A0000506C616E20412062657474657D
:10DC700072206964783D25640D0A0000016841F056
:10DC80004001016070470000C06880B2704700002A
:10DC9000C16070478068084018BF012070470000CD
:10DCA00070B50268D1E902E402F4415CD1E90032C6
:10DCB000D1E9045643EA0C031A4342EA0E02224316
:10DCC00089692A43324311430160C16921F400612B
:10DCD000C16170BD4FEA910CBCF1030F88BF704762
:10DCE00080B50C2303EA81010F238B4000FA01FE6B
:10DCF00043F6080201EB8C00C4F20102D943DFE8CD
:10DD00000CF00803050700BF043202E0083200E00F
:10DD10000C32106808401060106840EA0E00106075
:10DD2000BDE880407047000040F22400C2F20000CD
:10DD300000684DF68361C4F21B31A0FB01014FF076
:10DD4000FF3000EB9140B0F1807F01D3FEE700BFD0
:10DD50004EF21001CEF2000148604EF62350CEF292
:10DD60000000F0220270002207238A600B6002701C
:10DD70007047000010B52DED028B40F6D800C1F2BF
:10DD800000000021016040F6D400C1F200000170E3
:10DD900040F6DC00C1F200009FED148A016040F6FD
:10DDA0002410DFED130AC1F20000B0EE480AF4F7C8
:10DDB0006FF84DF28450DFED0F0AC2F20700B0EEAB
:10DDC000480AF4F745F841F20004C4F20204204680
:10DDD00002210122F9F798FA204601210022BDEC28
:10DDE000028BBDE81040F9F78FBA00BF0AD7A33BFA
:10DDF0009A99993FCDCCCC3D016841F080010160FA
:10DE00007047000010B541F6FF31C4F200018842AE
:10DE10001CDC40F6FF31C4F20001884232DD41F2E1
:10DE2000FF31C4F20001884252DC40F60041C4F2E6
:10DE3000000188426CD041F20001C4F20001884226
:10DE400040F08C8040F6040480E000BF40F2FF31D7
:10DE5000C4F20101884227DD44F2FF31C4F201011E
:10DE6000884245DC40F20041C4F20101884253D0AF
:10DE700044F20001C4F2010188426FD14FF41164F1
:10DE800064E000BFB0F1804F52D040F20041C4F2D4
:10DE90000001884254D040F60001C4F200018842DB
:10DEA0005CD140F6020451E041F60041C4F20001A9
:10DEB000884241D042F20001C4F20001884243D0BE
:10DEC0000021C4F20101884248D14FF410643DE0C2
:10DED00041F20041C4F20001884221D041F6000124
:10DEE000C4F20001884239D140F606042EE000BF9A
:10DEF00044F20041C4F20101884215D044F6000109
:10DF0000C4F20101884218BF10BD40F612141DE092
:10DF100040F603041AE000BF40F6011416E000BF0B
:10DF200040F6050412E000BF40F611140EE000BFF9
:10DF30004FF400640AE000BF40F6070406E000BFAB
:10DF400040F6010402E000BF40F608042046FBF75B
:10DF500075FE2046BDE81040FBF760BE10BD000016
:10DF6000016841F00101016070470000C94301618F
:10DF7000704700000A8840F2004C826240F6FF328F
:10DF8000C4F200029042C4F2010C0FDCB0F1804FE9
:10DF900019D040F20043C4F20003984213D040F677
:10DFA0000003C4F2000398420DD018E040F600438D
:10DFB000C4F20003984206D0604504D00023C4F2A6
:10DFC000010398420BD1036823F0700303604B8870
:10DFD00002681A4302608A8803681A43026080B5A7
:10DFE00041F20002D1F808E020F48063C4F200029C
:10DFF0009342C0F82CE007D0026822F4407202601D
:10E00000CA8803681A43026040F48062624504BF14
:10E01000097B0163416941F00101416180BD00005C
:10E02000C2681143C1607047C94301617047000075
:10E03000C26800690A40084018BF0120002A18BFC2
:10E04000012210407047000000214FF6FF72C0E926
:10E05000001182600173704746F61801C4F2010195
:10E060000A68012822F4803208BF02F580320A6073
:10E070007047000046F61800C4F20100016841F044
:10E08000010101607047000046F61801C4F2010169
:10E0900051F8102C02F0F02241F8102C026841F8DF
:10E0A000102C51F80C2C02F0F02241F80C2C426894
:10E0B00041F80C2C51F8082C02F0F02241F8082C01
:10E0C000D0E9022342EA034241F8082C51F8042C1B
:10E0D00002F0F02241F8042CD0E9042342EA034282
:10E0E00041F8042C4A6902F07F424A61036AD0E990
:10E0F000062C43EA0C2343EA02424A610A6822F0F2
:10E1000070420A60D0E909C3D0E90B2043EA0C034E
:10E110001A430B681043184308607047D0F8841006
:10E1200021F00101C0F8841070470000D0F884107D
:10E1300041F00101C0F8841070470000D0F8882039
:10E140004FF0000C02F0F022C0F888204A880B88BB
:10E1500042EA0342C0F88820D0F88C2002F0F02276
:10E16000C0F88C20CA888B8842EA0342C0F88C2011
:10E17000D0F8942022F00702C0F894208A68C0F8F2
:10E180009420D0F8982022F0FF02C0F898200A7B53
:10E19000C0F89820D0F89C20C0F89CC0D1F80D3071
:10E1A00040F207721BBAC0F89C30D0F8A03023EAC6
:10E1B0000202C0F8A020D1E905231A43C0F8A0202C
:10E1C000D0F8AC20C0F8ACC0CA69C0F8AC20D0F818
:10E1D000B02002F0C022C0F8B0204A8C0B8C42EA7A
:10E1E0000342C0F8B020D0F8B42040F2FF739A4345
:10E1F000C0F8B420898CC0F8B4107047FF22002109
:10E2000002734FF4C0620723C0E900118160C0F8B7
:10E210000D10C0E90523C0E9071181847047000093
:10E22000D0F8841041F01001C0F88410704700004D
:10E23000B1F805300A7909685BBA43EA016141EA3D
:10E240000241C0F8C410704746F62401C4F201012F
:10E250000A680123002808BF022342EA030008607D
:10E260007047000080B53421E2F732FC80BD000029
:10E27000B0B5044647F2FF70C4F200000D46844278
:10E280004FF0000012DC44F6FF31C4F200018C4272
:10E2900020DC44F20041C4F200018C4226D044F656
:10E2A0000001C4F200018C4220D023E040F6FF714F
:10E2B000C4F201018C4235DC47F60001C4F20001D2
:10E2C0008C4213D047F60041C4F200018C420DD0BD
:10E2D00010E000BF44F60041C4F200018C4205D0BA
:10E2E00045F20001C4F200018C4203D1022108462C
:10E2F000FBF70AFBE168090406D400EB5500B0FB0C
:10E30000F5F080B2A060B0BD400000EB5500B0FB5E
:10E31000F5F04FF6F0710140C0F342000844A060F0
:10E32000B0BD00BF41F20001C4F201018C424FF0C8
:10E330000301DCD041F20042C4F201029442D6D083
:10E34000D8E700006FF35F214160704710B547F2D6
:10E35000FF71C4F20001884214DC44F6FF31C4F2BC
:10E360000001884224DC44F20041C4F200018842EA
:10E370003ED044F60001C4F2000188424ED140F67E
:10E38000120443E040F6FF71C4F2010188421FDC31
:10E3900047F60001C4F2000188422DD047F6004143
:10E3A000C4F20001884218BF10BD40F61F042DE0E2
:10E3B00044F60041C4F20001884221D045F2000138
:10E3C000C4F20001884229D140F614041EE000BFC7
:10E3D00041F20001C4F20101884215D041F200412E
:10E3E000C4F20101884219D140F605140EE000BFC5
:10E3F00040F611040AE000BF40F61E0406E000BF2C
:10E4000040F6130402E000BF40F604142046FBF778
:10E4100015FC2046BDE81040FBF700BC10BD000015
:10E42000C16841F40051C160704700008A0910586A
:10E4300001F01F01C84000F001007047C26822F4DB
:10E44000C062C260C2681143C1607047026922F4B1
:10E45000405202610269114301617047C26822F0B3
:10E4600008021143C1607047C26822F48052C26042
:10E47000C2681143C16070475FEA400C08BF91F069
:10E48000000F4FEA8C234FEAC12243EA51514FEA71
:10E490001C5018BF00F5F0404FEA300018BF41F0A3
:10E4A00000415FEA6C5C00F02980BCF1FF3F08BFCF
:10E4B00040F080407047130C06BF12044FF0100C60
:10E4C0004FF0000C130E04BF12020CF1080C130FD6
:10E4D00004BF12010CF1040C930F04BF92000CF165
:10E4E000020CD30F04BF52000CF1010C11464FF087
:10E4F0000002A0F11F00A0EB0C00704711F0004FCC
:10E5000008BF704731F000413FF4D5AF0B0C06BF98
:10E5100009044FF0100C4FF0000C0B0E04BF090261
:10E520000CF1080C0B0F04BF09010CF1040C8B0F4C
:10E5300004BF89000CF1020CCB0F04BF49000CF1A1
:10E54000010CCCF1200322FA03F341EA030102FAA1
:10E550000CF2A0EB0C0000F10100704723F07F47A4
:10E5600020F07F4C80EA030000F00040ACEB070392
:10E5700003F57C5303F1FF032DE9804909B44FEA09
:10E58000144324EA03484FEA154B25EA0B4E0FF2D9
:10E59000042606EB13273E7803FB0667C7F5000742
:10E5A00007FB06F64FEAD64606F102064FEA543755
:10E5B00007FB066CCCF1005C4FEA1C472CEA074CC9
:10E5C0000CFB06F507FB06F404EB15464FEA96161E
:10E5D00049085FEA320234BF00204FF000404FEAA2
:10E5E000D13706FB07FC4FEA1C4C0CFB0BF7D21B88
:10E5F00003FB0CF761EB07010CFB0EF7B0EB0740D8
:10E6000072EB17420CFB08F734BFA2EB0742B2EBE8
:10E61000074261EB17414FEA0C444FEA910706FBB2
:10E6200007FC4FEA1C4C0CFB0BF7B0EBC74072EB3E
:10E63000573203FB0CF734BFA2EBC742B2EBC74221
:10E6400061EB57310CFB0EF7B0EBC70072EB577262
:10E650000CFB08F734BFA2EBC702B2EBC70261EBB9
:10E6600057714FEA816141EA92114FEA826242EAB0
:10E6700090124FEA806004EBCC04039F4FEAD1373D
:10E6800006FB07FC4FEA1C4C0CFB0BF7D21B03FBF1
:10E690000CF761EB07010CFB0EF7B0EB074072EBD8
:10E6A00017420CFB08F734BFA2EB0742B2EB07425C
:10E6B00061EB17414FEA8C5504EB9C244FEA91071C
:10E6C00006FB07FC4FEA1C4C0CFB0BF7B0EBC740FA
:10E6D00072EB573203FB0CF734BFA2EBC742B2EB2D
:10E6E000C74261EB57310CFB0EF7B0EBC70072EB82
:10E6F00057720CFB08F734BFA2EBC702B2EBC7029C
:10E7000061EB57714FEA816141EA92114FEA8262EF
:10E7100042EA90124FEA806015EB4C2544F1000468
:10E720004FEAD13706FB07FC4FEA1C4C0CFB0BF7FA
:10E73000D21B03FB0CF761EB07010CFB0EF7B0EBF0
:10E74000074072EB17420CFB08F734BFA2EB0742FD
:10E75000B2EB074261EB17414FEA813141EA924146
:10E760004FEA823242EA90424FEA80304FEA0C761A
:10E7700015EB1C1544F1000448EA03434EEA0B482C
:10E780004FF0000EB2EB080C71EB030724BF62469A
:10E7900039464EEB0E0E4FF0000B00185241494126
:10E7A0004BEB0B0BB2EB080C71EB03077BF1000B8F
:10E7B00024BF624639464EEB0E0E4FF0000B001898
:10E7C000524149414BEB0B0BB2EB080C71EB0307C9
:10E7D0007BF1000B24BF624639464EEB0E0E51EA28
:10E7E000020718BF46F0010616EB0E7655F100023F
:10E7F00054F1000103D5BDE88901BDE80088BDE8FA
:10E800008901BDE80048B619524141EB0101A3F16D
:10E810000103704780807F7E7D7C7B7A7978777674
:10E8200076757473727171706F6E6E6D6C6C6B6AED
:10E830006A6968686766666564646363626161608B
:10E84000605F5F5E5E5D5D5C5C5B5B5A5A59595808
:10E850005857575656555555545453535252525172
:10E86000515050504F4F4F4E4E4D4D4D4C4C4C4BC8
:10E870004B4B4A4A4A49494948484847474747460F
:10E88000464645454544444444434343434242424B
:10E89000424141419C46002B30D477002BD04FEAB7
:10E8A00037071CB503B44FF010004FF01001BAF158
:10E8B000000F06D0BCF1000FDCBF40F0080040F0B4
:10E8C00008014FF000000FBCBDE810400BF1010B38
:10E8D000BBF1010F08BF5FEA170722BF12F1010267
:10E8E00011F101014FF0004143F1000300F000403D
:10E8F00043EA00007047F9D35708D0E746EA0646D6
:10E900004FEA164613F1400F1FDD13F1200FDFBF52
:10E9100016430A46002120335B42BED0C3F12007D4
:10E9200046EA06464FEA164602FA07F746EA07069F
:10E9300022FA03F2C3F1200701FA07F742EA0702BD
:10E9400021FA03F14FF00003A7E746EA020646EA80
:10E9500006464FEA164646EA0106BCBF46EA0646A8
:10E96000360C4FF000034FF000024FF0000194E727
:10E970002DE9804C70B49A46934691E8380007C858
:10E9800031EA400C48BF34EA430C03D5FFF7E6FDFB
:10E99000FFF780FFF0BCBDE8008C2DE9804C70B41F
:10E9A0009A46934691E8380007C810F0804F08BF98
:10E9B00013F0804F03D100F005F8FFF76BFFF0BCB8
:10E9C000BDE8008C20F07F4723F07F4C80EA0300F5
:10E9D00000F0004007EB0C03A3F57C53A3F1FE030A
:10E9E00092F0000F00F0B38095F0000F00F07780F8
:10E9F0002DE901494FEA114021EA00484FEA144647
:10EA000024EA064700FB06FC08FB06F607FB08F8AD
:10EA100018EB06484CEB164C00FB07F718EB0748C1
:10EA20004CEB17404FEA124B22EA0B4E4FEA1546C9
:10EA300025EA06470BFB06FC0EFB06F607FB0EFE5F
:10EA40001EEB064E4CEB164C0BFB07F71EEB074E6E
:10EA50004CEB174B18EB0B0840F1000018EB0E0BBA
:10EA600058EB000840F100008F1A4FF000014FF002
:10EA700000063CBFC943661B14BFB5EB040C002164
:10EA80003CBFC943F61B4FEA174427EA04454FEA47
:10EA90001C472CEA074C04FB076205FB07F70CFB3D
:10EAA00005F616EB074642EB174204FB0CFC16EB8F
:10EAB0000C4642EB1C421BEB060658EB020241419E
:10EAC0004EEA8E0E46EA9E0601D5BDE80189B619CA
:10EAD000524141EB0101A3F10103BDE801894FEA75
:10EAE000144524EA05464FEA114721EA074C05FB85
:10EAF00007F406FB07F70CFB06F111EB074144EBAB
:10EB0000174405FB0CFC11EB0C4144EB1C444FEA91
:10EB1000124722EA074C05FB07F206FB07F70CFB3E
:10EB200006F616EB074642EB174205FB0CFC16EB0C
:10EB30000C4642EB1C456A1854F1000148BF70476F
:10EB4000B619524141EB0101A3F10103704795F061
:10EB5000000F37D04FEA114221EA02464FEA14472C
:10EB600024EA074C02FB07F106FB07F70CFB06F44F
:10EB700014EB074441EB174102FB0CFC14EB0C4473
:10EB800041EB1C414FEA154725EA074C02FB07F50C
:10EB900006FB07F70CFB06F616EB074645EB174599
:10EBA00002FB0CFC16EB0C4645EB1C42121951F112
:10EBB000000148BF7047B619524141EB0101A3F172
:10EBC000010370474FEA144524EA05464FEA11470E
:10EBD00021EA074C05FB07F106FB07F70CFB06F2E1
:10EBE00012EB074241EB174105FB0CFC12EB0C4208
:10EBF00051EB1C414FF0000648BF7047921841EBA3
:10EC00000101A3F10103704703B40198410000988A
:10EC100050EAC12018BF04204A0D18BF40F001007F
:10EC200040F2FF72B2EB515F08BF40F002000128D2
:10EC300008BF052002B0704770B59B482DED020B50
:10EC40002DED068B079D25F00044A04218DC974867
:10EC5000844202DC0AD1069840B19DED060BBDEC62
:10EC6000068B02B0BDE8704000F0CEB9002DCCBFDD
:10EC70009FED8F0B9FED900BBDEC068B02B070BD2E
:10EC80008F48A04215DD8F48A042D8BF4FF0FF3417
:10EC900058DD9DED060B51EC100BFFF7B5FF042876
:10ECA00008BF00F0BDF99DED060BBDEC068B02B070
:10ECB00070BD9DED060B51EC100B00F0C8F9CDE9CD
:10ECC000060181489FED828BA0423CDD8248A04234
:10ECD0001FDD00249FED82AB9DED060B53EC1A2B3C
:10ECE00051EC100B00F02AFA9DED060B41EC190BCC
:10ECF00053EC1A2B51EC100B00F02AFD53EC182B9F
:10ED000000F030FE53EC192B00F0CCFACDE90601EF
:10ED100049E09DED060B012453EC182B51EC100B30
:10ED200000F00CFA9DED060B41EC190B53EC182B7F
:10ED300051EC100B00F016FE53EC192B00F0B2FA58
:10ED4000CDE906012FE06848A0421FDD02249FEDB7
:10ED5000689B9DED060B53EC192B51EC100B00F04A
:10ED6000F7FC53EC182B00F0E9F99DED060B41EC94
:10ED7000180B53EC192B51EC100B00F0F3FD53EC76
:10ED8000182B00F08FFACDE906010CE09DED060B83
:10ED9000032453EC102B9FED580B51EC100B00F09B
:10EDA00081FACDE906019DED060B53EC102B51ECD9
:10EDB000100B00F0CDFC41EC180B53EC182B00F0BD
:10EDC000C7FC41EC190B4E480621B0EE490AF0EEA3
:10EDD000690A784400F09CF853EC182B51EC100BA6
:10EDE00000F0B6FC41EC180B4648B0EE490AF0EED4
:10EDF000690A0521784400F08BF853EC192B51EC8B
:10EE0000100B00F0A5FC41EC100B51EC180B53EC6F
:10EE1000102B002C0EDA00F091F99DED061B53EC3F
:10EE2000112B00F095FC9DED061B53EC112B00F00F
:10EE30008DFD35E000F082F99DED061B53EC112BA2
:10EE400000F086FC41EC100B2F48784400EBC40026
:10EE500090ED001B51EC100B53EC112B00F082FDD8
:10EE60009DED061B53EC112B00F07CFD41EC100BCB
:10EE70002648784400EBC40090ED001B51EC100BC9
:10EE800053EC112B00F062FD41EC100B002DA2BFE2
:10EE9000BDEC068B02B070BD51EC100B00F010F908
:10EEA00041EC100B01E70000000010440000F07F6F
:10EEB000182D4454FB21F93F182D4454FB21F9BF70
:10EEC0000000DC3F0000203E0000F33F0000000097
:10EED000000000000000F03F0000E63F00000000DE
:10EEE000000000000000004000800340000000001F
:10EEF000000000000000F83F000000000000F0BF2C
:10EF00007A0F0000300F0000BA0E0000720E0000F1
:10EF100070B504462DED028B4D1E00EBC500B0EE22
:10EF2000408AF0EE608A90ED000B35F0060017D0B5
:10EF300053EC182B51EC100B00F00AFC41EC100BB9
:10EF40006D1E04EBC50090ED001B51EC100B53EC53
:10EF5000112B00F0F3F841EC100B35F00600E7D16F
:10EF6000022D36D0042D1CD0062D1CBFBDEC028B0B
:10EF700070BD53EC182B51EC100B00F0E9FB94ED35
:10EF80000A1B53EC112B00F0D9F853EC182B00F0AE
:10EF9000DFFB94ED081B53EC112B00F0CFF841EC94
:10EFA000100B53EC182B51EC100B00F0D1FB94ED2F
:10EFB000061B53EC112B00F0C1F853EC182B00F09A
:10EFC000C7FB94ED040B53EC102B00F0B7F841ECA9
:10EFD000100B53EC182B51EC100B00F0B9FB94ED17
:10EFE000021B53EC112B00F0A9F853EC182B00F086
:10EFF000AFFB94ED001B53EC112B00F09FF8BDEC20
:10F00000028B41EC100B70BD10B553EC102B51EC82
:10F01000100B00F093F841EC100B10BD0000000045
:10F020009FED050B10B553EC102B51EC100B00F0BD
:10F030008FFB41EC100B10BD000000000000001021
:10F0400030380A2801D2012070470020704782B072
:10F05000CDE9000121F0004001909DED000B02B0D0
:10F0600051EC100B7047000010B500290AD0087849
:10F07000002807D005487844E2F762F9002801D05B
:10F08000002010BD0248784410BD0000165000005A
:10F090000E50000010B500290AD00878002807D0CB
:10F0A00005487844E2F74CF9002801D0002010BD53
:10F0B0000248784410BD000006500000FE4F0000DA
:10F0C00081F00041704780F00040704721F000411E
:10F0D000704720F00040704721F0004201F00043EB
:10F0E000A2F16052B2F5801F28BFD2F17F6C0BD91C
:10F0F0005FEA001C43EAC20242EB507018BF70473F
:10F1000028BF20F001007047B2F5801FBCBF184631
:10F1100070474FEA410C1CF5001F02D2084600F070
:10F12000B7BD70B500F0BEFB00000089FFF7F6BF69
:10F130004FF00040A0F580007047000010B591EA44
:10F14000030F48BF83F0004300F11484841A71EB6D
:10F15000030C05D2121943EB0C03001B61EB0C01ED
:10F160004FEA1154A4EB135CDFF81CE11EEA430FD5
:10F1700018BF9EEA445F00F0748021EA045123EA3C
:10F180000E0343F48013DCF1200E32D322FA0CFE7E
:10F1900010EB0E0023FA0CFE41EB0E01CCF1200E19
:10F1A00003FA0EFE10EB0E00CCF1200E51F100011F
:10F1B000B1F5801F32D201EB045112FA0EF2BDE814
:10F1C000104058BF7047401C38BF5FEA420218BF6A
:10F1D0007047002814BF20F0010041F100014FEA00
:10F1E000410313F5001F38BF7047A1F1C04100F083
:10F1F000A7BB012A43EB0302ACF1200CDCF11F0E8C
:10F2000032BF4FF0000E23FA0CF310EB030041EB7A
:10F210000451B4EB115FD0D0A1EB045101F5801182
:10F22000490801EB04515FEA30000ED350F10000B1
:10F2300038BF12FA0EFE08D1BDE81040C9E7401CE5
:10F2400038BF5FEA4202CAD1C3E7BDE810404FEAC7
:10F25000410313F5001F38BF7047A1F1C04100F012
:10F260006FBB9EEA445F08D011EA5E0FBDE8104014
:10F2700004BF01F0004100207047BDE8104070B5A8
:10F2800000F010FB64FBBE3E0000E0FF491058BFD9
:10F29000C1F140415B1058BFC3F140438B42EFF3D3
:10F2A000008070472DE9C04130B4DFF8A8C23CEAC5
:10F2B000111418BF3CEA131400F0F0801CEA11147A
:10F2C00081EA030544EAD57418BF1CEA131500F05F
:10F2D000CB80A4EB050404F17F7404F500344FF0F7
:10F2E000004545EAC12145EAC32341EA505143EABA
:10F2F00052534FEAC0204FEAC222994208BF9042BF
:10F3000000F0A0804FEA13650FF24816765D4FEAD1
:10F31000134506FB05F7C7F1807706FB07F74FEAB1
:10F32000D737A7FB03687642A7FB06CEC8F580381F
:10F3300038BFA8F1010807FB08E6A6FB028C4FF0D6
:10F34000000EE6FB03CED8F100086FEA0C0C5CF16E
:10F35000000C6FEA0E0E4EF1004EA6FB0C584FF05B
:10F360000007E6FB0E87A1FB08C6A0FB07CE16EB45
:10F370000E064FF0000545F10005E1FB076515F1AC
:10F38000E04E7EBFA4F580345FEA46066D4116F17B
:10F39000800745F100054FEA172747EA05674FEA5E
:10F3A00015254FEA0666A6F1DE46B6F1805F20D944
:10F3B000384605EBC47124F0010C01EB0C11BCF1D3
:10F3C000FE6F02D8F0BCBDE8008124425CBF01F5AD
:10F3D000801E9EEAC47F02D4F0BCBDE800812442B6
:10F3E00000F13980A1F1C041F0BCBDE8004100F05E
:10F3F000A7BA4FEAD02040EA41504FEAD1214FEA64
:10F40000D22242EA43524FEAD323A7FB028607FBEC
:10F41000036605FB02661EEA0E0F58BFA6EB0056F8
:10F42000B6EB00564FEA520E4EEAC37E18EB0E0EB4
:10F4300056EB530EBCD518EB02085E417F1C55F10C
:10F440000005B5E74FF480154FF000074FF00006B8
:10F450004FF00008ACE701F1C04101F000414FF06E
:10F460000000F0BCBDE800810CEA131511EA0C1F86
:10F4700000D00CE013EA0C1F00F025804FF00000D4
:10F4800081EA030101F00041F0BCBDE80081F0BC5D
:10F49000BDE8004181EA030100F052BAF0BCBDE8CA
:10F4A000004170B500F0FEF9097EFC3E00F007B89F
:10F4B0004FF0000081EA030101F00041704781EA4A
:10F4C000030100F03DBAF0BCBDE8004122494FF015
:10F4D00000007047FFFDFBF9F7F5F4F2F0EEEDEBFD
:10F4E000E9E8E6E4E3E1E0DEDDDBDAD8D7D5D4D342
:10F4F000D1D0CFCDCCCBCAC8C7C6C5C4C2C1C0BF8E
:10F50000BEBDBCBBBAB9B8B7B6B5B4B3B2B1B0AF93
:10F51000AEADACABAAA9A8A8A7A6A5A4A3A3A2A177
:10F52000A09F9F9E9D9C9C9B9A9999989797969532
:10F5300095949393929191908F8F8E8E8D8C8C8BCE
:10F540008B8A898988888787868585848483838256
:10F55000828181800000FF070000F87F51EA030CE0
:10F5600017D41CF5801F58BFBCF5801F00F1068022
:10F57000994218BF704708BF9042704707D711F5EE
:10F58000801F58BF13F5801F19D4994270478942D4
:10F5900070471CF5801F08D5BCF5801FF7D58B423E
:10F5A00018BF704708BF824270474FF4001C1CEB25
:10F5B000410F38BF1CEB430F01D28B42704770B52F
:10F5C00000F070F9922449004FF000514FF0805341
:10F5D000FFF75CBE4FEA41034FEA5353A3F5806344
:10F5E000D3F11E03C8BFD3F1210C0CDD4FF0004254
:10F5F00042EAC12242EA505232FA03FC8CEAE17C30
:10F60000ACEBE1707047102BC4BF0020704703F5CE
:10F61000787CBCF1FF3F04D06FF0004282EA210009
:10F62000704770B500F03EF9499224800020704781
:10F63000F2E710F0004248BF4042B0FA80F310FAFF
:10F6400003F10AD0C3F11D0303F5806302EB0352FB
:10F650004FEA415002EBD12170474FF00000704754
:10F6600051EA030C17D41CF5801F58BFBCF5801F4E
:10F6700000F10680994218BF704708BF904270475A
:10F6800007D711F5801F58BF13F5801F19D4994271
:10F690007047894270471CF5801F08D5BCF5801F54
:10F6A000F7D58B4218BF704708BF824270474FF4AE
:10F6B000001C1CEB410F38BF1CEB430F01D28B42E7
:10F6C000704770B500F0EEF8922449004FF0805179
:10F6D0004FF00053FFF7DABD51EA030C17D41CF5C5
:10F6E000801F58BFBCF5801F00F10680994218BFEB
:10F6F000704708BF9042704707D711F5801F58BF69
:10F7000013F5801F19D499427047894270471CF540
:10F71000801F08D5BCF5801FF7D58B4218BF7047F6
:10F7200008BF824270474FF4001C1CEB410F38BFEA
:10F730001CEB430F01D28B42704770B500F0B2F85A
:10F74000922449004FF000514FF08053FFF79EBDC7
:10F7500070B5DFF848C11CEA111E1EBF1CEA131564
:10F760009EEA0C0F95EA0C0F00F06F8081EA03040B
:10F770004EEAD47EAE4421EA4C1123EA4C1341F404
:10F78000801143F48013AEF17F7EA1FB024CA0FBFD
:10F790000365361955EB0C05A1FB034C4CF1000336
:10F7A000A0FB021C16EB0C06654153F10003094255
:10F7B00018BF46F0010613F4007F0BD14FEA033166
:10F7C0004FEA053041EA155140EA165034036FF014
:10F7D00003020AE04FEAC3214FEAC52041EA55512E
:10F7E00040EA5650F4026FF0020202EB2E4201EBA7
:10F7F000025585EACE710AD05FEA440C18BF24F0A6
:10F80000004450F1000041F1000120EAD47040F2C0
:10F81000FE7C624500D270BDA84214BF4FF0804408
:10F820004FF04044002E08BF0024BEF1806FA8BFF7
:10F83000A1F1C041BDE8704080F2828001F1C04179
:10F8400001F000414FF0000070470CEA13159EEAEA
:10F850000C0F18BF95EA0C0F06D081EA030E4FF08B
:10F8600000000EF0004170BD00F01CF88900013E60
:10F8700000F007B800F009B84FEA430C5FEA5C5C9F
:10F8800008D081EA030100F05BB84FEA410C5FEA5F
:10F890005C5CF6D102494FF0000070470000FF07A2
:10F8A0000000F87F0EF1020E2EF0030E5EF8046BDE
:10F8B000364205D4012A43EB030515F5001F12D883
:10F8C000012841EB010C1CF5001F0CD80ED14FEAAA
:10F8D000D17C0CEB4C0C0CF1020C15F5001F08BF91
:10F8E0004CEBD37C04E04FF0080C01E04FEAD37CF2
:10F8F0000CEB4C0526FA05F606F00706B6F1040CEB
:10F9000006D20EEB860CBDE870404CF0010C60474F
:10F91000DFE80CF0090B02024FF00041A1F50021D5
:10F920004FF0000070BD19461046012851EB01044C
:10F9300018BFD4F5001484BF002001F0004170BD51
:10F940000808A0F500114FEA3101704710B591EA9F
:10F95000030F81F000413FF5F9AB83F0004300F065
:10F9600009B8000010B591EA030F48BF83F00043C7
:10F970003FF5ECAB841A71EB030C07D28CF0004C12
:10F98000121943EB0C03001B61EB0C014FEA1154FD
:10F99000A4EB135CDFF8A4E11EEA430F18BF9EEA54
:10F9A000445F00F0B48021EA045123EA6E0352421E
:10F9B000C3EB6E0338BF5B1EDCF1200E25D322FAA9
:10F9C0000CFE10EB0E0043FA0CFE41EB0E01CCF1E5
:10F9D000200E03FA0EFE10EB0E00CCF1200E51F1BA
:10F9E000000129D401EB045112FA0EF2BDE81040D7
:10F9F00058BF7047401C1CBFB2F1004F7047002831
:10FA00000CBF491C20F00100704712EB020E43EBC3
:10FA1000030218BF4FF0010E4EEA4202ACF1200C77
:10FA2000DCF11E0E56D943FA0CFE10EB0E00CCF1A1
:10FA30001E0E51F1FF31D5D50EF1010E12FA0EFE58
:10FA4000404141EB010101EB445C5FEA5C5C10D991
:10FA500001EB045110EBDE7038BFBEF1004FBDE882
:10FA6000104018BF704700280CBF491C20F001004F
:10FA7000704734D24FEAD42C24F4006411F50011FD
:10FA80001BD0B1FA81F20B3AA41AA41ED2F12003C2
:10FA9000914030FA03F31943904001EBCC7101EB34
:10FAA0000451002CBDE81040A8BF704701F1C041CF
:10FAB00001F000414FF000007047B0FA80F310FAF7
:10FAC00003F102D1BDE810407047E41A173C480525
:10FAD000C90AE2E701EB0451BDE810407047491044
:10FAE0004FEA300001EB0451BDE8104002E04FF056
:10FAF000000170474A0008BF0042F8D0B2F5001F6D
:10FB000028BF704701F000414FF0000070479EEAA7
:10FB1000445F07D011EA5E0FBDE8104004BF00212A
:10FB200000207047BDE8104070B5FFF7BBFE00BF76
:10FB300040DFF63E104683F0004170470000E0FFD2
:10FB400043004FEAD30C4FEA3C0C43401FBF400731
:10FB50000CF1605113F0FE4F70471CF0006F03D1A1
:10FB60000CF00041002070470CF0004343EA507055
:10FB700040EACC0010B500F038F800BF0000009259
:10FB80004FEA0001FFF7DCBE4FF00041A1F5002174
:10FB90004FF00000704710B5FFF7E0FC0CBF0120EC
:10FBA000002010BD10B5FFF7D9FC14BF01200020C4
:10FBB00010BD10B5FFF754FD8CBF0120002010BD13
:10FBC00010B5FFF74DFD2CBF0120002010BD10B572
:10FBD000FFF782FD94BF0120002010BD10B5FFF794
:10FBE0007BFD34BF0120002010BD0EF1020E2EF06F
:10FBF000030E5EF8044B244204D44FEA4102B2F1F2
:10FC00007F4F11D84FEA4003B3F17F4F0CD80ED18C
:10FC10004FEAD07C0CEB4C0C0CF1020CB2F17F4F94
:10FC200008BF4CEBD17C04E04FF0080C01E04FEA38
:10FC3000D17C0CEB4C0324FA03F404F00704B4F178
:10FC4000040C06D20EEB840CBDE810404CF0010C05
:10FC50006047DFE80CF0070802024FF00040A0F513
:10FC6000800010BD0846420018BFD2F1807288BFE4
:10FC700000F0004010BDF1EE100A4FF6FF71C0F227
:10FC8000C03120EA010040F04070E1EE100A7047F8
:10FC9000FF2141EAD050C0057047E1F774B8000079
:10FCA00000000000000000003031323334353637B8
:10FCB00038394142434445464030580030313233B0
:10FCC00034353637383961626364656640307800B0
:10FCD0000400000800000000000000020001000015
:10FCE00010000000000000004FBB610567ACDD3F65
:10FCF000182D4454FB21E93F9BF681D20B73EF3F53
:10FD0000182D4454FB21F93FE2652F227F2B7A3CCA
:10FD1000075C143326A6813CBDCBF07A8807703C83
:10FD2000075C143326A6913CC4EB98999999C9BFF6
:10FD3000711623FEC671BCBF6D9A74AFF2B0B3BF2B
:10FD40009AFDDE522DDEADBF2F6C6A2C44B4A2BFEB
:10FD50000D5555555555D53FFF8300922449C23F57
:10FD60006E204CC5CD45B73F513DD0A0660DB13F8B
:10FD7000EB0D76244B7BA93F11DA22E33AAD903F9D
:10FD800002400000000000A000000000054000004C
:10FD9000000000C8000000000C4000000000409C73
:10FDA00000000000194000000020BCBE0000000060
:10FDB00034400000BFC91B8E00000004B5400000A5
:10FDC000504BCFD06607E2CF010000006C4100002D
:10FDD0003E8251AADFEEA73401000000D9420000A4
:10FDE000DCB5A0E23A301F97FFFFFFFFB4450000EB
:10FDF000FD25A0C8E9A3C14FFFFFFFFFFF3F0000A3
:10FE00000000008000000000FF3F000000000080B4
:10FE100000000000000000000000000000000000E2
:10FE2000000000003F400000000000000000300023
:10FE3000400030004000000009000BC03D000BC036
:10FE40003D00090018C024407FE0224031800000BE
:10FE5000180024C01B000D803240018003801C402C
:10FE600027401C8007400040100060000000000098
:10FE7000000000000000000000001F802040402023
:10FE80000000402020401F80000000000900060004
:10FE90001F80060009000000040004003F800400E9
:10FEA00004000000001000600000000000000000DE
:10FEB00004000400040004000400000000000040EE
:10FEC0000000000000000000002001C00600380013
:10FED000400000001F802040204020401F80000084
:10FEE000000010403FC000400000000018C021404A
:10FEF000224024401840000010802040244024402C
:10FF00001B80000002000D0011003FC001400000F6
:10FF10003C80244024402440238000001F80244053
:10FF200024403440038000003000200027C0380007
:10FF3000200000001B802440244024401B8000003F
:10FF40001C0022C0224022401F8000000000000050
:10FF500008400000000000000000000004600000F5
:10FF600000000000000004000A0011002080404052
:10FF700009000900090009000900000000004040D4
:10FF8000208011000A0004001800200023402400F3
:10FF9000180000001F802040274029401F4000001B
:10FFA000004007C039000F0001C0004020403FC0A2
:10FFB000244024401B8000001F802040204020401F
:10FFC0003080000020403FC0204020401F800000C3
:10FFD00020403FC024402E4030C0000020403FC0A1
:10FFE00024402E00300000000F00108020402240EE
:10FFF0003380020020403FC0040004003FC0204086
:020000040802F0
:10000000204020403FC020402040000000602020D1
:1000100020203FC02000200020403FC024400B0093
:1000200030C0204020403FC020400040004000C081
:100030003FC03C0003C03C003FC0000020403FC028
:100040000C4023003FC020001F8020402040204063
:100050001F80000020403FC0244024001800000002
:100060001F802140214020E01FA0000020403FC011
:100070002440260019C0004018C0244024402240DB
:1000800031800000300020403FC0204030000000A0
:1000900020003F80004000403F80200020003E00C4
:1000A00001C0070038002000380007C03C0007C02E
:1000B00038000000204039C0060039C02040000050
:1000C0002000384007C0384020000000304021C0E8
:1000D0002640384020C00000000000007FE04020A3
:1000E00040200000000070000C0003800040000071
:1000F0000000402040207FE00000000000002000C1
:10010000400020000000000000100010001000104F
:10011000001000100000000040000000000000007F
:10012000000002800540054003C0004020003FC0A1
:1001300004400440038000000000038004400440A9
:100140000640000000000380044024403FC00040FF
:10015000000003800540054003400000000004400B
:100160001FC0244024402000000002E0055005503C
:100170000650042020403FC00440040003C000405B
:100180000000044027C000400000000000100010E4
:10019000041027E00000000020403FC0014007009D
:1001A00004C00440204020403FC000400040000008
:1001B00007C0040007C0040003C00000044007C0DB
:1001C0000440040003C000400000038004400440D9
:1001D00003800000041007F0045004400380000076
:1001E000000003800440045007F00010044007C0E2
:1001F00002400400040000000000064005400540E5
:1002000004C00000000004001F8004400040000003
:10021000040007800040044007C0004004000700BD
:1002200004C0018006000400060001C0070001C0F0
:1002300006000000044006C0010006C004400000A3
:100240000410071004E001800600040000000440D0
:1002500005C00640044000000000000004007BE0F0
:1002600040200000000000000000FFF0000000003F
:10027000000040207BE004000000000040008000FF
:1002800040002000200040000080F880A4C0A4A00E
:10029000A480A480A490A490A5F0E4800C80000029
:1002A00040407FC04A407FF04290922052C01F00E1
:1002B00052C09220021000000040038000000FE0B6
:1002C000401020101810001000700400038000007F
:1002D0003FC0248024802480FFE024902490249038
:1002E0003F90001000700000FFF084209420B4A024
:1002F000EAA0AA60A960B42084208420FFF0000056
:100300000200421042607F804200420042007FF0C3
:10031000420042000200000011101EA0F0401FB079
:1003200000001BF02A20CA200A201BF00C0000004D
:10033000040008003FF0C00041805D405550D5707A
:1003400055405D4041800000001000101FF000107B
:1003500000100010FFF00810081008100010000036
:10036000080088004FE00040008047E0441044103F
:1003700044107C100070000008208A20A940A8804A
:10038000A910AFF0A900A880F9400A2008200000B9
:1003900048804B007FF0890002101C100020FF20D5
:1003A000004020801D000000040008103420C4C05C
:1003B000070004100410C41037E008000400000017
:1003C0007FE0444044407FE00000100012001190A4
:1003D0001010FFF01000000000107FE049107FF0C7
:1003E00000109E2053C0120053E09E100030000009
:1003F000421051204840E50049705D504A50EA5093
:100400004D5041704100000011001600FFF0120035
:10041000089014702510C4D0243015D008100000A6
:100420004810481057D065504550FD504550655014
:1004300057D048104810000042004FE0744047E099
:1004400000102FE0CA804FE05A806A900FF0000041
:100450003410242025C02420A41067F02490249078
:10046000249024903410000020401080002026406A
:100470003A80E2102FF02200228022400220000069
:1004800019202B20CD401140200025F02520FD20F3
:10049000252025F020000000040008103420C4C0EE
:1004A000070004100410C41037E008000400000026
:1004B00011001600FFF0121000607F804800480015
:1004C0008FF0880088000000404051404A40594069
:1004D0006B40CDF04B4051404A40514040400000FD
:1004E00011001110FFF012001200400040104010E7
:1004F0007FF04000400000007FC048404880888076
:10050000890000007FF04000404040407FC0000074
:1005100020004050BE90ABD0AAA0AAA0AAA0AAA03A
:10052000AAD0BE9080100000001000100010001033
:10053000FFF0081008100810081008100010000044
:1005400040004000400040007FF040004800440070
:10055000420041804000000080109F909020902039
:10056000B040D3809040904090209FA08010000029
:10057000081088204FC000607F9050105450529057
:10058000911092909C50000000007FF0402040208D
:100590004F20492049204F20402040207FF000007C
:1005A000404051404A4059406B40CDF04B40514093
:1005B0004A405140404000002C803480EFF025003C
:1005C0001FF012201220FFE0122012201FF0000066
:1005D00000009FF040001FC0924092409240924025
:1005E0009FD08010FFF00000440057F0FD4057F00E
:1005F00054002A80CA905FF06A800FC00200000099
:1006000008004BF06AA05AA04AA0CAA04AA05AA06B
:100610006AA04BF0080000001E000000FFF012105E
:10062000222022C0FF0022C022203E100210000023
:100630007F9048A048807FA004104B8072A0429019
:100640004A804AA07390000000101FF01010301074
:10065000DFF010101FF0101010101FF0001000003D
:1006600000107FE040104210421042105FF0421034
:10067000429042504010000040105F90555055206D
:1006800055207FD05510551055105F1040100000B8
:100690000910091012102A90C4A0492052C06640C7
:1006A0004A80030002000000080088004FE000407C
:1006B0000A10F31082A08240F2A00B100810000074
:1006C00008003FF0C00020002AF02AA0AAA06AA0DB
:1006D0002AA02AF020000000882044400010FFE0FB
:1006E00080209F40B510D5F095009F4080200000ED
:1006F00000000000000000000000000000000000FA
:1007000000000000000000000000000000000000E9
:1007100000000000000000000000000000000000D9
:1007200000000000000000000000000000000000C9
:1007300000000000000000000000000000000000B9
:1007400000000000000000000000000000000000A9
:100750000000000000000000000000000000000099
:100760000000000000000000000000000000000089
:100770000000000000000000000000000000000079
:100780000000000000000000000000000000000069
:100790000000000000000000000000000000000059
:1007A0000000000000000000000000000000000049
:1007B0000000000000000000000000000000000039
:1007C0000000000000000000000000000000000029
:1007D0000000000000000000000000000000000019
:1007E0000000000000000000000000000000000009
:1007F00000000000000000000000000000000000F9
:1008000000000000000000000000000000000000E8
:1008100000000000000000000000000000000000D8
:1008200000000000000000000000000000000000C8
:1008300000000000000000000000000000001FCCCD
:10084000000C000000000000000008003000600004
:100850000800300060000000022003FC1E2002207F
:1008600003FC1E200220000000000E1811043FFFB0
:1008700010840C78000000000F0010840F3800C0B6
:10088000077818840078000000780F8410C41124C1
:100890000E9800E400840008080068007000000062
:1008A000000000000000000000000000000007E061
:1008B000181820044002000000004002200418180C
:1008C00007E00000000000000240024001800FF03D
:1008D00001800240024000000080008000800FF88C
:1008E00000800080008000000001000D000E00006C
:1008F0000000000000000000000000800080008078
:1009000000800080008000800000000C000C0000CF
:100910000000000000000000000000060018006059
:100920000180060018002000000007F008081004ED
:100930001004080807F000000000080408041FFC69
:10094000000400040000000000000E0C101410242D
:10095000104411840E0C000000000C181004110447
:10096000110412880C700000000000E00320042431
:1009700008241FFC0024000000001F9810841104AC
:100980001104108810700000000007F0088811049E
:10099000110418880070000000001C00100010FCFA
:1009A00013001C001000000000000E3811441084D9
:1009B000108411440E38000000000700088C104419
:1009C0001044088807F00000000000000000030C3D
:1009D000030C000000000000000000000001010600
:1009E0000000000000000000000000800140022024
:1009F0000410080810040000022002200220022037
:100A00000220022002200000000010040808041048
:100A1000022001400080000000000E001200100CB7
:100A2000106C10800F00000003E00C1813E4142475
:100A300017C4082807D000000004003C03C41C4071
:100A4000074000E4001C000410041FFC1104110402
:100A500011040E880070000003E00C18100410044C
:100A6000100410081C10000010041FFC10041004D7
:100A70001004080807F0000010041FFC1104110402
:100A800017C410040818000010041FFC1104110002
:100A900017C010000800000003E00C181004100438
:100AA00010441C780040000010041FFC10840080DB
:100AB000008010841FFC10040000100410041FFCB0
:100AC00010041004000000000003000110011001D8
:100AD0001FFE10001000000010041FFC1104038012
:100AE0001464181C1004000010041FFC10040004FF
:100AF00000040004000C000010041FFC1F0000FC98
:100B00001F001FFC1004000010041FFC0C04030055
:100B100000E010181FFC100007F008081004100473
:100B20001004080807F0000010041FFC1084108057
:100B3000108010800F00000007F008181024102407
:100B4000101C080A07F2000010041FFC1104110019
:100B500011C011300E0C000400000E1C1104108492
:100B6000108410441C3800001800100010041FFCF2
:100B7000100410001800000010001FF810040004FA
:100B8000000410041FF8100010001E0011E0001CEB
:100B9000007013801C0010001FC0103C00E01F00FC
:100BA00000E0103C1FC000001004180C163401C0F7
:100BB00001C01634180C100410001C00130400FCB3
:100BC00013041C00100000000804101C10641084A2
:100BD00013041C04101800000000000000007FFE39
:100BE0004002400240020000000030000C00038080
:100BF0000060001C000300000000400240024002B0
:100C00007FFE000000000000000000002000400007
:100C10004000400020000000000100010001000130
:100C20000001000100010001000040004000200020
:100C300000000000000000000000009801240144B2
:100C40000144014400FC000410001FFC0088010462
:100C5000010400880070000000000070008801049A
:100C600001040104008800000000007000880104F5
:100C7000010411081FFC0004000000F801440144B5
:100C80000144014400C800000000010401040FFCFD
:100C90001104110411001800000000D601290129D7
:100CA000012901C90106000010041FFC0084010095
:100CB0000100010400FC000400000104190419FCF7
:100CC0000004000400000000000000030001010116
:100CD000190119FE0000000010041FFC0024004050
:100CE00001B4010C010400000000100410041FFCFA
:100CF0000004000400000000010401FC01040100E4
:100D000001FC0104010000FC010401FC008401005D
:100D10000100010400FC0004000000F801040104CB
:100D20000104010400F80000010101FF0085010435
:100D300001040088007000000000007000880104B9
:100D40000104010501FF00010104010401FC00840C
:100D50000104010001800000000000CC01240124F6
:100D6000012401240198000000000100010007F89F
:100D70000104010400000000010001F80004000467
:100D80000004010801FC0004010001800170000C56
:100D9000001001600180010001F0010C003001C071
:100DA0000030010C01F0010000000104018C00740E
:100DB0000170018C01040000010101810171000E2C
:100DC000001801600180010000000184010C013461
:100DD00001440184010C000000000000000000003C
:100DE00001003EFC40024002000000000000000044
:100DF000FFFF0000000000000000400240023EFC37
:100E00000100000000000000000060008000800081
:100E10004000400020002000000000000040004092
:100E200000503E582A402A422BFF724002400640A2
:100E30000080008000000000000000100D500AA09B
:100E400012A01FFE1004100412480AB003600A909A
:100E500034880084008400000000004001C00000CD
:100E60000180006008300C1000100018009008701D
:100E7000043006000000000000000000040007C06D
:100E800004A005203FF82544054408440F840E04BF
:100E90000004001C000000000000000000001FFE15
:100EA000102412441C842754275C2484208420446A
:100EB0003FFE0000000000000000010001000104EE
:100EC000011809E01F00110011001FFC11001100A2
:100ED000020002000000000000000080008400C446
:100EE0002FA811700388000003380D243124012439
:100EF000063803200000000000000100020007F88F
:100F000038002000008000800EA276BE1AC0174074
:100F10000140018000000000000000000004000407
:100F2000010401F8000800083FF801080108010861
:100F3000010800080008000000000100010002088C
:100F400023F83010002008600998090411041E04D9
:100F500008040004003C000000000000000001083C
:100F6000018812501A141BFE2A802E4032B00398BA
:100F700004080008000800000000001001200A40DA
:100F80000BF8168030800082030400083F90006058
:100F90000180040004000000000000000080014403
:100FA00006481CB040C04086308608BC04C0030020
:100FB0000300010001000000000000000FF808908D
:100FC00008900FF802000280024002043FC6223857
:100FD0000200020000000000000000081F701280E4
:100FE00012881FF8000813101AE002B80AC413048C
:100FF00020040004000C0000000000000104089818
:101000000A2028101918132E14CA1B92765410386F
:101010001030101000000000000000200240028488
:101020003FF802C40104063409043124081C04E416
:101030000204010401000100000000000082088297
:1010400009420A7A0C6A7FAA08AA14B412C41104CD
:10105000010400800000000000000020004009E0C2
:101060000EA009C011040578098012602BF814A0A5
:101070001A2213FE000000000000000000040E0809
:1010800004700550051039F809440A440A460C0654
:10109000080200020000000000404040307E018055
:1010A00006001004118816B01882F08117FE108017
:1010B00010A01090100C000004440CE63544C64803
:1010C000044818481000127F12421242FE42124297
:1010D0001242127F10000000000000000080014456
:1010E00006481CB040C04086308608BC04C00300DF
:1010F0000300010001000000000000100020024079
:1011000043FC3C800448003007C00900110011FE78
:10111000120002000200020000000020002005A0D2
:10112000062012A01DA076BE2560292020200A20BE
:101130000140004000400000000000200020024864
:1011400002447FFC0500000002000204020603FCCA
:1011500002000400040000000000000004300FF052
:101160000920124022400000000207FC084008400D
:1011700009C00E000000000000000000000004088C
:101180000812172269E216B416A818B41F24000228
:101190000002000200020000000000000004000441
:1011A0000004000400083FF83108010802080208A2
:1011B0000208000800080000000000000800080005
:1011C0000800080010001FFE11001100118010809F
:1011D00010001000100000000000000000001002CD
:1011E000100213E41C0815F01510140827FC24063F
:1011F000200000000000000000000008010813F0BB
:101200001808002800440F840A14126422C22342E2
:1012100000220002000000000000000008000FF0A3
:1012200008100B100AD00A500A900B9012101018D8
:101230001FF00C000000000000000020002005A0AE
:10124000062012A01DA076BE2560292020200A209D
:1012500001400040004000000000001004D0075092
:101260001FDC24A000A000A000F800A83FF801485F
:10127000010C01F8010000000000000000000FF860
:101280002000300003E012A014A017F0100020048A
:101290003FFE00000000000000000100010C05F00E
:1012A0004ED0350412F815800AA072A217FE1AA0BB
:1012B00017C0030001000000000000000080008053
:1012C000008009680F54495473541D44197E11401D
:1012D0000100030001000000000000800100000484
:1012E0003FF804440044004802703FC004B007883F
:1012F0000484008400800000000000040C1C1380A3
:1013000012401FD01008030004F018A8252027C0A1
:101310003910000C0000000000000008000801085F
:1013200001F8030805F8190801F80108021803E894
:101330000108001800080000000000040018006008
:101340001F8810081008108810B817C81108214805
:10135000002800080008000000000000000200044F
:10136000064415C815781FF026882A8429060E021F
:101370000402000200020000000000000000000162
:101380000122092212442AA46538299030A020C0E5
:101390000080000000000000000001000100210C9E
:1013A00033F81010000003441CA410983D782284E8
:1013B000020600020002000000000080010006009A
:1013C00019FC200004000418055425543554042C3D
:1013D000041408000000000000000000021802646D
:1013E0001088003003C01C1813C016C61B7C224096
:1013F0002390020800000000000000000000000030
:1014000000000000000000000000000000000000DC
:1014100000000000000000000000000000000000CC
:1014200000000000000000000000000000000000BC
:1014300000000000000000000000000000000000AC
:10144000000000000000000000000000000000009C
:10145000000000000000000000000000000000008C
:10146000000000000000000000000000000000007C
:10147000000000000000000000000000000000006C
:10148000000000000000000000000000000000005C
:10149000000000000000000000000000000000004C
:1014A000000000000000000000000000000000003C
:1014B000000000000000000000000000000000002C
:1014C000000000000000000000000000000000001C
:1014D000000000000000000000000000000000000C
:1014E00000000000000000000000000000000000FC
:1014F00000000000000000000000000000000000EC
:1015000000000000000000000000000000000000DB
:1015100000000000000000000000000000000000CB
:1015200000000000000000000000000000000000BB
:1015300000000000000000000000000000000000AB
:10154000000000000000000000000000000000009B
:10155000000000000000000000000000000000008B
:10156000000000000000000000000000000000007B
:10157000000000000000000000000000000000006B
:10158000000000000000000000000000000000005B
:10159000000000000000000000000000000000004B
:1015A000000000000000000000000000000000003B
:1015B000000000000000000000000000000000002B
:1015C00000000000000000000000000F80380FFE47
:1015D000380F80380000000000000000000000000C
:1015E0000000000000000100000600000C000038B0
:1015F00000003100000600000C0000380000300040
:10160000000000000000000061800067F807F9801A
:101610000061800061800061800061800067F807E0
:10162000F98000618000000000000000000001C09F
:10163000E003E0F00630080418081FFFFE040E085F
:101640000787F00381E000000000000001F00006C1
:101650000C00040408060C7001F9C0000E00003BE9
:10166000E000EC18070808040C180003E000000074
:101670000001E00007F003F818041C08041708072D
:10168000E1D003C0E00023B0003C080020080000C7
:1016900010000000000000010000310000320000D6
:1016A0001C0000000000000000000000000000001E
:1016B000000000000000000000000000000000002A
:1016C00000000000000000007F0001FFC00780F064
:1016D0000C00181000042000020000000000002090
:1016E00000021000040C00180780F001FFC0007F0A
:1016F00000000000000000000000000000000000EA
:10170000000000004200006600006600003C00008F
:10171000180003FFC0001800003C000066000066CF
:10172000000042000000000008000008000008005F
:1017300000080000080001FFC000080000080000C9
:101740000800000800000800000000000001000080
:101750003100003200001C0000000000000000000A
:101760000000000000000000000000000000000079
:101770000800000800000800000800000800000839
:101780000000080000080000080000080000000039
:1017900000000000000000003800003800003800A1
:1017A0000000000000000000000000000000000039
:1017B0000000000000000000000600001C00007097
:1017C000000180000E0000380000C0000700001C6F
:1017D0000000300000000000000000007F8001FFDA
:1017E000E0038070060018040008040008060018D2
:1017F00003807001FFE0007F800000000000000017
:10180000000001000801000801000803FFF807FFBD
:10181000F8000008000008000008000000000000B8
:1018200000000001C03802C05804009804011804E8
:101830000218040418061C1803F81801E0F8000048
:101840000000000000000001C0E003C0F004000838
:1018500004080804080806180803F41801E7F00053
:1018600001E0000000000000000000000300000D87
:101870000000110000610000810803010807FFF863
:101880000FFFF80001080001080000000000000040
:1018900000E007FCD006080806100806100806102D
:1018A00008061838060FF00607C000000000000008
:1018B000000000003F8001FFE003843002081804AC
:1018C0001008041008041008071810030FF0000790
:1018D000C000000000000000000003C0000700007E
:1018E0000600000600F80607F806180006E00007E4
:1018F000000006000000000000000001E1E003F726
:10190000F0063410041808041808040C08040C0825
:1019100006161803F3F001C1E0000000000000000B
:10192000F80003FC3003063804020804020804022D
:10193000080404100308F001FFC0007F000000004D
:101940000000000000000000000000000000000097
:10195000703800703800703800000000000000008F
:101960000000000000000000000000000000000077
:1019700000000000301A00301C00000000000000D1
:10198000000000000000000000000000000000084F
:10199000000014000022000041000080800100408F
:1019A00002002004001008000800000000000000F1
:1019B0002100002100002100002100002100002161
:1019C0000000210000210000210000210000000093
:1019D00000000000000008000804001002002001C0
:1019E0000040008080004100002200001400000838
:1019F0000000000000000003C00004C0000400005C
:101A0000080038080F380808380810000C300007A4
:101A1000E00003C000000000000000003F8000FF65
:101A2000E0038070020F1006708804C088048308E9
:101A3000047F8802C09003012000FE4000000800DF
:101A400000180001F8003E0801C20007020007E28A
:101A50000000FE00001FC80001F800003800000868
:101A600004000807FFF807FFF80408080408080442
:101A7000080804080806180803F41801E7F0000134
:101A8000E0000000000000003F8001FFE0038070E4
:101A900002001804000804000804000804001006EE
:101AA00000200780C000000004000807FFF807FFBF
:101AB000F8040008040008040008040018020010DC
:101AC00003807001FFE0007F800000000400080731
:101AD000FFF807FFF80408080408080408080408C9
:101AE00008043E0804000806001801006000000019
:101AF00004000807FFF807FFF804080804080004BA
:101B00000800040800043E000600000600000180F2
:101B100000000000000000003F8001FFE003807033
:101B20000600180400080402080402080203F00773
:101B300083F000020000020004000807FFF807FF1E
:101B4000F804080800080000080000080000080069
:101B500004080807FFF807FFF80400080000000069
:101B6000000004000804000804000807FFF807FF4D
:101B7000F804000804000804000800000000000049
:101B8000000000000006000007000001040001043E
:101B9000000104000307FFFE07FFFC04000004002F
:101BA0000004000004000807FFF807FFF8040C0811
:101BB000001800003E0004C7800503C80600F804B2
:101BC000003804001800000804000807FFF807FFA9
:101BD000F8040008000008000008000008000008E1
:101BE0000000080000180000600000000400080762
:101BF000FFF807800807FC00007FC00003F800071B
:101C0000C000780007800807FFF807FFF804000805
:101C100004000807FFF807000803C00000E0000008
:101C20003800001E000007000001C00400F007FF9C
:101C3000F8040000000000007F8001FFE0038070D6
:101C4000060018040008040008060018030030010C
:101C5000FFE0007F8000000004000807FFF807FF96
:101C6000F80404080404000404000404000404004C
:101C7000060C0003F80001F0000000000000000066
:101C80007F8001FFE0038070060088040088040064
:101C9000C806003C03003E01FFE6007F8400000010
:101CA00004000807FFF807FFF80408080408000408
:101CB0000C00040F00040BC00610F003F03801E024
:101CC0000800000800000001E0F803F030063010C2
:101CD000041808041808040C08040C08020618026A
:101CE00007F00781E000000001800006000004000A
:101CF0000004000004000807FFF807FFF8040008CC
:101D00000400000400000600000180000400000739
:101D1000FFE007FFF00400180000080000080000C2
:101D20000800000800000804001007FFE00400009D
:101D300004000006000007E00007FE00041FE000AA
:101D400001F80000380001E0043E0007C000060072
:101D50000004000004000007E00007FFC0041FF8B3
:101D60000007C007F80007FF80043FF80007C00421
:101D7000F80007000004000000000004000806004E
:101D80001807C07805F1C8003E00001F800463E812
:101D90000780F80600180400080000000400000690
:101DA000000007800007E008047C08001FF8000717
:101DB000F800180804E0080700000600000400000E
:101DC0000000000100080600380400F80403E804DD
:101DD0000F08047C0805F00807C008070018040075
:101DE0006000000000000000000000000000000093
:101DF0000000003FFFFE2000022000022000022021
:101E000000022000020000000000000000000800A6
:101E10000007000000C0000038000006000001C0FC
:101E200000003000000E0000010000000000000073
:101E300000002000022000022000022000022000FA
:101E4000023FFFFE00000000000000000000000054
:101E5000000000000000000000080000100000303A
:101E6000000020000030000010000008000000000A
:101E7000000000000000010000010000010000015E
:101E8000000001000001000001000001000001004D
:101E9000000100000100000100000000000000003F
:101EA00000200000200000100000100000000000D2
:101EB0000000000000000000000000000000000022
:101EC00000F00019F8001B18002208002608002462
:101ED00008002410003FF8001FF800000800001858
:101EE00000000004000007FFF80FFFF000181800C2
:101EF0001008002008002008003018001FF0000F14
:101F0000C00000000000000007C0001FF0001830F3
:101F1000002008002008002008003C08001C1000D9
:101F200000600000000000000000000007C0001F6B
:101F3000F0003818002008002008002008041010C5
:101F400007FFF80FFFF00000100000000000000085
:101F500000000007C0001FF000123000221800220D
:101F600008002208003208001E10000E20000000A9
:101F700000000000200000200800200801FFF803F6
:101F8000FFF80620080420080420080720000300AA
:101F90000000000000000000000E000E6E001FF3A5
:101FA0000031B10020B10020B1003191001F1300B9
:101FB0002E1E00200E00300000000004000807FF65
:101FC000F80FFFF800100800200000200000200893
:101FD000003FF8001FF800000800000000000000AB
:101FE0000000002008002008002008063FF8063FF7
:101FF000F8000008000008000008000000000000D1
:1020000000000000000000000300000300200100A9
:102010002001002003063FFE063FFC0000000000F8
:102020000000000000000004000807FFF80FFFF8A0
:10203000000188000300002FC00038F8002038009D
:10204000200800000800000000000000000004005C
:102050000804000804000807FFF80FFFF800000854
:102060000000080000080000000000000020080038
:102070003FF8003FF8001008002000003FF8003F44
:10208000F8001008002000003FF8003FF8000008AA
:10209000000000002008003FF8003FF80010080092
:1020A0001000002000002008003FF8001FF800008A
:1020B000080000000000000007C0000FF00018300A
:1020C0000030080020080020080030080018300008
:1020D0000FF00007C0000000000000002001003FDA
:1020E000FF003FFF00101100200900200800200819
:1020F000003038001FF0000FC0000000000000009A
:1021000007C0001FF0003818002008002008002039
:1021100009001011001FFF003FFF00000100000038
:10212000002008002008002008003FF8003FF800C9
:1021300008080010080020080020000030000030CF
:1021400000000000000000000000000C78001E18D5
:10215000003308002308002108002188002198008E
:1021600030F0003860000000000000002000002077
:102170000000200000FFF003FFF800200800200806
:1021800000200800003000000000000000000000F7
:102190002000003FF0007FF8000018000008000059
:1021A00008002010003FF8007FF000001000000041
:1021B000000000002000003000003C00003F8000D4
:1021C00023F0000078000070002380003C00003005
:1021D00000002000002000003C00003FE00023F849
:1021E0000000E0002700003E00003FE00021F80072
:1021F00001E0003E00002000000000002008002058
:1022000008003838003E680027800003C8002CF81A
:1022100000383800201800200800000000000000EE
:102220002000003003003C01003F830023EC00004D
:1022300070002380003C000020000020000000000F
:102240000000000000000038080020380020F800DE
:1022500023E8002F88003E080038080020180000FE
:1022600070000000000000000000000000000000FE
:102270000000000008000014001FF7FC30000620DA
:10228000000200000000000000000000000000004C
:1022900000000000000000000000FFFFFF00000041
:1022A000000000000000000000000000000000002E
:1022B00000002000023000061FF7FC001400000898
:1022C000000000000000000000000000000000000E
:1022D00000000018000060000040000040000020E6
:1022E00000001000000800000400000400000C00C2
:1022F00000100000000000000000000200000200CA
:102300000002000002000002801F82E01142601201
:10231000620012220412240622341F3E7FFC38641D
:102320000010440000440003C40000040000040046
:102330000004000004000000000000000000000095
:1023400000400000400200C003FF800648800449AE
:102350000004010007FFFE04020804020804041040
:10236000044420064440027F80007E000145800630
:10237000C4E01C8470180C30000C10000010000029
:1023800000000000000000000000000300001F002B
:10239000000000000000000000000C00000300022C
:1023A00001800380C001C060008060000060000008
:1023B000600000600006600003C00101C001808071
:1023C00000C000004000000000000000000000000D
:1023D000000000000000000000C00000FE000081BE
:1023E000000091000092003913801FFFF0013218A5
:1023F00001220801220801020C033C0C03F00C012D
:10240000C00800000800005800003800000000006C
:1024100000000000000000000000000000000000BC
:102420000800380FFFF808010808220808440809C6
:1024300084080F48080934C80973D811DA70110CE0
:10244000101004101004101804081FFC3C0FFFFEAD
:10245000000000000000000000000000000000007C
:102460000000001000001000001008001010041000
:10247000200610C006178007FC000410000410009E
:102480000420000420000FFFFE0C20000C20000898
:102490002000082000002000006000002000000054
:1024A000000000000000000008000008000008080C
:1024B000000810000A10107F201F90C00813C000F1
:1024C0007E700020000000000019800071F8039168
:1024D000081E111008111000111000E3100063F025
:1024E00000718000300000000000000000000000CB
:1024F000080000100000200000C00001C3F00E7FA3
:10250000C01C0000100200000C00000800060900BA
:1025100004C90824AA0C352BFE0552F80DD2000977
:10252000D200091600003800003800001800000032
:10253000000000000000000000000000100000107B
:10254000000018000010000010001F10001FF00015
:1025500000100000101000301FFFF00FF0200010DE
:10256000200010200010200030200010200000204B
:10257000000020000020000000000000000000001B
:102580000000002000002000002000106070187F74
:10259000E01860C00C008000010002000002200072
:1025A000021FF0021010022018042018046008070F
:1025B000A0080600180000180000180000F0000035
:1025C00030000000000000000000000000002000BB
:1025D000002010002030082430082460082640091C
:1025E000408809400C0A7FFE0A440012460013C3CB
:1025F000001E45801858C000D86000C06000C02090
:10260000000020000010000000000000000000009A
:102610000000002040002080002300022600025815
:102620000007FFF80C4800084C00080002001804DE
:1026300000F00C0000180000301FF860000180005E
:102640000700013C00011000018000008000000034
:10265000000000000000000000000004000008046A
:1026600000100800240800E4300784600705C00259
:102670000F0020080820080E18080C0C081C021F68
:10268000F0018F8000CC000070000070000030006E
:10269000001000001000000000000000000000001A
:1026A000000000000003FFE002084002104002109A
:1026B0004007FFE003FFC0002000002000002400CE
:1026C00000660000421000400830400E1FFFFC0072
:1026D000400000400000400000C00000400000003A
:1026E000000000000000000000080000300000C0F2
:1026F00007FF000444000448200FFFF80F00E0002B
:102700000020000040043080062F000046000048F2
:1027100000024FF004F8081CE00818400800000808
:102720000000080000580000380000000000000011
:102730000000000000001010021838020C70024166
:10274000800262401C00401F08C004317805E34449
:10275000059644054C440E9C443CF64424C378083A
:1027600001E00801800C008004008000008000006F
:1027700080000000000000000040000080002300F6
:1027800000260000783C1FFFF8184400004E0800A7
:10279000100800210800D0C80390081E12081C3140
:1027A0008802203801A1D000CF1000641000601012
:1027B0000030100030000010000000000000000099
:1027C00000000000000004040008040210040224B9
:1027D0000402678402C5E40385246329243FF52CA1
:1027E00005084804886804CFC8046F080434080446
:1027F000300800180800180C00180000080000003D
:102800000000000000000000008000010000020045
:10281000020C00021F8002F100039200061E000459
:10282000180804001000A0E000BF000320800C2462
:10283000803A750004FFF00549000EC90804600ED7
:10284000047FFC0000000000000000000000000009
:10285000000000000000000800E01003C06001015B
:10286000C0011300011280011040111FC01A3FE087
:102870000A221002221802220804020C06800C030D
:10288000000C03000C010004000004000000000024
:1028900000000000000000000000000000000180B7
:1028A0000403C0060700030C0003300000003000E2
:1028B0000660010CC001340001C4080704083F7F12
:1028C000FC3268F80208000208800208C0020860B2
:1028D0000008700000000000000000000000000080
:1028E000000000002000203000632001A660063CAC
:1028F000401C344008C48001808001010000400079
:102900000044C00044F80044901C44901FFC900018
:1029100089100089100089F000808000800000008C
:102920000000000000000000000000040000080497
:1029300000100800240800E4300784600705C00286
:102940000F0020080820080E18080C0C081C021F95
:10295000F0018F8000CC000070000070000030009B
:102960000010000010000000000000000000000047
:102970000040000080002180002300004600005835
:10298000003FFFFC3888000084200000400000C0A9
:1029900001FF0001F8000220000620000C20000CBE
:1029A0003FFE083000006000004000004000004092
:1029B0000000000000000000000000000000008097
:1029C00000188001908000A10000210004C90005CA
:1029D00099000EB9002CCFFE3997F00B3100083961
:1029E00000100100114300066300023200000200E3
:1029F00000020000020000000000000000000000D3
:102A000000000001800001800023000062000044FB
:102A1000103FFFF83FFFF000900000800000000032
:102A200000400000401000400800400C00781C00EE
:102A30007FF800C00000C00000800000800000009F
:102A40000000000000000000000000000001008005
:102A500001FFC00121800221000422000862001849
:102A6000440010000000000000000001FFFF010012
:102A700000010000010400020600020E0003FC0039
:102A800003800000000000000000000000000000C3
:102A90000000000000000000000010000020010005
:102AA000400600C40CE18434FF8424A94805295859
:102AB0000549300D4970091FD809F18809800C08B3
:102AC00000060000060000060000020000020000F0
:102AD00000000000000000000000000010000018CE
:102AE0000000100000100000100000100000100096
:102AF00000100000101FFFF01FF830002020002001
:102B00002000202000602000402000402000002005
:102B10000000200000300000000000000000000065
:102B2000000000000002000002000002000002009D
:102B30000006000004000004000004000007FFFE7F
:102B400007FFE00410000C10000C18000C18000C1B
:102B50000C000800000C00000C00000C000000003D
:102B60000000000000000000000000000000000065
:102B700004000204000204000404FFC80470180DDD
:102B800080300E80E008BF80089040088040090037
:102B90002009C03008FFD818001C180004180000D5
:102BA000080000000000000000000000000000001D
:102BB00000200020200020200820200C7FE006209C
:102BC000200600200000A0000310040E1007F818D3
:102BD00004208804218808450C08460C18FE0C10B7
:102BE000E30C00010C00018C00000C000008000048
:102BF00008000000000000000000000000020000CB
:102C000003F000027FE00200400200400220400288
:102C10003E40022480024480024480044C800478B8
:102C2000800440800400400400F0077FE007FE00BD
:102C30000300000000000000000000000000000091
:102C4000000000000000008000188001908000A1BA
:102C50000000210004C9000599000EB9002CCFFE28
:102C60003997F00B310008390010010011430006BC
:102C700063000232000002000002000002000000B7
:102C80000000000000000000004000004000844000
:102C9000009C4000E4800384801D3FFE0908800101
:102CA0000900010900001800001FE00010200011B9
:102CB000201FFFE00FFE20001220002030002078AF
:102CC000003FC000180000000000000000000000ED
:102CD00000000000000000000201F003FF8010006F
:102CE0000018000008C00000FF8000890004910067
:102CF00008910008810008FF800880000800101873
:102D000000181F803C0FFFFC0000000000000000C6
:102D1000000000000000000010000010000030184B
:102D20000029F002AE4002AA803FEA9004A81805EC
:102D30002FF00440000009000149000649043C4905
:102D40000634FFFE0549000E51000C920000FC0005
:102D50000010000010000010000000000000000043
:102D60000000000800000800000800001800001023
:102D7000000210000313F802D24802D2482612487B
:102D80003422C814648807A4080727FE0C27F80813
:102D90002000002000002000002000002000002073
:102DA00000000000000000000000001C000078008F
:102DB0000000001000381FFFF800800000C4080069
:102DC00044080044100044600045C01FFF001F86F7
:102DD0000000858001886001F83000C818000818DC
:102DE00000080800080800000000000000000000C3
:102DF000000000000800007807FE000444000444BE
:102E0000000804000FFE600C0030000000003000DD
:102E100008DE400B91600E112008920010D20011C4
:102E2000FE001FBA401C1070080038000018000097
:102E30000000000000000000000000001000001072
:102E4000000030001830001FF0001030003020006B
:102E5000DFE00F20200E20200423E0003E20002091
:102E6000200020200041E0007F60003860002060EA
:102E70000000600000600000200000000000000072
:102E800000080000100000300000C0000F8007FCA8
:102E90001007001004001004083004082004082063
:102EA0000508200DFFE00D9820081C2008122008BE
:102EB00013200003A000006000002000002000009C
:102EC00000000000000000000000000000000004FE
:102ED00000000800040800C40800F210048E100C62
:102EE000A5A00925C00FFF400D482019481019085A
:102EF0001812180C13F00C01C00C00800400000420
:102F000000000400000400000000000000000000B9
:102F1000000000000000000000000200000201109C
:102F20008202110402210404220C0B4408314D10CA
:102F300028B9B009B8600B08401E08801C0B0008B7
:102F40001E00001C0000080000000000000000003F
:102F50000000000000000000000000100000100051
:102F60000020000820780C7FF00C2060000040005A
:102F700000800010080862080FCB100809B008088C
:102F8000E00F91E01FDF3008581800400C00C00C23
:102F90000000040000040000040000000000000025
:102FA000000000040000180000200000C00803BF5B
:102FB000FC1E00001800000080000080000080E07F
:102FC00000807C10924818B6881924880D24880146
:102FD00024F80100E8010080010000010000000069
:102FE0000000000000000000000000000000C070B1
:102FF0000060E40863080C04100600600001C000D3
:103000001E000FF038064060043C00082A0809D270
:103010000C0B53FC08520018C60008FC400060600E
:103020000000300000000000000000000000000070
:103030000000000000000000000000000000000090
:103040000000000000000000000000000000000080
:103050000000000000000000000000000000000070
:103060000000000000000000000000000000000060
:103070000000000000000000000000000000000050
:103080000000000000000000000000000000000040
:103090000000000000000000000000000000000030
:1030A0000000000000000000000000000000000020
:1030B0000000000000000000000000000000000010
:1030C0000000000000000000000000000000000000
:1030D00000000000000000000000000000000000F0
:1030E00000000000000000000000000000000000E0
:1030F00000000000000000000000000000000000D0
:1031000000000000000000000000000000000000BF
:1031100000000000000000000000000000000000AF
:10312000000000000000000000000000000000009F
:10313000000000000000000000000000000000008F
:10314000000000000000000000000000000000007F
:10315000000000000000000000000000000000006F
:10316000000000000000000000000000000000005F
:10317000000000000000000000000000000000004F
:10318000000000000000000000000000000000003F
:10319000000000000000000000000000000000002F
:1031A000000000000000000000000000000000001F
:1031B000000000000000000000000000000000000F
:1031C00000000000000000000000000000000000FF
:1031D00000000000000000000000000000000000EF
:1031E00000000000000000000000000000000000DF
:1031F00000000000000000000000000000000000CF
:1032000000000000000000000000000000000000BE
:1032100000000000000000000000000000000000AE
:10322000000000000000000000000000000000009E
:10323000000000000000000000000000000000008E
:10324000000000000000000000000000000000007E
:10325000000000000000000000000000000000006E
:10326000000000000000000000000000000000005E
:10327000000000000000000000000000000000004E
:10328000000000000000000000000000000000003E
:10329000000000000000000000000000000000002E
:1032A000000000000000000000000000000000001E
:1032B000000000000000000000000000000000000E
:1032C00000000000000000000000000000000000FE
:1032D00000000000000000000000000000000000EE
:1032E00000000000000000000000000000000000DE
:1032F00000000000000000000000000000000000CE
:1033000000000000000000000000000000000000BD
:1033100000000000000000000000000000000000AD
:10332000000000000000000000000000000000009D
:10333000000000000000000000000000000000008D
:10334000000000000000000000000000000000007D
:10335000000000000000000000000000000000006D
:10336000000000000000000000000000000000005D
:10337000000000000000000000000000000000004D
:10338000000000000000000000000000000000003D
:10339000000000000000000000000000000000002D
:1033A000000000000000000000000000000000001D
:1033B000000000000000000000000000000000000D
:1033C00000000000000000000000000000000000FD
:1033D00000000000000000000000000000000000ED
:1033E0000000FFFF00000007FFFFC000000FFFFF0D
:1033F000F000003FFC1FFC00007F0000FC00007C90
:1034000000003E0000F800001F0000F000000F0068
:1034100000E00000070001E00000070001E00000FC
:10342000070000E000000F0000F000000F0000F8AF
:1034300000001F00007E00007E00003FE007FC004F
:10344000001FFFFFF8000007FFFFE0000001FFFF83
:103450008000000003C00000000000000000000029
:10346000000000000000000000000000000000005C
:103470000000000000000000000000000001E0006B
:1034800000000003C00000000003800000000007EF
:1034900080000000000F00000000001E000000007F
:1034A000003FFFFFFF0000FFFFFFFF0000FFFFFFE7
:1034B000FF0000FFFFFFFF00000000000000000011
:1034C00000000000000000000000000000000000FC
:1034D00000000000000000000000000000000000EC
:1034E00000000000000000000000000000000000DC
:1034F00000000000000000000000000000000000CC
:10350000000700000300000F00000F00003F000054
:103510003F00007E00007F00007C0000FF0000F8FC
:103520000001FF0000F00003FF0000F00007CF00E3
:1035300001E0000F8F0001E0003F0F0001E0007E7E
:103540000F0001E000FC0F0000F003F00F0000F09E
:1035500007E00F0000FC3FC00F00007FFF000F00DE
:10356000003FFE000F00001FF8000F000007C00022
:103570000F0000000000000000000000000000003C
:10358000000000000000000000000000000000003B
:1035900000010000C00000070000F000001F000153
:1035A000F800003F0000FC00007C00003E000078B6
:1035B00000001E0000F000000F0000E000000F00FF
:1035C00000E00300070000E00380070000E0078040
:1035D000070000E00780070000F00FC00F0000F0B8
:1035E0000FC01F0000FC3FF03E00007FFCFFFC000E
:1035F000003FF8FFFC00001FF07FF0000007801F75
:10360000E0000000000000000000000000000000DA
:10361000000000000000000000000000000F80001B
:103620000000001F80000000007F8000000000FFFD
:103630008000000003F38000000007E3800000002A
:103640000F83800000003F03800000007E038000A5
:103650000001F80380000003F0038000000FC003A6
:103660008000001F80038000007E0003800000FFB8
:10367000FFFFFF0000FFFFFFFF0000FFFFFFFF0055
:1036800000FFFFFFFF0000000003800000000003B8
:1036900080000000000380000000000380000000A4
:1036A0000000000000000000000000000000E0003A
:1036B00000000700F8000000FF81FC00000FFF8001
:1036C000FE0000FFFF003E0000FFFE000F0000FCB8
:1036D0001C000F0000F01C00070000F01C00070099
:1036E00000F03C00070000F03C00070000F03C0048
:1036F000070000F01C000F0000F01E000F0000F09B
:103700001F001E0000F00F807E0000F00FFFFC0085
:1037100000F007FFF80000F001FFF0000000007F5C
:10372000C0000000000000000000000000000000D9
:103730000000000000000000000000000000000089
:103740000000007FC000000001FFF000000007FF44
:10375000F80000000FFFFC0000003FC07E000000EA
:10376000FF801F000001FF000F000007FE000F0098
:10377000000FEE000700003F8E000700007E1E00D5
:10378000070000FC1E00070000F01E00070000E01C
:103790000E000F0000800F000F0000000F803E00A1
:1037A000000007E0FE00000003FFFC00000001FF36
:1037B000F800000000FFE0000000001F0000000013
:1037C00000000000000000000000000000000000F9
:1037D00000F00000000000F00000000000F0000019
:1037E000000000F00000000000F00000010000F008
:1037F00000000F0000F00000FF0000F00003FF00D9
:1038000000F0001FFF0000F0007FF00000F003FF59
:10381000000000F00FF8000000F03FC0000000F0D2
:10382000FF00000000F3FC00000000F7F0000000C3
:1038300000FFC000000000FF0000000000FC0000CE
:10384000000000F000000000000000000000000088
:1038500000000000000000000000000000078000E1
:103860000003C03FF000000FF07FFC00003FFCFFB2
:10387000FE00007FFDF87E0000783FE01F0000F0B2
:103880000FC00F0000E007C00F0000E00780070036
:1038900000E00780070000E00780070000E00780E5
:1038A000070000E00780070000F00FC00F0000F0E5
:1038B0001FC00F00007C3FE01F00007FFCF87E006F
:1038C000003FF8FFFC00001FF07FF8000003803F7E
:1038D000F0000000000300000000000000000000F5
:1038E000000000000000000000000001FC000000DB
:1038F000000FFF000000001FFFC00000003FFFC0DE
:103900000000007E07E00000007801E0000000F009
:1039100000F0030000F000F00F0000E000703F0036
:1039200001E00070FF0001E00073FC0001E0007F97
:10393000F00000F000FFE00000F001FF800000F860
:1039400003FE0000007E07F80000003FFFF00000CB
:10395000003FFFC00000000FFF0000000007F8005C
:103960000000000000000000000000000000000057
:1039700000000000000000000000000003800000C4
:1039800000000380000000000380000000000380AE
:103990000000000003800000000003800000000021
:1039A000038000000000038000000000038000008E
:1039B000000003800000000003800000000003807E
:1039C00000000000038000000000038000000000F1
:1039D000038000000000038000000000038000005E
:1039E000000003800000000003800000000003804E
:1039F0000000000003800000000000000000000044
:103A000000000000000000000000000000000000B6
:103A10000000400000000007C0000000001FC000C0
:103A20000000003FC0000000007FC0000000007CDC
:103A30000000000000F00000000000F000000F0097
:103A400000E0007C1F0000E001FC1F0000E003FC20
:103A50001F0000F007E00E0000F00FC0000000F8AB
:103A60003F000000007FFF000000007FFE0000001C
:103A7000003FF8000000000FF00000000000000010
:103A80000000000000000000000000000000000036
:103A90000000000030313233343536373839414296
:103AA00043444546000000000102030446696C657A
:103AB0002073797374656D2065786973746564200B
:103AC000696E205344210D0A00496E6974696C695E
:103AD0007A6174696F6E206572726F72206D6179A0
:103AE0006265210D0A0046696C65206D6F756E7404
:103AF000206572726F7220666F72205344212052CB
:103B00006573756C743A282564290D0A005B244C92
:103B10004F47245D426F6F74696E672E2E2E0D0A1B
:103B20000048656E616E205469616E2C4A205320F6
:103B3000666F7220636F6D7065746974696F6E2053
:103B40002843415354494329203431302D37310D16
:103B50000A003D3D3D3D3D3D3D3D3D3D3D3D3D3D05
:103B60003D3D3D3D3D3D3D3D3D3D3D3D3D3D3D3D85
:103B70003D3D3D3D3D3D3D3D3D3D3D3D3D3D3D3D75
:103B80003D3D3D3D3D3D3D3D3D3D3D3D3D3D3D0D95
:103B90000A005B24455252245D417070204D616ED5
:103BA000616765722053544F505045440D0A005BC5
:103BB000244C4F47245D53704F32202D204F4B0D26
:103BC0000A005B244C4F47245D4C4344202D204F7A
:103BD0004B0D0A005B244C4F47245D31324C65612C
:103BE00064202D204F4B0D0A005B244C4F47245D71
:103BF0004B6579426F617264202D204F4B0D0A0096
:103C00005B244C4F47245D5254432C54696D6572BC
:103C1000202D204F4B0D0A005B244C4F47245D4C58
:103C20004344202D204C494748540D0A00417070F0
:103C3000204D616E616765722053544F504544209A
:103C40006279204143434944454E540D0A00737440
:103C50006172742072756E0D0A000D0A23232044D0
:103C600065766963652073697A65206973202564C8
:103C70004B42202323000D0A232320426C6F636BE9
:103C80002073697A6520697320256442202323000C
:103C90000D0A232320426C6F636B20636F756E7473
:103CA000206973202564202323000D0A232320414B
:103CB00070706C69636174696F6E2073706563699D
:103CC00066696320737570706F7274656420232356
:103CD000000D0A232320492F4F206D6F6465207348
:103CE0007570706F72746564202323000D0A23239E
:103CF00020457261736520737570706F72746564AE
:103D0000202323000D0A2323204C6F636B20756E44
:103D10006C6F636B20737570706F727465642023B1
:103D200023000D0A232320426C6F636B206F7065A4
:103D3000726174696F6E20737570706F72746564F0
:103D4000202323000D0A23232057726974652070F5
:103D5000726F74656374696F6E20737570706F72C3
:103D6000746564202323000D0A232320537769748C
:103D700063682066756E6374696F6E20737570700A
:103D80006F72746564202323000D0A232320506181
:103D9000727469616C20626C6F636B7320666F7202
:103DA000207265616420616C6C6F776564202323E9
:103DB000000D0A2323205061727469616C20626CCB
:103DC0006F636B7320666F72207772697465206110
:103DD0006C6C6F776564202323000D0A2323205326
:103DE0004448432063617264202323000D0A232387
:103DF00020534453432063617264202323000D0A3F
:103E000023232053445843206361726420232300FA
:103E10000D0A23232043617264436F6D6D616E64EC
:103E2000436C61737365732069733A20257820238E
:103E300023000D0A23232043617264207665727388
:103E4000696F6E20332E3078202323004465736918
:103E5000676E656420627920484E205469616E2E39
:103E60004A20532043415354494320776F726B2EAD
:103E700020416C6C20726967687473207265736589
:103E8000727665642E00303A003431302D3731209F
:103E9000416E79204F54484552732043616E204E45
:103EA0004F5420757365207468697320776F726B47
:103EB00020666F7220636F6D7065746974696F6ED0
:103EC000206F722067726164756174650057616963
:103ED00074696E6720666F722048617264776172E0
:103EE0006520496E6974005465726D696E616C007D
:103EF00050493A202564250050493A202D2D2D00A7
:103F00005154633A2D2D2D002D3F2D003230256464
:103F10002D0025733025643A00257325643A00236B
:103F20004200524553500052563A2D2E2D2D2D2031
:103F30006D560053563A2D2E2D2D2D206D560053C3
:103F4000704F323A2025640052657370523A202532
:103F50006400506C757365004852202D2025640D57
:103F60000A00222324292A005631005632005633F3
:103F700000563400563500563600393A0041474560
:103F80003A004E414D453A003C3E003D3E003F4028
:103F900000615646004949490061564C006156523D
:103FA00000323025642D25642D25642025643A25B2
:103FB000643A25640025732564003A202564206452
:103FC00065670052523A202564206D7300515253A8
:103FD0003A202564206D730051543A202564206DE9
:103FE00073005154633A202564206D730048503AA1
:103FF0002564206D6D486720204C503A2564206D63
:104000006D4867202020204869783D2564202020C5
:104010004C6978203D2025640D0A004B6579202DE0
:1040200020420D0A004B6579202D20456E65726790
:104030007920333630304A0D0A00000001000000BC
:10404000020000000300000000000000B841020868
:1040500000000020400000006C020008F841020847
:1040600000000010D806000010020008F841020805
:104070004000002068F90A008C020008D8420208BB
:10408000D8060010C8F200008C0200081C000000D6
:1040900043000000F8FFFFFF0C0000000E000000CE
:1040A0000F0000002E00000010010000430000007F
:1040B000F8FFFFFF00404040404040404040414149
:1040C00041414140404040404040404040404040ED
:1040D0004040404040050202020202020202020287
:1040E0000202020202202020202020202020200284
:1040F0000202020202029090909090901010101014
:1041000010101010101010101010101010101010AF
:104110000202020202028888888888880808080843
:10412000080808080808080808080808080808080F
:104130000202020240000000000000000000000037
:10414000000000000000000000000000000000006F
:10415000000000000000000000000000000000005F
:10416000000000000000000000000000000000004F
:10417000000000000000000000000000000000003F
:10418000000000000000000000000000000000002F
:10419000000000000000000000000000000000001F
:1041A000000000000000000000000000000000000F
:1041B0000000000000000000420148523A000000E8
:1041C000000048440000484404006400640000000B
:1041D000FFFF0000FFFF0000E8030000001C4E0E80
:1041E00003000000544A532D484E2D3431302D37F2
:1041F00031534648010000005AFF01320123E80311
:1042000033FFFF1A010E690401173A011CA90609C0
:104210001326C90309184E092504011F19893926D7
:10422000091608091E3F59F1E908091469491B09D3
:104230001C0A091FB06962091C0A490D7904091892
:10424000FED9060914E5B90309184E092504091F0A
:10425000E3498A091608091E3F59F1E9080914695A
:10426000491B091C0A091FB06962091C0A490D791A
:10427000040918FED9060914E5B90309184E0925E1
:1042800004091FE3498A091608091E3F59F1E90884
:10429000091469491B091C0A091FB06962091C0A33
:1042A000490D79040918FED9060914E5B90309185E
:1042B0004E092504091FE3498A091608091E3F59BA
:1042C000F1E908091469491B091C0A091FB0696250
:0842D000091C0A01761AFF0126
:04000005080001AD41
:00000001FF
