:020000040800F2
:1000000000000220CDD400089DD200089FD2000835
:10001000A1D20008A3D20008A5D200080000000069
:10002000000000000000000000000000A18B00089C
:10003000A7D2000800000000318C00087585000878
:100040001DD500081DD500081DD500081DD50008C8
:100050001DD500081DD500081DD500081DD50008B8
:100060001DD500081DD500081DD500081DD50008A8
:100070001DD500081DD500081DD500081DD5000898
:100080001DD500081DD500081DD500081DD5000888
:100090001DD500081DD500081DD500081DD5000878
:1000A0001DD500081DD50008A9D200081DD50008DF
:1000B0001DD50008C5D200081DD500081DD50008B3
:1000C0001DD500081DD500081DD500081DD5000848
:1000D0001DD500081DD500081DD500081DD5000838
:1000E0001DD500081DD500081DD500081DD5000828
:1000F0001DD500081DD500081DD500081DD5000818
:100100001DD500081DD500081DD500081DD5000807
:100110001DD500081DD50008D1D200081DD5000846
:10012000F1D200081DD500081DD50008FDD2000839
:1001300009D300081DD500081DD500081DD50008ED
:100140001DD500081DD500081DD5000815D30008D1
:100150001DD5000821D300081DD500081DD50008B5
:100160001DD500081DD500081DD500081DD50008A7
:100170001DD500081DD500081DD500080000000091
:080180001DD500081DD5000883
:1001900010B5054C237833B9044B13B10448AFF3C1
:1001A00000800123237010BDD40200200000000055
:1001B00070FF000808B5034B1BB103490348AFF3B8
:1001C000008008BD00000000D802002070FF000879
:1001D00081F0004102E000BF83F0004330B54FEAF8
:1001E00041044FEA430594EA050F08BF90EA020F65
:1001F0001FBF54EA000C55EA020C7FEA645C7FEAF8
:10020000655C00F0E2804FEA5454D4EB5555B8BF1A
:100210006D420CDD2C4480EA020281EA030382EA8B
:10022000000083EA010180EA020281EA0303362D1D
:1002300088BF30BD11F0004F4FEA01314FF4801CF0
:100240004CEA113102D0404261EB410113F0004F02
:100250004FEA03334CEA133302D0524263EB4303B9
:1002600094EA050F00F0A780A4F10104D5F1200E57
:100270000DDB02FA0EFC22FA05F2801841F10001B2
:1002800003FA0EF2801843FA05F359410EE0A5F186
:1002900020050EF1200E012A03FA0EFC28BF4CF0B7
:1002A000020C43FA05F3C01851EBE37101F000456D
:1002B00007D54FF0000EDCF1000C7EEB00006EEB7A
:1002C0000101B1F5801F1BD3B1F5001F0CD3490804
:1002D0005FEA30004FEA3C0C04F101044FEA44525B
:1002E00012F5800F80F09A80BCF1004F08BF5FEAE2
:1002F000500C50F1000041EB045141EA050130BDC2
:100300005FEA4C0C404141EB0101013C28BFB1F5D3
:10031000801FE9D291F0000F04BF01460020B1FA1E
:1003200081F308BF2033A3F10B03B3F120020CDAF1
:100330000C3208DD02F1140CC2F10C0201FA0CF0CF
:1003400021FA02F10CE002F11402D8BFC2F1200C34
:1003500001FA02F120FA0CFCDCBF41EA0C019040EA
:10036000E41AA2BF01EB0451294330BD6FEA040433
:100370001F3C1CDA0C340EDC04F11404C4F120021E
:1003800020FA04F001FA02F340EA030021FA04F330
:1003900045EA030130BDC4F10C04C4F1200220FA87
:1003A00002F001FA04F340EA0300294630BD21FAC5
:1003B00004F0294630BD94F0000F83F4801306BF8B
:1003C00081F480110134013D4EE77FEA645C18BF7F
:1003D0007FEA655C29D094EA050F08BF90EA020F16
:1003E00005D054EA000C04BF1946104630BD91EA0E
:1003F000030F1EBF0021002030BD5FEA545C05D111
:100400004000494128BF41F0004130BD14F580044F
:100410003CBF01F5801130BD01F0004545F0FE41C3
:1004200041F470014FF0000030BD7FEA645C1ABFF8
:10043000194610467FEA655C1CBF0B46024650EA2F
:10044000013406BF52EA033591EA030F41F400215B
:1004500030BD00BF90F0000F04BF0021704730B5E1
:100460004FF4806404F132044FF000054FF00001B6
:1004700050E700BF90F0000F04BF0021704730B577
:100480004FF4806404F1320410F0004548BF40424C
:100490004FF000013EE700BF42004FEAE2014FEAA1
:1004A00031014FEA02701FBF12F07F4393F07F4F7C
:1004B00081F06051704732F07F4208BF704793F07F
:1004C0007F4F04BF41F40021704730B54FF4607492
:1004D00001F0004521F000411CE700BF50EA010295
:1004E00008BF704730B54FF000050AE050EA01023E
:1004F00008BF704730B511F0004502D5404261EBAE
:1005000041014FF4806404F132045FEA915C3FF4EE
:10051000D8AE4FF003025FEADC0C18BF03325FEA8B
:10052000DC0C18BF033202EBDC02C2F1200300FA3C
:1005300003FC20FA02F001FA03FE40EA0E0021FA61
:1005400002F11444BDE600BF70B54FF0FF0C4CF44F
:10055000E06C1CEA11541DBF1CEA135594EA0C0F01
:1005600095EA0C0F00F0DEF82C4481EA030621EA3C
:100570004C5123EA4C5350EA013518BF52EA033577
:1005800041F4801143F4801338D0A0FB02CE4FF029
:100590000005E1FB02E506F00042E0FB03E54FF059
:1005A0000006E1FB03569CF0000F18BF4EF0010E51
:1005B000A4F1FF04B6F5007F64F5407404D25FEA4D
:1005C0004E0E6D4146EB060642EAC62141EA555100
:1005D0004FEAC52040EA5E504FEACE2EB4F1FD0C42
:1005E00088BFBCF5E06F1ED8BEF1004F08BF5FEAC0
:1005F000500E50F1000041EB045170BD06F0004672
:1006000046EA010140EA020081EA0301B4EB5C041E
:10061000C2BFD4EB0C0541EA045170BD41F4801116
:100620004FF0000E013C00F3AB8014F1360FDEBF3B
:10063000002001F0004170BDC4F10004203C35DA17
:100640000C341BDC04F11404C4F1200500FA05F39A
:1006500020FA04F001FA05F240EA020001F000423B
:1006600021F0004110EBD37021FA04F642EB0601B1
:100670005EEA430E08BF20EAD37070BDC4F10C04DB
:10068000C4F1200500FA04F320FA05F001FA04F29F
:1006900040EA020001F0004110EBD37041F100018B
:1006A0005EEA430E08BF20EAD37070BDC4F1200596
:1006B00000FA05F24EEA020E20FA04F301FA05F2FE
:1006C00043EA020321FA04F001F0004121FA04F2A6
:1006D00020EA020000EBD3705EEA430E08BF20EA76
:1006E000D37070BD94F0000F0FD101F000464000B0
:1006F00041EB010111F4801F08BF013CF7D041EA32
:10070000060195F0000F18BF704703F00046520035
:1007100043EB030313F4801F08BF013DF7D043EA06
:100720000603704794EA0C0F0CEA135518BF95EABC
:100730000C0F0CD050EA410618BF52EA4306D1D143
:1007400081EA030101F000414FF0000070BD50EA62
:10075000410606BF1046194652EA430619D094EAEC
:100760000C0F02D150EA013613D195EA0C0F05D1D6
:1007700052EA03361CBF104619460AD181EA03012A
:1007800001F0004141F0FE4141F470014FF00000E2
:1007900070BD41F0FE4141F4780170BD70B54FF07D
:1007A000FF0C4CF4E06C1CEA11541DBF1CEA1355FD
:1007B00094EA0C0F95EA0C0F00F0A7F8A4EB0504DF
:1007C00081EA030E52EA03354FEA013100F08880D6
:1007D0004FEA03334FF0805545EA131343EA12639F
:1007E0004FEA022245EA111545EA10654FEA002654
:1007F0000EF000419D4208BF964244F1FD0404F50D
:10080000407402D25B084FEA3202B61A65EB030568
:100810005B084FEA32024FF480104FF4002CB6EB25
:10082000020E75EB030E22BFB61A754640EA0C00A5
:100830005B084FEA3202B6EB020E75EB030E22BFE5
:10084000B61A754640EA5C005B084FEA3202B6EB26
:10085000020E75EB030E22BFB61A754640EA9C00E5
:100860005B084FEA3202B6EB020E75EB030E22BFB5
:10087000B61A754640EADC0055EA060E18D04FEA73
:10088000051545EA16754FEA06164FEAC30343EA13
:1008900052734FEAC2025FEA1C1CC0D111F4801FE0
:1008A0000BD141EA00014FF000004FF0004CB6E7D9
:1008B00011F4801F04BF01430020B4F1FD0C88BF78
:1008C000BCF5E06F3FF6AFAEB5EB030C04BFB6EB83
:1008D000020C5FEA500C50F1000041EB045170BD76
:1008E0000EF0004E4EEA113114EB5C04C2BFD4EBA3
:1008F0000C0541EA045170BD41F480114FF0000E27
:10090000013C90E645EA060E8DE60CEA135594EAA2
:100910000C0F08BF95EA0C0F3FF43BAF94EA0C0FA5
:100920000AD150EA01347FF434AF95EA0C0F7FF41A
:1009300025AF104619462CE795EA0C0F06D152EA6E
:1009400003353FF4FDAE1046194622E750EA410652
:1009500018BF52EA43067FF4C5AE50EA41047FF463
:100960000DAF52EA43057FF4EBAE12E74FF0FF3CC8
:1009700006E000BF4FF0010C02E000BF4FF0010C99
:100980004DF804CD4FEA410C7FEA6C5C4FEA430C12
:1009900018BF7FEA6C5C1BD001B050EA410C0CBF61
:1009A00052EA430C91EA030F02BF90EA020F0020C3
:1009B000704710F1000F91EA030F58BF994208BF2A
:1009C00090422CBFD8176FEAE37040F001007047E7
:1009D0004FEA410C7FEA6C5C02D150EA013C07D13E
:1009E0004FEA430C7FEA6C5CD6D152EA033CD3D089
:1009F0005DF8040B704700BF8446104662468C4683
:100A00001946634600E000BF01B5FFF7B7FF0028B5
:100A100048BF10F1000F01BD4DF808EDFFF7F4FFDE
:100A20000CBF012000205DF808FB00BF4DF808ED69
:100A3000FFF7EAFF34BF012000205DF808FB00BF8C
:100A40004DF808EDFFF7E0FF94BF012000205DF8AE
:100A500008FB00BF4DF808EDFFF7CEFF94BF012063
:100A600000205DF808FB00BF4DF808EDFFF7C4FF5C
:100A700034BF012000205DF808FB00BF4FEA410CA5
:100A80007FEA6C5C02D150EA013C0AD14FEA430C88
:100A90007FEA6C5C02D152EA033C02D14FF00000C5
:100AA00070474FF0010070474FEA410212F5001203
:100AB00015D211D56FF47873B3EB625212D94FEAA5
:100AC000C12343F0004343EA505311F0004F23FA8F
:100AD00002F018BF404270474FF00000704750EAE4
:100AE000013005D111F0004008BF6FF000407047A1
:100AF0004FF00000704700BF4A0011D212F50012FB
:100B000011D20DD56FF47873B3EB62520ED44FEA65
:100B1000C12343F0004343EA505323FA02F07047E5
:100B20004FF00000704750EA013002D14FF0FF3023
:100B300070474FF00000704753B94AB9002908BF09
:100B400000281CBF4FF0FF314FF0FF3000F088B994
:100B5000ADF1080C6DE904CE00F006F8DDF804E014
:100B6000DDE9022304B070472DE9F047089D8E4669
:100B700004468846002B4AD18A42174662D9B2FA07
:100B800082F64EB1C6F1200301FA06F820FA03F30B
:100B9000B74043EA0808B4404FEA174E1FFA87FCF3
:100BA000B8FBFEF1230C0EFB118843EA084301FB5E
:100BB0000CF29A4209D9FB1801F1FF3080F0EA806B
:100BC0009A4240F2E78002393B449A1AA3B2B2FB40
:100BD000FEF00EFB102243EA024300FB0CFC9C4596
:100BE00009D9FB1800F1FF3280F0D6809C4540F215
:100BF000D3803B44023840EA0140A3EB0C030021C0
:100C00001DB1F3400022C5E90032BDE8F0878B42F8
:100C100005D90DB1C5E9000100210846F5E7B3FA91
:100C200083F1002946D1734502D3824200F2058147
:100C3000841A6EEB030201209046002DE5D0C5E931
:100C40000048E2E7002A00F09080B2FA82F6002E17
:100C500040F0A4808A1A030C4FEA174E80B2BCB24F
:100C60000121B2FBFEFC0EFB1C2243EA024304FB03
:100C70000CF29A4207D9FB180CF1FF3802D29A42C3
:100C800000F2E080C4469B1AB3FBFEF20EFB123367
:100C900040EA034302FB04F49C4207D9FB1802F12B
:100CA000FF3002D29C4200F2CA8002461B1B42EA7D
:100CB0000C40A5E7C1F120068B4022FA06F71F433E
:100CC0000EFA01F420FA06F32EFA06FE4FEA17494F
:100CD000234300FA01F81FFA87FCBEFBF9F01C0C55
:100CE00009FB10EE44EA0E4400FB0CFEA64502FA96
:100CF00001F209D93C1900F1FF3A80F09C80A64529
:100D000040F2998002383C44A4EB0E041FFA83FEA3
:100D1000B4FBF9F309FB13444EEA044403FB0CFC57
:100D2000A44508D93C1903F1FF3E80F08280A44518
:100D30007FD9023B3C4443EA0040A4EB0C04A0FBF7
:100D400002EC64457346E14662D35FD05DB1B8EB17
:100D5000030264EB090404FA06F622FA01F31E43C7
:100D6000CC40C5E9006400214FE7B1FBF2FC010C67
:100D700041EA0E4180B240EA01423B4638463C46D9
:100D8000B846BE462026B1FBF7F1A2EB080241EAC5
:100D90000C4166E7014618E710462CE7C6F1200231
:100DA0002EFA02F3B740B14020FA02F24FEA174E92
:100DB0000A43B3FBFEF8BCB20EFB1833110C41EA38
:100DC000034108FB04F9B04089454FEA104380B263
:100DD0003ED9791808F1FF3C01D289451FD8A1EB13
:100DE0000901B1FBFEF909FB04F80EFB191192B2DF
:100DF00042EA0142424529D2BA1809F1FF31C4D270
:100E00004245C2D2A9F102013A44BEE7F0459DD263
:100E1000BEEB02036CEB070C0138E14696E7A7EB4B
:100E200009094944A8F1020CB1FBFEF909FB04F8D9
:100E3000DBE773467FE7504666E70846FDE63B443E
:100E4000023A33E7ACF1020C3B441CE749469CE70D
:100E5000A1EB0901C446B1FBFEF909FB04F8C4E7A4
:100E6000704700BF0000000000000000000000000C
:100E700001F0FF01102A2BDB10F0070F08D010F84B
:100E8000013B013A8B422DD010F0070F42B3F6D14F
:100E9000F0B441EA012141EA014122F007047FF068
:100EA00000070023F0E80256083C85EA010586EABF
:100EB000010685FA47F5A3FA87F586FA47F6A5FAFB
:100EC00087F68EB9EED1F0BC01F0FF0102F0070207
:100ED00032B110F8013B013A83EA010313B1F8D1B2
:100EE0000020704701387047002D06BF3546033893
:100EF000073815F0010F07D1013015F4807F02BFCC
:100F0000013015F4C03F0130F0BC0138704700BF1C
:100F1000034613F8012B002AFBD1181A0138704739
:100F2000034AD2F8883043F47003C2F8883070471F
:100F300000ED00E0036A026A22F0010270B502626D
:100F4000446882690D6822F073022A438D6823F099
:100F500002032B430C4DA84203D005F58065A8423F
:100F60000BD1CD6823F008032B43D1E9055624F4B7
:100F70004074354323F004032C43446082614A6883
:100F80004263036270BD00BF00000140036A026A51
:100F900022F4807270B502624468C2690D6822F062
:100FA00073022A438D6823F4007343EA05230D4D31
:100FB000A84203D005F58065A8420DD1CD6823F481
:100FC000006343EA0523D1E9055624F44054354330
:100FD00023F4806344EA05144460C2614A68C26332
:100FE000036270BD00000140036A026A22F480526D
:100FF00030B502624468C2690D6822F4E64242EAF2
:1010000005228D6823F4005343EA0533084DA842B6
:1010100003D005F58065A84204D14D6924F48044CD
:1010200044EA85144460C2614A680264036230BDC8
:101030000000014070477047704770477047704725
:10104000704770477047704790F83D30012B30D1A2
:10105000022380F83D300368DA6842F00102DA606A
:10106000154A93421AD0B3F1804F17D0A2F57C42B3
:10107000934213D002F5806293420FD002F5806252
:1010800093420BD002F57842934207D002F570529A
:10109000934203D0A2F59432934204D19A6802F0AD
:1010A0000702062A03D01A6842F001021A600020E3
:1010B00070470120704700BF00000140036870B511
:1010C000DD681E69B10704460ED5AA070CD56FF07E
:1010D00002021A61012202779B699B0771D0D0F846
:1010E0009030984700232377710711D56A070FD5F1
:1010F00023686FF004021A61022222779B6913F4BD
:10110000407F65D0D4F8903020469847002323775D
:10111000330710D528070ED523686FF008021A612F
:1011200004222277DB69990759D0D4F89030204601
:10113000984700232377F20611D5EB060FD52368D5
:101140006FF010021A6108222277DB6913F4407FE6
:101150004CD0D4F890302046984700232377F007EE
:1011600009D5E90707D523686FF001021A61204607
:10117000D4F880309847320609D52B0607D5236866
:101180006FF080021A612046D4F8B030984770069C
:1011900009D5690607D523686FF040021A61204619
:1011A000D4F888309847B20627D5AB0625D52368F2
:1011B0006FF020021A612046D4F8A830BDE87040D4
:1011C0001847D0F898309847D4F89C30204688E7E4
:1011D000D4F8983020469847D4F89C3094E7D4F857
:1011E000983020469847D4F89C30A0E7D4F898303F
:1011F00020469847D4F89C30ADE770BD10B5034643
:10120000002A68D090F83D40012CE0B239D11A296B
:1012100012D8DFE801F04446484A4C4E505254562A
:10122000585A5C5E0E1215181B1E2124272A2D30D9
:101230003300C3F88020002010BDC3F88420FAE7F3
:10124000C3F88820F7E7C3F88C20F4E7C3F89020B0
:10125000F1E7C3F89420EEE7C3F89820EBE7C3F872
:101260009C20E8E7C3F8A020E5E7C3F8A420E2E764
:10127000C3F8A820DFE7C3F8AC20DCE7C3F8B02050
:10128000D9E793F83D0030BB0D2924D8DFE801F001
:1012900007090B0D0F11131517191B1D1F219A6438
:1012A000C9E7DA64C7E71A65C5E75A65C3E79A650F
:1012B000C1E7DA65BFE71A66BDE75A66BBE79A661B
:1012C000B9E7DA66B7E71A67B5E75A67B3E79A6727
:1012D000B1E7DA67AFE70120AEE70000274A03680D
:1012E000904212D0B0F1804F0FD0A2F57C429042D4
:1012F0000BD002F58062904207D002F580629042E6
:1013000003D002F57842904208D14A6823F0700376
:101310001343CA6823F44073134316E0184A9042FB
:10132000F7D002F580629042F3D002F580629042DD
:10133000EFD0A2F598329042EBD002F58062904255
:10134000E7D002F580629042E3D04A6923F080033F
:1013500013438A68C2620A688262084A904203D0D4
:1013600002F58062904201D10A690263026842F08C
:1013700004020260012242610360704700000140E4
:1013800000400140036A026A22F0100270B5026256
:10139000446882690D6822F4E64242EA05228D68BB
:1013A00023F0200343EA05130D4DA84203D005F5B1
:1013B0008065A8420DD1CD6823F0800343EA051370
:1013C000D1E9055624F44064354323F0400344EA50
:1013D0008504446082614A688263036270BD00BF15
:1013E0000000014038B590F83C30012B04464FD046
:1013F0000120082A84F83C003AD006D8BAB1042A61
:1014000026D0002384F83C3038BD0C2AF9D120685E
:10141000FFF7EAFDC3690A6943F40063C361C36966
:1014200023F48063C361C36943EA02232EE020688A
:10143000FFF780FD83690A6943F0080383618369CC
:1014400023F0040383618369134383610020D8E799
:101450002068FFF797FF83690A6943F4006383619B
:10146000836923F480638361836943EA0223ECE7A1
:101470002068FFF78BFDC3690A6943F00803C36165
:10148000C36923F00403C361C3691343C361DDE788
:101490000220B9E770B5056A046A194E24F0010408
:1014A0000462B042846926D0B0F1804F23D0A6F503
:1014B0007C46B0421FD006F58066B0421BD006F5D0
:1014C0008066B04217D006F57846B04213D006F5D4
:1014D0007056B0420FD0A6F59436B0420BD044F00F
:1014E000010263F3071201F00A0125F00A03194310
:1014F0008261016270BD24F003042243F1E700BF62
:1015000000000140F8B590F83C30012B05460C4630
:1015100000F082800120082A85F83C005CD006D8C3
:1015200042B3042A36D0002385F83C30F8BD0C2A9B
:10153000F9D12B68CE68186AD1E90027196A21F41D
:1015400080511962D969120321F4407141EA0721DF
:1015500020F4204002F4204266F30F310243D961A7
:101560001A62DA69A16822F44062DA61DA6942EA51
:1015700001224FE02868CB68D1E90012FFF78AFF0B
:101580008369A26823F00C03836183691343836139
:101590000020C8E72B68CE68186AD1E90027196ACD
:1015A00021F0100119629969120121F4407141EA98
:1015B000072120F0A00002F0A00266F30F310243E1
:1015C00099611A629A69A16822F440629A619A69E3
:1015D00042EA01229A61DBE72B68E768186A1E6A13
:1015E00026F48076D1E900211E62DE69120226F01F
:1015F0000306314320F4206002F4206267F30711F0
:101600000243D9611A62DA69A16822F00C02DA6138
:10161000DA690A43DA61BBE7022087E710B584681C
:101620000A4324F47F4442EA03222243826010BD2D
:1016300038B590F83C30012B04464FF0020000F022
:101640008E8084F83D000122206884F83C20836865
:1016500023F47F4323F0770383600B68602B4FD024
:1016600032D8402B64D016D8202B0DD00AD833F0B6
:10167000100109D0012384F83D30002384F83C3068
:10168000104638BD302BF5D1826822F0700213432A
:1016900043F0070328E0502BECD14A68CD68016A7B
:1016A000036A23F001030362836921F00A0123F036
:1016B000F00343EA05130A4383610262836823F05F
:1016C000700343F057030FE0B3F5805F0DD0B3F51F
:1016D000005F0CD0702BCDD1CB68D1E90121FFF791
:1016E0009DFF836843F0770383600022C2E7CB68E5
:1016F000D1E90121FFF792FF836843F48043F3E7C8
:10170000036A026A4D68C96822F0100202628269A7
:1017100023F0A00322F4704243EA051342EA0132A7
:1017200082610362836823F0700343F06703DBE7A1
:101730004A68CD68016A036A23F001030362836982
:1017400021F00A0123F0F00343EA05130A43836101
:101750000262836823F0700343F04703C4E7024644
:101760008EE7036A10B501F01F0101248C4023EAC3
:1017700004030362036A8A401A43026210BD000038
:1017800008B529B990F83E30012B1FD0012035E073
:10179000042907D190F83F30012BF7D1022380F8BC
:1017A0003F3016E008290CBF90F8403090F84130E7
:1017B000013B18BF0123002BE8D108294FF0020399
:1017C0000CBF80F8403080F8413002E0022380F8FE
:1017D0003E3000680122FFF7C4FF164B984203D049
:1017E00003F5806398420AD1436C43F40043436499
:1017F000836803F00703062B17D1002008BDB0F162
:10180000804FF5D00C4B9842F2D003F5806398429C
:10181000EED003F580639842EAD003F59A339842FC
:10182000E6D0A3F594339842E2D0036843F0010375
:101830000360E2E70000014000040040FFF7A0BFA2
:10184000134BC0F88030134BC0F88430124BC0F8F3
:101850008830124BC0F88C30114BC0F89030114BCF
:10186000C0F89430104BC0F89830104BC0F89C3042
:101870000F4BC0F8A0300F4BC0F8A4300E4BC0F88F
:10188000A8300E4BC0F8AC300D4BC0F8B0307047EC
:1018900099C20008371000084310000845100008DE
:1018A0003B1000083D100008391000083F100008E8
:1018B00041100008471000088D1B00088F1B00080E
:1018C000911B000810B5044668B390F83D3003F052
:1018D000FF0253B980F83C20FFF7B2FF836C0BB9CD
:1018E000124B8364A36C204698470223206884F837
:1018F0003D30211DFFF7F2FC012384F84630002023
:1019000084F83E3084F83F3084F8403084F8413029
:1019100084F8423084F8433084F8443084F8453009
:1019200084F83D3010BD0120FCE700BFC9CE00089F
:1019300010B5044668B390F83D3003F0FF0253B988
:1019400080F83C20FFF77CFF036E0BB9124B036657
:10195000236E204698470223206884F83D30211DDD
:10196000FFF7BCFC012384F84630002084F83E30A9
:1019700084F83F3084F8403084F8413084F84230B5
:1019800084F8433084F8443084F8453084F83D309E
:1019900010BD0120FCE700BF61CE000810B5044671
:1019A00068B390F83D3003F0FF0253B980F83C2053
:1019B000FFF746FF036D0BB9124B0365236D2046FD
:1019C00098470223206884F83D30211DFFF786FCEC
:1019D000012384F84630002084F83E3084F83F30FC
:1019E00084F8403084F8413084F8423084F8433041
:1019F00084F8443084F8453084F83D3010BD01202F
:101A0000FCE700BF35100008F8B50D460446002875
:101A100053D090F83D3003F0FF0253B980F83C20DA
:101A2000FFF70EFF036F0BB9254B0367236F2046AB
:101A300098472146022384F83D3051F8040B83680F
:101A400023F4804323F007038360FFF747FC81689A
:101A50002A688369AE69076A1143AA6823F4407350
:101A600023F0030342EA06221A432B69EE691B01A5
:101A700043EA0623EE6833432E6A22F47C4222F0C6
:101A8000FC0243EA063313436E696A68816027F0FB
:101A9000AA0742EA0612836117430123076284F80A
:101AA0004630002084F83E3084F83F3084F84230DD
:101AB00084F8433084F83D30F8BD0120FCE700BFD6
:101AC000DDCF000830B590F83C30012B02464FF0D6
:101AD000020032D0136882F83D005C680D68986897
:101AE00024F070042C435C60144CA3421AD0B3F170
:101AF000804F17D0A4F57C44A34213D004F5806432
:101B0000A3420FD004F58064A3420BD004F57844BF
:101B1000A34207D004F57054A34203D0A4F5943433
:101B2000A34204D1496820F0800001439960012359
:101B3000002082F83D3082F83C0030BD00000140BA
:101B400090F83C30012B02461ED0CB68886823F405
:101B500040730343486823F480630343086823F415
:101B600000630343086923F4805303434869C96948
:101B700023F40053034323F480430B4311680020F4
:101B80004B6482F83C0070470220704770477047F2
:101B90007047F7B5044610B390F89534056803F024
:101BA000FF021BB980F894240AF074F90323B5F1FD
:101BB000A04F84F8953404BF0023A371206800F07F
:101BC00015FE237C8DF80030251D95E80E00206859
:101BD00000F051FD014630B1022384F8953401250F
:101BE000284603B0F0BD206800F006FE0028F3D1BF
:101BF000267904F1140301270246C1B28E4203F193
:101C000024031BD8002104F515730A46C8B2864286
:101C100003F1240320D8237C8DF8003095E80E00D2
:101C2000206800F065FE05460028D5D101236074C8
:101C3000206884F8953401F09FF9D1E723F80A0C65
:101C400043E9072203F8237C03F8241C03F8202C23
:101C500043F8142C0130D0E743E9072203F8232C82
:101C600003F8240C03F8202C43F8142C0131CDE7A1
:101C700010B50446006894F89434012B15D0012364
:101C800084F89434C3685B0606D5637B012B02BFDE
:101C9000836B43F48033836300F0A2FD206801F07E
:101CA0005DF9002084F8940410BD0220FCE710B513
:101CB00090F89424012A04460AD0012280F8942442
:101CC0004174006801F03AF9002084F8940410BDD2
:101CD0000220FCE770B501F00F0606EBC60411F018
:101CE000800F05464FEA84044FF0240020D000FB0B
:101CF000065004F11401012429444475C2F30A0278
:101D00008A604A780E700B7102B14E83022B04BFB9
:101D100000234B7195F89434012B12D001232868CD
:101D200085F8943400F0A9FE002085F8940470BD75
:101D300000FB065004F515710024294480F8554233
:101D4000DCE70220F3E710B5044601F00F0000EBDA
:101D5000C00311F0800F4FEA83034FF0240215D027
:101D600002FB004203F11401012321445375087062
:101D700094F89434012B12D00123206884F8943411
:101D800000F0BAFE002084F8940410BD02FB00426B
:101D900003F515710023214482F85532E7E702204C
:101DA000F3E770B501F00F05242404FB050104FBE3
:101DB0000504C4E998230023C4F8683284F8553236
:101DC00084F85452164682790068012A01F515718B
:101DD00008BFC4F8706200F03BFF002070BD01F046
:101DE0000F01242303FB0100D0F86802704770B58F
:101DF00001F00F05242404FB050104FB0504C4E9DC
:101E000008230023A3620123637525751646827992
:101E100000689A4201F1140108BF266300F018FF20
:101E2000002070BD38B5037901F00F05AB420446C0
:101E30002BD311F0800F4FF024001DD000FB054183
:101E400000FB054001231431437501238B700D7095
:101E500094F894249A421AD0206884F8943401F0BB
:101E600019F82DB9A179206804F29C4201F0D2F84A
:101E7000002084F8940438BD00FB01431A4603F5A2
:101E80001571002382F85532DFE70120F3E70220C5
:101E9000F1E738B5037901F00F029342044629D3E4
:101EA00002EBC20311F0800F4FEA83034FF02400CE
:101EB00017D000FB024003F11401012321444375B4
:101EC00000258D700A7094F89434012B14D00123EE
:101ED000206884F8943401F008F884F89454284673
:101EE00038BD00FB024003F515710023214480F842
:101EF0005532E5E70120F3E70220F1E701F00F0397
:101F000003EBC3030A064FEA83034CBF03F114013A
:101F100003F515710144006800F044BE2DE9F04F4F
:101F2000066889B00446304601F062F80390002844
:101F300040F05681206801F02DF8002800F0508113
:101F4000D6F808382068C3F30D23C4F8D43401F060
:101F500021F8870748BF2268206842BF536903F011
:101F60000203536101F016F8C00606F500652DD591
:101F70002268936923F010039361D6F8208008F457
:101F8000F013B3F5802F08F00F0740F02C8147F6CF
:101F9000F07318EA030F14D0242303FB0747C8F398
:101FA0000A19D7F860124A46304600F053FFD7F8B6
:101FB00060324B44C7F86032D7F868324B44C7F8F8
:101FC00068322268936943F010039361206800F03F
:101FD000E1FF010300F11A81206800F0DBFF4203FA
:101FE0000DD5206800F0E2FF2746049006F5106B3F
:101FF0004FF0000A049B2068002B40F0D18120683C
:1020000000F0C8FF002813DA6B6823F001036B604F
:1020100094F8CC34012B40F06982002184F8CC1470
:10202000204600F0FFFA2268536903F00043536131
:10203000206800F0AFFF07050AD5AB68D80702D5C6
:10204000204609F097FF2268536903F40063536147
:10205000206800F09FFFC10433D56B68206823F02F
:1020600001036B60102100F0F7FB207906F5106387
:102070004FF67F31039A904200F23C82EB6943F0C5
:102080000113EB61E37B002B00F05082D5F8843024
:1020900043F00B03C5F884306B6C43F00B036B64A7
:1020A000D6F80038206823F4FE63C6F8003804F23E
:1020B0009C42A17900F0AEFF2268536903F480537B
:1020C0005361206800F066FF820416D5206800F096
:1020D00093FF206800F0C6FCE071276801F036FA33
:1020E000E2790146384600F00BFB204609F02FFF4D
:1020F0002268536903F400535361206800F04AFFDB
:10210000030707D5204609F01EFF2268536903F034
:1021100008035361206800F03DFF070600F11182BB
:10212000206800F037FFC0020CD5A04606F5126902
:1021300001272379BB4200F21D822268536903F410
:1021400080135361206800F025FF81022BD594F89D
:1021500004E0234606F532614FF0010CE6451DD937
:1021600093F87C720868012F40F01A82002880F2F0
:102170001782D4F8D42482EA1040C20700F11082FA
:1021800083F87B72B06940F08000B061706900062E
:1021900000F106826B6843F400736B602268536938
:1021A00003F400135361206800F0F4FE410007D5EA
:1021B000204609F003FF2268536903F0804353610E
:1021C000206800F0E7FE42070AD523685D686B07C8
:1021D00002D5204609F0F6FE226853682B4353606F
:1021E00009B0BDE8F08FB3F5402F7FF4EAAE0822C6
:1021F00004F29C41304600F02DFE242303FB0747E8
:10220000C8F30A18D7F868324344D8E6206800F0CB
:10221000C5FE06F530680490A2460027049B20689E
:10222000002B3FF4D9AE049BDB0778D55FFA87FB20
:10223000594600F0C3FE10F0010F81461FD0206800
:102240000123C8F8083094F806C0016C00F530632B
:1022500003EB4713BCF1010F9A6840F08B8012F03A
:10226000080F07D0AF48814209D9120407D54FF4AF
:10227000004203E012F0200F5AD020229A6019F099
:10228000080F21D00823C8F808302368A5491A6C24
:1022900003F5306303EB47138A42986804D90104BD
:1022A00044BF4FF4004098602046059209F034FE88
:1022B000059A9C498A4207D9A179012904D120684D
:1022C00004F29C4200F0A6FE19F0100F1CBF102370
:1022D000C8F8083019F0020F14D073691A0642BF0B
:1022E0006B6843F480636B609AF85732012B06D118
:1022F00000238AF857325946204609F057FE022338
:10230000C8F8083019F0200F1CBF2023C8F8083087
:1023100019F4005F1CBF4FF40053C8F80830049B49
:102320005B080137049308F120080AF1240A75E7D5
:10233000DFF8F0C1614501D9120498D41A69DAF8BE
:102340007432C2F312029B1ACAF868326FB9D4F819
:1023500064222AB904F29C42012100F05BFE04E0F1
:10236000D4F860221A44C4F860225946204609F085
:10237000D9FD84E7DFF8B0C1614507D111043FF50D
:1023800076AF9006F1D520229A60EEE7002FECD1CF
:10239000D4F86432002BE8D104F29C423946DCE7E1
:1023A000049BDB0740F199805FFA8AF31946059395
:1023B00000F00DFE10F0010F80461FD06B6B012165
:1023C0000AF00F0201FA02F223EA02036B63CBF870
:1023D0000810A17901290DD1D7E9072313443B62E5
:1023E000BAF1000F06D1636A23B9206804F29C4257
:1023F00000F010FE0599204609F09DFD18F0080F29
:102400001CBF0823CBF8083018F0100F1CBF102396
:10241000CBF8083018F0400F1CBF4023CBF8083031
:1024200018F0020F0FD05146304600F015FAFB7D30
:10243000012B05D100230599FB75204609F0BAFD53
:102440000223CBF808302368069318F0800F44D09D
:10245000D7E909329A4240D8A3EB0208FB699845B4
:1024600028BF9846069B03F5106308F1030803EBA9
:102470004A134FEA98080793079B996989B2414527
:10248000D7E9093227D393420BD8069B0AF00F00F5
:10249000D3F834280121814022EA0102C3F834280C
:1024A0001BE0A3EB0209FB69059A0698994528BF32
:1024B0009946A3790093396A1FFA89F300F0B4FBB7
:1024C0003B6A4B443B62BB6A09F103084B444FEA49
:1024D0009808BB62D0E79342D7D9049B5B080AF106
:1024E000010A049324370BF1200B83E5204609F001
:1024F00059FD98E599601A6822F400121A60C3F831
:102500000812D3F8002222F40012C3F80022D3F8F4
:10251000002242F00062C3F80022039A01320392C3
:102520002033A7E50A30544F0A31544F6B6943F406
:10253000005343F02B036B612B6943F00B032B61BA
:10254000AEE5B36923F08003B361012704F2572895
:102550004FF024092379BB427FF6E2AD09FB07F374
:1025600018F80330012B03D1F9B22046FFF7C6FC5F
:102570000137EFE798F83C30D9F80020012B09D15A
:10258000002A07DA67F07F0188F83B30C9B220469D
:10259000FFF7B4FC013708F1240809F12009C8E568
:1025A0000CF1010C24332031D8E500BF10B590F8B0
:1025B0009434012B044610D0012380F894340B0688
:1025C000006807D501F00F0100F046F9002084F8FB
:1025D000940410BD00F063F9F8E70220F9E7006801
:1025E00070B5436A120419B913438362002070BDA9
:1025F000846A4E1E03EB14430024B44205D33F31DA
:1026000000EB810013434360F0E704F1400500EB69
:10261000850501346D6803EB1543EEE70368002080
:1026200059627047704782B0002302460193019BB4
:1026300001330193019BB3F1706F1AD81369002B1A
:10264000F5DA0A230193019B83B9136943F001036F
:102650001361019B01330193019BB3F1706F08D8A3
:10266000106910F00100F4D102B07047019B013BEA
:10267000E8E70320F8E784B038B505AD85E80E003B
:102680009DF81930012B044627D1836B23F4803346
:102690008363C36823F4840323F04003C360C368E7
:1026A00023F44013C3609DF82030012B02BFC368A0
:1026B00043F48013C360FFF7B6FF9DF81630012B7B
:1026C00007D1A36843F00603A360A36843F0200387
:1026D000A360BDE8384004B07047C36843F04003CE
:1026E000C360FFF7A0FF9DF81D3023B9A36B43F42F
:1026F0008033A363E1E7A36B23F48033F9E70000A1
:10270000022A4AD1274B284A0B44934239D9274BF6
:10271000274A0B44934236D9264AA1F57403A3F500
:102720001053934231D9244AA1F18373A3F5E743AF
:1027300093422CD3214B224A0B44934229D9214B5B
:10274000214A0B44934226D3204B214A0B44934207
:1027500023D3204AA1F1B773A3F5585393421ED354
:102760001D4B1E4A0B4493422CBF06230723C2680D
:1027700022F47052C260C26842EA8323C360002020
:1027800070470F23F3E70E23F1E70D23EFE70C2348
:10279000EDE70B23EBE70A23E9E70923E7E7082343
:1027A000E5E700BF405327FFFF340C00401E1BFF2E
:1027B0003F420F007F4F120020D6130060B6E5FEA7
:1027C0005FE3160000D3CEFE40771B00C05BB3FE74
:1027D000C091210020753800E05459FEE09C410072
:1027E000836843F00103836000207047836823F00F
:1027F000010383600020704738B5C368012923F0C6
:10280000C04305460C46C36014D1C36843F000536F
:10281000C36000240A2001F0F3F96B69D90704F1C1
:102820000A0402D4C82CF5D1C824A4F1C803584224
:10283000584138BD71B9C36843F08043C3600A2072
:1028400001F0DEF96B69DA0704F10A04EDD5C82C52
:10285000F5D1E9E70120ECE782B0002302460193BD
:10286000019B01330193019BB3F1706F15D813697C
:10287000002BF5DA8901002341F020010193116159
:10288000019B01330193019BB3F1706F05D810696F
:1028900010F02000F4D102B070470320FBE782B0B3
:1028A000002302460193019B01330193019BB3F185
:1028B000706F13D81369002BF5DA002301931023EE
:1028C0001361019B01330193019BB3F1706F05D834
:1028D000106910F01000F4D102B070470320FBE73C
:1028E000D0F800381943C0F80018002070470000E5
:1028F00084B02DE9F843044609A880E80E000023BF
:102900009DF824609DF82E50194603F1400204EB17
:10291000820201330F2B5160F7D104F50067002DBF
:102920006CD17B6843F002037B60A36B43F400131C
:10293000A363A36B23F40023A363A36B23F480237B
:10294000A3630023C4F8003E9DF82930012B5FD11A
:102950009DF82710002959D12046FFF7C1FF10210B
:102960002046FFF779FF01462046FFF798FF08430E
:10297000C0B2002300383B6118BF01207B6104F521
:102980001062FB6119464FF0904C4FF0006E4FF60D
:102990007F389E423ED8002204F5306311464FF046
:1029A000904C4FF0006E4FF67F38964245D83B6909
:1029B00023F480733B610023A3616FF08043636164
:1029C0009DF826301BB9A36943F01003A361A269E7
:1029D000234B1343A3619DF82A301BB1A36943F035
:1029E0000803A361012D01BFA36943F0804343F0B5
:1029F0000403A361BDE8F84304B07047A36B23F45C
:102A00000013A363A36B43F4002399E71946A3E7DC
:102A10000321A1E7D2F80090B9F1000F0BDA3BB91E
:102A2000C2F800E011610133C2F808802032B0E73B
:102A3000C2F800C0F6E71160F4E7D3F80090B9F1EE
:102A4000000F0BDA3AB9C3F800E019610132C3F89C
:102A500008802033A9E7C3F800C0F6E71960F4E75F
:102A600000383C80D0F8083813F0060004D013F08A
:102A7000020F14BF02200F20704730B50C780122DE
:102A800004F00F05AA404D78012D00F5006300EB1E
:102A9000441019D1DD692A43DA61D0F800391A04EB
:102AA00010D48A68D0F80059C2F30A030A792B437C
:102AB00043EA824343EA845343F0805343F40043A0
:102AC000C0F80039002030BDDC6944EA0242DA6116
:102AD000D0F8003B1B04F5D48B68D0F8002BC3F36F
:102AE0000A0313430A7943EA824343F0805343F4D1
:102AF0000043C0F8003BE5E710B50A7849780129A2
:102B000000EB421300F5006002F00F0222D1D3F86F
:102B1000001900290BDAD3F8001941F00061C3F85D
:102B20000019D3F8001941F08041C3F80019C46BB3
:102B3000012101FA02F224EA0204C463C16921EA14
:102B40000202C261D3F80019144A0A40C3F80029EE
:102B5000002010BDD3F8001B00290BDAD3F8001BAE
:102B600041F00061C3F8001BD3F8001B41F0804125
:102B7000C3F8001BC46B4FF4803101FA02F224EA5F
:102B80000204C463C16921EA0202C261D3F8001BD6
:102B9000034A0A40C3F8002BDAE700BF007833ECA1
:102BA0000078F3EF82B000234A7801930B78012A72
:102BB0004FEA43131ED100F51060C118C258002A15
:102BC00002DB002002B07047C25842F00062C250DF
:102BD000C25842F08042C25042F21072019B01334F
:102BE0000193019B934201D90120EBE70B68002B75
:102BF000F4DBE6E700F53060C118C258002AE0DADD
:102C0000C25842F00062C250C25842F08042C250E4
:102C100042F21072019B01330193019B9342E3D86E
:102C20000B68002BF6DBCCE710B59DF8084044B9E3
:102C3000033301329B0800EB023001EB830399421E
:102C400001D1002010BD51F8042B0260F7E700000D
:102C50002DE9F3414B780C690F79DFF8F0E1DFF8EB
:102C6000F08116460A78012B00EB421540F0978060
:102C700005F5106CDCF8103074BB03EA0E03CCF8D9
:102C80001030DCF8103043F40023CCF81030DCF8BE
:102C9000103003EA0803012ECCF8103057D1CB696D
:102CA0000BB1CCF81430012F0CD1D0F8083813F444
:102CB000807FD5F800390CBF43F0005343F08053B8
:102CC000C5F80039D5F8003943F00443C5F8003998
:102CD000002002B0BDE8F08103EA0803CCF8103010
:102CE000DCF8103003EA0E03CCF810308B687AB9A8
:102CF000A34238BF0B61DCF8103043F40023CCF85A
:102D000010300B69DCF81040C3F312032343C2E711
:102D10001C44013CB4FBF3F44B4BDCF810E01FFA0D
:102D200084F803EAC44444EA0E04012FCCF81040AE
:102D3000E7D1DCF8103023F0C043CCF81030DCF8D9
:102D400010404FEA487303F0C0432343D7E7D5F858
:102D50000039012F43F00443C5F800390B690BD04B
:102D6000002BB5D0D0F8341802F00F0201239340A5
:102D70000B43C0F83438ABE7D0F8084814F4807F30
:102D8000D5F800490CBF44F0005444F08054C5F815
:102D900000490096C9689BB2FFF746FF98E7D5F84F
:102DA000103B03EA0803C5F8103BD5F8103B03EAD3
:102DB0000E0305F5306CCCF810308B685ABB04B1AB
:102DC0000B610B62DCF81020C3F312031343CCF841
:102DD0001030DCF8103043F40023012ECCF8103012
:102DE00003D1CB680BB1CCF81430012F0CD1D0F843
:102DF000083813F4807FD5F8003B0CBF43F0005334
:102E000043F08053C5F8003BD5F8003B43F0044342
:102E1000C5F8003B5CE7002CD4D01C440A4ADCF81F
:102E200010E0013CB4FBF3F4A4B202EAC4426343F1
:102E300042EA0E020B62CCF81020DCF81020C3F33B
:102E400012031343C9E700BF0000F81FFFFF07E0AC
:102E50000000F8FF034670B50020940803F5805584
:102E600002F00302A04210D301EB840062B103F52B
:102E700080531C680023D90024FA01F1C1540133A6
:102E800099B28A42F7D1104470BD2E6841F8206093
:102E90000130E7E74A780B78012A00EB431012D1A2
:102EA000D0F80029002A06DB2BB1D0F8003923F036
:102EB0008043C0F80039D0F8003943F40013C0F85B
:102EC000003900207047D0F8002B002A06DB2BB118
:102ED000D0F8003B23F08043C0F8003BD0F8003B23
:102EE00043F40013C0F8003BEBE70B784A7800EBA3
:102EF00043100B79012AA3F10203DBB20FD1D0F802
:102F00000029012B22F40012C0F8002905D8D0F8BE
:102F1000003943F08053C0F8003900207047D0F8E2
:102F2000002B22F40012012BC0F8002B9EBFD0F81A
:102F3000003B43F08053C0F8003BEEE7D0F8003888
:102F400023F4FE63C0F80038D0F80038090101F41A
:102F5000FE611943C0F8001800207047D0F8003E09
:102F600023F00303C0F8003ED0F8043823F0020336
:102F7000C0F8043800207047D0F8003E23F0030367
:102F8000C0F8003ED0F8043843F00203C0F804381B
:102F9000002070474269806910407047D0F81838A7
:102FA00000F50060C0691840000C7047D0F8183870
:102FB00000F50060C069184080B2704700EB411115
:102FC00000F50060D1F8082B406910407047D0F838
:102FD0001028D0F8343800EB411001F00F01CB403D
:102FE00000F51060DB018068DBB2134318407047C6
:102FF000406900F001007047D0F800396FF30A0310
:10300000C0F80039D0F8043843F48073C0F80438AD
:103010000020704730B5056C104CA54200F53063B8
:1030200003D9D0F8004B002C16DB00241C611C696E
:1030300044F400241C611C6944F018041C611C69E0
:10304000012944F0C0441C6101BF5A61D0F8003B23
:1030500043F08023C0F8003B002030BD0A30544FBD
:103060002DE9F341044640B30368DE0710D423681A
:103070009D075BD42368190700F19D8023685A07D8
:1030800000F1BD80A369002B40F0248100202CE0DA
:103090008D4B9A6802F00C02042A07D09A6802F05D
:1030A0000C02082A0BD15B68590208D5864B1B68B5
:1030B0009A03DCD56368002BD9D1012015E0636841
:1030C000814DB3F5803F13D12B6843F480332B60DF
:1030D00000F090FD7C4E054633689B03C7D400F09A
:1030E00089FD401B6428F7D9032002B0BDE8F081B8
:1030F000B3F5A02F04D12B6843F480232B60E3E7C2
:103100002A6822F480322A602A6822F480222A6007
:10311000002BDDD100F06EFD06462B689F03A6D57F
:1031200000F068FD801B6428F7D9DDE7664B9A68DC
:1031300012F00C0F07D09A6802F00C02082A11D185
:103140005B685D020ED4604A1368990702D5E36894
:10315000012BB2D11368216923F0F80343EAC103BC
:10316000136087E7E268594BB2B101221A6000F0A0
:1031700041FD554D06462B689B0707D52B682269F4
:1031800023F0F80343EAC2032B6073E700F032FD3B
:10319000801B0228EFD9A7E71A6000F02BFD4A4EEA
:1031A000054633689F077FF565AF00F023FD401BA0
:1031B0000228F6D998E76269444B82B10122C3F82C
:1031C000802E00F017FD404E0546736F9B073FF5BC
:1031D00055AF00F00FFD401B0228F6D984E7C3F875
:1031E000802E00F007FD384E0546736F9F077FF570
:1031F00045AF00F0FFFC401B0228F6D974E7324BC4
:103200001A6C12F0805228D101921A6C42F080524E
:103210001A641B6C03F080530193019B01272C4D12
:103220002B68D8051BD5A368274D012B27D12B6F01
:1032300043F001032B6700F0DDFC234E054641F20D
:103240008838336F9A0739D5002F3FF41BAF1E4AD9
:10325000136C23F08053136414E70027DFE72B6817
:1032600043F480732B6000F0C5FC06462B68D9053B
:10327000D9D400F0BFFC801B0228F7D934E7052B16
:1032800004D12B6F43F004032B67D0E72A6F22F0A1
:1032900001022A672A6F22F004022A67002BCAD192
:1032A00000F0A8FC41F2883806462B6F9B07CBD56F
:1032B00000F0A0FC801B4045F7D915E700F09AFC10
:1032C000401B4045BDD90FE700380240000047428F
:1032D00000700040374DAA6802F00C02082A3ED068
:1032E000022B354B4FF000021A662BD100F082FC06
:1032F00006462B6899011FD4D4E907321343626A4A
:1033000043EA8213E26A43EA0263A26A5208013A7C
:1033100043EA02436B60284B264D01221A6600F0F7
:1033200069FC04462B689A013FF5B0AE00F062FCE0
:10333000001B0228F6D9D7E600F05CFC801B0228AF
:10334000D7D9D1E600F056FC04462B689B017FF5E7
:103350009DAE00F04FFC001B0228F6D9C4E6012BFD
:103360003FF4ABAE6B68E26903F4800191427FF4F5
:10337000A4AE216A03F03F028A427FF49EAE616AE6
:1033800047F6C0721A40B2EB811F7FF496AEA26A74
:10339000520803F44031013AB1EB024F7FF48DAE95
:1033A000E26A03F07063B3EB026F14BF01200020E8
:1033B0009BE600BF0038024000004742134908B5B1
:1033C0008B6803F00C03042B1CD0082B1CD14A681B
:1033D0004B68496813F4800314BF0D480D48C1F3CE
:1033E000881118BF002302F03F02A1FB0001FDF786
:1033F000A3FB064B5B68C3F3014301335B00B0FBE7
:10340000F3F008BD0248FCE70248FAE70038024042
:1034100000127A000024F4002DE9F0410D46044624
:1034200010B90120BDE8F081434B1A6802F0070291
:103430008A4228D321688F072DD4C80740D43E4B39
:103440001A6802F00702AA4265D8226851076BD4B5
:10345000130707D5394A2169936823F4604343EA87
:10346000C1039360FFF7AAFF344B354A9B68C3F34F
:103470000313D35CD840334B1860334B186809F002
:1034800077FF0020CEE7CAB21A701B6803F007036B
:103490008B42C6D1CEE7294B11F0040F1EBF9A68AC
:1034A00042F4E0529A600E0742BF9A6842F46042CA
:1034B0009A609A68A06822F0F00202439A60BCE722
:1034C00062681E4B012A1CD11B6813F4003FA8D070
:1034D0001A4EB36823F003031343B36000F08AFB72
:1034E00041F288380746B368626803F00C03B3EB17
:1034F000820FA4D000F07EFBC01B4045F3D903200F
:1035000090E7911E01291B6802D813F0007FDEE7C7
:1035100013F0020FDBE7EAB21A701B6803F007032F
:10352000AB427FF47EAF90E70449E0688B6823F4F8
:10353000E05303438B608BE7003C024000380240BD
:1035400090FF00080000002008000020014B1868D0
:10355000704700BF00000020044B054A9B68C3F37E
:103560008223D35C034A1068D84070470038024079
:1035700088FF000800000020044B054A9B68C3F345
:103580004233D35C034A1068D84070470038024089
:1035900088FF0008000000200F2303600B4B9A688F
:1035A00002F0030242609A6802F0F00282609A68B8
:1035B00002F4E052C2609B68DB0803F4E05303614D
:1035C000034B1B6803F007030B6070470038024091
:1035D000003C02402DE9F74FDFF8A491664A002332
:1035E0000D6801249C4004EA0506AC4340F0AF801E
:1035F0004D68032705F003044FEA430807FA08FC67
:10360000671E012F6FEA0C0C34D8876807EA0C0E8E
:10361000CF6807FA08F747EA0E078760476827EA86
:10362000060EC5F300179F4047EA0E074760C768BC
:1036300007EA0C0E8F6807FA08F747EA0E07022C14
:10364000C76019D14FEAD30A00EB8A0A03F0070BCF
:10365000DAF820704FEA8B0B4FF00F0E0EFA0BFECC
:1036600027EA0E0E0F6907FA0BF747EA0E07CAF8AA
:10367000207001E0032CDAD1076804FA08F407EAA5
:103680000C073C4315F4403F046060D000240194D3
:10369000D9F8444044F48044C9F84440D9F844403F
:1036A00023F0030707F1804704F4804407F59C37B3
:1036B000019403F0030C019CD7F808E04FEA8C0C4E
:1036C0000F2404FA0CF42EEA040E2C4CA04245D030
:1036D00004F58064A04243D004F58064A04241D048
:1036E00004F58064A0423FD004F58064A0423DD040
:1036F00004F58064A0423BD004F58064A04239D038
:1037000004F58064A04214BF0824072404FA0CF4D2
:1037100044EA0E04BC609468F74315F4801F0CBFA4
:103720003C4034439460D46815F4001F0CBF3C4007
:103730003443D460546815F4003F0CBF3C4034431C
:1037400054601468ED0354BF3C40344314600133AB
:10375000102B7FF445AF03B0BDE8F08F0024D5E710
:103760000124D3E70224D1E70324CFE70424CDE7E3
:103770000524CBE70624C9E7003C014000000240D5
:10378000003802400AB1816170470904FBE74369D0
:1037900001EA030221EA030141EA02418161704723
:1037A000036810B5084C0246D9B210391820B1FB95
:1037B000F0F0205CD06523F47F7020F003005F29D7
:1037C00088BF0430906510BDA0FF000870B50446A6
:1037D00000F010FA0546002C60D0022384F8353042
:1037E0002268002384F83430136823F00103136047
:1037F00022681368D8072ED413683248A16918408C
:10380000D4E901352B43E5682B4325692B436569D2
:103810002B43E5690B432B43256A2B430343606A23
:10382000042802BFD4E90B5635432B431360536978
:10383000042823F0070343EA000335D1A06AE56AB0
:1038400003438DB391B9012820D030F002012BD170
:10385000E90129D51DE000F0CDF9401B0528C7D9A5
:1038600020230320636584F8350070BDB1F5005F47
:1038700016D1032818D801A151F820F09338000878
:1038800051380008933800088D380008B5F1C07F22
:103890000AD140236365012384F835300120E4E731
:1038A0000228F6D90328D3D053612046FFF778FFCA
:1038B000E26D3F239340836000200123606584F81C
:1038C0003530D2E73F8010F070B590F83440866D07
:1038D000012C30D0012480F8344090F83540012C80
:1038E0004FF0000425D1022580F835504465046866
:1038F000256825F48025256063608368402B0EBF12
:10390000A260A160E260C26D08BFE1603F23934006
:10391000B360236843F016032360036C1BB1236874
:1039200043F008032360236843F001032360002071
:1039300070BD80F834400220FAE70000F7B500239C
:1039400001935C4B856D1F68C36D2E6808229A40F9
:10395000324204460CD001680868400708D5086860
:1039600020F004000860AA60626D42F00102626506
:1039700001229A40324208D021684969090641BFB4
:10398000AA60626D42F00202626504229A403242ED
:1039900008D021680968880741BFAA60626D42F0BB
:1039A0000402626510229A40324210D023681968DE
:1039B00009070CD5AA601A68500337D51B6819038C
:1039C00001D4236C00E0A36C0BB120469847E16D55
:1039D00020228A4032423AD023681868C60636D57B
:1039E000AA6094F83520052A1A6827D122F0160219
:1039F0001A605A6922F080025A61226C0AB9A26CDC
:103A00001AB11A6822F008021A603F238B40AB609B
:103A1000012384F83530002384F83430236D002BE3
:103A200045D0204603B0BDE8F04018471A68D205DB
:103A30005EBF1A6822F008021A60C2E7500327D559
:103A40001B68190331D4636C0BB120469847636D32
:103A50006BB3636DDA0719D522684FF41653B7FBC1
:103A6000F3F7052384F83530136823F0010313605E
:103A7000019B0133BB42019302D81368DB07F7D4E3
:103A8000012384F83530002384F83430E36CC6E732
:103A90001A6812F4807208D1196821F010011960B7
:103AA000012384F8353084F83420E36BCCE703B08D
:103AB000F0BD00BF0000002010B5034690F83400B0
:103AC00001281DD093F83540012CE0B216D105290C
:103AD00006D8DFE801F003090B0D0F11DA630020AF
:103AE000002283F8342010BD1A64F8E75A64F6E720
:103AF0009A64F4E7DA64F2E71A65F0E70120EFE789
:103B00000220F0E70749CA6822F4E06203021204C7
:103B100003F4E063120C134343F0BF6343F4003338
:103B2000CB60704700ED00E0164B30B5DC68C4F3A5
:103B30000224C4F10703251D042B28BF0423062DEE
:103B40004FF0FF358CBF033C002405FA03F321EA54
:103B50000303A54022EA0502A340002843EA02032A
:103B6000ACBF00F16040084A4FEA0313B8BF00F051
:103B70000F00DBB2AABF00F56140135480F8003398
:103B800030BD00BF00ED00E014ED00E0002807DBD1
:103B9000044A4109012300F01F00834042F821300C
:103BA000704700BF00E100E008B50B4B1A6842F413
:103BB00000721A601A6842F480621A601A6842F44D
:103BC00080721A600320FFF79DFF0F2009F0D0FBE1
:103BD00009F0ACFB002008BD003C0240034A044B46
:103BE00011681B780B441360704700BFF00200207F
:103BF00004000020014B1868704700BFF00200204D
:103C000038B50446FFF7F6FF631C1CBF054B1B7855
:103C1000054618BFE418FFF7EDFF431BA342FAD394
:103C200038BD00BF040000207047704770477047E0
:103C300010B50446002800F0AB80036CA3B9554BC7
:103C40008364554BC364554B0365554B4365554BD6
:103C50008365C36D0BB9544BC365E36D204698472C
:103C60000023636484F83C30236CDB0600F18E8013
:103C7000236C23F4885323F0020343F002032364EC
:103C80004A4B5A6822F440325A605A6861680A43C3
:103C90005A60236821695A6822F480725A605A680F
:103CA00042EA01225A605A68A16822F040725A60C2
:103CB0005A680A435A609A68E16822F400629A607E
:103CC0009A680A439A603A49A26A8A4252D099682D
:103CD00021F07061996099680A439A609A68E16A74
:103CE00022F040529A609A680A439A609A6822F0D9
:103CF00002029A609A68217E42EA41029A6094F830
:103D00002020002A3ED05A68616A42F400625A605C
:103D10005A6822F460425A605A68013942EA4132D4
:103D20005A60DA6AE16922F47002DA62DA6A013909
:103D300042EA0152DA629A6822F400729A609A6842
:103D400094F8301042EA41229A609A68616922F43C
:103D500080629A609A68002042EA81229A606064D8
:103D6000236C23F0030343F001032364002384F84E
:103D70003C3010BD9A6822F070629A609A6822F016
:103D80004052B2E75A6822F40062C9E70120EDE729
:103D90000120EEE72B3C00082D3C00082F3C0008DA
:103DA000293C0008D53E00087DC6000800230140DC
:103DB0000100000FF7B50023019390F83C30012B70
:103DC00005467CD0012380F83C3008682B688E685B
:103DD000092884B230D904EB4402DF681E3A4FF060
:103DE000070C0CFA02FC27EA0C07DF60DF6806FA12
:103DF00002F23A43DA604968062901EB81022AD8C7
:103E0000596B053A1F26964021EA06015963596B02
:103E100004FA02F20A435A632A4A934207D112284B
:103E200034D1D2F8043343F48003C2F804330020C1
:103E300085F83C0003B0F0BD1A6900EB400C072781
:103E400007FA0CF722EA07021A611A6906FA0CF659
:103E500016431E61CFE70C294FF01F010BD81E6BD4
:103E6000233A914026EA01011963196B04FA02F220
:103E70000A431A63D0E7DE6A413A914026EA01011B
:103E8000D962D96A94400C43DC62C5E7A0F1100303
:103E9000012BCCD80C4A5368102843F4000353601C
:103EA000C5D10A4B0A4A1B68B3FBF2F30A225343FB
:103EB0000193019B002BBAD0019B013BF8E7022044
:103EC000B8E700BF002001400023014000000020AF
:103ED00040420F00704710B5044668B1037903F003
:103EE000FF0213B9427108F041FC02232371002044
:103EF00001232061237110BD0120FCE77047036896
:103F000070B51E685D6BB204044610D5A9040ED5C9
:103F100004220271026942F0010202614FF4005270
:103F20005A631A6822F480521A60FFF7E7FFB20062
:103F300014D5AB0012D504232371236943F0020387
:103F4000236123684FF000525A631A6822F08052AE
:103F500020461A60BDE8704000F029B870BD30B549
:103F600003460C4608B301B3417901294FF0020022
:103F70001AD01871186802F01002056840F6FE7138
:103F8000914025EA0105D4E90014214391402943D9
:103F900001600168C02404FA02F221EA0202026010
:103FA000012200201A71587130BD0120FCE77047D2
:103FB0000A6850F8223023F0010370B58C6840F88D
:103FC00022304B68CE6850F82250234333430E69A9
:103FD00033434E693343CE6933430E6A33434E6AEB
:103FE00033438E6A3343CE6A33430E6B33438E6959
:103FF000C96B33430B43064929400B43A4F1080125
:104000004C424C4143EA841340F82230002070BDFA
:104010008000F0FF0B6810B58C6923434C6843EABD
:1040200004138C6843EA0423CC6843EA04430C6914
:104030004969013C013243EA0453023943EA01630E
:1040400040F82230002010BDB3F5804F30B514D1B8
:104050008D690B6850F822402B434D6843EA0513E5
:104060008D68C96843EA052343EA014304492140B6
:104070000B4340F82230002030BD6FF07043F8E76A
:104080000000F0CF70B50E461546044628B390F8F0
:10409000493003F0FF021BB980F8482008F054FCB7
:1040A00004F108012068FFF783FFA2682068314609
:1040B000FFF7B0FF236BA26860682946FFF7C4FFD3
:1040C0002268A16852F8213043F0010342F8213000
:1040D000012384F84930002070BD0120FCE701680D
:1040E0004B6913F480634FF0000210D06FF48063CB
:1040F0004B612023026380F83D3080F83E20036C42
:1041000080F83C2043F00403036401207047184604
:1041100070472DE9F84606460F4691461D464FEA80
:10412000114A3368BAF1010F0CBF5C699C6927EA38
:104130000404A4B2B4FA84F46409A14501D00020B7
:1041400025E06A1CEED0FFF755FD089BC01AA84277
:1041500001D8002DE5D13368BAF1010F0CBF5B69BE
:104160009B6927EA03039BB2B3FA83F35B09994582
:10417000D7D100232022336386F83D2086F83E30D5
:10418000326C86F83C3042F0200232640120BDE8F7
:10419000F8862DE9F04104460F46164698462568F4
:1041A000686927EA000080B2C0B16B695A0517D56B
:1041B0002B6843F400732B606FF480636B612022E3
:1041C0000023236384F83D2084F83E30236C43F0C1
:1041D00004032364002384F83C300120BDE8F0810F
:1041E000731CDDD0FFF706FDA0EB0800B04201D83C
:1041F000002ED4D123685A6927EA020292B2002A1B
:10420000CDD000232022236384F83D2084F83E3063
:10421000236C1343DDE770B504460D46164623684C
:104220005B691B0601D500201EE02046FFF757FF03
:10423000C8B96A1CF3D0FFF7DDFC801BA84201D887
:10424000002DECD123685B6913F08003E7D12022B5
:10425000236384F83D2084F83E30226C84F83C309F
:1042600042F020022264012070BD00002DE9F043DD
:104270001546026885B0DDE90C789946136843F469
:10428000807313600E463B46CDF8008000224FF04D
:1042900001110446FFF73DFF236838B11B68DB05B9
:1042A00002D54FF400732364032620E006F0FE06D7
:1042B0001E611A4943463A462046FFF76AFFA8B9ED
:1042C000236803905A6903929B69039342463946D7
:1042D0002046039BFFF79FFF064660B1236C042B2B
:1042E00001BF2268136843F400731360012630464F
:1042F00005B0BDE8F083B9F1010F236802D1EDB23A
:104300001D61F4E72A0A1A61394642462046FFF742
:1043100082FF0028E2D12368F1E700BF020001001C
:1043200070B504460D46164623685B695B0701D5E8
:1043300000201EE02046FFF7D2FEC8B96A1CF3D069
:10434000FFF758FC801BA84201D8002DECD1236850
:104350005B6913F00403E7D12022236384F83D2036
:1043600084F83E30226C84F83C3042F02002226413
:10437000012070BD70B5044608B9012070BD90F8E9
:104380003D3003F0FF021BB980F83C2008F04EFBE3
:10439000242384F83D3023681A6822F001021A6051
:1043A0001A6842F400421A601A6822F400421A6045
:1043B000FFF7D2F83F4B65689D4294BF3E4B3F4BA1
:1043C00098428CBF00230123002BD6D12268394E9E
:1043D00051683B4BB0FBF3F321F03F011943B54269
:1043E000516088BF4FF49676116A88BF734321F0FD
:1043F0003F0184BF4FF47A76B3FBF6F301330B43EE
:104400001362D169431E2B4821F44F41854221F0AC
:10441000FF0132D86D0040F6FC70B3FBF5F30133B9
:10442000034242D0C3F30B031943D161D4E90730EF
:104430001168034321F0C0010B4313609168D4E974
:10444000030321F40341034321F0FF010B43936075
:10445000D4E90530D168034321F0FF010B43D36059
:10446000136843F00103136000202023206484F8C4
:104470003D30206384F83E0080E7A06850B905EB2A
:104480004505B3FBF5F30133C3F30B037BB143F4F1
:104490000043C9E719206843B3FBF0F30133C3F3CA
:1044A0000B0323B143F44043BEE70423BCE70123DD
:1044B000BAE700BFA08601007F841E00FF083D0010
:1044C00040420F002DE9F743044699460C9E0F46E3
:1044D0009046FFF78FFB94F83D30202B054603D024
:1044E000022003B0BDE8F08300903C49192301226B
:1044F0002046FFF70EFE0028F2D194F83C30012B45
:10450000EED02068012384F83C300368D9075EBFF1
:10451000036843F001030360036823F4006303604E
:10452000212384F83D30402384F83E300023236467
:104530000A9B6362BDF82C306385638D2385284B0D
:10454000E3624246CDE900654B4639462046FFF717
:104550008DFE00282AD00120C3E7FFF75CFE40B1A2
:10456000236C042B01BF2268136843F400731360AB
:10457000F1E7636A27681A4612F8011B3961626223
:10458000628D218D013A92B262857A69481E80B2AD
:10459000520720850AD548B15A783A6102336362DE
:1045A000638D013B02399BB221856385238D2A46A9
:1045B00031462046002BD0D1FFF7B2FE0028CFD1E4
:1045C0002268136843F400731360202384F83D309D
:1045D00084F83C0084F83E0083E700BF020010002E
:1045E0000000FFFF2DE9F04F044685B01F468846C6
:1045F0009246FFF7FFFA94F83D30202B054603D092
:10460000022005B0BDE8F08F00904D49192301222A
:104610002046FFF77EFD0028F2D194F83C30012BB4
:10462000EED0012384F83C302368DFF814B11A6817
:10463000D0075EBF1A6842F001021A601A6822F4BD
:1046400000621A60242384F83D3000263D4B266426
:1046500008F0FE08E3622268136843F48073136075
:104660004FF001113B46009500222046FFF751FD17
:10467000236838B11B68D90544BF4FF40073236425
:104680000320BEE7C3F81080FFF7B4FA23685A6925
:104690005B690546C2F34002C3F380234FF0A009D3
:1046A00094F83D10A0291CD123684FF0200984F80C
:1046B0003D905A6992072BD51A68214942F400723D
:1046C0001A60002203925A6903929B690393039B29
:1046D0000095192301222046FFF71BFD98B1012008
:1046E0008FE71343E0D1FFF785FA401BB84200D8AB
:1046F0000FB984F83D9023685A695B69C2F34002A0
:10470000C3F38023CCE784F83D9084F83C0078E73D
:104710001A6842F400721A606FF480625A61594656
:104720000095192301222046FFF7F3FC0028D6D17B
:10473000013656458FD384F83D9084F83C00CEE78F
:10474000020010000000FFFF2DE9F3471F468946D5
:1047500090460446FFF74EFA0A9D3D442D1AFFF796
:1047600049FA264B1E68C6F3CB366E438246019645
:104770002268936839EA03030CBF012300234345F1
:1047800001D100202EE07B1CF3D0FFF733FAA0EB21
:104790000A00A84229D323685A6822F0E0025A602E
:1047A0006268B2F5827F0AD1A268B2F5004F02D0EA
:1047B000B2F5806F03D11A6822F040021A60A26A33
:1047C000B2F5005F07D11A6822F400521A601A6825
:1047D00042F400521A60012384F85130002384F817
:1047E0005030032002B0BDE8F087019B1BB1019B54
:1047F000013B0193BCE71D46BAE700BF0000002063
:10480000F0B585B00B4600920E46174602210122F4
:104810000446FFF799FF054628B1636D43F0200376
:104820006365032515E0124B1868124BB0FBF3F0DB
:104830004FF47A73584363680390B3F5827F0BD1CA
:10484000009733462A4680212046FFF77DFF002847
:10485000E3D1284605B0F0BD039B002BF9D0039BA4
:10486000013B039323689B681B06F5D4F1E700BF67
:104870000000002000366E0137B50B464168B1F5E7
:10488000827F044608D0009201210022FFF75CFFDE
:10489000D0B9002003B030BD8168B1F5004F02D01F
:1048A000B1F5806F07D125682868B1F5806F20F0D9
:1048B0004000286004D00092802100222046E5E7D5
:1048C000009201210022F9E7636D43F02003636544
:1048D0000320DFE710B50446002855D0436A002BBB
:1048E0004ED14268B2F5827F00D0C3610023A3623B
:1048F00094F8513003F0FF0223B984F85020204689
:1049000008F032F92168A068A269022384F85130C6
:104910000B6823F040030B60636800F4044003F469
:1049200082730343E06800F400600343206900F0F1
:1049300002000343606900F00100034302F40070C9
:104940000343E06900F038000343206A00F0800070
:104950000343A06A00F4005003430B60636A120C27
:1049600003F0100302F004021A434A60CB6923F4F7
:104970000063CB6100200123606584F8513010BDD5
:104980000023C0E90433B1E70120F8E72DE9F7433C
:1049900004461F460D469046FFF72CF994F8513017
:1049A000012B8146D8B240F09F80002D74D0B8F121
:1049B000000F71D094F85030012B00F09580032344
:1049C00084F8513000236365C4E91033A4F83680BD
:1049D000A363A387E387A368266884F85000B3F530
:1049E000004F2563A4F8348007D1336823F04003D7
:1049F0003360336843F4804333603368E2685B06B6
:104A00005EBF336843F040033360B2F5006F636804
:104A100045D113B1B8F1010F07D135F8023BF3606E
:104A20002563E38E013B9BB2E386E38E9BB2D3B951
:104A30004A4639462046FFF7E3FE002851D1A368D5
:104A400033B901932368DA6801929B680193019B53
:104A5000012384F85130606D0023C01A84F850306F
:104A600018BF012018E022689368980705D5236BCA
:104A700033F8021BD1602363D3E7FFF7BBF8A0EB49
:104A80000900B842D1D3791CCFD0012384F851302A
:104A9000002384F85030032003B0BDE8F08313B145
:104AA000B8F1010F08D12B783373236B01332363E3
:104AB000E38E013B9BB2E386E38E9BB2002BB7D023
:104AC00023689A68920703D5226B12781A73ECE771
:104AD000FFF790F8A0EB0900B842EDD37B1CEBD0B8
:104AE000D3E720236365AAE70220D5E72DE9F74342
:104AF00004460D4691461E46DDF82880FFF77AF8F9
:104B000094F851306268012B0746D9B20AD0B2F549
:104B1000827F40F0E580A368002B40F0E18004290B
:104B200040F0DE80002D4BD0B9F1000F48D0002EB0
:104B300046D094F85030012B00F0D280012384F845
:104B4000503094F85130C4F83890042B1CBF052322
:104B500084F8513000236365C4E910332368E68785
:104B6000E6861968A687490658BF1968256358BFA5
:104B700041F04001A68658BF1960E168B1F5006FA9
:104B800055D10AB1012E07D135F8022BDA60E38E38
:104B90002563013B9BB2E3860125E38E9BB28BB973
:104BA000E38F9BB273B93A4641462046FFF728FE91
:104BB000002800F0818020236365002384F85030B2
:104BC000012031E021688B689A070DD5E38E9BB2F6
:104BD00053B145B1236B33F8022BCA602363E38ED4
:104BE000013B9BB2E38600258A6812F001020CD0DB
:104BF000E38F9BB24BB1A36BC96823F8021BA3637D
:104C0000E38F013B9BB2E3871546FEF7F3FFC01B22
:104C10004045C2D3B8F1FF3FBFD0012384F85130E3
:104C2000002384F85030032003B0BDE8F0830AB1BC
:104C3000012E08D12A781A73236B01332363E38E84
:104C4000013B9BB2E38601252DE0226893689B0718
:104C50000ED5E38E9BB25BB14DB1236B1B78137302
:104C6000236B01332363E38E013B9BB2E386002574
:104C70002268916811F001010DD0E38F9BB253B10E
:104C8000A36BD2681A70A36B0133A363E38F013B5C
:104C90009BB2E3870D46FEF7ADFFC01B404502D334
:104CA000B8F1FF3FB9D1E38E9BB2002BCDD1E38F9A
:104CB0009BB2002BC9D176E7A36833B9019323686F
:104CC000DA6801929B680193019B012384F85130BB
:104CD000606D0023C01A84F8503018BF0120A3E78C
:104CE0000220A1E72DE9F7431E4690F85130012B31
:104CF000044689461746DDB204D00225284603B093
:104D0000BDE8F0830029F9D0002AF7D04368B3F555
:104D1000827F0BD183684BB9042380F8513013464E
:104D200000960A46FFF7E2FE0546E7E7FEF762FF58
:104D300094F85030012B8046DFD0A268C4F8389038
:104D40000123002584F85030B2F5004F4FF00403E2
:104D500084F85130C4E9105565652368E787A78753
:104D60002563A586E58607D11A6822F040021A60FD
:104D70001A6822F480421A601A6855065EBF1A68E3
:104D800042F040021A60E368F3B1E38F9BB2FBB1DB
:104D900023689A68D2073CD5DA68A36B23F8022B04
:104DA000A363E38F013B9BB2E387EEE723689A6836
:104DB000D0071ED5A26B1B7B1370A36B0133A363BB
:104DC000E38F013B9BB2E387E38F9BB2002BEDD1D6
:104DD000424631462046FFF74FFD18BB012384F8B9
:104DE0005130656D0023ED1A84F8503018BF01254D
:104DF00084E7FEF7FFFEA0EB0800B042E4D3711C8D
:104E0000E2D0012384F85130002384F85030032588
:104E100074E7FEF7EFFEA0EB0800B042B5D3731CB9
:104E2000B3D0EEE720236365D8E7000070B590F8B3
:104E30005130012B0446DDB250D1002936D0002A72
:104E400034D090F85030012B48D0032380F85130F3
:104E500000234365C0E91033C28683638387C38719
:104E600083688286B3F5004F026880F85050016372
:104E700007D1136823F040031360136843F48043A1
:104E80001360A06C164B0364164BC363164BC364CC
:104E9000E38E002606659BB20C32FEF715FD38B195
:104EA000636D84F8506043F010036365284670BD5D
:104EB00023681A68520658BF1A684FF000055CBF95
:104EC00042F040021A6084F850505A6842F02002C2
:104ED0005A605A6842F002025A60E7E70225E5E7A5
:104EE000ED500008335100081151000870B5044618
:104EF00090F8510066680128C5B207D0B6F5827FE8
:104F000071D1A06800286ED1042D6CD100293CD04D
:104F1000002A3AD0002B38D094F85000012862D0F3
:104F2000012084F8500094F85100A386042818BF8B
:104F300005204FF0000618BF84F851006665E3862F
:104F4000E387A38794F85130284D2163042B284B25
:104F5000E06C2849A26318BF1946274B18BF2B469F
:104F6000C4E91066C0E90F31244B2168C0E913364B
:104F7000E38F0C319BB2FEF7A7FC054638B1636D99
:104F800084F8506043F010036365012070BD22680F
:104F9000A06C5368216B43F001035360E38EC0E9BA
:104FA0000F55C0E913559BB20C32FEF78DFC30B1A2
:104FB000636D84F8505043F010036365E5E72368A0
:104FC0001A6852065EBF1A6842F040021A60002258
:104FD00084F850205A6842F020025A605A6842F021
:104FE00002025A60D2E70220D0E700BF0352000855
:104FF00005510008F95000089D51000811510008A2
:105000002DE9F041134690F85120012A04460E463E
:10501000D5B260D1002945D0002B43D087685FB955
:105020004268B2F5827F07D1042280F85120BDE8A2
:10503000F0410A46FFF75ABF94F85020012A4AD09F
:10504000012284F85020042284F85120B7F5004F43
:105050004FF000026265C4E91022E3872168A6636D
:10506000A387A286E28607D10B6823F040030B607A
:105070000B6823F480430B60E06C184B0364184BFF
:10508000C363184BC364E38F002707659BB23246A6
:105090000C31FEF719FC40B1636D84F8507043F099
:1050A000100363652846BDE8F08123681A6852063C
:1050B00058BF1A684FF000055CBF42F040021A600A
:1050C00084F850505A6842F020025A605A6842F000
:1050D00001025A60E6E70225E4E700BFF950000844
:1050E0009D510008115100087047704708B5806B4A
:1050F000FFF7FBFF08BD704708B5806BFFF7FBFFAC
:1051000008BD704708B5806BFFF7FBFF08BD70470F
:10511000806B026808B5536823F003035360436D46
:1051200043F010034365012380F85130FFF7EFFF90
:1051300008BD37B50546846BFEF75CFD2B681B6820
:10514000DB05024626D42368596821F02001596006
:10515000596821F00201596020466421FFF750FB95
:1051600018B1636D43F020036365A36833B90193FD
:105170002368DA6801929B680193019B0023E38610
:10518000012384F85130636D23B12046FFF7BFFF40
:1051900003B030BD204603F0DBFEF9E738B5054625
:1051A000846BFEF727FD2B681B68DB05024624D4C1
:1051B0002368596821F020015960A168C9B9616864
:1051C000B1F5827F15D1596821F00301596020465D
:1051D0006421FFF751FB08B1202363650023E387B7
:1051E000012384F85130636D3BB12046FFF78FFFF8
:1051F00038BD596821F00101E8E7204603F0BAFE06
:10520000F6E738B50546846BFEF7F4FC2B681B689F
:10521000DB0502461ED421684B6823F020034B6057
:1052200020466421FFF7ECFA18B1636D43F02003C8
:1052300063652268536823F0030353600023E38609
:10524000E387012384F85130636D1BB12046FFF7DB
:105250005EFF38BD2046FFF747FFFAE7026802F11C
:105260000C0353E8003F23F490730C3242E8003102
:1052700002680029F2D102F1140353E8003F23F041
:10528000010302F1140C4CE800310029F3D1036B47
:10529000012B0BD102F10C0353E8003F23F0100364
:1052A00002F10C0C4CE800310029F3D1202380F8E6
:1052B00042300023036370470268C16838B5136940
:1052C00023F440530B431361054683680069D1689A
:1052D000034368690343E86921F4164121F00C0196
:1052E00003430B43D3605369A96923F440730B4311
:1052F00053611F4B9A4203D003F580639A4224D135
:10530000FEF73AF9EA691921B2F5004FD5E90043F1
:10531000A0FB01011CD1DA184FF0000545EB050395
:10532000FBF70AFC6422B0FBF2F102FB1103DB0085
:105330003233B3FBF2F303F007025B0002EB01121E
:1053400003F4F8731344A36038BDFEF705F9D9E7F9
:105350009A009B0FFBF7F0FB6422B0FBF2F102FB1B
:1053600011031B013233B3FBF2F303EB0113EAE742
:1053700000100140F7B505460C4617461E462A6840
:10538000136834EA030301D1002021E0701CF7D038
:10539000FEF730FCC01B86421CD3DEB12B68DA68F6
:1053A0005107ECD5802CEAD0402CE8D01A681207BF
:1053B000E5D5002401941A6801925B6801932846A0
:1053C000019BFFF74BFF08236B6485F840400120E9
:1053D00003B0F0BD0320FBE710B5044648B390F8D6
:1053E000413003F0FF021BB980F8402007F020FF96
:1053F0002268242384F84130D36823F40053D36017
:105400002046FFF759FF23681A6922F490421A6177
:105410005A6922F02A025A61DA6842F40052DA60CC
:1054200000202023606484F8413084F842306063B7
:1054300010BD0120FCE72DE9F843984690F8413073
:10544000202B04460E4617463FD100293FD0002AA4
:105450003DD021230025456480F84130FEF7CAFB8A
:10546000A368A784B3F5805F8146E78403D12369ED
:105470000BB935461E46E38C9BB253B943464A46A8
:1054800040212046FFF776FF202350B984F84130B1
:105490000AE043464A4680212046FFF76BFF28B1C9
:1054A000202384F841300320BDE8F88322684EB9F8
:1054B00035F8023BC3F308035360E18C013989B22C
:1054C000E184D8E716F8013BF6E70220ECE701207B
:1054D000EAE778B10023C0F8B832C0F8C432C0F8A7
:1054E000D03209B1C0F8B412012380F89C320270A6
:1054F00006F06CBD0320704713B500230446ADF8D9
:10550000063081B1CB6AC0F8B81223B10DF10600A4
:105510009847C4F8D002D4F8D8320133C4F8D8324E
:10552000002002B010BD0320FBE706F09EBDD0F8BE
:10553000B8320BB11B6818471846704708B5D0F849
:10554000B8325B689847002818BF032008BD38B5FB
:10555000044600F2AA25284600F0A1FB012394F896
:10556000AA12C4F89432B4F8B032C4F8983201F0F8
:105570001F03012B08D0022B0CD08BB929462046E3
:10558000BDE8384000F054B929462046BDE838400F
:1055900000F0B2BA29462046BDE8384000F0DBBA38
:1055A000204601F08001BDE8384006F085BD70B5A9
:1055B000044639BBD0F89432032B12D1D0F85831BD
:1055C000B0F8602193420ED9D0F864119B1A1144AF
:1055D0009A42C0F85831C0F8641138BF1A4600F03A
:1055E000A6FB002070BD90F89C32032B06D1D0F8AA
:1055F000B8321B6913B1C0F8D4129847204600F0A6
:105600009EFBEEE790F89C32032BEAD1D0F8B8323B
:105610009B69002BE5D00022BDE87040C0F8D42281
:10562000184770B504460D4600293FD1D0F8943292
:10563000022B10D18269038C9A4214D9416AD21A82
:1056400019448261416200F06AFB2B462A462946D2
:10565000204606F055FD94F8A03213B1002384F8DB
:10566000A032002070BD0CD143699A4209D8D0F80D
:105670009822934205D20A4600F051FBC4F8985292
:10568000E3E794F89C32032B08D1D4F8B832DB68F6
:1056900023B10022C4F8D422204698478021204616
:1056A00006F00AFD204600F055FBD4E790F89C3246
:1056B000032BD6D1D0F8B8325B69002BD1D00022B1
:1056C000BDE87040C0F8D4221847F8B5012380F82F
:1056D0009C32D0F8B83200210446C0F894124160E0
:1056E000C0F8A41280F8A012BBB900260022402501
:1056F000114601274023204606F0C0FC84F8637160
:10570000A4F860512B4600228021204606F0B6FC0A
:1057100084F8237025843046F8BD5B68002BE4D004
:1057200098470028E1D00326E0E701740020704785
:1057300090F89C32042B1EBF90F89C32DBB280F8AC
:105740009D32042380F89C320020704790F89C32F0
:10575000042B02BF90F89D32DBB280F89C3200200F
:10576000704708B590F89C22032A05D1D0F8B832CA
:1057700013B1DB6903B19847002008BDD0F8D422EB
:10578000AE3208B550F822204AB190F89C32032B73
:1057900001D1136A0BB9002008BD9847FBE703202D
:1057A000FAE7D0F8D422AE3208B550F822204AB138
:1057B00090F89C32032B01D1536A0BB9002008BD2D
:1057C0009847FBE70320FAE700207047012208B55D
:1057D00080F89C22D0F8B8220AB9002008BD52688F
:1057E000017990470028F8D00320F7E700207047A0
:1057F0000020704710B5428803789A4201D80020F3
:1058000010BD0478204423444478052C9BB2F4D185
:1058100084788C42F1D1F3E710B58021044606F07C
:105820004BFC20460021BDE8104006F045BC0000BE
:1058300073B50B7803F06003202B04460D4609D0A6
:10584000402B07D093B12046FFF7E6FF00252846FE
:1058500002B070BDD4F8D432AE33294654F82330A8
:105860009B68204602B0BDE8704018474B78092B72
:10587000E9D801A252F823F0995A0008DD5A00082D
:1058800047580008C15A00084758000893590008B3
:10589000A1580008475800086D5A0008D55900085B
:1058A0000023ADF806304B881A0A013A062ACAD8F6
:1058B00001A151F822F000BFD5580008075900088F
:1058C0002159000847580008475800086559000842
:1058D0007B590008D0F8B4321B68207C0DF106011A
:1058E0009847EA88002A00F0A480BDF80630002B13
:1058F000A9D09A4228BF1A46ADF806200146204694
:1059000000F0FFF9A2E7027CD0F8B83232B99B6A06
:105910000DF10600984702234370E2E7DB6AF7E7E0
:10592000DBB2052B8FD8DFE803F003090D11151941
:10593000D0F8B4325B68002BCFD184E7D0F8B43212
:105940009B68F8E7D0F8B432DB68F4E7D0F8B432FB
:105950001B69F0E7D0F8B4325B69ECE7D0F8B432F9
:105960009B69E8E7037C002B7FF46DAFD0F8B83279
:105970000DF106005B6B9847B3E7037C002B7FF4C7
:1059800062AFD0F8B8320DF106001B6B98470723C1
:10599000C2E78B88002B7FF456AFCB88002B7FF4B7
:1059A00052AF4D887F2D3FF64EAF90F89C32032BBF
:1059B0003FF449AFEDB280F89E52294606F08EFBC7
:1059C000204600F0BCF91DB1022384F89C323DE76B
:1059D0000123FAE78978474D0129297003D9FFF798
:1059E0001BFF032533E790F89C32022BDEB208D070
:1059F000032E17D0FFF710FF29782046FFF79EFDF2
:105A0000EFE7B1B101214160FFF791FD0546204666
:105A100025B1FFF701FF84F89C6218E700F08FF9C9
:105A20000323D2E749B9022380F89C324160FFF793
:105A300085FD204600F083F908E741680129F8D088
:105A4000C9B2FFF77BFD297861602046FFF76FFD43
:105A500005460028EDD02046FFF7DEFE21792046DE
:105A6000FFF76CFD022384F89C32F0E6CA88012A15
:105A70007FF4E9AE90F89C120229CBB207D8002B34
:105A80003FF4E1AE0146002341F8083F37E7032B1E
:105A90007FF4D9AE011D32E790F89C32013B022B16
:105AA0003FF6D1AECA88022A7FF4CDAED0F8A43238
:105AB0000146002B0CBF0123032341F80C3F1EE7D6
:105AC0004B88012B02D1C4F8A432B2E7022B7FF439
:105AD000BAAE8B881B0A80F8A032AAE790F89C32F5
:105AE000013B022B3FF6AFAE4B88012B7FF4AEAEED
:105AF0000023E8E7F402002070B50B7803F06002A1
:105B00005B0604460E4601D5402A1FD194F89C320C
:105B1000013B022B1AD831790129204617D8FFF70B
:105B200065FE88B9D4F8B8329B686BB1C4F8D4026A
:105B30003146204698470546F3881BB915B92046DB
:105B400000F0FDF8284670BD0325F5E72046FFF775
:105B500063FE0025F6E770B50B788A880D7903F0AF
:105B60006003202B04460E4659D0402B57D01BB162
:105B70002046FFF751FE3EE04B78012B3DD0032B32
:105B800026D0002BF4D190F89C32022BD9B262D0EF
:105B90000329EDD105F00F0312F0800F4FF014022E
:105BA00002FB030367D093F82330002BE0D005F00D
:105BB0007F06013606EB8606802D00EB860666D052
:105BC0002946204606F030FA002866D001235FE01F
:105BD00090F89C32022BDAB233D0032AC8D14B881A
:105BE00033B9690604D0F38813B9294606F064FA7C
:105BF000204600F0A4F8002070BD90F89C32022BE3
:105C0000DAB21ED0032AB3D14B88002BF3D16B0636
:105C100002D0294606F059FA204600F090F82946AD
:105C20002046FFF7E5FD0028E5D1D4F8B832C4F8E6
:105C3000D4029B68002BDED031462046BDE8704080
:105C400018476A0694D0294606F036FA8021204685
:105C500006F032FACFE769068AD113064CBF00F18D
:105C6000140100F5AA71002301F80E3F022220461C
:105C700000F047F8BFE793F86331002B3FF478AFAB
:105C8000142606FB050606F5AA76002D98D10023FA
:105C9000B373022206F10E01E9E7B073F9E70B785E
:105CA00003704B7843704B8843808B888380CB880C
:105CB000C380704710B58021044606F0FDF92046E8
:105CC0000021BDE8104006F0F7B970B50D46164644
:105CD000044670B1FBF71CF9C3B201335B0033809B
:105CE0002B7003236B70013C0223002114F8012F59
:105CF00002B970BDEA545A1CD2B20233A954DBB2C5
:105D0000F4E710B513460222C0F8942243610A4614
:105D100041628361002106F0EAF9002010BD08B558
:105D200013460A46002106F0E2F9002008BD08B536
:105D300013460A46002106F0E3F9002008BD08B525
:105D400004220023C0F8942219461A4606F0CFF91F
:105D5000002008BD08B505220023C0F8942219468A
:105D60001A4606F0CDF9002008BD00000A23038082
:105D70000048704710000020F8B5044641F2840046
:105D800006F068F9D4F8D432B03344F8230008B9E7
:105D90000220F8BD1C4E237C31781C4DC4F8BC0297
:105DA0000BBB4FF400730222204606F067F93378EC
:105DB000142703F00F0307FB0343012683F86361F5
:105DC0004FF4007329780222204606F057F92B7809
:105DD00003F00F0307FB0343204683F8236000F022
:105DE00051F90020D5E740230222204606F046F96B
:105DF0003378142703F00F0307FB0343012683F8CE
:105E000063614023DEE700BF0C0000200D0000208E
:105E1000F7B50D46D0F8D41200EB81010023D1F87C
:105E2000C062ADF80630044676B12B7813F06002FC
:105E30002FD0202A04D16A78FE2A07D0FF2A1BD04F
:105E400029462046FFF736FF032020E06A88002A13
:105E5000F6D1EF88012FF3D11A06F1D5D1F8C4326B
:105E60009B699847022828BF022030603A46314695
:105E70002046FFF746FF09E06A88002AE0D1EA8859
:105E8000002ADDD11B06DBD400F02AF9002003B084
:105E9000F0BD6B780B2BD3D801A252F823F000BFD2
:105EA000D15E0008FD5E0008415E0008415E00080A
:105EB000415E0008415E0008415E0008415E000846
:105EC000415E0008415E0008E15E0008EF5E0008E8
:105ED00090F89C32032BB3D102220DF10601C7E7E3
:105EE00090F89C32032BABD10122311DC0E790F812
:105EF0009C32032BA4D1AB787360C7E790F89C3237
:105F0000032BC3D16B88002BC0D1297906F0CBF8C5
:105F10002979204600F0D4F9B8E700BF08B500F0B1
:105F200037F9002008BD08B500F052F9002008BD7F
:105F300038B5812105460B48FFF75CFC012104467A
:105F40000848FFF757FC1CB100222271022262713F
:105F500018B10022027102224271202301482B80D5
:105F600038BD00BF1C00002038B5812105460B4814
:105F7000FFF740FC012104460848FFF73BFC1CB139
:105F8000402222710022627118B140220271002267
:105F90004271202301482B8038BD00BF1C00002027
:105FA000FFF7E2BFF8B5194D194F2978044606F0FE
:105FB00071F82B783978142603F00F0306FB03439E
:105FC000002583F86351204606F064F83B7803F01F
:105FD0000F0306FB034383F82350D4F8D432B033C5
:105FE00054F8233083B1204600F09EF8D4F8D43220
:105FF000B03354F8230006F031F8D4F8D432B0337B
:1060000044F82350C4F8BC520020F8BD0C00002016
:106010000D00002039B1D0F8D43200EB8300C0F875
:10602000C41200207047032070470000D0F8D4321B
:10603000B03370B550F823500446F5B105F58053E0
:106040001A7F3AB99B692BB16B7A1BB90B4B197844
:1060500006F032F80A4E2046317806F02DF86B7AB9
:10606000022B0AD13178204606F026F8034B204651
:106070001978BDE8704006F01FB870BD0C00002014
:106080000D000020D0F8D43200EB830370B5D3F8B4
:10609000C0520446FDB105F5805200202881A2F8C7
:1060A000600082F86200D3F8C4320B4E1B68984738
:1060B0003178204605F0F7FF084B2046197805F0A7
:1060C000F2FF05F58052317820461F23BDE870406D
:1060D000103206F015B870BD0C0000200D00002035
:1060E000D0F8D432B03370B550F823500446ADB177
:1060F0004FF480732B810A4B0A4E197805F0E5FFA7
:106100003178204605F0E1FF05F5805231782046D0
:106110001F23BDE87040103205F0F2BF70BD00BF14
:106120000D0000200C000020D0F8D432B03350F81D
:1061300023300BB100221A7270470000D0F8D4321D
:10614000B03370B550F823500446D5B105F58053EF
:106150000C4A83F83C100C491A63002305F5815260
:106160002B7209780D23103205F0C1FF074905F5A0
:10617000805220460978BDE870401F23103205F098
:10618000BFBF70BD555342530D0000200C000020CE
:10619000D0F8D432B03310B550F823200446B2B151
:1061A000137A022B07D0033B012B10D80021BDE846
:1061B0001040FFF7C3BF02F580531A46597F1F32C4
:1061C00000F0A8F9002802DA01212046EFE710BD0F
:1061D000D0F8D432B03370B550F8235004461DB116
:1061E0002B7A13B1012B5BD070BD05F58056736916
:1061F0007363B369B3632F4B197805F027FF1F282A
:106200000BD132692C4B9A4207D1717F2B6899428E
:1062100003D8B37F013B0F2B0CD92023717F0522BC
:10622000204600F095FC02236B722046BDE87040CA
:10623000FFF7FCBE05F580521F32204600F06AF9D8
:1062400000282B7A07DA052BEFD101212046BDE883
:106250007040FFF773BF013B022BC5D9E9680029E5
:10626000F4D0D4F8D432B03354F823000028BBD093
:1062700000F58052966B9369761A96638B424FF0C5
:10628000000682F83C6028BF0B4604220B490272CC
:10629000097805F110022046BDE8704005F027BFDF
:1062A00005F580531A46597F1F3200F033F9002854
:1062B0009ADACAE70C000020555342430D00002033
:1062C000D0F8D432B03310B550F823300446B3B10F
:1062D0005B7A022B0AD10A4B197805F0EDFE094BC7
:1062E00020461978BDE8104005F0E6BE0A0606D53E
:1062F000012B04D0BDE810400121FFF71FBF10BDE6
:106300000D0000200C000020D0F8D432B03330B59E
:1063100050F82330B3B103F5805494F8610003EBD7
:10632000C00303F5805383F84420002283F8401013
:1063300083F84520431CDBB2042B14BF84F8613082
:1063400084F8612030BD00002DE9F74F054608466E
:10635000D5F8D42205EB8202D2F8C0424CB304EB4C
:10636000011804EB011708F5805841F27009B8F8DC
:10637000643057F80960D2F8C4225E43B6F5805FF6
:10638000526941F26C0A314604F1100B28BF4FF4F8
:10639000805101911646B1FBF3F357F80A209BB2E6
:1063A0005946B047002807DA032204212846FFF7A0
:1063B000ABFF4FF0FF3019E0B8F86430019AB2FB40
:1063C000F3F057F80A20024447F80A2057F809204A
:1063D000111A47F8091004F58054019AA06B801A2D
:1063E000A06331B92846FFF7A9FE002003B0BDE83D
:1063F000F08F4B430549B3F5805F097828BF4FF410
:1064000080535A46284605F07BFEEEE70C0000203C
:106410002DE9F74F07460846D7F8D42207EB82024A
:10642000D2F8C0524DB305EB011805EB011608F583
:10643000805841F27009B8F8643056F80940D2F833
:10644000C4225C43B4F5805F126941F26C0A2146B4
:1064500005F1100B28BF4FF4805101911446B1FB98
:10646000F3F356F80A209BB25946A047002807DAF2
:10647000112204213846FFF747FF4FF0FF301DE09F
:106480001149019B09785A46384605F030FEB8F8A4
:106490006420019BB3FBF2F256F80A3001981344D2
:1064A00046F80A3056F809309B1A46F8093005F5C7
:1064B00080518A6B121A8A631BB1002003B0BDE8B9
:1064C000F08F03232B72F8E70D00002038B5D0F8C9
:1064D000D452B03550F825405CB101F5837104EB1E
:1064E00001141A44A3689A4206D921220521FFF714
:1064F0000BFF4FF0FF3038BD0020FCE710B508B1AE
:10650000C26002B910BD013A92B283188C5C1C744F
:10651000F7E70000D0F8D43200EB83032DE9F7430E
:10652000D3F8C04206460D461746002C00F0CD8039
:1065300012782F2A4CD8112A07D8002A00F0B680EA
:10654000032A00F0D480202233E1123A1D2AFAD81F
:1065500001A151F822F000BF51670008476500080B
:10656000476500084765000847650008476500085B
:106570004765000847650008D96700089967000863
:106580001B6B000847650008CB67000847650008DB
:106590004765000847650008476500082D68000842
:1065A00047650008836800084765000847650008DC
:1065B000DD68000847650008C769000847650008EE
:1065C000476500084765000847650008AD6A000890
:1065D000A02A00F080823FD85A2A00F013819E2A18
:1065E000B1D104EB0112D3F8C4324FEA01181146BD
:1065F00001F5835102F583525B6804320831284665
:106600009847002840F0218104F5805393F86230C8
:10661000022B00F01A81D7F80A3004F10F021BBADE
:10662000E36013449A4240F0568104EB080303F5FB
:1066300080539A6E013A110E2175110C6175110A81
:10664000E275A175B3F8643000225BBA22836383DC
:10665000D7F80A301BBA79E0A82A00F08481AA2A68
:106660007FF471AF227A002A40F00C8204F5805842
:10667000D8F81820002A3FF466AF98F91C20002AA9
:10668000FFF661AFD3F8C43208469B68984728BB31
:10669000D6F8D43206EB83032846D3F8C432DB683D
:1066A0009847002800F0F581272218E004F5805271
:1066B000916900297FF447AF92F86210022907D14F
:1066C0003A22FFF721FE052323724FF0FF300BE043
:1066D000D3F8C43228469B68984718B13A22022161
:1066E0003046EEE7E060002003B0BDE8F08304F53B
:1066F0008055AB69002B3FF426AF1122A018002172
:1067000007F0B3FD702323740C23E37595F8603014
:1067100095F861209A4213D004EBC30202F580522F
:10672000013392F84010A17492F844102177DBB243
:10673000042B92F84520627708BF002385F860306B
:106740001223E3603A799A4298BF1346E360CAE79E
:1067500004F580529269002A3FF4F5AE7A78D207A8
:106760000CD5BB782BB9A94906222046FFF7C6FEF7
:10677000B9E7802B1CD1A6490822F6E7D3F8C4322A
:106780003A79D96905EBC50501EB85010B7905332C
:106790009A4228BF1A46E8E704F580523B7992F8FE
:1067A0006210012903F0030305D1022B40F0C181DF
:1067B000242205214BE0012B01D1002302E0022B12
:1067C00040F0BA8182F86230B9E13B79003B04F5D0
:1067D000805218BF0123F5E7D3F8C4322846DB689E
:1067E000984750B18B4A937863F07F0393703A795E
:1067F0008849042A28BF0422B7E7874A937803F020
:106800007F03F3E7D3F8C4320846DB689847824A2F
:10681000D37840B143F08003D3703A7A7E49082A96
:1068200028BF0822A1E703F07F03F5E7D3F8C432BD
:106830000DF102025B6801A92846984728B904F5C2
:10684000805393F86230022B05D13A220221304660
:10685000FFF75AFD39E720610823E374019BA0612B
:10686000013B1A0E22751A0C6275E3751A0A02238F
:106870002376BDF80230A2755BBA63830C23E36014
:1068800032E704EB05121146D3F8C43202F5835205
:1068900001F583515B680432083128462F0198477F
:1068A0000028D2D104F5805393F86230022BCCD06B
:1068B000E31903F580539A6E013A110E2174110CFD
:1068C0006174110AA174E274B3F86430A0825BBAF7
:1068D000E38208233AE702F8010FA3E6227AC2BB5B
:1068E00004F5805898F91C20002ABFF62CAE98F8C1
:1068F0006220022AA9D0D3F8C43228469B68984760
:106900000028A2D1D7F8022004EB051941F26C034C
:1069100012BA49F80320B7F8073041F270075BBAA2
:106920009BB249F8073029463046FFF7CFFD0028D3
:10693000FFF6CBAE05F5837304EB031359F807207C
:106940009B885343D8F818209A427FF4FCAD022369
:1069500023724FF4805329463046E36003B0BDE80C
:10696000F043FFF755BD227A002AF2D104F5805892
:1069700098F91C20002ABFF6E6AD98F86220022A9A
:106980003FF463AFD3F8C43208469B6898470028A9
:106990007FF45BAFD7F8022004EB051141F26C03E2
:1069A00012BACA50D7F8063041F270071BBACB5161
:1069B00030462946FFF78AFD00284FEA0519FFF601
:1069C00084AEA144B6E7227A002A5BD104F5805850
:1069D000D8F81820002A3FF4B6AD98F91C20002AF8
:1069E000FFF6B1ADD3F8C43228469B68984700281B
:1069F0007FF42BAFD6F8D43206EB83032846D3F8C6
:106A0000C432DB68984748B127221FE7880000207E
:106A1000800000207C00002074000020D7F80220B5
:106A200041F26C0304EB051912BA49F80320B7F8D8
:106A300007305BBA9BB241F27007294649F807302C
:106A40003046FFF743FD0028FFF63FAE05F583759E
:106A500004EB051559F80720AB885343D8F81820E4
:106A600093427FF470AD37490122B3F5805F227203
:106A7000097828BF4FF4805304F11002304605F026
:106A80003FFB30E62946304603B0BDE8F043FFF750
:106A90005BBCD7F8022041F26C0304EB051912BA73
:106AA00049F80320D7F806301BBAC4E77B7813F007
:106AB00002077FF47DAE04EB051241F26C0141F256
:106AC0007003D35852582946FFF700FD0028FFF6FF
:106AD000FCADE76007E61C4D18220021284607F0B0
:106AE000C4FB23680133C3F34751DA002970C3F3B1
:106AF0004F31C3F35713AB7000236970EA70194626
:106B000005EBC1014B7220680133DBB283421946A9
:106B1000F6D908320C4992B227E6B7F80320002ACA
:106B20003FF4E1AD52BA92B2082A084928BF0822C0
:106B30001BE6012B3FF441AE032B3FF43EAE002396
:106B400004E600BF0C000020FD020020F50200203A
:106B5000D0F8D412B03130B550F82110B9B101F5E8
:106B6000805494F8610001EBC00101F5805181F877
:106B70004430431CDBB281F84020042B4FF000026C
:106B800081F8452014BF84F8613084F8612030BD5D
:106B900000F108034FF0FF32C0E9022343600361B4
:106BA00000230360704700230361704743684B6014
:106BB0009A688A60516099600368086101330360D4
:106BC000704730B50C68631C0AD103695A684A6083
:106BD00091608B605960036808610133036030BDC8
:106BE00000F10802134652681568A542FAD9EDE78C
:106BF000D0E9011203698A6051605968814208BF77
:106C00005A60002202611A68013A1A6018687047D7
:106C100010B5044601F0D6FFA46B01F0F3FFB4FAFF
:106C200084F0400910BD70B51646026C856B0446B1
:106C300042B906689EB9806801F018FAA66001356D
:106C4000A56370BD6EB9406807F0B3FB6368226C42
:106C50001344A2686360934224BF236863600020EA
:106C6000EDE7C06807F0A5FB226CE36851429B1A70
:106C70002268E36093423EBFA3685B18E360022E84
:106C8000EDD10DB1013DEAE72846D8E7034610B43F
:106C90001A6C08466AB1DC68996814448C4228BFB3
:106CA0001968DC6028BFD960D9685DF8044B07F02B
:106CB00080BB5DF8044B704770B5044601F082FF5D
:106CC00094F8455004F124066DB2002D01DD636A8D
:106CD000B3B9FF2384F8453001F094FF01F072FF4F
:106CE00094F8445004F110066DB2002D01DD2369C3
:106CF0007BB9FF2384F84430BDE8704001F082BFC7
:106D0000304601F0D1F808B101F056F9013D6DB2FD
:106D1000DBE7304601F0C8F808B101F04DF9013D5C
:106D20006DB2E2E738B50D46044640B94FF0500366
:106D300083F31188BFF36F8FBFF34F8FFEE701F02E
:106D400041FFD4E90F31226862604B43D0185B1ACF
:106D50001A44A060FF230020A063E26084F844305E
:106D600084F84530A5B9236973B104F1100001F02E
:106D70009BF848B14FF0E0234FF08052C3F8042D48
:106D8000BFF34F8FBFF36F8F01F03CFF012038BD81
:106D900004F11000FFF7FCFE04F12400FFF7F8FEF9
:106DA000F2E737B50D461C4640B94FF0500383F368
:106DB0001188BFF36F8FBFF34F8FFEE743B94FF0DA
:106DC000500383F31188BFF36F8FBFF34F8FFEE73C
:106DD0004AB191B94FF0500383F31188BFF36F8F1D
:106DE000BFF34F8FFEE741B14FF0500383F311889B
:106DF000BFF36F8FBFF34F8FFEE750230193019BCB
:106E0000502B08D04FF0500383F31188BFF36F8FDE
:106E1000BFF34F8FFEE70121002D08BF2246C4E9D2
:106E20000F0584F8461022602046019BFFF77AFF89
:106E30009DF8183084F84C30204603B030BDF8B5CA
:106E40000D461746064640B94FF0500383F31188AC
:106E5000BFF36F8FBFF34F8FFEE74843503001F011
:106E600075FD044670B1002380F8463065B100F12D
:106E70005003C4E90F65236001212046FFF752FF4C
:106E800084F84C702046F8BD0346F2E713B513466C
:106E90000C4640B94FF0500383F31188BFF36F8F56
:106EA000BFF34F8FFEE7884208D24FF0500383F3C1
:106EB0001188BFF36F8FBFF34F8FFEE7022200925E
:106EC00000221146FFF76DFF00B1846302B010BDD0
:106ED00010B50C4640B94FF0500383F31188BFF34F
:106EE0006F8FBFF34F8FFEE7884208D24FF05003F9
:106EF00083F31188BFF36F8FBFF34F8FFEE702223A
:106F00000021FFF79CFF00B1846310BD2DE9FF4114
:106F10000F4601921E46044640B94FF0500383F3DA
:106F20001188BFF36F8FBFF34F8FFEE751B9036C2A
:106F300043B14FF0500383F31188BFF36F8FBFF35A
:106F40004F8FFEE7022E0BD1E36B012B08D04FF0E1
:106F5000500383F31188BFF36F8FBFF34F8FFEE7AA
:106F600001F036F8054620B300254FF0000801F087
:106F700029FEA26BE36B9A4227D23246394620465D
:106F8000FFF751FE636A1BB104F1240000F08CFF8F
:106F900048B14FF0E0234FF08052C3F8042DBFF307
:106FA0004F8FBFF36F8F01F02DFE012004B0BDE8BD
:106FB000F081019B002BD8D04FF0500383F3118850
:106FC000BFF36F8FBFF34F8FFEE7022ED5D0019B2B
:106FD0001BB901F017FE0020E8E715B902A800F080
:106FE000A3FF01F00FFE00F083FD01F0EBFD94F82C
:106FF0004430FF2B08BF84F8448094F84530FF2BC1
:1070000008BF84F8458001F0FDFD01A902A800F049
:1070100097FF38BB01F0D6FDA26BE36B9A420ED10D
:1070200001F0F0FD019904F1100000F005FF204689
:10703000FFF742FE00F008FE48B1012597E701F096
:10704000E1FD2046FFF738FE00F0FEFDF5E74FF0CA
:10705000E0234FF08052C3F8042DBFF34F8FBFF3EE
:107060006F8FEAE72046FFF727FE00F0EDFDB2E75D
:1070700013B500220B46009011460120FFF791FE48
:10708000044638B1002383600360C3601A46194682
:10709000FFF73CFF204602B010BD38B5044640B9AA
:1070A0004FF0500383F31188BFF36F8FBFF34F8FFF
:1070B000FEE7856800F086FF85420BD1E368013B5F
:1070C000E3600BB1012038BD1A4619462046FFF790
:1070D0001DFFF7E70020F6E770B50646502001F0E7
:1070E00035FC044698B100250121C0E90F1580F850
:1070F00046500060FFF716FE84F84C60A5602560DE
:10710000E5602B462A4629462046FFF7FFFE20462B
:1071100070BD2DE9F843894617461E46044640B91E
:107120004FF0500383F31188BFF36F8FBFF34F8F7E
:10713000FEE751B9036C43B14FF0500383F311885C
:10714000BFF36F8FBFF34F8FFEE7022E0BD1E36BC0
:10715000012B08D04FF0500383F31188BFF36F8FDA
:10716000BFF34F8FFEE701F03FFEEFF311884FF0C2
:10717000500383F31188BFF36F8FBFF34F8FA26B60
:10718000E36B9A4201D3022E1ED194F84550A36BB3
:107190006DB2324649462046FFF745FD6B1C0ED1C5
:1071A000636A3BB104F1240000F07EFE10B10FB120
:1071B00001233B60012088F31188BDE8F883013585
:1071C0006DB284F84550F5E70020F4E770B50D4640
:1071D000044640B94FF0500383F31188BFF36F8F1B
:1071E000BFF34F8FFEE7036C43B14FF0500383F3BF
:1071F0001188BFF36F8FBFF34F8FFEE7036853B95A
:10720000836843B14FF0500383F31188BFF36F8F4E
:10721000BFF34F8FFEE701F0E7FDEFF311864FF06C
:10722000500383F31188BFF36F8FBFF34F8FA26BAF
:10723000E36B934219D994F845100132FF294BB200
:10724000A2630DD1636A3BB104F1240000F02CFE6F
:1072500010B10DB101232B60012086F3118870BDA0
:1072600001335BB284F84530F6E70020F5E72DE9FD
:10727000FF410E460192044640B94FF0500383F39C
:107280001188BFF36F8FBFF34F8FFEE751B9036CC7
:1072900043B14FF0500383F31188BFF36F8FBFF3F7
:1072A0004F8FFEE700F094FE054618B300254FF01F
:1072B000000801F087FCA76B47B331462046013F29
:1072C000FFF7E4FCA763236973B104F1100000F039
:1072D000EBFD48B14FF0E0234FF08052C3F8042D8E
:1072E000BFF34F8FBFF36F8F01F08CFC012004B010
:1072F000BDE8F081019B002BD9D04FF0500383F300
:107300001188BFF36F8FBFF34F8FFEE7019B1BB94F
:1073100001F078FC0020EAE715B902A800F004FEAD
:1073200001F070FC00F0E4FB01F04CFC94F84430F8
:10733000FF2B08BF84F8448094F84530FF2B08BF2A
:1073400084F8458001F05EFC01A902A800F0F8FD78
:1073500000BB2046FFF75CFCB0B1019904F12400AA
:1073600000F06AFD2046FFF7A7FC00F06DFC48B96D
:107370004FF0E0234FF08052C3F8042DBFF34F8F3E
:10738000BFF36F8F012594E72046FFF795FC00F0CF
:107390005BFCF7E72046FFF78FFC00F055FC20462A
:1073A000FFF736FC0028EDD0B4E7F0B585B0044611
:1073B000019140B94FF0500383F31188BFF36F8FF1
:1073C000BFF34F8FFEE7056C45B14FF0500383F3D9
:1073D0001188BFF36F8FBFF34F8FFEE700F0F8FD0A
:1073E000064620B32E46002701F0ECFBA36B53B3F7
:1073F000013BA363236813B900F0C8FEA0602369B2
:1074000073B104F1100000F04FFD48B14FF0E023DC
:107410004FF08052C3F8042DBFF34F8FBFF36F8F2F
:1074200001F0F0FB012005B0F0BD3546DBE7019B24
:10743000002BFAD04FF0500383F31188BFF36F8F06
:10744000BFF34F8FFEE7019B53B9002D66D04FF07D
:10745000500383F31188BFF36F8FBFF34F8FFEE7A5
:1074600016B902A800F060FD01F0CCFB00F040FB73
:1074700001F0A8FB94F84430FF2B08BF84F8447057
:1074800094F84530FF2B08BF84F8457001F0BAFB33
:1074900001A902A800F054FD50BB2046FFF7B8FB3D
:1074A00000B323683BB901F08DFBA06800F0A0FD9C
:1074B000054601F0A7FB019904F1240000F0BCFC93
:1074C0002046FFF7F9FB00F0BFFB48B94FF0E0237F
:1074D0004FF08052C3F8042DBFF34F8FBFF36F8F6F
:1074E000012681E72046FFF7E7FB00F0ADFBF7E759
:1074F0002046FFF7E1FB00F0A7FB2046FFF788FBE3
:107500000028EDD065B101F05DFB616A19B1236B14
:107510001968C1F13801A06800F0EAFD01F072FBC2
:10752000002080E770B50D46044640B94FF0500387
:1075300083F31188BFF36F8FBFF34F8FFEE7866829
:1075400000F040FD864204D1E3680133E36001208E
:1075500070BD29462046FFF728FF0028F8D0E368D1
:107560000133E360F4E72DE9F84389469046044689
:1075700040B94FF0500383F31188BFF36F8FBFF30F
:107580004F8FFEE751B9036C43B14FF0500383F3C3
:107590001188BFF36F8FBFF34F8FFEE701F024FC1C
:1075A000EFF311874FF0500383F31188BFF36F8F10
:1075B000BFF34F8FA56B0DB394F84460494676B284
:1075C0002046FFF763FB013D731CA56311D12369BE
:1075D00053B104F1100000F067FC28B1B8F1000FBE
:1075E00002D00123C8F80030012087F31188BDE8DC
:1075F000F883013676B284F84460F5E72846F4E76C
:1076000030B5074A002352F8335002EBC3041DB9CA
:1076100042F83310606030BD0133082BF3D1FAE734
:107620001803002010B5094A002352F83310814294
:107630004FEAC30406D1064A002142F8331022441F
:10764000516010BD0133082BEFD1FAE71C03002075
:107650001803002010B540B94FF0500383F3118890
:10766000BFF36F8FBFF34F8FFEE7FFF7DBFF90F89D
:1076700046301BB9BDE8104001F000BA10BD70B52E
:1076800004460D46164601F09DFA94F84430FF2B4F
:1076900004BF002384F8443094F84530FF2B04BF26
:1076A000002384F8453001F0ADFAA36B2BB93246C4
:1076B000294604F1240000F0D9FB2046BDE87040C3
:1076C000FFF7FABA2DE9F041044601F07BFA304B9E
:1076D000304E1A68304F01321A603568002D4BD198
:1076E00034601B68012B1FD1B84640460135FFF7B7
:1076F0004FFA382D08F11408F7D1DFF8C480274D70
:107700004046FFF745FA2846FFF742FA2448FFF7BC
:107710003FFA2448FFF73CFA2348FFF739FA234B96
:10772000C3F80080224B1D60224A136801331360A6
:10773000214AA3641168E36A14208B4200FB0370A2
:1077400004F1040188BF1360FFF730FA01F05AFA20
:107750001A4B1B6873B13368DA6AE36A9A4209D23A
:107760004FF0E0234FF08052C3F8042DBFF34F8F4A
:10777000BFF36F8FBDE8F081104B1A68E36A002AEF
:10778000D2D13268D26A9A4298BF3460CCE700BF47
:107790008003002054080020F4030020CC030020C4
:1077A000B00300209C03002084030020C8030020B5
:1077B000C403002064030020780300207403002029
:1077C000E0030020F8B5154B154D1C6806462868E7
:1077D00004300F46FFF70CFA731C07D137B1296844
:1077E0001048BDE8F8400431FFF7E0B92B68A41950
:1077F0005C6007D30C4B18682968BDE8F840043179
:10780000FFF7DFB9094B186829680431FFF7D9F988
:10781000074B1A68A24288BF1C60F8BD7C03002099
:107820005408002084030020C4030020C803002063
:1078300060030020064A13681968064B19B94FF017
:10784000FF321A6070471268D268D2685268F8E74F
:10785000C80300206003002010B590F86130044692
:107860003BB9006B01F00AF92046BDE8104001F079
:1078700005B9012BF9D0022B08D04FF0500383F348
:107880001188BFF36F8FBFF34F8FFEE710BD00006D
:1078900080B5134C134F144D236873B9134B1B68F9
:1078A000012BF8D94FF0E0234FF08052C3F8042D9C
:1078B000BFF34F8FBFF36F8FEDE701F083F9FB68E4
:1078C000DE68301DFFF794F92B68013B2B602368BD
:1078D000013B236001F096F93046FFF7BDFFDBE77F
:1078E000980300209C03002080030020F403002064
:1078F0002DE9F047DDE909844FEA82094A46064648
:107900000D46206BA5211F4606F0AFFC236BA9F1A5
:1079100004094B4423F00709C4F84490B5B36B1E27
:1079200004F133020F3513F8011F02F8011F09B1EA
:10793000AB42F8D1002384F84330089D372D28BF8F
:1079400037254FF0000AE5622565201DC4F854A0D4
:10795000FFF729F9C5F1380504F11800FFF723F9FD
:10796000C4F85CA02461A5616462C4F858A084F8DE
:1079700060A03A463146484601F0FCF82060B8F174
:10798000000F01D0C8F80040BDE8F08784F83450FB
:10799000D3E770B586B0DDE90B5445B94FF050031D
:1079A00083F31188BFF36F8FBFF34F8FFEE744B9A6
:1079B0004FF0500383F31188BFF36F8FBFF34F8FE6
:1079C000FEE764260596059E642E08D04FF050030E
:1079D00083F31188BFF36F8FBFF34F8FFEE72563EB
:1079E000022584F8615004AD01950A9D029400952A
:1079F000059EFFF77DFF2046FFF764FE049806B062
:107A000070BD2DE9F043074685B0900088461646C4
:107A1000994600F09BFF054620B94FF0FF3005B0B6
:107A2000BDE8F083642000F091FF044698B1002384
:107A300080F861300D9B056301930C9B02900093CD
:107A400032464B4641463846FFF752FF2046FFF785
:107A500039FE0120E3E7284601F010F8DDE70000D9
:107A600010B588B0002407AA06A905A8CDE90544E9
:107A700000F02EFF059B0293069B079A17491848B2
:107A8000CDE900432346FFF784FF28B300F0DCFB79
:107A9000012816D14FF0500383F31188BFF36F8F85
:107AA000BFF34F8F0F4B4FF0FF321A600E4B186031
:107AB0000E4B1C6004F046FD08B0BDE8104001F01C
:107AC00011B9013008D14FF0500383F31188BFF38F
:107AD0006F8FBFF34F8FFEE708B010BDA8FF0008FF
:107AE0009178000860030020740300207C030020CC
:107AF000024A136801331360704700BF5C03002023
:107B0000014B1868704700BF7C03002008B501F0E6
:107B10006BF9014B186808BD7C0300203F4B1B68C4
:107B20002DE9F74F002B72D13D4B1C6801341C60CE
:107B3000BCB93C4B1A68126842B14FF0500383F352
:107B40001188BFF36F8FBFF34F8FFEE7364A196876
:107B5000106818601160354A136801331360FFF72D
:107B600069FE334D334E2B68334F9C424FF0000B70
:107B700012D23A68D26A14214A43B258022A2F4AD2
:107B8000126828BF4FF0010B002A18BF4FF0010BFD
:107B9000584603B0BDE8F08FDFF88890DFF8A4A066
:107BA000D9F8002012681AB94FF0FF322A60E0E7D6
:107BB000D9F80020D268D2F80C80D8F804108C4292
:107BC00001D22960D5E708F1040318460193FFF7B5
:107BD0000FF8D8F8281019B108F11800FFF708F8C5
:107BE000D8F82C00DAF800101423884288BFCAF8AD
:107BF0000000019903FB0060FEF7D8FF3868D8F851
:107C00002C10C26A914228BF4FF0010BC8E70C4A02
:107C10001368013313604FF0000BB9E75C030020D9
:107C20007C030020C8030020C40300206803002058
:107C300060030020F4030020540800206C0300209F
:107C400070030020780300202DE9F041304C2368B8
:107C500043B94FF0500383F31188BFF36F8FBFF325
:107C60004F8FFEE700F0AEFF2368013B23602468DE
:107C70002CB1002400F0C6FF2046BDE8F081254B62
:107C80001B68002BF5D0244D244EDFF8A0801DE0AA
:107C9000EB68DC68271D04F11800FEF7A9FF3846E1
:107CA000FEF7A6FFE36A32681420934200FB0380CC
:107CB000394688BF3360FEF779FF194BE26A1B68CB
:107CC000DB6A9A4202D3174B01221A602B68002B01
:107CD000DED10CB1FFF7AEFD134D2C6844B1114E4F
:107CE0000127FFF71BFF00B13760013CF9D12C6081
:107CF0000C4B1B68002BBCD04FF0E0234FF08052A0
:107D0000C3F8042DBFF34F8FBFF36F8F0124B1E78A
:107D10005C03002080030020B003002078030020D3
:107D2000540800206C03002070030020F40300209E
:107D300008B550B94FF0E0234FF08052C3F8042D3E
:107D4000BFF34F8FBFF36F8F08BD0A4B196841B166
:107D50004FF0500383F31188BFF36F8FBFF34F8F42
:107D6000FEE7FFF7C5FEFFF72DFDFFF76DFF0028CB
:107D7000E0D0E9E75C030020F8B5294B1A68294BED
:107D800012B101221A60F8BD1A6004F0DCFB264A29
:107D9000264C1568A84204D921688B6D5B1B0344EF
:107DA0008B65236810601B6B1A68B2F1A53F0BD17D
:107DB0005A68B2F1A53F07D19A68B2F1A53F03D145
:107DC000DB68B3F1A53F04D020682168343104F0AA
:107DD000BDFB174E17493268142707FB02F3C8187A
:107DE000CD5885B1456808336D6845600B449D42A8
:107DF00004BF6B684360142303FB02114B68DB680C
:107E000023603260BFE742B94FF0500383F311881B
:107E1000BFF36F8FBFF34F8FFEE7013ADDE700BF7F
:107E20005C0300206C03002058030020540800204D
:107E300078030020F403002010B50C4640B94FF041
:107E4000500383F31188BFF36F8FBFF34F8FFEE7AB
:107E5000054B19681831FEF7B4FE20460121BDE834
:107E60001040FFF7AFBC00BF5408002038B50D46E6
:107E7000144640B94FF0500383F31188BFF36F8F5E
:107E8000BFF34F8FFEE7074B19681831FEF78EFEE0
:107E9000002C21460CBF28464FF0FF30BDE838408B
:107EA000FFF790BC5408002038B5C368DC6844B9BB
:107EB0004FF0500383F31188BFF36F8FBFF34F8FE1
:107EC000FEE704F118052846FEF792FE104B1B68EA
:107ED000DBB9251D2846FEF78BFE0E4AE36A1168C2
:107EE0008B4288BF13600C4A1420294600FB0320F4
:107EF000FEF75CFE094BE26A1B68DB6A9A4283BFAD
:107F0000074B01201860002038BD06482946EFE7DE
:107F10005C03002078030020F403002054080020B4
:107F20006C030020B0030020034B1B680360034B6D
:107F30001B684360704700BF680300207C0300207B
:107F400070B50C46054640B94FF0500383F31188D5
:107F5000BFF36F8FBFF34F8FFEE741B94FF0500370
:107F600083F31188BFF36F8FBFF34F8FFEE700F0ED
:107F700029FE0F4B196823685A1C10D00D482E6833
:107F800000686A68864201D08A420FD9881A834203
:107F90000AD95B1A134423602846FFF7C5FF002463
:107FA00000F030FE204670BD002323600124F7E777
:107FB0007C03002068030020014B01221A607047F7
:107FC0006C030020014B1868704700BF5408002064
:107FD000054B1B6833B1054B1868B0FA80F04009B7
:107FE0004000704701207047740300205C030020AC
:107FF000F8B5044638B31A4DC36A2A68D26A934268
:1080000026D28269174E002AA1BF2A68D26AC2F11D
:1080100038028261142202FB036342699A4213D13F
:10802000071D3846FEF7E4FD2B680F4ADB6A11682E
:10803000E36214208B4200FB0360394688BF136063
:10804000FEF7B4FD0120F8BD2B68DB6AC362F9E7D7
:108050002B68006DDB6A98422CBF00200120F2E7FC
:1080600054080020F40300207803002038B508B934
:10807000002038BD1B4B1C68844208D04FF05003D1
:1080800083F31188BFF36F8FBFF34F8FFEE7636DEC
:1080900043B94FF0500383F31188BFF36F8FBFF3E1
:1080A0004F8FFEE7E16A226D013B91426365DFD0AD
:1080B000002BDDD1251D2846FEF79AFD236DE362D6
:1080C000C3F13802A261084A11688B4288BF13606D
:1080D000064A142000FB03202946FEF767FD012015
:1080E000C7E700BF5408002078030020F4030020F5
:1080F00070B50446002841D0426D42B94FF050039C
:1081000083F31188BFF36F8FBFF34F8FFEE7036DCB
:10811000994238BF1946C36A8B422FD0012A2DD10C
:10812000174A1268824208D14FF0500383F3118836
:10813000BFF36F8FBFF34F8FFEE78269114DC162AE
:10814000002A4FF0140202FB03534269A4BFC1F19D
:10815000380181619A4211D1061D3046FEF748FD73
:10816000094AE36A116814208B4200FB0350314630
:10817000BDE8704088BF1360FEF718BD70BD00BF3A
:1081800054080020F403002078030020044B1A68F0
:108190001AB119684A6D01324A651868704700BF04
:1081A00054080020914208B5416000610AD8D21AF3
:1081B00083699A420DD2084B011D1868FEF701FD34
:1081C000002008BD9A4201D2994202D2034B011D00
:1081D000F3E70120F5E700BF54090020580900200B
:1081E000F7B5114C00F0EEFC2568BDB90F4F104EED
:1081F0003846FEF7CDFC3046FEF7CAFC0D4B0E4A62
:108200001F600E4B10211E600A200D4B0095FEF7DB
:10821000C8FD206010B10B49FFF7F2F903B0BDE8CB
:10822000F04000F0EFBC00BF5009002070090020B2
:108230005C09002058090020A808002054090020EB
:1082400058080020ADFF000810B588B0FFF7C8FF40
:10825000124B1B68B3B1002407AA06A905A8CDE9F3
:10826000054400F041FB059B0293069B019302230A
:108270000093079A0A490B482346FFF78AFB0A4BEB
:10828000186040B94FF0500383F31188BFF36F8F2C
:10829000BFF34F8FFEE7012008B010BD500900204A
:1082A000B2FF0008A98300084C0900207FB51646DC
:1082B00004461A4640B94FF0500383F31188BFF3C8
:1082C0006F8FBFF34F8FFEE70D4D286880B10529F2
:1082D000CDE9001602940DDCFFF77AFE0023022898
:1082E00008BF089A286818BF1A466946FEF70EFEAE
:1082F00004B070BD00236946FEF70BFFF8E700BF2E
:10830000500900202DE9F347DFF898800646FFF773
:10831000F7FBD8F800308342054609D91F4F3B6868
:108320001A686AB91E4A116839601360012300E0B7
:10833000002328463360C8F8005002B0BDE8F0873B
:10834000DB68DC68D3F8009004F1040A5046FEF7BD
:108350004FFC236A2046984794F828305B07DED507
:10836000A3694B44994506D238686360246151463D
:10837000FEF727FCD3E7002300934A461946204620
:10838000FFF794FF0028CAD14FF0500383F3118800
:10839000BFF36F8FBFF34F8FFEE700BF5809002078
:1083A00054090020480900202DE9F0436E4D6F4E1E
:1083B00089B02B68D3F80080B8F1000F35D0DB68A6
:1083C000D3F800800024FFF793FB04A8FFF79AFF7F
:1083D000049B8146002B69D1002C4CD1404550D3E1
:1083E000FFF732FC2B68DB68DF68381DFEF700FC06
:1083F00097F8283058071AD5B96943464A46414488
:108400003846FFF7CFFEB0B10094234642462146DE
:108410003846FFF74BFF70B94FF0500383F31188D4
:10842000BFF36F8FBFF34F8FFEE70124CBE723F03D
:10843000010387F828303B6A3846984730680022A5
:1084400004A9FEF714FF0028B3D0049B0698002B64
:108450002FDB069C6369002B32D103A8FFF752FF84
:10846000049B0246092BE9D8DFE803F02E2E2E5795
:108470005E762E2E575E3E4B1B681C68B4FA84F461
:10848000640930682246A8EB0901FFF7F8F8FFF706
:10849000DBFB0028D2D14FF0E0234FF08052C3F82D
:1084A000042DBFF34F8FBFF36F8FC7E7FFF7CCFBF0
:1084B000C4E7059B07999847049B002BBEDBC8E7E0
:1084C000201DFEF795FBC8E794F82830A16943F01A
:1084D000010384F82830059B20461944FFF762FE0B
:1084E0000028ABD0236A2046984794F828305907D3
:1084F000A4D5A269059900230A4400931946204691
:10850000FFF7D4FE002899D14FF0500383F3118870
:10851000BFF36F8FBFF34F8FFEE794F8283023F03F
:10852000010384F8283089E794F8283043F00103E8
:1085300084F828300599A16141B94FF0500383F3C5
:108540001188BFF36F8FBFF34F8FFEE703460144DF
:108550002046FFF727FE71E794F828309A07DED40B
:10856000204600F08BFA69E75809002050090020E6
:108570005409002008B54FF0E0231B69FFF728FDE0
:10858000012803D0BDE8084000F084BB08BD00000E
:10859000EFF305832BB9064B186828B901221A603E
:1085A00070476FF0050070474FF0FF30704700BF15
:1085B0004C10002010B5EFF305845CB9084B1A6825
:1085C000012A0AD1074AD47702221A60FFF748FA33
:1085D000204610BD6FF00500FBE74FF0FF30F8E7D5
:1085E0004C10002000ED00E0EFF305830BB1FFF726
:1085F0008DBAFFF785BA4FF47A707047F0B587B03F
:10860000144600220B460592EFF30582FAB9F0B149
:1086100054B3A56925B1691E372902D9002017E096
:1086200018256268D207F9D466699EB1B208D4E908
:10863000027C216887B1BCF1630F08D9246934B189
:108640002EB1CDE901470095FFF7A3F905900598F4
:1086500007B0F0BD8022EAE7BCF1000FF7D1246932
:10866000002CF4D10C4601E01825802205A9CDE9A3
:10867000005192B22146FFF7C4F901281CBF002324
:108680000593E4E708B5EFF3058222B908B1FFF7D7
:108690004FFB002008BD6FF00500FBE7F8B505466D
:1086A000EFF3058717B100242046F8BD20B34668D4
:1086B0003307F8D4D0E9021306F0010699B14F2B25
:1086C000F1D9BEB10420FEF7D3FC04460028EAD05D
:1086D0002D68374629462046FEF792FF002FE3D04B
:1086E00044F00104E0E7002BDDD12EB10420FEF7B9
:1086F000F3FCEAE70120E6E70120FEF7EDFC044683
:108700000028D0D0002DE5D00026E1E738B503469B
:108710000C4620F0010003F00102EFF3058595B946
:10872000012B13D962B1FEF7FDFE012801D1002013
:1087300038BD002C14BF6FF001006FF00200F7E7A6
:10874000FEF733FEF1E76FF00500F1E76FF003008D
:10875000EEE7024608B520F0010002F00103EFF356
:10876000058179B9012A10D93BB1FEF796FC0128A1
:108770000CBF00206FF0020008BD1A461946FEF734
:10878000C5FBF4E76FF00500F6E76FF00300F3E7D1
:10879000F7B504460E461546EFF3058242B938B1E7
:1087A000884205D355B1D5E902372BB14F2F22D8D6
:1087B0000024204603B0F0BD002FF9D1012C0CD0CD
:1087C00020463146FEF784FB04460028F0D085B9E8
:1087D00029462046FEF714FFEBE703220021012083
:1087E000FEF72DFB0EE01A46FEF750FB044600286C
:1087F000DED02D68ECE70128F5D103210091114668
:10880000FEF7CFFA04460028D2D0002EDFD0002396
:108810001A461946FEF77AFB0128D8D02046FEF703
:1088200019FFC5E713B50C4628B3EFF30583CBB1A9
:1088300009BB01AA0191FEF796FE012803D06FF053
:10884000020002B010BD019B0BB90020F9E74FF008
:10885000E0234FF08052C3F8042DBFF34F8FBFF3D6
:108860006F8FF2E7FEF7A1FD0128EED0002CE6D0D5
:108870006FF00100E5E76FF00300E2E707B518B31A
:10888000EFF30583CBB1002301A90193FEF79EFC12
:10889000012804D06FF0020003B05DF804FB019BD7
:1088A0004BB14FF0E0234FF08052C3F8042DBFF3DB
:1088B0004F8FBFF36F8F0020EEE71A461946FEF781
:1088C00025FB0128F7D0E5E76FF00300E4E700009F
:1088D000034B0360034B0B6080231360704700BFA2
:1088E000E80F0020E80D0020034B0360034B0B60F2
:1088F0004FF4807313607047840D002084090020BA
:1089000010B5104B1A461B688342FBD354681119EB
:10891000884201BF41681046091951604468011935
:108920008B420CD1084909688B4203D05968214415
:10893000416019680160904218BF106010BD19466F
:10894000F8E700BF68100020641000202DE9F04116
:108950000446FFF7CDF84249424D0B680BBB424A33
:1089600056071FBFD01D20F0070002F50042131A62
:108970000CBF4FF40043024613443C4E083B23F027
:108980000703002070603260C3E90000981AC2E952
:1089900000300B60364B1860364B18604FF00043C8
:1089A0002B602E68264255D1002C46D004F10803D6
:1089B00060071CBF23F007030833002B4AD02D4F5C
:1089C0003C689C4246D3294A15686868984204D29C
:1089D000D5F800C0BCF1000F15D10968A94239D003
:1089E0002968D2F800801160C21A102A12D9E8183A
:1089F00041070BD04FF0500383F31188BFF36F8F03
:108A0000BFF34F8FFEE72A466546DEE742606B60A4
:108A1000FFF776FF6A681649A41A1643164A0868D3
:108A20003C6000232B6013686E60844203F10103F5
:108A300038BF0C60136008F10804FFF705F96307FD
:108A40000AD04FF0500383F31188BFF36F8FBFF349
:108A50004F8FFEE70024F0E72046BDE8F08100BF1D
:108A600064100020501000200080001068100020CA
:108A70005C100020601000205810002010B5044643
:108A800090B31A4A50F8043C1268134208D14FF0D0
:108A9000500383F31188BFF36F8FBFF34F8FFEE74F
:108AA00050F8081C41B14FF0500383F31188BFF315
:108AB0006F8FBFF34F8FFEE723EA020340F8043CB9
:108AC000FFF716F80A4A54F8043C1168A4F10800AC
:108AD0000B441360FFF714FF064A1368BDE810400B
:108AE00001331360FFF7B0B810BD00BF5010002075
:108AF000601000205410002008480068006880F3CF
:108B000008884FF0000080F3148862B661B6BFF3A6
:108B10004F8FBFF36F8F00DF00BF000008ED00E054
:108B2000DFF80C00016841F470010160704700003B
:108B300088ED00E082B0002301930D4B1B680133E8
:108B400008D04FF0500383F31188BFF36F8FBFF34A
:108B50004F8FFEE74FF0500383F31188BFF36F8F01
:108B6000BFF34F8F019B002BFCD002B0704700BFBA
:108B7000900000204FF0807340F8043C074B40F811
:108B80000C3C21F001016FF0020340F8081C40F892
:108B9000202C40F8243C4438704700BF358B000837
:108BA000074B19680868B0E8F04F80F30988BFF3F5
:108BB0006F8F4FF0000080F311887047AFF3008093
:108BC000540800204FF0500383F31188BFF36F8FD8
:108BD000BFF34F8F0A4A13680133012B13600ED184
:108BE0004FF0E023D3F8043DDBB243B14FF0500324
:108BF00083F31188BFF36F8FBFF34F8FFEE770478A
:108C000090000020084A136843B94FF0500383F3E3
:108C10001188BFF36F8FBFF34F8FFEE7013B1360E7
:108C20000BB983F31188704790000020000000000A
:108C3000EFF30980BFF36F8F154B1A681EF0100F0A
:108C400008BF20ED108A20E9F04F10602DE90900DF
:108C50004FF0500080F31188BFF34F8FBFF36F8F39
:108C6000FFF78AF84FF0000080F3118809BC1968FB
:108C70000868B0E8F04F1EF0100F08BFB0EC108A83
:108C800080F30988BFF36F8F704700BFAFF3008098
:108C90005408002008B54FF0500383F31188BFF348
:108CA0006F8FBFF34F8FFEF739FF28B14FF0E023EE
:108CB0004FF08052C3F8042D002383F3118808BDC0
:108CC0004FF0E022002313619361054B4FF47A715A
:108CD0001B68B3FBF1F3013B53610723136170473A
:108CE000000000204FF0E02337B5D3F8001D384ACC
:108CF000914208D14FF0500383F31188BFF36F8F77
:108D0000BFF34F8FFEE7D3F8002D324B9A4208D1C4
:108D10004FF0500383F31188BFF36F8FBFF34F8F72
:108D2000FEE72D4B1A78D2B20192FF221A701B78FF
:108D30002A4ADBB28DF803309DF8033003F050036C
:108D40001370274A072313609DF803101368090660
:108D50000AD4032B11D04FF0500383F31188BFF3D3
:108D60006F8FBFF34F8FFEE7013B13609DF8033019
:108D70005B00DBB28DF80330E6E74FF4407313601D
:108D8000019B154A4FF0E024DBB21370D4F8203D6C
:108D900043F47003C4F8203DD4F8203D43F0704301
:108DA000C4F8203DFFF78CFF0E4B00251D60FFF738
:108DB000B7FED4F8343F43F04043C4F8343FFFF7E4
:108DC0009BFEFEF7D9FFFFF7B5FE284603B030BD86
:108DD00071C20F4170C20F4100E400E07410002026
:108DE0007010002090000020EFF305830F2B0ED9A8
:108DF000114A9B5C114A12789A4208D94FF05003ED
:108E000083F31188BFF36F8FBFF34F8FFEE74FF0EF
:108E1000E0230B4AD3F80C3D126803F4E06393425D
:108E200008D94FF0500383F31188BFF36F8FBFF35E
:108E30004F8FFEE7704700BFF0E300E074100020A2
:108E40007010002007B5030C8DF80430030A8DF86C
:108E500005308DF806004FF4FA73032201A9034888
:108E6000FBF794FD03B05DF804FB00BFC45700207E
:108E700007B5042200BA01904FF4FA730DEB02011A
:108E80000248FBF783FD03B05DF804FBC4570020E4
:108E90002DE9F04106460C46C1B1C8B1DFF84C805F
:108EA000104F4FF6FF75A54228BF2546AAB231469E
:108EB0004046FBF7BBFF58B9EFF305835BB1387051
:108EC0003B78002BFCD0641B2E44EAD1002000E04C
:108ED0000120BDE8F081044B4FF0FF311868FFF727
:108EE000A1FCF0E7A52000205C540020C45700201E
:108EF0002DE9F04106460C46C1B1C8B1DFF84C80FF
:108F0000104F4FF6FF75A54228BF2546AAB231463D
:108F10004046FCF775F858B9EFF305835BB138703C
:108F20003B78002BFCD0641B2E44EAD1002000E0EB
:108F30000120BDE8F081044B4FF0FF311868FFF7C6
:108F400071FCF0E7A420002058540020C4570020F2
:108F50000268054B9A4206D1044B01221A70044B59
:108F60001868FFF78BBC704700300140A520002037
:108F70005C5400200268054B9A4206D1044B012242
:108F80001A70044B1868FFF779BC70470030014035
:108F9000A42000205854002007B54FF4FA738DF830
:108FA000070001220DF107010248FBF7EFFC03B0B7
:108FB0005DF804FBC4570020F8B5144B1B688342CE
:108FC00006460F4615461FD3821893421CD3D9B1CB
:108FD0000DB90020F8BD0E4C4FF48003A3610320AF
:108FE000FFF7DAFF10B14023A361F3E73046FFF744
:108FF00029FF0028F7D129463846FFF779FF40239B
:10900000A3610028E5D0E5E70120E3E79C100020FC
:10901000000C0240F8B5144B1B68834206460F460D
:1090200015461FD3821893421CD3D9B10DB9002025
:10903000F8BD0E4C4FF48003A3611320FFF7ACFF83
:1090400010B14023A361F3E73046FFF711FF00287A
:10905000F7D129463846FFF74BFF4023A36100288C
:10906000E5D0E5E70120E3E79C100020000C02407A
:1090700013B500230B4C8DF807304FF48003A36128
:109080000520FFF789FF38B907484FF4FA7301222A
:109090000DF10701FBF726FE4023A3619DF80700B1
:1090A00002B010BD000C0240C457002073B5044646
:1090B000FFF79AFA0546FFF79EFA002660434FF441
:1090C0007A73B0FBF3F4FFF7D3FF10F001000DD07B
:1090D000EFF305838BB10196019BB3F57A7F07D33C
:1090E000FFF782FA431B9C42EDD8032002B070BD0B
:1090F00000BF019B01330193EEE70120FFF7C2FAA5
:10910000EEE7000070B50C4D03244FF48006AE610D
:109110000620FFF741FF4023AB61FFF7A9FF83075C
:1091200008D40120013CFFF7ADFA14F0FF04EED1A2
:10913000012070BD0020FCE7000C024038B5124B46
:109140001B68834205461CD3FFF7DCFF48B90F4C70
:109150004FF48003A3612020FFF71EFF10B14023CE
:10916000A36138BD25F47F6020F00F00FFF76AFE91
:109170004023A3610028F4D1BDE83840C820FFF7A0
:1091800095BF0120EDE700BF9C100020000C0240BD
:10919000F8B505460F46144692B31B4B1B68834235
:1091A00030D379B3B2F5807F2CD8421E224440F0F0
:1091B000FF01914220F0FF033CBF1B1A03F58074AE
:1091C000FFF7A0FF48B9114E4FF48003B3610220AE
:1091D000FFF7E2FE10B14023B361F8BD2846FFF768
:1091E00031FE0028F7D121463846FFF751FE4023D3
:1091F000B3610028F1D1BDE8F8400320FFF756BF66
:109200001046EAE70120E8E79C100020000C02402D
:1092100038B5124B1B68834205461CD3FFF772FF1B
:1092200048B90F4C4FF48003A3612120FFF7B4FE2F
:1092300010B14023A36138BD25F47F6020F00F00FA
:10924000FFF716FE4023A3610028F4D1BDE83840A3
:10925000C820FFF72BBF0120EDE700BF9C100020C6
:10926000000C0240F8B505460F46144692B31B4B5E
:109270001B68834230D379B3B2F5807F2CD8421E6D
:10928000224440F0FF01914220F0FF033CBF1B1A33
:1092900003F58074FFF736FF48B9114E4FF4800391
:1092A000B3611220FFF778FE10B14023B361F8BD1F
:1092B0002846FFF7DDFD0028F7D121463846FFF7A5
:1092C000E7FD4023B3610028F1D1BDE8F840032059
:1092D000FFF7ECBE1046EAE70120E8E79C1000200B
:1092E000000C024013B59023114C019304224FF45B
:1092F0008003A3610F484FF4FA730DEB0201FBF7F3
:1093000045FB20B14023A361FF2002B010BD4FF404
:10931000FA73084802226946FBF7E4FC4023A36184
:109320000028F1D1BDF8000040BA80B2EDE700BFDF
:10933000000C0240C457002013B5114C4FF48003B9
:10934000A3619F20FFF728FE20B14023A361FF20E7
:1093500002B010BD4FF4FA730A48032201A9FBF7CB
:10936000C1FC4023A3610028F1D19DF805009DF8C0
:109370000430000240EA03409DF806301843E7E756
:10938000000C0240C457002070B5394D4FF48003E3
:10939000AB61AB20FFF700FE4023AB610446002821
:1093A00055D10120FFF76EF9FFF7C6FF314D286058
:1093B000FFF798FF304B2A681880531E033345D8B7
:1093C0002E4B2F4E2F48304D13440A2B3AD8DFE84E
:1093D00003F04006440B3939393939393500022157
:1093E0004FF40003002203E004214FF00073012238
:1093F000317026490360581E086025492A70180BF1
:1094000008602449180C086023491B0A0B605AB1F4
:10941000174E4FF48003B361B720FFF7BDFD402323
:10942000B361F0B92B78F3B91C491D4A1D4B1E4896
:1094300001601E490A601E4A136008E005214FF0D2
:109440008063D4E70023337003602B70012420462F
:1094500070BD01214FF48003C4E703214FF08073F6
:10946000C0E70446F3E71349134A144BDFE700BF94
:10947000000C0240881000208C100020EABF10FF72
:1094800085100020A0100020841000209C100020D7
:10949000981000209410002090100020B98F000830
:1094A000919100083D910008801000207C10002060
:1094B00078100020159000086592000811920008AD
:1094C000024B1B6803B11847012070477810002039
:1094D000024B1B6803B11847012070478010002021
:1094E000024B1B6803B11847012070477C10002015
:1094F0002DE9F84F3A4B1B6883460E461546002B64
:1095000065D0384B1B68002B61D0374B1B68002B94
:109510005DD012B90020BDE8F88F344B1A68824242
:1095200055D3002953D0431E2B449A424FD3DFF822
:10953000C4902F4F0BEA0908A8EB0B0404F58054E4
:10954000AC424FF480523946404628BF2C462BEAA5
:10955000090AFFF7BDFF0028DDD13A58013200EBC0
:10956000070336D15A68013233D19A68013230D1BB
:10957000DA6801322DD11A6901322AD15A690132D1
:1095800027D19A69013224D1DB69013321D12030FE
:10959000B0F5805FE1D107EB0A002246314604F0C6
:1095A00008FF4FF0000A4FF4807207EB0A010AEB44
:1095B0000800FFF795FF0028ADD10AF5807ABAF5CB
:1095C000805FF0D12D1BA3442644B3D1A2E7012034
:1095D000A1E74046FFF774FF0028DCD09BE700BFFF
:1095E000801000207C100020781000209C100020AB
:1095F000A410002000F0FFFFF0B52DED028B044613
:109600000846114687B06423227120600322490076
:10961000B0EE408AF0EE608AFAF7E4FF05460028D3
:1096200052D1DFED2A7A9FED2A7A28EE270A68EEDA
:10963000800A84ED020AC7EE207AB7EE007AFDEECA
:10964000E77AF8EEE77AF4EEC77AF1EE10FA38D45A
:109650009FED207AF4EE477AF1EE10FAC8BFF0EEF3
:10966000477AFCEEE77A022617EE903AF3EE097A93
:1096700020EE270A64272179238284ED030A49F228
:109680004473CDE90167ADF8103004AB00930123BA
:10969000994000222068FAF715FF238A21795BBAE6
:1096A000CDE90167ADF8143005AB009301232068C4
:1096B00005229940FAF706FF284607B0BDEC028B59
:1096C000F0BDF0EE477ACCE70125F5E70000003861
:1096D000ACC5A73B00FF7F47014B1868FFF7CEB82A
:1096E0005454002008B5074A0B4601460648FAF7CD
:1096F000EBF8064B4FF0FF311868BDE80840FFF764
:1097000091B800BF00000260A8550020545400200A
:109710002DE9F041594C5A4A5A480021FAF7CCF940
:10972000012208212046FAF72DF80A20FAF768FAF4
:10973000002208212046FAF725F80520FAF760FAFA
:10974000012208212046FAF71DF84FF0C0440A20F4
:10975000FAF756FA3A2323804B4B05221A80C5228A
:10976000228036201A2260211A8020801980B2219E
:1097700021800C21198000251980B72633211D80F6
:1097800019801980268055261E80BB2626801A80C7
:10979000C02222802C221A80C222228001221A801A
:1097A000C322228019221A80C422228020221A80F9
:1097B000C62222800F221A80A726D02222801E8055
:1097C0002280A4221A80D626A1221A8026801A80FE
:1097D000E82222800326E9221E804FF0080E228014
:1097E0004FF0F00C0922E0271A801A80A3F800E05D
:1097F0002780A3F800C01E800B261A801E800A2630
:109800001E802B2716261E801F8038261980412196
:1098100019801E8014261E804FF02F081E802926D6
:109820001E80A3F800804FF0E108A4F80080A3F8A0
:1098300000C04FF006084FF0040CA3F800C0A3F8D6
:1098400000801A803222A3F800E0A3F800C01F8035
:109850001A801222198018801A801A802A221A80EF
:1098600030221A8021232380112323807820FAF7C5
:10987000C7F926802846BDE8F08100BF00080240F5
:10988000D9960008A85500200000026070B54FF07E
:10989000C0452A242C800B4C060AC0B226802080AA
:1098A000100AD2B2208022802B222A800A0A22802B
:1098B000C9B21A0ADBB22180228023802C232B809C
:1098C00070BD00BF00000260002110B5EF2340F220
:1098D0003F1204460846FFF7D9FF034A4FF4963378
:1098E000013B1480FCD110BD000002602DE9F04F57
:1098F00085B0DE0ABDF83850009222F003020192D2
:109900000022C3F3451CEF0AC5F3451E03F01F03F5
:1099100005F01F0503924FF0FF08039A019CA24235
:1099200009D34FF0FF09039A009CA242C0F0A58022
:1099300005B0BDE8F08F039ADDF80CB0825CC2F18F
:10994000FF0A06FB02F912FB03F412FB0CF205FB03
:109950000A440EFB0A220AFB07997F347F32B4FBCC
:10996000F8F4B2FBF8F204F01F04520102F4FC62B6
:1099700009F17F09B9FBF8F944EAC9241443039AB1
:1099800021F81B400244039C527804F1010AC2F101
:10999000FF0B02FB06F913FB02F41CFB02F20BFBAC
:1099A00005440BFB0E220BFB07997F347F32B4FB7F
:1099B000F8F4B2FBF8F204F01F04520102F4FC6266
:1099C00009F17F09B9FBF8F944EAC9241443039A61
:1099D00021F81A400244039C927804F1020AC2F171
:1099E000FF0B02FB06F913FB02F41CFB02F20BFB5C
:1099F00005440BFB0E220BFB07997F347F32B4FB2F
:109A0000F8F4B2FBF8F204F01F04520102F4FC6215
:109A100009F17F09B9FBF8F944EAC9241443039A10
:109A200021F81A400244039CD27804F1030AC2F1DF
:109A3000FF0B02FB06F913FB02F41CFB02F20BFB0B
:109A400005440BFB0E220BFB07997F347F32B4FBDE
:109A5000F8F4B2FBF8F204F01F04520102F4FC62C5
:109A600009F17F09B9FBF8F944EAC9241443039AC0
:109A700021F81A40043203924FE7039ADDF80CB044
:109A8000825CC2F1FF0A02FB06F812FB03F412FB30
:109A90000CF20AFB05440AFB0E220AFB07887F34FE
:109AA0007F32B4FBF9F4B2FBF9F204F01F04520167
:109AB00002F4FC6208F17F08B8FBF9F844EAC82414
:109AC0001443039A21F81B40013203922BE7000054
:109AD0002DE9F0415C1A151A013405FB0444BDF868
:109AE0001860144DC4F38F2880272E806E80AE80BE
:109AF000EE802E816E81AE81013F05F1100525F8C3
:109B0000026CF2D1FFF7C2FE0A4DBBB2984507D8EE
:109B1000C4F3090159B1BDE8F0410648FFF7E2BDC1
:109B20004FF480612846FFF7DDFD0137EDE7BDE822
:109B3000F08100BFA620002002060FD500F0E00350
:109B4000C02B0DD000F0F003E02B0BD000F0F8009C
:109B5000A0F1F0035842584180007047012070473F
:109B600002207047032070472DE9F041064608782F
:109B7000FFF7E2FF0F46044690B1B6F802800025D9
:109B8000ABB2984502D84FF0FF3009E0706B224627
:109B9000394600EB850004F058FB6B1C10B928B265
:109BA000BDE8F0811D46EBE707B500210090EF23EB
:109BB00040F23F120846FFF78BFF03B05DF804FB4D
:109BC0002DE9F04F8BB01C46BDF850300893BDF81E
:109BD000543007939DF958300993CDE9030105925C
:109BE000002A00F02881002C00F0258196480122EF
:109BF000211D01F0A7FB954B1870002840F01B8138
:109C00006378267816FB03F6304603F005FD05461B
:109C1000700003F001FD07460DB100285CD18A48B1
:109C200001F0E1FF15B1284603F0FEFC002F00F023
:109C3000028138460BB0BDE8F04F03F0F5BC30466A
:109C4000FFF77AFF069000284AD005992046FFF7D3
:109C50008BFF069B012B804640F0AE80B0F1FF3FAA
:109C60004AD123789FED7A7A07EE903AF8EEE77AB8
:109C700067EE877A17EE900AF6F70EFC41EC100BB0
:109C800003F04EFC51EC100BF6F736FF1FFA80F98B
:109C9000DDE9053213440593099BBDF82460002BD0
:109CA00014DD059B1B788BB1039B049A079903EB8A
:109CB000090063780091013A1344721E12FA80F28F
:109CC00004999BB292B280B2FFF702FF039B1E443D
:109CD00019FA86F6B3B20393059B1E78002EAED117
:109CE000284603F0A1FC384603F09EFC56480BB012
:109CF000BDE8F04F01F077BF2E2E94F801A05FD1A0
:109D000094F800B05846F6F7B5FB4DA3D3E900230D
:109D1000F6F71AFC4F4B0022F6F760FAF6F7ECFE66
:109D20001BFB0AFBC6B20BFB08F14748DFF81C819E
:109D300001F066FFB14688F800000028A8D1464B24
:109D400041485A46294601F04DFD88F80000002898
:109D50009ED1414B1B689B459AD12B46804694F877
:109D600001B01FFA88F25A451AD3079B009316FBDD
:109D70000AFA089B524639462846FFF7B7FD049B6E
:109D80000399013B721E0A445B44DDE903019BB267
:109D900092B2FFF77BFD51463846FFF7A3FC77E709
:109DA0002178184608FB0151324604F002FB0346B5
:109DB00008F101083344D2E7B0F1FF3F3FF451AF5F
:109DC00094F800906678204816FB09F606FB08F127
:109DD00001F016FFDFF8748088F8000000287FF497
:109DE00057AFDFF874A0184853463246294601F0B1
:109DF000F9FC88F8000000287FF44AAFDAF8003058
:109E00009E427FF445AF079B00933246089B39463C
:109E10002846FFF76BFD049B03995A1E6378134491
:109E20002278013A0A449BB2DDE9030192B2FFF7BE
:109E30002DFD3146B0E70BB0BDE8F08FAFF30080E9
:109E4000333333333333E33FA4290020A0290020E8
:109E50003333333F0000F03F9C29002081880068A5
:109E600032230222FAF7BEBB10B586B00446FFF7D4
:109E7000F5FFA0B94CF26003ADF814305022022374
:109E8000CDE9013205AB00930123A18820681A4671
:109E9000FAF718FB003818BF012006B010BD0120EA
:109EA000FBE7034608463BB19A805200196091B225
:109EB00064230322FAF796BB0120704770B523494B
:109EC0002348244E0A2201F03DFA0546307038B985
:109ED000E020FEF73BFD044620B91D4801F083FE5B
:109EE000012070BDE022294604F0BFF91A4A23463A
:109EF00004F1E000117802291FD151680988198006
:109F00000433834202F10C02F4D1144D10480023B3
:109F1000E02221462B602B4601F004FD30702046E4
:109F2000FEF7ACFD0A4801F05EFE33785BB92868A5
:109F3000E03818BF0120C0B2D3E7042902BF51683E
:109F400009681960DCE70120F5E700BFBAFF0008E7
:109F5000A4290020A0290020D8060108A828002054
:109F6000F8B527492748284FC42204F022FA274988
:109F70002748012201F0E6F90546387030B124483F
:109F800001F031FEBDE8F840FFF798BFE020FEF792
:109F9000DDFC044628B91E4801F025FE01252846AF
:109FA000F8BD1C4E01463346E0221948356001F0E9
:109FB00019FC3870164801F016FE3D7815B9336863
:109FC000E02B03D02046FEF759FDE7E7124A23466F
:109FD00004F1E000117802290BD191681E880E80EF
:109FE0000433834202F10C02F4D12046FEF746FD11
:109FF000D5E7042902BF91681E680E60F0E700BF34
:10A0000078090108AC280020A0290020BAFF000828
:10A01000A42900209C290020D80601082DE98048A9
:10A020004E4C4F4D8FB002F075F8FFF771FB0020DA
:10A03000FFF74AFC04212046F7F700FC23680026BE
:10A04000DE6308212046F7F7F9FBFFF79DF900B121
:10A050002E7044494448454E012201F04BF9444BCF
:10A06000187008B100233370DFED420A42494348BB
:10A07000B3EE000A4022FFF7BFFA10B1404B0022B6
:10A080001A7040483C4B036090238380FFF7ECFE3E
:10A0900010B13D4B00221A703C493D486022FFF749
:10A0A00000FF10B13B4B00221A7033493A4860223E
:10A0B000FFF7F7FE10B1394B00221A70FFF750FF7F
:10A0C00010B1374B00221A70364B2268B3F8B43007
:10A0D000354841F287314B436421B3FBF1F308214A
:10A0E00093630122F9F74EFB2B781BB94FF606005C
:10A0F000FFF75AFD3378002B58D12B4CFFF702F8AD
:10A100004FF48003A361C720FEF746FF4023A361FD
:10A11000FEF7AEFFC30707D440F2E670FFF744FD39
:10A120006420FEF7AFFAFBE74FF6FF70FFF73CFD48
:10A130004FF47A70F9F764FD4FF6E070FFF734FDE5
:10A140004FF47A70F9F75CFD40F63E60FFF72CFDA6
:10A150004FF47A70F9F754FDDAE700BF085D00208C
:10A160009A000020C8FF0008D02900209900002094
:10A17000A02900200AD7A33BB05600208829002040
:10A180009800002080290020970000205C560020C5
:10A1900078290020960000207029002095000020DA
:10A1A00094000020AC280020000C024000244FF650
:10A1B000FF776FF00208B44BB44A009702214B209E
:10A1C000CDE90144FFF7FCFCB14BB24A00972321D3
:10A1D0001420CDE90148FFF7F3FCAD4BAE4A0097E0
:10A1E0003F211420CDE90148FFF7EAFCA84BAB4A18
:10A1F00000975B211420CDE90148FFF7E1FCA44B57
:10A20000A74A009777211420CDE90148FFF7D8FC31
:10A210009F4BA44A009793211420CDE90148FFF7F2
:10A22000CFFC9B4BA04A0097AF211420CDE90148F9
:10A23000FFF7C6FC0123CDE901439C4A944B0097EC
:10A24000CB211420FFF7BCFC2B7853B14FF4FC63F7
:10A250000093CDE901488E4B954A2321DC20FFF77E
:10A26000AFFC33786BB100236FF0020ECDE9013EF5
:10A270004FF4FC6300938E4A854B3F21DC20FFF7AF
:10A280009FFC8C4F3B786BB100236FF0020CCDE943
:10A29000013C4FF4FC630093854A7D4B5B21DC203D
:10A2A000FFF78EFCDFF8288298F800306BB10023AE
:10A2B0006FF00204CDE901344FF4FC6300937C4A53
:10A2C000734B7721DC20FFF77BFCDFF8089299F8CD
:10A2D00000306BB100236FF00200CDE901304FF484
:10A2E000FC630093724A6A4B9321DC20FFF768FC01
:10A2F000DFF8E4A19AF800306BB100236FF002019F
:10A30000CDE901314FF4FC630093694A604BAF2102
:10A31000DC20FFF755FCDFF8C4B19BF800306BB1CF
:10A3200000236FF00202CDE901324FF4FC63009389
:10A330005F4A574BCB21DC20FFF742FC2B7863B9F7
:10A340006FF00202CDE901324FF4784300935A4A8C
:10A350004F4B2321F020FFF733FC337863B96FF0C4
:10A360000202CDE901324FF478430093524A484B40
:10A370003F21F020FFF724FC3B7863B96FF0020225
:10A38000CDE901324FF4784300934B4A404B5B21B7
:10A39000F020FFF715FC98F8003063B96FF0020267
:10A3A000CDE901324FF478430093434A384B77218B
:10A3B000F020FFF705FC99F8003063B96FF0020256
:10A3C000CDE901324FF4784300933B4A304B93215F
:10A3D000F020FFF7F5FB9AF8003063B96FF0020246
:10A3E000CDE901324FF478430093334A284BAF2133
:10A3F000F020FFF7E5FB9BF8003063B96FF0020235
:10A40000CDE901324FF4784300932B4A204BCB2106
:10A41000F020FFF7D5FB294C2B7863B9284904A815
:10A4200003F0BFFF04A8F6F773FD642382B204A90A
:10A430002046FBF700F8337863B9224904A803F0FB
:10A44000B0FF04A8F6F764FD642382B204A9204695
:10A45000FAF7F1FF3B7863B91B4904A803F0A1FFA9
:10A4600004A8F6F755FD642382B204A92046FAF742
:10A47000E2FF98F80030002B3AD1144904A803F009
:10A4800090FF04A82CE000BF4C030108CBFF00089C
:10A49000A0030108E1FF0008E7FF0008EDFF000846
:10A4A000F4FF0008FBFF0008060001081200010885
:10A4B0001F0001089800002027000108BC5D002053
:10A4C0002C0001084D0001086E00010890000108F1
:10A4D00097000020960000209500002094000020A6
:10A4E000F6F716FD642382B204A92046FAF7A3FF0B
:10A4F00099F8003063B9194904A803F052FF04A881
:10A50000F6F706FD642382B204A92046FAF793FF0A
:10A510009AF8003063B9124904A803F042FF04A876
:10A52000F6F7F6FC642382B204A92046FAF783FF0B
:10A530009BF8003063B90B4904A803F032FF04A86C
:10A54000F6F7E6FC642382B204A92046FAF773FF0B
:10A550004FF4FA60F9F754FB5EE700BFB50001085D
:10A56000DB0001080201010808B5FEF7BBFEB0FAE6
:10A5700080F0400908BDFFF7F7BF0000F8B50B4FAA
:10A580001E4614460D4638684FF0FF31FEF7BEF800
:10A59000320329462003FEF79BFF04463868FEF786
:10A5A000D8F8201E18BF0120F8BD00BF605400205D
:10A5B000F8B50B4F1E4614460D4638684FF0FF3174
:10A5C000FEF7A4F8320329462003FEF791FF044664
:10A5D0003868FEF7BEF8201E18BF0120F8BD00BF86
:10A5E0006054002003290ED8DFE801F00502070BB4
:10A5F000064B1B681360002070474FF48053138094
:10A60000F9E70123F6E70420704700BF9810002007
:10A610000068704783690239023B8B4283BF4389DC
:10A62000006B01FB030000207047836A026804335B
:10A630005289090BB1FBF2F1186830B1814202D3A3
:10A64000091A0833F8E7586808447047034600F1D0
:10A650000B010020C20142EA500213F8010B50FA2C
:10A6600082F28B42D0B2F5D1704703687BB11A46B3
:10A6700012F8011B1F2908D93A29F9D11978302974
:10A6800005D102339A4202D10260002070474FF098
:10A69000FF30704738B50D46044618B9092000232D
:10A6A0002B6038BD0368002BF8D01A78002AF5D04B
:10A6B0008188DA889142F1D15878FFF755FF10F080
:10A6C0000100EBD12368EBE738B503790446C3B149
:10A6D00000F13405026A407801232946FFF768FF3C
:10A6E00088B9D4E90721A36A2071CB1A934208D212
:10A6F000E378022B05D10A44607801232946FFF74D
:10A7000057FF002038BD0120FCE738B5036A8B42B3
:10A7100005460C4610D0FFF7D7FF60B9224668788F
:10A72000012305F13401FFF729FF00281CBF4FF07A
:10A73000FF3401202C6238BD0020FCE738B500232F
:10A7400003714FF0FF3303620446FFF7DEFF00287A
:10A750003FD194F83430B4F83252EB2B03D0183395
:10A76000DBB2012B2ED84AF655239D4206D11B4958
:10A77000082204F1860003F068FD48B3B4F83F30C6
:10A78000B3F5805F1ED194F84130DBB15A1E1A42F6
:10A7900018D1B4F84230ABB194F84430013B012BEE
:10A7A00010D8B4F845306BB1B4F847307F2B06D8D9
:10A7B00004F15400FFF72CFFB0F5803F02D3B4F84A
:10A7C0004A3043B94AF65520854214BF032002207F
:10A7D00038BD0420FCE70020FAE700BF280101088B
:10A7E00001292DE9F84304460D46164674D98369BC
:10A7F0008B4271D90378022B3ED0032B50D0012B12
:10A800006AD101EB5107816A01EB1731FFF77DFF38
:10A81000034630BB04F1340807F10109C7F30B0705
:10A8200015F0010518BF18F80720F3B21EBF02F09B
:10A830000F0242EA0313DBB208F80730A16A0123D2
:10A84000237101EB19312046FFF75FFF034640B942
:10A85000C9F30B0945B1C6F3071608F809600122D0
:10A8600022711846BDE8F88318F80920C6F30326BC
:10A8700022F00F021643F0E7816A01EBD521FFF7C2
:10A8800044FF03460028ECD140F6FE7204F1340187
:10A8900002EA450288188E54C6F307264670DEE7A2
:10A8A000816A01EB9521FFF730FF03460028D8D1DC
:10A8B00040F6FC7101EA850104F134077A1810466C
:10A8C000FFF7A6FE66F31B007854010A5170010CD5
:10A8D000000E9170D070C2E70223C2E7F0B50023EA
:10A8E00085B00B600E461546FFF7BFFE0028C0F28C
:10A8F0000881874B53F82040002C00F0048134601D
:10A900002378607805F0FE055BB1FFF72DFEC307E5
:10A9100007D40DB1470702D4002005B0F0BD0A20CE
:10A92000FBE7002360782370FFF725FEC60700F1E0
:10A93000EC800DB14107F2D400212046FFF7FEFE66
:10A94000022840F0C6806E4604F5FD7304F23A21F9
:10A9500032461846FFF75CFE10338B4242F8040B78
:10A96000F7D1002556F8041B002900F0A9802046E5
:10A97000FFF7E4FE012800F2A480B4F83F30216A1A
:10A98000B3F5805F40F0AA80B4F84A6026B904F1BC
:10A990005800FFF73DFE064694F84430E6615A1E23
:10A9A000012AE37000F29A8094F841506581002DED
:10A9B00000F094806A1E2A4240F09080B4F84570FE
:10A9C00027817A0640F08A80B4F8470018B904F16C
:10A9D0005400FFF71DFEB4F84220002A7ED006FB8B
:10A9E00003FE02EBD71CF444604577D3A0EB0C00C8
:10A9F000A842B0FBF5F371D3464883426ED84FF6B8
:10AA0000F57083426CD840F6F575AB428CBF0225D9
:10AA1000012502330A4401EB0C00032DA36161629E
:10AA2000A26220635ED1B4F85E203A4356D104F1AD
:10AA30006000FFF7EDFD9B0003F6FF73B6EB133FDD
:10AA4000E0624BD34FF0FF33C4E90433032D4FF0E2
:10AA5000800363712CD1B4F86430012B28D101310B
:10AA60002046FFF752FE18BB607104F13400FFF777
:10AA7000CFFD294B98421BD104F50670FFF7C8FDA6
:10AA800003F1FF5303F500532033984210D104F52E
:10AA90000C70FFF7BDFD214B984209D104F50770FA
:10AAA000FFF7B6FD606104F50870FFF7B1FD2061A6
:10AAB0001B4A2570138801339BB21380E3802BE778
:10AAC00003200135042D7FF44DAF042806D1012069
:10AAD00023E70428FBD001287FF64FAF0D201CE7A9
:10AAE000032596E7002FF9D0022D02EB0E004FEA66
:10AAF00043021BBFD21803F00103134603EB5203BA
:10AB00009AE70B2009E70C2007E7032005E700BFC1
:10AB1000083A0020F5FFFF0F52526141000055AA8C
:10AB2000043A002003284B8B04BF8A8A43EA02437D
:10AB3000184670470129F8B505460E464FD9836976
:10AB400099424CD20378022B29D0032B35D0012B0C
:10AB500045D101EB5104816A01EB1431FFF7D5FDBA
:10AB600010B14FF0FF30F8BD671CA96AC4F30B04A5
:10AB70002C4401EB1731284694F83440FFF7C5FD0B
:10AB80000028EED1C7F30B072F4497F8343044EA7E
:10AB90000320F3074CBF0009C0F30B00E3E7816A11
:10ABA00001EBD621FFF7B1FD0028DAD140F6FE73A4
:10ABB00003EA46032B44988ED5E7816A01EB962180
:10ABC000FFF7A3FD0028CCD140F6FC70343500EA35
:10ABD00086002844FFF71CFD20F07040C3E70120E9
:10ABE000C1E72DE9F843056881460F4649B92E694A
:10ABF000C6B1AB69B34298BF01266B69A3B9002403
:10AC000006E02846FFF796FF0128044603D80124F2
:10AC10002046BDE8F883421C58D0AB698342F7D880
:10AC20003E46EAE70126E8E7BE42AB6915D1741C4F
:10AC3000A34298BF0224D9F800002146FFF77AFF0B
:10AC40000128E4D0431C41D0F0B1D5F81080B8F110
:10AC5000010F02D9AB69984500D3B0464446AB69B1
:10AC60000134A34203D8B8F1010FC8D00224D9F8A7
:10AC700000002146FFF75EFF40B10128C7D0013038
:10AC800024D04445EBD1BAE7002CE6D04FF0FF3298
:10AC900021462846FFF7A4FDB0B977B96B692C614E
:10ACA000002BB5D0AA69023A9342B1D8013B6B613F
:10ACB0006B7943F001036B71AAE7224639462846B7
:10ACC000FFF78EFD0028E9D00128A0D14FF0FF3416
:10ACD0009EE703692DE9F74F03F12008B8F5001F3F
:10ACE00024BF00238361836904680546894673B1E4
:10ACF000C8F30B0ABAF1000F50D1416901338361E7
:10AD000049B92389B3EB581F48D80023AB6104200D
:10AD100003B0BDE8F08F6789013F17EA18373DD1CE
:10AD20002046FFF707FF0128064601D80220EFE77B
:10AD3000421C01D10120EBE7A369834228D8B9F175
:10AD4000000FE2D069692846FFF74BFF064600284E
:10AD500036D00128EAD0431CECD02046FFF7B4FCE3
:10AD600001900028E6D131462046FFF753FC019BB5
:10AD7000206204F1340B81464FF480521946584644
:10AD800003F073FA63899F420FD363899F42D1D145
:10AD90006E6131462046FFF73DFCA86134345444CF
:10ADA000C5F81080EC610020B2E76078012309EB60
:10ADB00007025946FFF7FCFB0028E6D10137E1E71F
:10ADC0000720A5E7B1F5001FF8B5056806460C4653
:10ADD00001D30220F8BDCA06FBD182680161BAB96D
:10ADE0002B78022B01D9EB6A9BB92B89B3EB541F4B
:10ADF000EFD9E86AC6E905200028EAD000EB143054
:10AE00003435C4F30B042544B061F5610020E1E75B
:10AE100013466F891A463F03BC42114603D22846A7
:10AE2000FFF7F8FBE6E73068FFF784FE431C0246B5
:10AE300006D00128CDD9AB698342CAD9E41BEBE720
:10AE40000120C7E72DE9F04F002187B0D0F800A01E
:10AE50000446FFF7B7FF0546002840F08E804FF00C
:10AE6000FF394FF0FF0804F12003C4F82C90C346CB
:10AE70000293A1695046FFF748FC054600287CD1A3
:10AE8000E6693778002F7CD0F27AE52F02F03F0395
:10AE9000A37103D0100706D50F2B06D0C4F82C9051
:10AEA0004FF0FF0B42E00F2B53D194F82B30590693
:10AEB0003CD47A0642D52369E36296F80D8007F008
:10AEC000BF07738B002BEBD13578DAF80CB005F0A7
:10AED0003F050D23013D5D432B4B012113F8012B51
:10AEE000B25A002930D0402D0593D9D8104604928B
:10AEF00000F088FF6B1C03903BF81500019300F0F5
:10AF000081FF03998142CBD1049A019D059B114693
:10AF10001E4A9A42E2D133785B0604D519B13BF858
:10AF20001530002BBCD1013F5FFA87FB0021204682
:10AF3000FFF7CFFE054600289BD01EE0BB45AFD1F2
:10AF4000737B4345ACD1BCE74FF6FF708242DFD044
:10AF5000A6E7BBF1000F04D13046FFF777FB404571
:10AF60000BD094F82B5015F0010597D102990B22C4
:10AF7000304603F06AF9002890D1284607B0BDE8B2
:10AF8000F08F0425F9E700BFBC0A0108C90A0108CF
:10AF90002DE9F04F85B0036801930746894611F803
:10AFA000013B2F2BFAD05C2BF8D00021B96099F827
:10AFB00000301F2B00F239818023384687F82B3070
:10AFC00005B0BDE8F04FFFF7FDBE01F0E002C02A7A
:10AFD00038D101F01F01012201324A44814619F89B
:10AFE000010B00F0C005802D40F0328100F03F00E1
:10AFF000914540EA8111F2D19748A1F18002824245
:10B0000000F22681A1F55842B2F5006FC0F0208110
:10B01000B1F5803F27D28DB22F2D33D05C2D31D0AA
:10B020007F2D08D889B22046009303F026F9009BB3
:10B03000002840F00D813F2E00F20A8123F81650BF
:10B040000136F8E001F0F002E02A03D101F00F012F
:10B050000222C1E701F0F802F02A40F0F98001F085
:10B0600007010322B8E77D48A1F5803200EA821289
:10B07000C1F309010A4342EA08010A0C23F8162029
:10B080000136DFE04A4614782F2C914602F1010286
:10B09000F9D05C2CF7D01F2C8CBF00240124A40015
:10B0A00003EB4602C6BB002223F8162003EB460042
:10B0B000002E00F0CD8033F81250202D114602F101
:10B0C0000102F8D009B92E2D02D144F00304E4B2F4
:10B0D000024632F8020D2E2801D0013EF9D14FF080
:10B0E00020324FF0000A7A623A62C7F827204FF008
:10B0F000080BD04633F811504A1C002D00F0C480D4
:10B10000202D04D02E2D0FD1B24200F0B18044F09A
:10B110000304E4B21146EDE732F8021D202901D004
:10B120002E29C0D1013EBDE7DA4580F0A480B242AD
:10B1300014D1BBF10B0F07D1A1E0B24204D044F00F
:10B140000304E4B200F2A0804FEA88085FFA88F8AE
:10B1500032464FF00B0B4FF0080ADBE77F2D3FD94B
:10B1600044F00201CDE902322846CBB240F2B511DB
:10B17000009300F029FE10F0800FDDE90232054651
:10B1800014D0374900F07F054D5D45B1354829465B
:10B19000CDE9023203F071F8DDE9023210B3009913
:10B1A00041F00301C9B200915F2511E0FF28ECD9FD
:10B1B0000BF1FF318A4504D344F00304E4B2DA46CC
:10B1C000A8E707EB0A01000A81F820000AF1010A4A
:10B1D00007EB0A01009C81F820500AF1010A99E767
:10B1E0000094D3E7A5F1410189B2192902D848F0AA
:10B1F0000208EDE7A5F1610189B219299EBF203D42
:10B2000048F00108ADB2E3E7620770D4BB79DB0612
:10B2100020D5019B03F134013B69C3F30B031944AF
:10B22000019B1878FFF77EFCB8603B68DFF83C8034
:10B23000DB680D4C0026484610F8011B0D063FF553
:10B24000C4AE81468DB21F2D3FF6E6AE042427E73B
:10B2500006204CE005204AE07FFF10000000FF03BD
:10B260003C0A01083A0101083101010800DC00D85C
:10B27000DA45FFF45EAFBBF10B0F7FF45EAF44F035
:10B280000304E4B24FF00B0B97F82030E52B04BF1A
:10B29000052387F82030BBF1080F04BF4FEA880868
:10B2A0005FFA88F808F00C030C2B03D008F00303B6
:10B2B000032B02D144F00204E4B2A1070AD448F3FC
:10B2C000000303F010032343DCB218F0040F18BF8F
:10B2D00044F0080487F82B403846FFF7B3FD0028F8
:10B2E00092D0042803D114F0040F08BF052005B044
:10B2F000BDE8F08F1FB5CDE9001003A814460391F7
:10B30000FFF7B3F9002818DB0D4A52F820301BB1C3
:10B31000002142F820101970019B23B1002142F84E
:10B320002030587019702CB1002201A96846FFF72F
:10B33000D5FA0446204604B010BD0B24FAE700BF3E
:10B34000083A00202DE9F04FB9B0144603910546A4
:10B35000002800F0608102F03F073A4605A903A8E3
:10B36000FFF7BCFA0090002840F04F81059E03993A
:10B370002E6017ABF3600BA80B96FFF709FE014692
:10B3800020B99DF95730002BB8BF062114F01C0FCF
:10B3900000F0E780002900F0A180042940F09A80A5
:10B3A0009DF857A0DDF82C801AF0A00440F09180A1
:10B3B000D8F80C2032F8143033BB13AA07CA08ABF4
:10B3C0001AF0010F83E8070000F02D814023DFF819
:10B3D0000CB48DF857304FF0010908AA07CA13AB17
:10B3E00003C323F8022BB9F1050F4FEA1242D8F834
:10B3F0000CC01A700AD9ACF102014B4631F8022F89
:10B40000002A49D19BB203E00134D3E71FFA89F344
:10B4100008A8072203F00F0C0CF13001392988BF6E
:10B420000CF13701013A9E4600F8011D4FEA131353
:10B4300002D0BEF10F0FEDD802F1E0036B447E2184
:10B4400003F8C81C0DF14B010023934205D011F8FD
:10B45000010F202803F1010C2DD1072A9CBF02F116
:10B46000E001694403F101030BA8184496BF11F8E9
:10B47000C81C20210132082BC177EED10BA8FFF7A1
:10B48000E1FC0146002840F0C98009F10109B9F149
:10B49000640FA2D107211DE0102002F0010C0CEB7B
:10B4A000430313F4803F18BF83EA0B0301384FEACC
:10B4B0005202F2D1A2E76346C7E7824601210BA8F8
:10B4C000FFF707FC0146002800F0C4800429E1D002
:10B4D00000E0062100232B6000918EE0640700F15C
:10B4E00096809DF8323013F0110FD3D146E1DAF88F
:10B4F0001830984280F06F81044621465046FFF78D
:10B5000019FBA346044660B949463046FFF7FDF8EB
:10B5100008F1FF33336101460028DBD147F04007D3
:10B5200029E0012800F05781411C18D0594600221B
:10B530005046FFF755F901460028CBD1DAE905322C
:10B54000911E8B4208D20133CAF814309AF80530A4
:10B5500043F001038AF805309442CED3D4E70121A9
:10B56000B8E70029B6D19DF83230DA0651D4A407E5
:10B5700001D5D8078ED4336A12992B62696230786C
:10B58000FFF7D0FAA860034601F11C00FFF740F86E
:10B59000F188A9800022B9060446E860AA622F74E7
:10B5A0006A74EA616A6128D538B372896861B0EB60
:10B5B000023F4FEA023712D919462868FFF7BAFA54
:10B5C00001280346A4EB07041BD9421C1BD0BC4234
:10B5D000F2D80021AB6100297FF47CAF00E0AB61C1
:10B5E000C4F30B024AB119463046FFF713F800289E
:10B5F00000F0F18000EB1430E861009839B0BDE84C
:10B60000F08F0221E6E70121E4E7009962E70821D3
:10B6100060E704215EE709230093EEE704287FF446
:10B6200059AF8DF857A01AF0020F18BF0C344FF025
:10B6300000010BA818BF0D23DDF82C9016BFB4FB3A
:10B64000F3F401240134FFF7BDFB014600287FF429
:10B650003DAF824611994846FFF757F8014600284A
:10B660007FF434AF129B1B78E52B02D0002B7FF4C4
:10B6700024AF0AF1010A54457FF420AF013C5DD0AC
:10B680000F990BA8A1EB4411FFF79CFB0146002882
:10B690007FF420AF13A8FEF7D9FF4FF6FF79029091
:10B6A00011994046FFF731F8014600287FF412AFA8
:10B6B000129B029AD8F80CB05A73E1B24FF00F0205
:10B6C0004FF00D0CDA724A1E0CFB02F2DFF810A1EB
:10B6D00018739876D87601928446484518BF019A27
:10B6E0001AF801EB18BF3BF8120003F80E001CBF5C
:10B6F000013201920CF1010C03EB0E024FEA102E05
:10B70000002808BF4846BCF10D0F82F801E0E4D1E3
:10B71000484503D0019A3BF812200AB941F0400194
:10B7200019700123002188F804300BA8FFF7D1FA23
:10B73000014600287FF4CEAE013CB1D111994046BC
:10B74000FEF7E3FF014600287FF4C4AE129C1522E9
:10B7500004F10B0002F089FD13AB03CB1A889B7830
:10B76000A3729DF85730206003F018032373012360
:10B770006160228147F0080788F804303807129981
:10B780007FF5F9AE00245C2321224B744B768C7339
:10B79000CC730A748C75CC750A763078FFF7C2F9D1
:10B7A0002023CB728C76CC7633780C77032B4FF03A
:10B7B000010304BF0C754C754C778C77CC778046B1
:10B7C000337100283FF4AAAE9842D6F82090DDF8F5
:10B7D0002CA07FF48CAE02217CE600BF211001007A
:10B7E000BC0A01082DE9F04F9A4685B0002389462E
:10B7F000CAF8003003A904461546FEF74BFF06467B
:10B8000010BB667C06BB94F810B01BF001030093DC
:10B8100000F08680E7686369FF1AAF4228BF2F46B1
:10B8200097B16169DDF80C80C1F30B03002B5ED189
:10B83000B8F80A50013D15EA11351BD141B9A0688D
:10B84000012810D802266674304605B0BDE8F08F96
:10B85000A36A1BB12046FEF7E8FEF1E7A169206864
:10B86000FFF768F9ECE7431C03D10123009E6374E2
:10B87000EAE7A061A1694046FEF7CCFE0028E1D0CE
:10B88000B7F5805F05EB000230D3B8F80A100192DB
:10B8900005EB173088424FEA173B88BFA1EB050B39
:10B8A00098F801005B464946FEF768FE0028DCD1A7
:10B8B00098F8041069B1D8F82000019A801A584508
:10B8C00007D24FF4805208F1340109EB003002F046
:10B8D00070FD4FEA0B35DAF800302B44CAF800301F
:10B8E00063692B447F1BA944636199E7E261656941
:10B8F000E169C5F30B05C5F58055BD42404628BF3B
:10B900003D46FEF702FF0028AFD1616908F1340817
:10B91000C1F30B012A464144484602F04AFDDAE7EA
:10B92000072691E72DE9F04F9A4685B00023894616
:10B93000CAF8003003A904461746FEF7ABFE0546D9
:10B9400050BB657C45BB237C9A0740F1AB806369A3
:10B95000FB4200D3DF43DFB16169039EC1F30B03F8
:10B96000002B40F08380B6F80A8008F1FF3818EA0F
:10B97000113824D131B9A068A0B901462046FFF79B
:10B9800030F904E0A36A5BB12046FEF74EFE48B9E9
:10B99000237C43F040032374284605B0BDE8F08FB4
:10B9A000A169EBE7012802D102256574F4E7431C85
:10B9B00001D10125F9E7A368A06103B9A060326A4B
:10B9C000E3699A4204D13046FEF77EFE0028F0D1AA
:10B9D000A1693046FEF71EFE0028E5D0B7F5805F6E
:10B9E00008EB000B35D3718908EB173088424FEA1A
:10B9F0001733707888BFA1EB08035A464946019374
:10BA0000FEF7D6FD80460028D3D1316A019BA1EB19
:10BA10000B0199420AD24FF4805209EB013106F131
:10BA2000340002F0C6FC019B86F804804FEA03381C
:10BA3000DAF80030E2684344CAF8003063694344EE
:10BA4000A7EB0807C14463619A422CBFE260E36040
:10BA500081E76169E368994206D33046FEF734FE18
:10BA60000028A6D1C6F820B0C4F81CB06369E1690B
:10BA7000C3F30B08C8F58058B845304628BFB84610
:10BA8000FEF743FE002894D1636906F13400C3F346
:10BA90000B0318444246494602F08BFC4FF0010369
:10BAA0003371C5E7072577E72DE9F34101A905467D
:10BAB000FEF7F0FD002840F09380287C10F0400055
:10BAC00000F08E80019C296A2046FEF71EFE0028A9
:10BAD00040F086806B6ADA7A42F02002DA72AA6855
:10BAE00029689A76C2F30720D8760978032901BF1E
:10BAF000120C1A75120A5A75EA681A77110A5977E0
:10BB0000110C9977120E2121DA77197600225C2127
:10BB10009A75DA7559769A74DA740123237120467E
:10BB2000FEF7D2FD0646002856D194F80580B8F1FC
:10BB3000010F49D123786071032B45D104F13407FB
:10BB400001464FF48052384602F08FFB41225223C7
:10BB500084F8372084F81A22626984F8343084F833
:10BB60003530612384F8363084F81B32130A84F8A8
:10BB70001C2284F81D32130C120E84F81F22226935
:10BB800084F81E32130A84F8202284F82132130C20
:10BB9000120E84F82322626A84F82232552372211D
:10BBA00084F832320132AA2384F8181284F8191268
:10BBB00084F83332607884F8306284F8316222622B
:10BBC00043463946FEF7F4FC002260781146FEF742
:10BBD00009FD003818BF01202B7C23F040032B7493
:10BBE00002B0BDE8F08113B50446FFF75DFF28B948
:10BBF00001A92046FEF74EFD00B9206002B010BD3D
:10BC00002DE9F74F0D4601A90446FEF743FD064610
:10BC1000E8B9667CDEB9A36A002B5DD06A1C39D115
:10BC20001D46D4F8088055F804BB0227B8F1000F70
:10BC300028D040464FF0000A014681462068FEF7B2
:10BC400079FF01280AF1010A07D8022666743046F6
:10BC500003B0BDE8F08F8046EBE7431C01D101261D
:10BC6000F4E709F101098145E6D00237BB4521BF60
:10BC70002B4643F808ABC5F804801D46019B9B6921
:10BC80008342E8D8A36A5F451F6000F29B800023CF
:10BC90002B60DCE7E3689D4228BF1D466561002DEF
:10BCA000D5D06F1E39462046FEF7BFFC019AA06131
:10BCB00001461046FEF7AEFC0028C6D0C5F30B05C2
:10BCC0005189002DC3D0013901EA17310844E369D5
:10BCD0008342BCD0E061BAE7E368AB4204D2227C85
:10BCE00012F0020F08BF1D460022636962617DB930
:10BCF0000020E2686369934282BF227CE36042F0E5
:10BD00004002C3F30B0388BF2274002B9FD0DEE7F1
:10BD1000DDF80480B8F80A703F037BB1013B6A1E6E
:10BD2000B3FBF7F1B2FBF7F28A4207D37A42134032
:10BD3000A1696361ED1A0029DAD002E0A16899B126
:10BD4000A161BD4263691CD863692B446361C5F37B
:10BD50000B03002BCCD04046FEF75CFC00283FF4E0
:10BD600074AF00EB1530C4E72046FEF73AFF012818
:10BD700001463FF46AAF481C3FF471AFA160A16176
:10BD8000D9E73B446361237C9A07A5EB070906D5F5
:10BD90002046FEF726FF054628B90146D4E720686D
:10BDA000FEF7C8FE05466B1C3FF459AF012D7FF628
:10BDB0004CAFD8F81830AB427FF647AFA5612946A3
:10BDC0004D46BEE7112642E77F2801D880B2704772
:10BDD000B0F5803F11D240F2B51399420DD1084A17
:10BDE000002332F8021B814201D19BB202E00133F1
:10BDF000802BF6D18033D8B270470020704700BF47
:10BE0000780D0108B0F5803FF0B522D21F4A2049D5
:10BE100083B2B3F5805F38BF0A46141D34F8042C92
:10BE20002146AAB1934213D334F8025C2E0AEFB232
:10BE300052FA85F5A84223DA082E09D8DFE806F081
:10BE4000050A10131517191B1D00801A34F810303D
:10BE50001846F0BD9A1A02F001029A1A93B2F7E757
:10BE6000103B9BB2F4E7203BFBE7303BF9E71A3B82
:10BE7000F7E70833F5E7503BF3E7A3F5E353F0E7C3
:10BE80000434002ECAD101EB4702C6E7CA0A0108F2
:10BE9000860B010870B5044688B01422002103A85F
:10BEA00002F0E3F92368B3F1A04F2ED1184C1948E2
:10BEB00000250195236B43F001032363236B03F0FB
:10BEC000010301934FF4C052019B0223CDE90323E8
:10BED0000A26032303A9CDE90636F7F77BFB636B3C
:10BEE00043F0800363630295636C43F480436364AF
:10BEF000636C03F48043029343202A463146029B3D
:10BF0000F7F712FE4320F7F741FE08B070BD00BFFF
:10BF1000003802400000024000F29C41D0F8E004EA
:10BF2000F9F715BB242303FB0103D0F8E004D3F891
:10BF30006022F9F73CBB242303FB0103D0F8E004A3
:10BF40001A6AF9F76EBBD0F8E004F9F70ABC10B52D
:10BF5000C179044621B1022901D000F0A7F90121DD
:10BF6000D4F8E004F9F7E1FBD4F8E004BDE81040B0
:10BF7000F9F7ABBB10B50446D0F8E004F9F7D8FBED
:10BF80002268D2F8003E43F00103C2F8003EE37A93
:10BF900023B1034A136943F00603136110BD00BFC8
:10BFA00000ED00E0D0F8E004F9F7D0BBD0F8E004F1
:10BFB000F9F7F7BBD0F8E004F9F7E0BBD0F8E004FC
:10BFC000F9F702BCD0F8E004F9F700BC08B5027834
:10BFD000034622BB1348C0F8E034C3F8C8024FF050
:10BFE000A0430360042303714FF40073C380022352
:10BFF000437242810273C281F5F7CBFD08B100F0B4
:10C0000055F980210748F6F709FB40220021054831
:10C01000F6F7E5FA034880220121F6F7E0FA00205E
:10C0200008BD00BF944A002011F0800FD0F8C8323C
:10C030004FF024021BBF01F07F0102FB013302FB22
:10C040000133987D08BF93F856027047D0F8C802B4
:10C05000F5F7C5BE004870470C3A0020704718B18C
:10C0600002280CBF01200320704708B5D0F8C80291
:10C07000F5F7FEFDBDE80840FFF7F1BF10B5144627
:10C08000D0F8C8021A462346F5F724FEBDE8104052
:10C09000FFF7E5BF08B5D0F8C802F5F754FEBDE8D4
:10C0A0000840FFF7DCBF08B5D0F8C802F6F77EFA03
:10C0B000BDE80840FFF7D3BF08B5D0F8C802F5F7D0
:10C0C000B1FEBDE80840FFF7CABF08B5D0F8C80206
:10C0D000F5F7DFFEBDE80840FFF7C1BF08B5D0F8AF
:10C0E000C802F5F7E4FDBDE80840FFF7B8BF08B5A2
:10C0F000D0F8C802F5F77BFEBDE80840FFF7AFBFF8
:10C1000008B5D0F8C802F5F74CFEBDE80840FFF7C7
:10C11000A6BF000008B50F490F480022F9F7D9F96A
:10C1200008B100F0C3F80D490B48F9F7E5F908B17B
:10C1300000F0BCF80A490848F9F76CFF08B100F0B4
:10C14000B5F80548F9F7F1F918B1BDE8084000F075
:10C15000ADB808BDD0000020784F00203C00002082
:10C16000EC000020122301480B807047BC00002027
:10C17000042301480B807047B8000020002370B5ED
:10C180004D1C1E46040FB0F1204F34BF30343734FD
:10C1900001F8134005F813600133DCB2A2424FEA04
:10C1A0000010EFD870BD00001A2310B50B800A4BA9
:10C1B000D3F8100AD3F8182A80180AD0D3F8144AF2
:10C1C00006490822FFF7DAFF042210312046FFF764
:10C1D000D5FF034810BD00BF0070FF1F9E00002068
:10C1E0009C00002010B5044C04480A462146F9F78B
:10C1F0006CFD204610BD00BF5452002041010108D3
:10C2000010B5044C04480A462146F9F75EFD204665
:10C2100010BD00BF545200205401010810B5044C59
:10C2200004480A462146F9F750FD204610BD00BFDC
:10C23000545200206101010810B5044C04480A461C
:10C240002146F9F742FD204610BD00BF54520020A0
:10C250006C01010800207047034B1B680B604FF412
:10C2600080531380002070479810002000207047F2
:10C2700008B5104600031A03FDF73AF9002008BD7F
:10C2800008B5104600031A03FDF722F9002008BD87
:10C2900000207047002070470268034B9A4201D18A
:10C2A000F7F79CBC704700BF0010004008B5044C75
:10C2B00020460121F7F76BFA6420F7F7A1FCF7E7B6
:10C2C0000008024030B595B0102200210AA801F004
:10C2D000CCFF1422002103A801F0C7FF1F4B00214F
:10C2E00001911A6C42F080521A641B6C03F0805367
:10C2F0000193019B1A4B02911A6842F480421A6022
:10C300001B6803F480430293029B01214FF48033A6
:10C310000224CDE908134FF48003CDE90E43042530
:10C320009023CDE9105308A8062312941393F6F72F
:10C3300097FE08B1FFF7BAFF0F23CDE9033405904C
:10C340004FF4A0524FF48053294603A8CDE90623A9
:10C35000F7F762F80028EDD115B030BD0038024083
:10C360000070004008B5F7F71FFCFFF7ABFF00F0C7
:10C3700027F800F059FA00F0D5FB00F03DFF00F07F
:10C38000B3FA00F017FB00F033FB00F0A3FE00F05F
:10C39000ABFC00F0DDFC00F0FDFC00F0FDFE00F069
:10C3A00037F900F0BBF900F02BFD00F041FD00F083
:10C3B0004FFCFCF7EDF800F0DFF8FCF7FBF8FEE7C8
:10C3C0002DE9F0438DB01422002107A801F04DFFA4
:10C3D0000024564B01941A6B554F564EDFF85C9172
:10C3E000DFF85C8142F010021A631A6B02F010024F
:10C3F0000192019A02941A6B42F004021A631A6BBA
:10C4000002F004020292029A03941A6B42F0800234
:10C410001A631A6B02F080020392039A04941A6B57
:10C4200042F001021A631A6B02F001020492049AAC
:10C4300005941A6B42F002021A631A6B02F00202B0
:10C440000592059A06941A6B42F008021A631B6B58
:10C4500003F008030693384601220E21069BF7F7E6
:10C4600091F93046012242F60501F7F78BF9224691
:10C4700030464DF28A41F7F785F9224648464FF497
:10C480000041F7F77FF9224640460C21F7F77AF989
:10C49000404601224021F7F775F92246384601212E
:10C4A000F7F770F901250F2307A93846CDE90735BD
:10C4B000CDE90944F7F78EF8102307A93846CDE9EE
:10C4C00007340994F7F786F84FF68F4307A93046EB
:10C4D000CDE90735CDE90944F7F77CF84FF470430F
:10C4E00007A915480994CDE90734F7F773F84023F5
:10C4F00007A93046CDE907340994F7F76BF84FF4F4
:10C50000004307A94846CDE90735CDE90944F7F7C7
:10C5100061F84C2307A94046CDE90735CDE9094428
:10C52000F7F758F80DB0BDE8F08300BF00380240BF
:10C5300000100240000802400004024000000240D7
:10C54000000C0240704700207047000008B5094CFD
:10C55000012211462046F7F715F96420F7F750FB42
:10C56000204600220121F7F70DF96420F7F748FB78
:10C57000EEE700BF0008024008B51648FCF78EF849
:10C58000154B18601548FCF789F8154B18601548CD
:10C59000FCF784F8144B154A186000210120FCF7C1
:10C5A000F7F8134B134A186000210120FCF7F0F84C
:10C5B000114B124A186000210120FCF7E9F8104BDA
:10C5C000104A186000211048FCF718F80F4B18604B
:10C5D00008BD00BFEC0E010868540020DC0E010805
:10C5E00064540020CC0E010860540020BC0E0108E9
:10C5F0005C540020AC0E0108585400209C0E010829
:10C6000054540020FC0E01081DA000086C540020AA
:10C610001FB510220021684601F027FE1548164A72
:10C620000023C0E900234FF00072012482604FF024
:10C6300080514FF06062C0E90A210361037680F8FF
:10C640002030C360C46180F830404461F7F7F0FAED
:10C6500008B1FFF72BFE0323CDE900340548002382
:10C6600069460293F7F7A6FB08B1FFF71FFE04B077
:10C6700010BD00BFD05400200020014070B5064618
:10C6800088B01422002103A801F0EFFD32681F4B8F
:10C690009A4238D1002503F58C3301955A6C1C4819
:10C6A0001C4C42F480725A645A6C02F480720192FB
:10C6B000019A02951A6B42F001021A631B6B03F098
:10C6C00001030293029B0822032303A9CDE903235C
:10C6D000F6F780FF104BA561C4E900354FF4806385
:10C6E000C4E904354FF480714FF400332046C4E9A7
:10C6F0000255C4E907136562F7F768F808B1FFF758
:10C70000D5FDB463A66308B070BD00BF0020014032
:10C7100000000240705400207064024013B51148BC
:10C72000114B03600024CDE90044F7F7D4FB08B1B6
:10C73000FFF7BCFD14230B4800226946CDE9003405
:10C74000F7F70DFC08B1FFF7B1FD00230548009392
:10C7500010226946F7F703FC08B1FFF7A7FD02B006
:10C7600010BD00BF945500200074004070B5054610
:10C7700088B01422002103A801F077FD2A68264B17
:10C780009A4247D103F5E233002601961A6C2348FA
:10C79000234C42F000521A641A6C02F000520192CB
:10C7A000019A02961A6B42F001021A631B6B03F0A6
:10C7B00001030293029B3022032303A9CDE9032343
:10C7C000F6F708FF17494FF06063C4E900134023F0
:10C7D0004FF48060C4E902364FF40063C4E90403F7
:10C7E0004FF4005C4FF48073C4E906C320464FF455
:10C7F0008033C4E90836F6F7E9FF08B1FFF756FDC4
:10C80000AC60362000220F21A563F7F78DF93620A2
:10C81000F7F7BCF908B070BD00740040000002409A
:10C82000345500208860024007B500232B4A00934E
:10C83000116B2B4841F480011163116B01F48001ED
:10C84000009100990193116B41F400111163126B77
:10C85000036202F400120192019A224A8021C0E987
:10C8600000234FF40072C0E902124FF4806C4FF4C1
:10C870000062C0E904C24FF40052C0E906234FF041
:10C88000040E0322C0E909E2C0E90B33F6F79EFF6C
:10C8900008B1FFF70BFD002208213820F7F744F913
:10C8A0003820F7F773F9002208213B20F7F73CF90D
:10C8B0003B20F7F76BF9002205213C20F7F734F90C
:10C8C0003C20F7F763F9002207214520F7F72CF900
:10C8D000452003B05DF804EBF7F758B90038024083
:10C8E000A8550020A064024010B516484FF0204320
:10C8F00088B000224FF48051036003F58273052451
:10C90000C0E90132C0E90A1210230F21C0E9053243
:10C91000CDE90141CDE90341059301A91123C0E906
:10C920000322C0E90722C0E90C2207924262826317
:10C9300042640693F7F7A6FB08B1FFF7B7FC08B00F
:10C9400010BD00BF0C560020F0B587B00023039344
:10C95000144B1C6824BB01221A60134B00949A6B81
:10C96000124842F001029A639B6B03F001030093AB
:10C97000009B02274FF6807303260C2501A9CDE901
:10C980000137CDE90465F6F725FE4CF6B373084888
:10C99000059501A9CDE90137CDE90346F6F71AFE61
:10C9A00007B0F0BD085600200038024000100240D9
:10C9B000000C024008B50B480B4A0C4BC0E90023A1
:10C9C00000234FF48042C0E90233C0E90423C0E9E8
:10C9D00006330362F7F7CEFC18B1BDE80840FFF755
:10C9E00065BC08BDB056002000540040801A060007
:10C9F00008B50B480B4A0C4BC0E9002300234FF449
:10CA00008042C0E90233C0E90423C0E9063303626F
:10CA1000F7F7B0FC18B1BDE80840FFF747BC08BD08
:10CA20005C560020005C0040801A06002DE9F041B1
:10CA300014228AB0044600210DEB020001F015FC1F
:10CA40002368324A934224D1314C32480025009564
:10CA5000236B43F002032363236B03F00203009371
:10CA6000009BC0221223CDE9052303210423CDE935
:10CA7000081305A9F6F7AEFD0195236C43F40013E6
:10CA80002364236C03F400130193019B0AB0BDE8F7
:10CA9000F081214A9342F9D11D4C2048002502958E
:10CAA000236B43F004032363236B03F0040302931B
:10CAB000029B0395236B43F001032363236B03F075
:10CAC00001030393039B4FF012084FF400730327F5
:10CAD000042605A9CDE90538CDE90876F6F77AFDF3
:10CAE0004FF480730E48099605A9CDE90538CDE9C4
:10CAF0000757F6F76FFD0495236C43F40003236496
:10CB0000236C03F400030493049BBFE7005400402C
:10CB10000038024000040240005C0040000802406F
:10CB2000000002400E480F4A08B54FF48273C0E976
:10CB3000002300234FF40072C0E90233C0E904333C
:10CB4000C0E90623C0E9083383620A23C362F7F70A
:10CB5000C1FE18B1BDE80840FFF7A8BB08BD00BF83
:10CB6000C45700200030014070B5064688B014223A
:10CB7000002103A801F079FB32682F4B9A4259D16A
:10CB8000002503F5843301955A6C42F480525A64AF
:10CB90005A6C02F480520192019A02951A6B42F08B
:10CBA00002021A631B6B03F002030293029B3820FC
:10CBB0000223CDE9030303240523204803A9CDE97B
:10CBC0000643F6F707FD1E4CDFF880C04FF0C06348
:10CBD000C4E900C34FF48063C4E9043520464FF430
:10CBE0008033C4E90255C4E90655C4E90835F6F7AF
:10CBF000EDFD08B1FFF75AFB124AF464A663124C2C
:10CC00004FF0C063C4E9002300234FF48062C4E9FD
:10CC1000042340214FF480322046C4E90213C4E9C2
:10CC20000633C4E90823F6F7D1FD08B1FFF73EFB50
:10CC3000B464A66308B070BD003001400004024037
:10CC400064570020586402400457002010640240DA
:10CC500010B58AB000241022002102A801F005FBC3
:10CC60001022214606A8CDE9004401F0FEFA1C4836
:10CC70001C4B8460C0E900344FF6FF73C0E90334F5
:10CC80008461F4F71FFE08B1FFF710FB4FF48053E7
:10CC90001348029302A9F4F7CBFC08B1FFF706FB97
:10CCA0000F48F4F77BFE08B1FFF700FB00240C48A7
:10CCB0006946CDE90044F4F705FF08B1FFF7F6FA3D
:10CCC0000123CDE90734064806940423082206A967
:10CCD0000993F4F717FC08B1FFF7E8FA0AB010BDA2
:10CCE000545C00200004004010B58CB014220021D8
:10CCF00004A801F0BAFA1448144B002401210422BC
:10CD0000C0E900344FF6FF73C0E90334CDE90512E2
:10CD10000323CDE9091203A9CDE9014484608461AC
:10CD2000039307930B93F4F76FFE08B1FFF7BEFA76
:10CD3000054801A9CDE90144F4F7C4FE08B1FFF7A5
:10CD4000B5FA0CB010BD00BFA05B00200008004089
:10CD500013B50E4B0E480024C0E900344FF6FF73A4
:10CD6000CDE900448460C3608461F4F7ABFD08B191
:10CD7000FFF79CFA202306486946CDE90034F4F712
:10CD8000A1FE08B1FFF792FA02B010BD00140040F6
:10CD9000EC5A00207FB51022002102A801F065FAAC
:10CDA0001548164995220023C0E900120E22CDE94C
:10CDB0000033C0E90323C0E905338360F4F782FD43
:10CDC00008B1FFF773FA4FF480530B48029302A99E
:10CDD000F4F72EFC08B1FFF769FA20220023064879
:10CDE0006946CDE90023F4F76DFE08B1FFF75EFA5E
:10CDF00007B05DF804FB00BF385A00200004014072
:10CE000009480A4A08B50023C0E900234FF6FF721B
:10CE1000C0E9032383608361F4F754FD18B1BDE8D2
:10CE20000840FFF743BA08BDD05800200044014035
:10CE300009480A4A08B50023C0E900234FF6FF72EB
:10CE4000C0E9032383608361F4F73CFD18B1BDE8BA
:10CE50000840FFF72BBA08BD1C58002000480140CD
:10CE600007B50368154A934215D1154B002200926D
:10CE7000596C41F0010159645B6C03F001030093AC
:10CE800005211A20009BF6F74FFE1A2003B05DF82B
:10CE900004EBF6F77BBE0B4A93420BD100230193C0
:10CEA000074B5A6C42F480325A645B6C03F4803353
:10CEB0000193019B03B05DF804FB00BF000001403B
:10CEC000003802400040014010B504468CB01422E6
:10CED000002107A801F0C9F92368394A934228D1F3
:10CEE000384B3948002401941A6C42F002021A644B
:10CEF0001A6C02F002020192019A02941A6B42F03B
:10CF000004021A631B6B03F0040302934FF4807254
:10CF1000029B07A90223CDE907230B93F6F75AFBDF
:10CF20001D2022460521F6F7FFFD1D20F6F72EFEF7
:10CF30000EE0264A93420DD100230393214B1A6C35
:10CF400042F020021A641B6C03F020030393039B3E
:10CF50000CB010BD1E4A93420CD100230493194B10
:10CF60005A6C42F002025A645B6C03F002030493B1
:10CF7000049BEDE7174A93420CD100230593114B14
:10CF80005A6C42F400325A645B6C03F4003305932C
:10CF9000059BDDE7104A9342DAD10A4B0022069244
:10CFA000596C41F4802159645B6C03F4802306932F
:10CFB0001A200521069BF6F7B7FD1A20B6E700BF39
:10CFC0000004004000380240000802400014004005
:10CFD00000040140004401400048014010B50446EF
:10CFE00088B01422002103A801F03FF92268134BF6
:10CFF0009A4220D103F50C33002101911A6C10489C
:10D0000042F004021A641A6C02F004020192019ABE
:10D0100002911A6B42F008021A631B6B03F00803BB
:10D020000293029B4FF44052022303A9CDE903234C
:10D030000793F6F7CFFA08B010BD00BF0008004014
:10D04000000C024010B5044688B01422002103A849
:10D0500001F00BF923681A4A934218D10023019377
:10D06000184B19481A6B42F001021A631B6B03F04C
:10D07000010301934FF4C061019B0223CDE9031327
:10D080000123079303A9F6F7A5FA08B010BD0F4ACC
:10D090009342FAD1002302930A4B0D481A6B42F0D7
:10D0A00010021A631B6B03F010030293029B2022F1
:10D0B0000223CDE903230323079303A9E3E700BF7A
:10D0C00000000140003802400000024000400140E2
:10D0D0000010024010B5002492B01C22214603A883
:10D0E000CDE9014401F0C1F8214620220AA801F04F
:10D0F000BCF82748274984608F23C0E9001340F219
:10D10000CF73C0E90334C0E90544F4F711FC08B15A
:10D11000FFF7CCF81E4801A9CDE90144F4F7D2FC91
:10D1200008B1FFF7C3F8602241F287330024CDE94C
:10D13000032317480994042203A9CDE90544CDE946
:10D140000744F4F74FF908B1FFF7B0F8042310488B
:10D150000494082203A90793F4F744F908B1FFF7F0
:10D16000A5F800234FF4005209480E930AA9CDE90F
:10D170000A33CDE90C330F921193F4F7E1FC08B1B7
:10D18000FFF794F80248FFF75DFF12B010BD00BF33
:10D19000085D00200000014000B589B01C2200217C
:10D1A00001A801F062F81248124940F26713C0E981
:10D1B000001363220023C0E9023203618361F4F7A4
:10D1C000B7FB08B1FFF772F860223123CDE90123E4
:10D1D0000748002201A903920592F4F703F908B168
:10D1E000FFF764F80248FFF72DFF09B05DF804FB74
:10D1F00084590020004001400B480C4A08B54FF408
:10D20000E133C0E9002300230C22C0E90233C0E966
:10D2100005230361C361F8F7DFF818B1BDE80840E2
:10D22000FFF744B808BD00BFBC5D002000480040C7
:10D2300010B5044688B01422002103A801F015F8A7
:10D240002268144B9A4223D103F5F833002101914F
:10D250001A6C114842F480221A641A6C02F480227B
:10D260000192019A02911A6B42F002021A631B6B3F
:10D2700003F002030293029B4FF440620223032156
:10D28000CDE903230723CDE9061303A9F6F7A2F995
:10D2900008B010BD0048004000040240FEE7FEE771
:10D2A000FEE7FEE7FEE7704708B50448F3F706FF20
:10D2B000BDE808400248F3F701BF00BF085D002049
:10D2C0001C5800200148F3F7F9BE00BF545C002051
:10D2D00008B5054803790BB1F6F711FEBDE8084023
:10D2E0000248F3F7EBBE00BF94550020045E002017
:10D2F0000148F6F723BB00BF645700200148F6F74A
:10D300001DBB00BF045700200148F6F717BB00BF44
:10D31000705400200148F4F701BE00BF944A002079
:10D320000148F6F70BBB00BFA855002082B00E4B9A
:10D3300000220092596C41F480415964596C01F407
:10D340008041009100990192196C41F0805119645B
:10D350001B6C03F080530193019B0F216FF00100C0
:10D3600002B0F6F7E1BB00BF00380240F6F736BC6A
:10D3700070B588B000230293224B1A6C42F0100261
:10D380001A641B6C03F010030293054601A903A85D
:10D39000029BF6F701F9069B73BBF6F7DDF81A4E10
:10D3A0001A4B336040F2E733F360194BB0FBF3F3F1
:10D3B000013B7360304600233361B360B361F4F71F
:10D3C00081FA044680B93046F3F73EFE044658B968
:10D3D0003620F6F7DBFB0F2D12D8224629463620E1
:10D3E000F6F7A2FB0B4B1D600B4A07480E21F3F723
:10D3F00005FF204608B070BDF6F7AEF84000CEE756
:10D400000124F1E700380240045E002000100040D3
:10D4100040420F00080000206DD300080B4A11683D
:10D4200010B5034609B90A491160106809490A4C48
:10D430000344091B8B4206D900F086FF0C230360CE
:10D440004FF0FF3010BD1360FCE700BFB85E002056
:10D45000086000200000022000100000012070473A
:10D4600008B500F071FF162303604FF0FF3008BDD0
:10D4700008B500F069FF16230360FEE770B50D469E
:10D4800014460E46731B9C4201DC204670BDAFF370
:10D49000008006F8010BF5E770B50D4614460E4600
:10D4A000731B9C4201DC204670BD16F8010BAFF3E4
:10D4B0000080F5E74FF0FF3070474FF400534B60AA
:10D4C000002070470120704700207047DFF834D0FB
:10D4D000F3F726FD0C480D490D4A002302E0D4580D
:10D4E000C4500433C4188C42F9D30A4A0A4C0023AE
:10D4F00001E013600432A242FBD300F02BFFFEF7E1
:10D5000031FF70470000022000000020D4020020FC
:10D5100034110108D402002008600020FEE700005A
:10D5200051EC100BC1F30A532DE9F041A3F2FF3681
:10D53000132E0C46054680462EDC002E11DA32A34F
:10D54000D3E90023F2F74AFE00220023F3F78CFA16
:10D5500020B1002C4FDB254351D12C4621462846D3
:10D5600023E02B4F374101EA070303431DD026A3D5
:10D57000D3E90023F2F732FE00220023F3F774FA16
:10D580000028EBD0002CC2BF4FF480133341E418C5
:10D5900024EA07040025E1E7332E0ADDB6F5806FA3
:10D5A00003D102460B46F2F719FE41EC100BBDE821
:10D5B000F081A3F213434FF0FF37DF403842F4D03D
:10D5C00011A3D3E90023F2F709FE00220023F3F7A9
:10D5D0004BFA0028C2D0002C0ADD142E01D10134F0
:10D5E00006E0C6F134060123B3401D44A845F6D831
:10D5F00025EA0705B2E700254FF00044AEE7054CE9
:10D600000025ABE7AFF300809C7500883CE4377ED3
:10D61000FFFF0F000000F03F024B0146186800F0CA
:10D620002DB800BF18010020024B0146186801F018
:10D6300027BD00BF1801002070B50F4E0C463168A1
:10D64000054611B900F05EFE30602146284600F024
:10D6500059FE431C03D14FF0FF34204670BDC41C5B
:10D6600024F00304A042F8D0211A284600F04AFE14
:10D670000130F2D1EFE700BFBC5E00202DE9F84396
:10D68000CD1C25F0030508350C2D38BF0C25002DC9
:10D69000064601DBA94204D90C2333600020BDE813
:10D6A000F883DFF8D48000F069F8D8F800301C4621
:10D6B00044BB29463046FFF7BFFF431C044658D100
:10D6C000D8F800402746002F43D1002C4BD02368C8
:10D6D0003946304604EB030900F014FE814542D17F
:10D6E00021686D1A29463046FFF7A6FF01303AD06F
:10D6F00023682B442360D8F800305A6862BBC8F80E
:10D7000000700FE02268521B20D40B2A17D9611930
:10D71000A342256018BF5960636808BFC8F80010AD
:10D7200062514B60304600F02FF804F10B00231DCE
:10D7300020F00700C21A1CBF1B1AA350AFE7626893
:10D74000A3420CBFC8F800205A60EBE72346646888
:10D75000AEE73C467F68B6E71A465B68A342FBD15A
:10D7600000235360DEE70C233360304600F00CF8F2
:10D7700094E70560D6E700BFC05E0020014800F0D6
:10D780000EBE00BF04600020014800F009BE00BFCB
:10D79000046000202DE9FF4757EC106B002F0C466A
:10D7A00019463B46BBBF07F100431F4600232D230C
:10D7B0000B700D9BDDF830A0914623F02008BCBF14
:10D7C00032461646B8F1460F05D0B8F1450F00D1E4
:10D7D0000134022100E0032103AB019302AB00936B
:10D7E00047EC106B5346224600F07AFEB8F1470F23
:10D7F000054619D119F0010F0ED000EB04090022E3
:10D80000002330463946F3F707F908B1CDF80C90FC
:10D810003022039B4B451ED3039B0E9A5B1B28466D
:10D82000136004B0BDE8F087B8F1460F00EB0409BF
:10D83000E5D10378302B0AD1002200233046394647
:10D84000F3F7EAF818B9C4F10104CAF80040DAF8AD
:10D8500000309944D3E7591C03911A70D9E7F7B502
:10D860000029BABF49422D232B2309290270437096
:10D8700029DD0DF107031D460A271A46B1FBF7F60D
:10D8800007FB1614303402F8014C0C46632C03F1EC
:10D89000FF333146F1DC3031941E03F8011C411C8A
:10D8A0002346AB420AD30DF109039B1AAC4288BF51
:10D8B000002302330344181A03B0F0BD13F8016BC0
:10D8C00001F8016FEDE7302330318370C170031D23
:10D8D000F1E700002DE9F04F8DB00C46DDF85880DF
:10D8E00016461F46054600F0D5FC0368049318460B
:10D8F000F3F70EFB00230A93D8F8003005900733A6
:10D9000023F0070303F1080294F818A0D4F800B03C
:10D91000C8F80020D3E9008929F000430793CDF827
:10D920001880C4E91289DDE906019C4B4FF0FF32F3
:10D93000F3F7A4F870BBDDE90601984B4FF0FF3216
:10D94000F3F77EF830BB0022002340464946F3F748
:10D950006DF810B12D2384F84330914A914BBAF100
:10D96000470F8CBF90469846032323612BF0040396
:10D9700023604FF00009009733460BAA2146284642
:10D9800000F0D2F9013040F08D804FF0FF300DB043
:10D99000BDE8F08F42464B4640464946F3F76EF8E5
:10D9A00040B14B46002BBCBF2D2384F843307E4A48
:10D9B0007E4BD4E763680AF0DF0206925A1C3BD123
:10D9C000062363604BF480620023226003930AAB5A
:10D9D000CDE901A309AB0093616849EC108B0DF10F
:10D9E00023032846FFF7D6FE069B0999472B80465E
:10D9F00029D1C81C02DB6368994241DDAAF1020A01
:10DA00005FFA8AFA0139524604F150000991FFF792
:10DA100026FF0A9A1318012A8146236102DC226834
:10DA2000D20701D5013323619DF82330002BA2D00A
:10DA30002D2384F843309EE7069A472AC2D1002B53
:10DA4000C0D10123BDE7BAF1650FDBD9BAF1660F8A
:10DA500018D1002963680BDD216113B92268D00752
:10DA600002D501330B442361A1654FF00009DBE7C8
:10DA700013B92268D20701D50233F4E70123F2E794
:10DA80004FF0670A0A9B994205DB23682161D8079A
:10DA9000EAD54B1CE7E70029D4BFC1F102020122FD
:10DAA0001344E0E723685A0507D423694246314608
:10DAB0002846B84701302BD167E7BAF1650F40F22D
:10DAC000DD80D4E9120100220023F2F7A5FF00282F
:10DAD00033D0374A012331462846B84701303FF456
:10DAE00054AFDDE90938434502DB2368D8070FD579
:10DAF000DDE9042331462846B84701303FF445AFFD
:10DB00004FF0000908F1FF3804F11A0AC84509DC92
:10DB100023689B0700F10381E0680B9B9842B8BF24
:10DB2000184634E70123524631462846B8470130AB
:10DB30003FF42BAF09F10109E8E7099B002B39DC21
:10DB40001B4A012331462846B84701303FF41DAF38
:10DB5000DDE9093959EA030302D12368D907D7D58A
:10DB6000DDE9042331462846B84701303FF40DAFC4
:10DB70004FF0000A04F11A0B099B5B42534501DC8C
:10DB80004B4693E701235A4631462846B8470130B1
:10DB90003FF4FBAE0AF1010AEEE700BFFFFFEF7FA3
:10DBA000DE010108DA010108E6010108E2010108CD
:10DBB000EA010108A36DDDF828A05345A8BF53462C
:10DBC000002B994636DC4FF0000B29EAE97904F185
:10DBD0001A02A36D0693A3EB09035B4531DC099B95
:10DBE0009A453ADC2368DA0737D4099BAAEB030984
:10DBF000069BAAEB03039945A8BF9946B9F1000F0C
:10DC000033DC4FF0000829EAE97904F11A0B099B8B
:10DC1000AAEB0303A3EB090343457FF779AF012385
:10DC20005A4631462846B84701303FF4AEAE08F1B7
:10DC30000108ECE7424631462846B8470130C2D1D8
:10DC4000A3E60123314628460692B84701303FF447
:10DC50009CAE069A0BF1010BBBE7DDE904233146CC
:10DC60002846B8470130C0D18FE6069A4B46424459
:10DC700031462846B8470130C3D186E6DDF828A0F2
:10DC8000BAF1010F01DCDB0736D5012342463146EC
:10DC90002846B84701303FF478AEDDE90423314629
:10DCA0002846B84701303FF470AED4E91201002293
:10DCB00000230AF1FF3AF2F7AFFEC0B9534608F16C
:10DCC000010231462846B84701300CD15DE60123F8
:10DCD0005A4631462846B84701303FF456AE08F15F
:10DCE0000108D045F3DB4B4604F15002DFE64FF06C
:10DCF000000804F11A0BF4E701234246E1E701238F
:10DD00004A4631462846B84701303FF43EAE08F156
:10DD10000108E3680B995B1A4345F0DCFCE64FF021
:10DD2000000804F11909F4E72DE9F0471646984672
:10DD30008A680B69DDF820909342B8BF13463360C0
:10DD400091F8432007460C460AB10133336023683B
:10DD5000990642BF336802333360256815F0060523
:10DD600006D104F1190AE36832689B1AAB4226DC3B
:10DD700094F843302268003B18BF012392062BD44D
:10DD800004F1430241463846C84701301ED023689B
:10DD9000226903F00603042B02BFE5683368ED1A1D
:10DDA000A3680CBF25EAE57500259342C4BF9B1A02
:10DDB000ED1800261A34B5421AD1002008E00123DC
:10DDC000524641463846C847013003D14FF0FF3034
:10DDD000BDE8F0870135C6E7E1185A1C302081F80C
:10DDE0004300224494F8451082F843100233C7E7F9
:10DDF0000123224641463846C8470130E6D0013665
:10DE0000D9E700002DE9FF470F7E0C9E782F914641
:10DE100080460C469A4601F1430207D8622F0AD881
:10DE2000002F00F0D180582F00F0B88004F1420696
:10DE300084F842703AE0A7F16303152BF6D801A1EC
:10DE400051F823F09DDE0008B1DE00082DDE000849
:10DE50002DDE00082DDE00082DDE0008B1DE0008F2
:10DE60002DDE00082DDE00082DDE00082DDE000866
:10DE7000AFDF0008DBDE000869DF00082DDE0008E8
:10DE80002DDE0008D1DF00082DDE0008DBDE0008F3
:10DE90002DDE00082DDE000871DF000833681A1D32
:10DEA0001B68326004F1420684F8423001239CE092
:10DEB00033682068191D3160060601D51D6803E02E
:10DEC0004506FBD5B3F90050002D03DA2D236D4232
:10DED00084F8433058480A2311E021683368080663
:10DEE00053F8045B02D4490648BFADB26F2F5248C5
:10DEF000336014BF0A230823002184F843106668A6
:10DF0000A660002E05DB21682E4321F0040121606C
:10DF10004BD01646B5FBF3F103FB1157C75D06F86E
:10DF2000017D2F46BB420D46F4D9082B0BD1236847
:10DF3000DF0708D5236961689942DEBF302306F800
:10DF4000013C06F1FF36921B2261CDF800A04B4642
:10DF500003AA21464046FFF7E7FE01304AD14FF0C1
:10DF6000FF3004B0BDE8F087236843F0200323604E
:10DF70003248782784F84570236831681F0651F8C5
:10DF8000045B02D45F0648BFADB23160D90744BF1D
:10DF900043F0200323601DB11023ADE72648E9E7D5
:10DFA000236823F020032360F6E71646BDE73368B5
:10DFB00025686169181D30602E061B6801D519603F
:10DFC00002E06806FBD51980002323611646BCE7F2
:10DFD00033681A1D32601E68626800213046F2F70D
:10DFE00047FF08B1801B606063682361002384F8E9
:10DFF0004330AAE72369324649464046D0470130BC
:10E00000ADD023689B0713D4E068039B9842B8BF48
:10E010001846A6E70123324649464046D04701301C
:10E020009DD00135E36803995B1AAB42F2DCEBE764
:10E03000002504F11906F5E7EC010108FD010108CE
:10E04000002310B50446C0E90033C0E904338360FF
:10E0500081814366C2818361194608225C3000F0E9
:10E0600004F90D4B63620D4BA3620D4BE3620D4B44
:10E0700023630D4B24629C4206D003F16802944254
:10E0800002D0D0339C4205D104F15800BDE81040C5
:10E0900000F084B910BD00BFC5E10008E7E1000849
:10E0A0001FE2000843E20008C45E0020024A034960
:10E0B000034800F069B800BF0C01002011F9000806
:10E0C0001C01002041680C4B994210B5044601D058
:10E0D00001F01EFCA168094B994202D0204601F0D4
:10E0E00017FCE168064B994204D02046BDE8104079
:10E0F00001F00EBC10BD00BFC45E00202C5F0020EC
:10E10000945F002010B50B4B0B4C0C4A1A60204654
:10E1100000220421FFF794FF04F168000122092185
:10E12000FFF78EFF04F1D0000222BDE8104012215B
:10E13000FFF786BFFC5F0020C45E0020ADE0000852
:10E14000014800F02CB900BF05600020014800F034
:10E1500027B900BF0560002010B50446FFF7F0FFA7
:10E16000236A1BB1BDE81040FFF7F0BF044B2362E8
:10E17000044B1B68002BF5D1FFF7C4FFF2E700BF8B
:10E18000C5E00008FC5F00202DE9F84307468846FB
:10E1900014460026D4E90195B9F1010905D5246892
:10E1A000002CF7D13046BDE8F883AB89012B07D9A5
:10E1B000B5F90E30013303D029463846C04706432F
:10E1C0006835E9E710B50C46B1F90E1000F088F893
:10E1D0000028ABBF636DA3891B1823F48053ACBF29
:10E1E0006365A38110BD2DE9F0411F468B89DB05D6
:10E1F00005460C46164605D5B1F90E10022300223D
:10E2000000F05CF8A389B4F90E1023F48053A381C5
:10E2100032463B462846BDE8F04100F083B810B5D1
:10E220000C46B1F90E1000F049F8431CA38915BF44
:10E23000606523F4805343F48053A38118BFA38106
:10E2400010BDB1F90E1000F029B810B50139024423
:10E25000904201D1002005E0037811F8014FA3425C
:10E2600001D0181B10BD0130F2E70244034693426F
:10E2700000D1704703F8011BF9E7C9B203461846FD
:10E2800013F8012B12B18A42F9D17047002918BF47
:10E2900000207047004870475802002038B5064DEE
:10E2A0000023044608462B60FFF704F9431C02D103
:10E2B0002B6803B1236038BD0060002038B5074DDE
:10E2C00004460846114600222A601A46FFF7FCF869
:10E2D000431C02D12B6803B1236038BD00600020CD
:10E2E00038B5074D04460846114600222A601A46F2
:10E2F000FFF7C4F8431C02D12B6803B1236038BD7B
:10E300000060002038B5064D0023044608462B6007
:10E31000FFF784F8431C02D12B6803B1236038BD9A
:10E320000060002038B5074D04460846114600221B
:10E330002A601A46FFF7B0F8431C02D12B6803B1DC
:10E34000236038BD00600020014B1868704700BF93
:10E350001801002070B50D4D0D4C641BA410002653
:10E36000A64209D10B4D0C4C01F002FE641BA41017
:10E370000026A64205D170BD55F8043B98470136EA
:10E38000EEE755F8043B98470136F2E72C110108F7
:10E390002C1101082C110108301101087047704739
:10E3A0007047034611F8012B03F8012B002AF9D11D
:10E3B00070470A44914200F1FF3300D1704710B515
:10E3C00011F8014B03F8014F9142F9D110BD2DE92D
:10E3D000F74F03690C69A34207467EDB013C01F15C
:10E3E0001408A30000F11405009305EB84030193C6
:10E3F00058F8243055F8242001339A4208EB840958
:10E40000B2FBF3F62ED34FF0000AC446AE46D34615
:10E410005CF8043B98B206FB00A0020C1B0C06FB48
:10E420000323DEF8002080B292B2121A5A44DEF8BA
:10E4300000004FEA134A9BB2C3EB224303EB1043A5
:10E4400092B242EA0342E1454EF8042B4FEA234BD5
:10E45000DED2009BEB582BB9019B043B9D421A4630
:10E460002FD33C61384601F0C7F8002825DB294648
:10E47000002058F8042BD1F800C01FFA82FE1FFAC2
:10E480008CF3A3EB0E030344120CC2EB234202EB0A
:10E490001C429BB243EA0243C14541F8043B4FEAA8
:10E4A0002240E6D255F8242005EB840322B9043B30
:10E4B0009D421A460BD33C610136304603B0BDE89D
:10E4C000F08F1268043B002ACBD1013CC6E71268EA
:10E4D000043B002AEFD1013CEAE70020EEE7000010
:10E4E0002DE9F04FC76997B08DED040B55EC104B3B
:10E4F000209E079181460C9211937FB91020FFF75F
:10E500008BF80246C9F81C0020B9A94BEF21A94895
:10E5100001F026FAC0E901770760C760D9F81C301E
:10E52000196859B15A684A60012393408B60484684
:10E5300000F030FED9F81C3000221A602B1EB9BF43
:10E5400023F00043059300233360059F9A4BBCBF23
:10E5500001223260BB4312D1119A42F20F73136051
:10E56000C7F31303234300F05A85219BDFF85CA215
:10E57000002B00F05C850AF1030300F056BD9DED11
:10E58000047B002251EC170B00238DED0A7BF2F780
:10E5900043FA804658B1119A01231360219B13B1AD
:10E5A000219A864B1360DFF828A200F040BD9DED54
:10E5B0000A0B14AA15A9484601F0CEF8C7F30A566B
:10E5C0000290002E78D00B9BCDF84880C3F3130344
:10E5D000DDE90A0143F07F5343F44013A6F2FF360E
:10E5E00019460022764BF1F7F7FD6BA3D3E9002320
:10E5F000F1F7AAFF6AA3D3E90023F1F7EFFD044680
:10E6000030460D46F1F736FF67A3D3E90023F1F753
:10E610009BFF02460B4620462946F1F7DFFD0446E4
:10E620000D46F2F741FA002207460023204629460C
:10E63000F2F7FCF940B13846F1F71CFF22462B46B1
:10E64000F2F7EAF900B9013F162F52D85D4B03EB00
:10E65000C703D3E90023DDE90A01F2F7E7F900284F
:10E6600049D0013F00231093149B9B1B5A1E45BFAA
:10E67000C3F10103009300230023069254BF0093CB
:10E680000693002F39DB069B0D973B44069300232E
:10E690000893079B092B63D8052BC4BF043B079342
:10E6A000079BA3F10203CCBF00240124032B63D8F2
:10E6B000DFE803F05254372BDDE914631E4406F201
:10E6C0003243202BC1BFC3F140039F4006F21243E7
:10E6D00024FA03F3D6BFC3F1200347EA030004FA88
:10E6E00003F0F1F7B7FE0122A1F1F873013E129297
:10E6F00076E70123B7E71090B6E7009BDB1B00939A
:10E700007B42089300230D93C3E7012309930C9BDD
:10E7100007EB030B0BF10103012B0393B8BF01239C
:10E7200006E0012309930C9B002B28DD9B460393F5
:10E73000D9F81C000021042202F114059D4226D9BB
:10E740004160484600F0E6FC8246002842D11E4B5C
:10E75000024640F2AF11DAE60023E3E70023D5E7F3
:10E7600001240023079309944FF0FF3B0022CDF8CA
:10E770000CB012230C92DBE701230993F4E74FF06E
:10E78000010BCDF80CB05B46CDF830B0D0E70131CD
:10E790005200D1E7AFF3008061436F63A787D23F98
:10E7A000B3C8608B288AC63FFB799F501344D33F80
:10E7B0001B020108320201080000F07FEB01010892
:10E7C0000000F83F580F01088A02010817020108EB
:10E7D000EA010108D9F81C301860039B0E2B00F2E7
:10E7E000A180002C00F09E80002F33DD9C4B07F0B1
:10E7F0000F0203EBC20393ED007BF8058DED0E7B5A
:10E800004FEA271416D5974BDDE90A01D3E908230F
:10E81000F1F7C4FFCDE9040104F00F040326914D84
:10E8200054B9DDE90E23DDE90401F1F7B7FFCDE9C5
:10E83000040128E00226F2E7E10708D5DDE90E0130
:10E84000D5E90023F1F780FECDE90E010136641011
:10E850000835E5E700F0AF807C42814B814D04F044
:10E860000F0203EBC203D3E90023DDE90A01F1F74C
:10E870006BFECDE90401241100230226002C40F098
:10E880008F80002BD3D1109BDDE90445002B00F0D5
:10E890009480754B002220462946F2F7C7F80028DD
:10E8A00000F08B80039B002B00F08780BBF1000FF2
:10E8B00034DD20466D4B00222946F1F745FECDE9B7
:10E8C000040107F1FF3801365C463046F1F7D2FD0E
:10E8D000DDE90423F1F738FE654B0022F1F77EFCF9
:10E8E0000546A1F15076002C6AD1DDE90401614BA7
:10E8F0000022F1F771FC02460B46CDE904232A46BB
:10E900003346F2F7B1F8002840F09882DDE90401BF
:10E910002A4606F10043F2F789F838BBDDE90A34EC
:10E92000CDE90434159B002BC0F257810E2F00F364
:10E9300054814B4B03EBC70393ED007B0C9B002BE7
:10E940008DED007B80F2E580039B002B00F3E180DE
:10E950000CD1484B002251EC170BF1F7F5FDDDE926
:10E960000423F2F777F8002800F066820024254699
:10E970000C9B56466FEA030800272146484600F0E4
:10E9800009FC002D00F0BD802FB1AF4203D0394605
:10E99000484600F0FFFB2946484600F0FBFBB0E08C
:10E9A000E20705D5D5E90023F1F7CEFD01360123B5
:10E9B0006410083562E7022665E7039CB84684E7E1
:10E9C000274B099903EBC40353E90223544400295C
:10E9D00054D029490020F1F7E1FE33462A46F1F7E9
:10E9E000FBFBCDE90E015646DDE90401F2F75CF8C8
:10E9F0000546F1F73FFD02460B46DDE90401F1F75C
:10EA0000EBFB303502460B46CDE9042306F8015BEB
:10EA1000DDE90E23F2F70AF8002872D1DDE90423BC
:10EA200011490020F1F7D8FBDDE90E23F1F7FEFFD5
:10EA3000002840F0B480A6423FF470AFDDE90E013B
:10EA40000A4B0022F1F780FD084BCDE90E010022B0
:10EA5000DDE90401F1F778FDCDE90401C4E700BF69
:10EA6000580F0108300F01080000F03F000024405B
:10EA700000001C40000014400000E03F31462846E2
:10EA8000F1F762FDCDE90E0113945646DDE904016C
:10EA9000F2F70AF80546F1F7EDFC02460B46DDE910
:10EAA0000401F1F799FB303506F8015B02460B468D
:10EAB000A642CDE904234FF0000224D1AF4BDDE99B
:10EAC0000E01F1F78BFB02460B46DDE90401F1F77D
:10EAD000CBFF002863D1DDE90E23A8490020F1F720
:10EAE0007BFB02460B46DDE90401F1F79FFF00289E
:10EAF0003FF414AF139E731E139316F8013C302B92
:10EB0000F8D047463BE09E4BF1F71EFDCDE90401EE
:10EB1000BCE7DDE904455646DDE9002320462946E9
:10EB2000F1F73CFEF1F7C0FF8046F1F7A3FCDDE909
:10EB30000023F1F709FD02460B462046294608F15D
:10EB40003004F1F749FB06F8014B039DA6EB0A04DC
:10EB5000A54202460B4633D1F1F740FBDDE9002325
:10EB600004460D46F1F780FFC0B9DDE900232046D9
:10EB70002946F1F751FF10B118F0010F0ED102999B
:10EB8000484600F007FB00233370119B01371F60DC
:10EB9000219B002B00F04B821E6048E2B8463346B2
:10EBA0001E4613F8012D392A06D19A45F8D1302294
:10EBB00008F101088AF800201A7801321A70A0E7DB
:10EBC0006F4B0022F1F7C0FC0022002304460D46E3
:10EBD000F1F722FF00289FD0D1E7099A002A00F020
:10EBE000EA80079A012A00F3CD80129A002A00F0E9
:10EBF000C18003F23343089C009E009A1A4400929D
:10EC0000069A01211A444846069200F077FB054611
:10EC100066B1069B002B09DDB342009AA8BF3346BC
:10EC2000D21A0092069AF61AD31A0693089B0BB3CF
:10EC3000099B002B00F0C680002C00F0C080294604
:10EC40002246484600F012FC029A01460546484614
:10EC500000F06AFB02998046484600F09BFA089B48
:10EC60001B1B089300F0B180089A4146484600F00B
:10EC7000FDFB02900121484600F040FB0D9B04463D
:10EC8000002B00F0D8811A460146484600F0EEFB02
:10EC9000079B012B044600F39F80049B002B40F050
:10ECA0009780059BC3F31303002B40F09380059BD3
:10ECB00023F000431B0D1B0533B1009B0133009370
:10ECC000069B01330693012308930D9B002B00F054
:10ECD000B881236904EB8303186900F0C3FAC0F11B
:10ECE0002000069B184410F01F0000F08280C0F145
:10ECF0002003042B73DD009BC0F11C000344009330
:10ED0000069B034406440693009B002B05DD0299F5
:10ED10001A46484600F004FC0290069B002B05DDD5
:10ED200021461A46484600F0FBFB0446109B002B88
:10ED300061D00298214600F05FFC00285BDA0023D6
:10ED400002990A22484600F047FA099B029007F10F
:10ED5000FF38002B00F07781294600230A2248461D
:10ED600000F03AFABBF1000F05466FDC079B022B5F
:10ED700049DC6BE0149BC3F136033CE70000E03F45
:10ED800000002440039B5C1E089BA34209DB1C1B64
:10ED9000039B002BBFF630AF009B039A9E1A002303
:10EDA0002BE7089B0D9A0894E31A1A44009E039BD4
:10EDB0000D92002421E7089C009E099D28E7DDF8BC
:10EDC000088051E7089A029950E7CDF8088051E78A
:10EDD000002379E7049B77E70023089379E793D032
:10EDE000009A1C331A440092069A1A441E44069252
:10EDF0008AE70346F4E7039B002BB84620DC9B46DA
:10EE0000079B022B1EDDBBF1000F7FF4B1AD214645
:10EE10005B460522484600F0DFF9014604460298A9
:10EE200000F0EAFB00287FF7A3AD5646312306F831
:10EE3000013B08F101089FE5039CB8462546F4E72D
:10EE4000DDF80CB0099B002B00F00181002E05DDE0
:10EE500029463246484600F063FB0546089B002BD6
:10EE60005CD06968484600F055F9064628B9824BDF
:10EE7000024640F2EF21FFF74ABB2A6902329200B4
:10EE800005F10C010C30FFF794FA01223146484697
:10EE900000F046FB0AF1010300930AEB0B03089311
:10EEA000049B03F001032F4606930546009B02983E
:10EEB000214603F1FF3BFFF78AFA03463033039004
:10EEC00039460298099300F097FB2A4604902146A0
:10EED000484600F0ADFBC268099B064602BB0146EE
:10EEE000029800F089FB099B0246314648460C9285
:10EEF000099300F04FF9079B0C9A009E42EA030128
:10EF0000069B1943099B0DD1392B27D0049A002A5F
:10EF100001DD039B31338BF800302EE52846B9E73D
:10EF20000122E2E70499002904DB079801430698CF
:10EF3000014320D1002AEEDD0299009301224846C8
:10EF400000F0EEFA2146029000F056FB0028009BEC
:10EF500002DCE0D1DA07DED5392BDAD139238BF8A0
:10EF6000003033461E46013B16F8012C392A4ED09C
:10EF700001321A7001E5002A03DD392BEED001338E
:10EF8000C9E7009A089902F8013C8A4228D0029900
:10EF900000230A22484600F01FF9AF4202904FF0CA
:10EFA00000034FF00A023946484607D100F014F931
:10EFB00007460546009B0133009377E700F00CF904
:10EFC0002946074600230A22484600F005F905466F
:10EFD000F0E7BBF1000FCCBF5E4601265644002788
:10EFE000029900930122484600F09AFA21460290C5
:10EFF00000F002FB0028B4DC02D1009BDB07B0D498
:10F0000033461E4613F8012D302AFAD0B5E49A454E
:10F01000A8D1312308F101088AF80030ADE4219B22
:10F02000DFF858A01BB10AF10803219A136050467B
:10F0300017B0BDE8F08F079B012B7FF72EAE0D9B1D
:10F04000089301204DE6BBF1000F7FF7D9AE56467D
:10F0500002982146FFF7BBF900F1300306F8013BA7
:10F06000A6EB0A029345B4DD029900230A22484622
:10F0700000F0B2F80290EBE78A0201080E020108E4
:10F0800038B50546002941D051F8043C0C1F002B2F
:10F09000B8BFE418FEF772FB1D4A136833B963600A
:10F0A00014602846BDE83840FEF76EBBA34208D97D
:10F0B000206821188B4201BF19685B68091821601C
:10F0C000EDE71A465B680BB1A342FAD911685018F4
:10F0D000A0420BD120680144501883421160E0D156
:10F0E00018685B68536008441060DAE702D90C23A3
:10F0F0002B60D6E7206821188B4204BF19685B6833
:10F10000636004BF091821605460CAE738BD00BFBE
:10F11000C05E002070B5C66904460D4676B9102061
:10F12000FEF77AFA0246E06120B9184B18486B21C5
:10F1300000F016FCC0E901660660C660E669F36887
:10F1400083B1E369DB6853F82500B8B9012101FAFE
:10F1500005F6721D9200204600F020FC60B1C0E967
:10F1600001560EE021220421204600F017FCE3693D
:10F17000F060DB68002BE4D1002070BD026843F82A
:10F1800025200023C0E90333F7E700BF1B02010875
:10F190009B02010870B5C66905460C4676B9102079
:10F1A000FEF73AFA0246E86120B9094B09488F2177
:10F1B00000F0D6FBC0E901660660C6603CB1EB69B1
:10F1C0006268DB6853F82210216043F8224070BD6A
:10F1D0001B0201089B0201082DE9F0410D69074659
:10F1E0000C461E4601F1140C0020DCF8003099B2E8
:10F1F00002FB01611E0C0B0C02FB063389B20130CD
:10F2000001EB034185424CF8041B4FEA1346ECDC4A
:10F210000EB3A368AB4219DC616838460131FFF7D1
:10F2200079FF804628B902460C4B0D48BA2100F000
:10F2300097FB2269023204F10C0192000C30FFF7B7
:10F24000B8F821463846FFF7A5FF444604EB85038E
:10F2500001355E6125612046BDE8F0818A02010822
:10F260009B020108B0F5803F034636BF030400202F
:10F270001020B3F1807F3CBF1B020830B3F1805FE8
:10F280003CBF1B010430B3F1804F3CBF9B000230F8
:10F29000002B05DB13F0804F00F1010008BF202098
:10F2A00070470368024613F007000BD0D90721D43A
:10F2B000980749BF5B089B08012013605CBF13607F
:10F2C0000220704799B209B91B0C1020D9B209B9B4
:10F2D00008301B0A190704BF1B090430990704BF33
:10F2E0009B080230D90703D45B0800F1010003D06A
:10F2F00013607047002070472020704710B50C46FF
:10F300000121FFF707FF024628B9054B054840F2E7
:10F31000451100F025FB01234461036110BD00BFCE
:10F320008A0201089B0201082DE9F04F17460A697D
:10F330003B699A42A8BF3B468946A4BF0F469946FF
:10F340003D69D9F810A0BB68796805EB0A06B3429D
:10F3500085B0B8BF0131FFF7DDFE30B90246414B41
:10F3600041484FF4B17100F0FBFA00F1140404EBD2
:10F37000860E23460022734520D307F1140809F1B5
:10F38000140108EB850501EB8A030293EB1B153B87
:10F3900023F0030304331537BD4238BF0423019320
:10F3A000029B03918B420CD8002E03DD5EF8043DD6
:10F3B000002B55D0066105B0BDE8F08F43F8042B53
:10F3C000D9E7B1F800A0BAF1000F1FD0C446A1469A
:10F3D00000275CF8042BD9F800301FFA82FB9BB29F
:10F3E0000AFB0B333B44D9F80070120C3F0C0AFBAC
:10F3F000027202EB13429BB243EA0243654549F8AD
:10F40000043B4FEA1247E4D8019BE750039BB3F853
:10F4100002900431B9F1000F20D023684746A4467A
:10F420004FF0000AB7F800B0BCF8022009FB0B222D
:10F4300052449BB243EA02434CF8043B57F8043B66
:10F440004FEA134ABCF8003009FB0A3303EB1243BE
:10F45000BD424FEA134AE5D8019AA35004349FE70E
:10F46000013EA1E78A0201089B0201082DE9F84349
:10F47000154612F0030207460E4607D0254C013A06
:10F48000002354F82220FFF7A7FE0646AD103DD01A
:10F49000FC697CB91020FEF7BFF80246F86128B974
:10F4A0001D4B1E4840F2B31100F05AFAC0E9014466
:10F4B0000460C460D7F81C80D8F808404CB940F20A
:10F4C00071213846FFF71AFF0023C8F808000446E8
:10F4D00003604FF00009EB070AD531462246384653
:10F4E000FFF722FF314680463846FFF753FE464677
:10F4F0006D100BD0206838B9224621463846FFF7F8
:10F5000013FF2060C0F800900446E4E73046BDE8F1
:10F51000F88300BF200F01081B0201089B020108AD
:10F520002DE9F0470C464968236903EB6218A3688C
:10F53000074691464FEA621A08F10106B3420BDB17
:10F540003846FFF7E7FD054648B90246284B2948EB
:10F550004FF4EF7100F004FA01315B00EEE7002395
:10F5600000F1140100F110021846534533DB206905
:10F570002AEAEA7A04F1140319F01F0901EB8A015F
:10F5800003EB800C2BD0C9F1200E8A4600221868AC
:10F5900000FA09F010434AF8040B53F8042B9C4579
:10F5A00022FA0EF2F3D8ACEB0403153B23F003036D
:10F5B000043304F11500604588BF0423CA500AB122
:10F5C00008F10206013E38462E612146FFF7E2FDB2
:10F5D0002846BDE8F08742F8040F0133C5E7043937
:10F5E00053F8042B41F8042F9C45F9D8EAE700BFF3
:10F5F0008A0201089B0201080A6903460069801A11
:10F6000030B50ED11433143103EB820401EB8201C7
:10F6100054F8045D51F8042D954203D005D24FF003
:10F62000FF3030BDA342F3D3FBE70120F9E7000030
:10F630002DE9F74F89460646114648461446FFF71E
:10F64000DBFF051E12D129463046FFF763FD024657
:10F6500028B93F4B40F237213E4800F081F90123A1
:10F66000C0E90435104603B0BDE8F08FBCBF4B467F
:10F67000A1463046D9F80410BABF1C460125002522
:10F68000FFF748FD024618B9314B40F24521E3E748
:10F69000D9F810702669C56009F1100309F1140545
:10F6A00004F1140E00F1140B05EB87080EEB86062F
:10F6B0000193D9464FF0000C019B5EF8040B53F800
:10F6C00004AF01931FFA8AF3194683B2CB1A000CD8
:10F6D0006344C0EB1A4000EB23409BB243EA004373
:10F6E000764549F8043B4FEA204CE5D8331B153BDF
:10F6F00023F0030315340433A64238BF04231D440A
:10F700005B441E462C4644450ED308F10301491BB9
:10F7100021F00301033DA84538BF00210B4453F8F5
:10F72000041D91B117619DE754F8041BE646080CCF
:10F730001CFA81FC714400EB2C4089B241EA004183
:10F7400046F8041B4FEA204CDDE7013FE7E700BF26
:10F750008A0201089B0201082DE9F7430F460121A7
:10F7600059EC108B1646FFF7D5FC044630B902461B
:10F77000234B244840F20F3100F0F2F8C9F30A5548
:10F78000C9F313030DB143F480130193B8F10003DF
:10F7900023D068460093FFF784FDDDE90012D0B165
:10F7A000C0F1200302FA03F30B43C24063610192EC
:10F7B000019BA361002B0CBF012202222261A5B193
:10F7C000A5F2334505443D60C0F135003060204668
:10F7D00003B0BDE8F0836161EAE701A8FFF761FDCE
:10F7E000019B636120300122E8E704EB8203A0F271
:10F7F000324038601869FFF735FDC0EB4210E5E78D
:10F800008A0201089B020108B1F90C202DE9F041A0
:10F81000160705460C4654D44B68002B02DC0B6CD3
:10F82000002B48DDE66A002E45D0002312F48052FA
:10F830002F68216A2B6030D0626DA389590705D5E6
:10F840006368D21A636B0BB1236CD21A0023E66A89
:10F85000216A2846B047431CA38906D129681D297F
:10F860002BD82A4ACA40D60727D500226260D9047D
:10F870002269226004D5421C01D12B6803B960655E
:10F88000616B2F60B9B104F14403994202D028465C
:10F89000FFF7F6FB002363630DE001232846B04722
:10F8A0000246501CC9D12B68002BC6D01D2B01D09D
:10F8B000162B1ED12F60002022E043F040031BB224
:10F8C0001BE00F69002FF6D093070E6808BF4B6945
:10F8D0000F6018BF0023A6EB07088B60B8F1000F7C
:10F8E000E9DD216AA66A43463A462846B047002821
:10F8F00008DCB4F90C3043F04003A3814FF0FF3033
:10F90000BDE8F0810744A8EB0008E7E701004020CC
:10F9100038B50B6905460C4613B90025284638BD95
:10F9200018B1036A0BB9FEF717FCB4F90C30002BC1
:10F93000F3D0626ED00704D4990502D4A06DFEF70F
:10F940002EFD28462146FFF75FFF636EDA07054666
:10F95000E4D4A3899B05E1D4A06DFEF721FDDDE78A
:10F960001FB514461A46094B1B680546D8684CB1AA
:10F97000074B0091CDE9013406492B4600F042F8CF
:10F9800000F052F8044B1C46F3E700BF18010020BA
:10F99000FC020108090301088F00010870B5A1FBF2
:10F9A000025434B92946FDF769FE064628B93046A7
:10F9B00070BD0C2202600026F9E72A462146FEF7B8
:10F9C00054FCF4E782B001B901A942B14BB11378FC
:10F9D0000B601278101E18BF012002B0704710464D
:10F9E000FBE76FF00100F8E70346084641B1FF2A44
:10F9F00004D98A221A604FF0FF3070470A70012044
:10FA0000704700000EB403B5014603AB054853F838
:10FA1000042B0068019300F037F802B05DF804EBA6
:10FA200003B070471801002008B5062000F000FA66
:10FA30000120FDF71DFD9368013B002B10B493607E
:10FA400008DA9469A34201DB0A2903D15DF8044B6B
:10FA500000F032B91368581C1060197008465DF840
:10FA6000044B7047F8B506460F461446D518AC420D
:10FA700001D1002007E014F8011B3A463046FFF799
:10FA8000DAFF431CF3D1F8BD2DE9F04F0D469DB0D0
:10FA900014469846064618B1036A0BB9FEF75CFB9C
:10FAA0006B6ED90705D4AB899A0502D4A86DFEF711
:10FAB00076FCAB891B0701D52B699BB929463046DB
:10FAC00000F038F970B16B6EDC0704D54FF0FF30F1
:10FAD0001DB0BDE8F08FAB899805F7D4A86DFEF78F
:10FAE0005FFCF3E70023099320238DF82930CDF83C
:10FAF0000C803023DFF8AC818DF82A304FF00109FB
:10FB000023469A4613F8012B0AB1252AF9D1BAEBFC
:10FB1000040B0BD05B46224629463046FFF7A2FF76
:10FB2000013000F0A780099A5A4409929AF80030EF
:10FB3000002B00F09F8000234FF0FF32CDE905231A
:10FB40000AF1010A049307938DF853301A9354462F
:10FB5000052214F8011B5348F1F78AF9049AD8B921
:10FB6000D10644BF20238DF85330130744BF2B2305
:10FB70008DF853309AF800302A2B15D0079A544646
:10FB800000204FF00A0C214611F8013B303B092BB5
:10FB90004BD9B0B1079214E0A0EB080309FA03F3C4
:10FBA00013430493A246D2E7039B191D1B680391DC
:10FBB000002BBBBF5B4242F0020207930793B8BF22
:10FBC000049223782E2B0AD163782A2B32D1039BFF
:10FBD0001A1D1B68039243EAE37302340593DFF8AE
:10FBE000D4A0217803225046F1F742F938B1049BA2
:10FBF000A0EB0A004022824013430134049314F81E
:10FC0000011B29488DF828100622F1F731F9002848
:10FC10003FD0264B1BBB039B073323F0070308335E
:10FC20000393099B3B4409936AE70CFB02320C46A1
:10FC30000120A8E700230134059319464FF00A0C70
:10FC4000204610F8012B303A092A03D9002BC6D0E0
:10FC50000591C4E70CFB012104460123F0E703AB47
:10FC600000932A46124B04A93046FDF733FE07469F
:10FC7000781CD6D16B6ED90705D4AB899A0502D40E
:10FC8000A86DFEF78DFBAB895B063FF51FAF0998AA
:10FC90001EE703AB00932A46054B04A93046FEF746
:10FCA000B1F8E4E73803010842030108D5D8000899
:10FCB00065FA00083E030108F8B50E4614460546ED
:10FCC00018B1036A0BB9FEF747FAA369A360A389C9
:10FCD0001A0701D5236943B92146284600F02AF8BE
:10FCE00018B14FF0FF373846F8BD23682269981ADB
:10FCF0006369F6B28342374605DC21462846FFF7A2
:10FD000007FE0028EDD1A368013BA36023685A1CBD
:10FD100022601E706269431C9A4204D0A389DB07EB
:10FD2000E1D50A2EDFD121462846FFF7F1FD002854
:10FD3000D9D0D6E738B5294B054618680C4618B116
:10FD4000036A0BB9FEF708FAB4F90C30190722D48C
:10FD5000DA0607D409222A6043F04003A3814FF05A
:10FD6000FF3033E0580712D5616B41B104F1440311
:10FD7000994202D02846FFF783F900236363A389E1
:10FD800023F02403A3810023636023692360A389F4
:10FD900043F00803A38123694BB9A38903F42073BB
:10FDA000B3F5007F03D02146284600F083F8B4F96C
:10FDB0000C3013F001020AD00022A26062695242A4
:10FDC000A261226942B913F08000C5D138BD9907FC
:10FDD00058BF6269A260F4E70020F7E7180100202D
:10FDE0001F2938B505460C4604D9162303604FF089
:10FDF000FF3038BDC26B12B152F821304BB92846E2
:10FE000000F030F8224601462846BDE8384000F0B0
:10FE100017B8012B0AD0591C03D116230360012007
:10FE2000E7E7002142F82410204698470020E0E749
:10FE3000024B01461868FFF7D3BF00BF180100202E
:10FE400038B5074D00230446084611462B60FDF7E0
:10FE500007FB431C02D12B6803B1236038BD00BFF0
:10FE600000600020FDF7FABA70B50C46B1F90E102B
:10FE7000002996B015461E460DDAA38913F0800FAF
:10FE80004FF0000114BF40234FF480630020316025
:10FE90002B6016B070BD6A4600F048F80028ECDB15
:10FEA000019901F47041A1F50053594259414FF4B1
:10FEB0008063EBE78B89F7B59D0706460C4607D5AF
:10FEC00004F14703236023610123636103B0F0BDA4
:10FED00001AB6A46FFF7C8FF009F0546394630462A
:10FEE000FDF7CCFB48B9B4F90C309A05EED423F0F9
:10FEF000030343F00203A381E2E7A389206043F0F8
:10FF00008003A381019BC4E904075BB1B4F90E101F
:10FF1000304600F01DF828B1A38923F0030343F015
:10FF20000103A381A3891D43A581CFE738B5074D00
:10FF300000230446084611462B60FDF7BEFA431C19
:10FF400002D12B6803B1236038BD00BF00600020E0
:10FF500038B5064D0023044608462B60FDF7B2FA7B
:10FF6000431C02D12B6803B1236038BD0060002020
:10FF7000F8B500BFF8BC08BC9E467047F8B500BF96
:08FF8000F8BC08BC9E46704766
:10FF8800000000000102030400000000000000005F
:10FF980001020304060708090006101600061016D9
:10FFA80049444C4500546D725100546D722053768B
:10FFB8006300303A2F75706172616D2E62696E0050
:10FFC800303A00E7B3BBE7BB9FE5889DE5A78BE523
:10FFD8008C96E78AB6E6808100464C415348004635
:10FFE8004154465300494E4132323600544D503147
:08FFF8003032004D4350343754
:020000040801F1
:1000000032355F4443004D4350343732355F4F53F0
:100010004300E794A8E688B7E9858DE7BDAE0053B5
:10002000554343455353004641494C00537973743B
:10003000656D20496E6974204572726F723A204670
:100040004C4153485F4552524F520D0A0053797349
:1000500074656D20496E6974204572726F723A2022
:1000600046415446535F4552524F520D0A00537950
:100070007374656D20496E6974204572726F723AAF
:1000800020494E413232365F4552524F520D0A00DE
:1000900053797374656D20496E6974204572726F6F
:1000A000723A20544D503130325F44435F455252D2
:1000B0004F520D0A0053797374656D20496E69744F
:1000C000204572726F723A204D4350343732355F9B
:1000D00044435F4552524F520D0A00537973746581
:1000E0006D20496E6974204572726F723A204D43DB
:1000F00050343732355F4F53435F4552524F520DA4
:100100000A0053797374656D20496E6974204572D5
:10011000726F723A20555345525F504152414D5FC4
:100120004552524F520D0A0046415433322020208E
:10013000002A3A3C3E7C223F7F002B2C3B3D5B5DFE
:100140000053544D6963726F656C656374726F6EB2
:1001500069637300584D20504F574552204B495406
:10016000004D534320436F6E666967004D53432033
:10017000496E74657266616365004C43445F444D2B
:10018000415F43706C745F53656D00464C4153484A
:100190005F52585F43706C745F53656D00464C410D
:1001A00053485F54585F43706C745F53656D0046ED
:1001B0006C6173685F4D7574657800494943335FBE
:1001C0004D7574657800494943315F4D75746578A4
:1001D00000496E69745461736B00494E4600696E44
:1001E00066004E414E006E616E0030003031323399
:1001F0003435363738394142434445460030313290
:100200003334353637383961626364656600496E68
:1002100066696E697479004E614E005245454E54D0
:10022000206D616C6C6F63207375636365656465D5
:1002300064002F6275696C642F676E752D746F6F23
:100240006C732D666F722D73746D33325F31332E84
:10025000332E72656C312E32303234303932362DD5
:10026000313731352F7372632F6E65776C69622F6A
:100270006E65776C69622F6C6962632F7374646C4E
:1002800069622F64746F612E630042616C6C6F63EE
:1002900020737563636565646564002F6275696CBE
:1002A000642F676E752D746F6F6C732D666F722D72
:1002B00073746D33325F31332E332E72656C312E91
:1002C00032303234303932362D313731352F737286
:1002D000632F6E65776C69622F6E65776C69622F2C
:1002E0006C6962632F7374646C69622F6D707265E0
:1002F000632E6300504F534958002E002C20667522
:100300006E6374696F6E3A2000617373657274690D
:100310006F6E2022257322206661696C65643A2025
:1003200066696C6520222573222C206C696E65201D
:100330002564257325730A00232D302B2000686C5B
:100340004C00656667454647000000001818070026
:10035000303A2F666F6E742F796168656932347830
:1003600032342E62696E00000000000000000000C0
:10037000000000000000000000000000000000007D
:1003800084030108E7B3BB00E7BB9F00E5889D003D
:10039000E5A78B00E58C9600E78AB600E680810031
:1003A0001010C000303A2F666F6E742F7961686547
:1003B0006931367831362E62696E00000000000027
:1003C000000000000000000000000000000000002D
:1003D00000000000D8030108E9A29100E78E870021
:1003E000E58DA000E7A9BA00E5B98500E580BC006D
:1003F000E5818F00E7BDAE00300000003100000055
:10040000320000003300000034000000350000001E
:1004100036000000370000003800000039000000FE
:100420002E000000410000004200000043000000D8
:1004300044000000450000004600000047000000A6
:1004400048000000490000004A0000004B00000086
:100450004C0000004D0000004E0000004F00000066
:100460005000000051000000520000005300000046
:100470005400000055000000560000005700000026
:1004800058000000590000005A0000006100000000
:1004900062000000630000006400000065000000CE
:1004A00066000000670000006800000069000000AE
:1004B0006A0000006B0000006C0000006D0000008E
:1004C0006E0000006F00000070000000710000006E
:1004D000720000007300000074000000750000004E
:1004E000760000007700000078000000790000002E
:1004F0007A00000025000000E6ADA300E5BCA600E0
:10050000E6B3A200E5BDA200E79FA900E8A18C0028
:10051000E4B88900E8A79200E79BB400E6B5810043
:10052000E4BFA100E58FB700E58D8A00E585A8004E
:10053000E998B600E6A2AF00E58F8D00E68C870053
:10054000E695B000E4B88A00E58D8700E4B88B003A
:10055000E9998D00E5A49A00E99FB300E8BE9B00ED
:10056000E5858B00E8848900E586B200E6B49B004F
:10057000E4BCA600E585B900E99A8F00E69CBA00C4
:10058000E599AA00E5A3B0002B0000002D000000B3
:10059000E58E9F00E782B900E6A0A100E58786000E
:1005A000E698BE00E7A4BA00E8BE9300E587BA006B
:1005B000E8AFB700E7A7BB00E999A400E8B49F0043
:1005C000E8BDBD00EFBC8C00E4BDBF00E68EA50019
:1005D000E8BF9100E3808200E794B500E58E8B00D0
:1005E000E4B88000E6ADA500E8BF9E00E4B887004F
:1005F000E794A800E8A1A800E7AD8900E4BA8E005E
:10060000E7B3BB003A000000E8BF9900E4B8AA00D5
:10061000E59FBA00E69CAC00E4B88D00E8B083002A
:10062000E58FAF00E68C8900E992AE00E5908E0080
:10063000E887AA00E58AA800E5BC8000E5A78B0052
:10064000E8809000E5BF8300E5BE8500E7A8B30021
:10065000E5AE9A00E4B8AD00E68B9F00E590880017
:10066000E8AEA100E7AE9700E6889000E58A9F001B
:10067000E58F8200E5B7B200E4BF9D00E5AD9800CC
:10068000EFBC8100E5A4B100E8B4A500E9878D00C6
:10069000E8AF9500E998BB00E4BA8C00E69E8100C3
:1006A000E7AEA100E79FAD00E7AC9400E6B58B0094
:1006B000E79FA500E5AE9E00E9998500E9878F00D8
:1006C000CEA90000E58D9500E6ACA100E688B70054
:1006D000E9858D005F000000020000007809010834
:1006E000AC280020040000007C090108B02800208C
:1006F0000400000080090108B42800200400000064
:1007000084090108B82800200200000088090108B7
:10071000BC280020040000008C090108C02800202B
:100720000400000090090108C42800200400000013
:1007300094090108C8280020040000009809010855
:10074000CC280020040000009C090108D0280020CB
:1007500004000000A0090108D428002004000000C3
:10076000A4090108D828002004000000A8090108F5
:10077000DC28002004000000AC090108E02800206B
:1007800004000000B0090108E42800200400000073
:10079000B4090108E828002004000000B809010895
:1007A000EC28002004000000BC090108F02800200B
:1007B00004000000C0090108F42800200200000025
:1007C000C4090108F828002002000000C609010839
:1007D000FA28002002000000C8090108FC280020B7
:1007E00002000000CA090108FE28002002000000E3
:1007F000CC0901080029002002000000CE090108F0
:100800000229002002000000D0090108042900206C
:1008100002000000D20901080629002002000000A1
:10082000D40901080829002004000000D8090108A3
:100830000C29002004000000DC0901081029002018
:1008400004000000E0090108142900200400000051
:10085000E40901081829002004000000E809010843
:100860001C29002004000000EC09010820290020B8
:1008700004000000F0090108242900200400000001
:10088000F40901082829002002000000F8090108E5
:100890002C29002004000000FC0901083029002058
:1008A00002000000000A01083429002004000000B2
:1008B000040A01083829002004000000080A010881
:1008C0003C290020020000000C0A010840290020F9
:1008D00004000000100A0108442900200200000062
:1008E000140A01084829002004000000180A010821
:1008F0004C290020040000001C0A01085029002097
:1009000002000000200A0108542900200400000011
:10091000240A01085829002004000000280A0108C0
:100920005C290020020000002C0A01086029002038
:10093000020000002E0A01086229002002000000C7
:10094000300A01086429002002000000320A010870
:100950006629002002000000340A010868290020EE
:1009600002000000360A01086A2900200200000087
:10097000380A01086C2900200000000000004041F6
:10098000142ECCC233837E4500000000000080405E
:10099000000020420000F0410000004066668640F2
:1009A0000000803F0000A0400000004000004041E7
:1009B000000040400000C0410000404000001042E4
:1009C000000020412800000000000000000000009E
:1009D00000000000000000000000A04000000040F7
:1009E0000000804000000041000080410000004203
:1009F0000000804200000043000000000000404072
:100A00000000000048E1B24148E1B24100000000AE
:100A1000713DAA3F000000003333534000004843BB
:100A200000000000CDCC2C400000FA44640000001F
:100A3000000064000100010028000000809A454188
:100A40008E418F804545454949498E8F9092924FFE
:100A5000994F555559999A9B9C9D9E9F41494F5539
:100A6000A5A5A6A7A8A9AAABACADAEAFB0B1B2B3CD
:100A7000B4B5B6B7B8B9BABBBCBDBEBFC0C1C2C3BE
:100A8000C4C5C6C7C8C9CACBCCCDCECFD0D1D2D3AE
:100A9000D4D5D6D7D8D9DADBDCDDDEDFE0E1E2E39E
:100AA000E4E5E6E7E8E9EAEBECEDEEEFF0F1F2F38E
:100AB000F4F5F6F7F8F9FAFBFCFDFEFF0103050774
:100AC000090E10121416181C1E007D1D0100632C47
:100AD000001E9601A01E5A01001F0806101F0606E0
:100AE000201F0806301F0806401F0606511F07007A
:100AF000591F521F5B1F541F5D1F561F5F1F601F32
:100B00000806701F0E00BA1FBB1FC81FC91FCA1FCF
:100B1000CB1FDA1FDB1FF81FF91FEA1FEB1FFA1F9D
:100B2000FB1F801F0806901F0806A01F0806B01FA5
:100B30000400B81FB91FB21FBC1FCC1F0100C31F88
:100B4000D01F0206E01F0206E51F0100EC1FF31F85
:100B50000100FC1F4E21010032217021100284216E
:100B600001008321D0241A05302C2F04602C0201AF
:100B7000672C0601752C0201802C6401002D2608CB
:100B800041FF1A03000061001A03E0001703F80098
:100B90000703FF0001007801000130013201060166
:100BA000390110014A012E017901060180014D0031
:100BB000430281018201820184018401860187014F
:100BC000870189018A018B018B018D018E018F01C3
:100BD00090019101910193019401F6019601970111
:100BE000980198013D029B019C019D0120029F01FB
:100BF000A001A001A201A201A401A401A601A701D4
:100C0000A701A901AA01AB01AC01AC01AE01AF0182
:100C1000AF01B101B201B301B301B501B501B70133
:100C2000B801B801BA01BB01BC01BC01BE01F701AA
:100C3000C001C101C201C301C401C501C401C70192
:100C4000C801C701CA01CB01CA01CD011001DD01F4
:100C500001008E01DE011201F3010300F101F40134
:100C6000F401F8012801220212013A020900652C60
:100C70003B023B023D02662C3F0240024102410220
:100C800046020A0153024000810186015502890192
:100C90008A0158028F015A0290015C025D025E02D5
:100CA0005F029301610262029401640265026602BE
:100CB0006702970196016A02622C6C026D026E0255
:100CC0009C01700271029D01730274029F01760201
:100CD0007702780279027A027B027C02642C7E021F
:100CE0007F02A60181028202A90184028502860296
:100CF0008702AE014402B101B20145028D028E02AB
:100D00008F0290029102B7017B030300FD03FE03F3
:100D1000FF03AC0304008603880389038A03B1033D
:100D20001103C2030200A303A303C4030803CC03FB
:100D300003008C038E038F03D8031801F2030A000B
:100D4000F903F303F403F503F603F703F703F903D9
:100D5000FA03FA0330042003500410076004220150
:100D60008A043601C1040E01CF040100C004D0047E
:100D70004401610526040000C700FC00E900E20010
:100D8000E400E000E500E700EA00EB00E800EF0027
:100D9000EE00EC00C400C500C900E600C600F40087
:100DA000F600F200FB00F900FF00D600DC00A20014
:100DB000A300A500A7209201E100ED00F300FA00D6
:100DC000F100D100AA00BA00BF001023AC00BD00A2
:100DD000BC00A100AB00BB00912592259325022504
:100DE000242561256225562555256325512557253E
:100DF0005D255C255B251025142534252C251C2517
:100E000000253C255E255F255A2554256925662544
:100E1000602550256C25672568256425652559259D
:100E20005825522553256B256A2518250C2588251C
:100E300084258C2590258025B103DF009303C00312
:100E4000A303C303B500C403A6039803A903B40313
:100E50001E22C603B50329226122B1006522642245
:100E600020232123F7004822B0001922B7001A22BC
:100E70007F20B200A025A000008002021F00000019
:100E8000584D202020202020506F776572204B691C
:100E90007420202020202020302E30317A010108BB
:100EA0000000000000000000000000008B010108AD
:100EB0000000000000000000000000009D0101088B
:100EC000000000000000000000000000AF01010869
:100ED000000000000000000000000000BB0101084D
:100EE000000000000000000000000000C601010832
:100EF000000000000000000000000000D101010817
:100F000000000000000000000000000000000000E1
:100F10000006000037000000000000000000000094
:100F200005000000190000007D0000000000000026
:100F30000080E03779C34143176E05B5B5B89346D5
:100F4000F5F93FE9034F384D321D30F94877825AA1
:100F50003CBF737FDD4F1575000000000000F03FBF
:100F60000000000000002440000000000000594084
:100F70000000000000408F40000000000088C340D7
:100F800000000000006AF8400000000080842E414C
:100F900000000000D01263410000000084D7974198
:100FA0000000000065CDCD41000000205FA002429E
:100FB000000000E876483742000000A2941A6D4213
:100FC000000040E59C30A2420000901EC4BCD64206
:100FD00000003426F56B0C430080E03779C34143B1
:100FE00000A0D8855734764300C84E676DC1AB4327
:100FF000003D9160E458E143408CB5781DAF154445
:1010000050EFE2D6E41A4B4492D54D06CFF080441F
:10101000F64AE1C7022DB544B49DD9794378EA4434
:1010200000202020202020202020282828282820B8
:1010300020202020202020202020202020202020B0
:101040002088101010101010101010101010101018
:101050001004040404040404040404101010101008
:1010600010104141414141410101010101010101D2
:101070000101010101010101010101011010101024
:1010800010104242424242420202020202020202A4
:1010900002020202020202020202020210101010F8
:1010A0002000000000000000000000000000000020
:1010B0000000000000000000000000000000000030
:1010C0000000000000000000000000000000000020
:1010D0000000000000000000000000000000000010
:1010E0000000000000000000000000000000000000
:1010F00000000000000000000000000000000000F0
:1011000000000000000000000000000000000000DF
:1011100000000000000000000000000000000000CF
:0411200000000000CB
:0811240044FAFE7F0100000007
:04112C00B501000801
:041130009101000821
:101134000024F40001000000100000000181000000
:101144000A0600020000004001000000090220001D
:10115400010104C032090400000208065005070515
:10116400810240000007050102400000795D00088B
:10117400A55F0008115E00080000000000000000E8
:101184001D5F0008275F0008000000000000000049
:1011940000000000315F0008695F0008A15F0008DB
:1011A4006D5D000800060000000000000300000060
:1011B40000800008202020200000000200800000A1
:1011C400AAAAAAAA01010101010101001A0300004F
:1011D400000000000000000000000000000000000B
:1011E40000000000000000000403090412010002D2
:1011F4000000004083042A5700020102030100009A
:1012040065C1000871C10008E5C1000801C20008F9
:10121400A9C100081DC2000839C2000855C200084F
:1012240059C2000895C2000891C2000881C2000892
:1012340071C200086DC20008780E010800000000A9
:1012440003000000C45E00201C0100200000000018
:10125400C45E00202C5F0020945F0020000000008A
:10126400000000000000000000000000000000007A
:10127400000000000000000000000000000000006A
:10128400000000000000000000000000000000005A
:101294000000000000000000430000000000000007
:1012A400000000000000000000000000000000003A
:1012B40000000000000000004300000000000000E7
:1012C400000000000000000000000000000000001A
:1012D40000000000000000004300000000000000C7
:1012E40000000000000000000000000000000000FA
:1012F40000000000000000004300000000000000A7
:1013040000000000000000000000000000000000D9
:101314000000000000000000430000000000000086
:1013240000000000000000000000000000000000B9
:101334000000000000000000430000000000000066
:101344000000000000000000000000000000000099
:101354000000000000000000430000000000000046
:101364000000000000000000000000000000000079
:101374000000000000000000E9F90008C5F90008B9
:101384000000000020100108FA0201088F00010883
:101394008F0001088F0001088F0001088F000108E9
:1013A4008F0001088F0001088F0001088F000108D9
:1013B400FFFFFFFFFFFFFFFFFFFFFFFFFFFF000037
:1013C40001004153434949000000000000000000AF
:1013D4000000000000000000000000000000000009
:1013E4000000415343494900000000000000000090
:1013F40000000000000000000000000000000000E9
:0414040000000000E4
:020000041000EA
:108000000000000000000000000000000000000070
:108010000000000000000000000000000000000060
:108020000000000000000000000000000000000050
:108030000000000000000000000000000000000040
:108040000000000000000000000000000000000030
:108050000000000000000000000000000000000020
:108060000000000000000000000000000000000010
:108070000000000000000000000000000000000000
:1080800000000000000000000000000000000000F0
:1080900000000000000000000000000000000000E0
:1080A00000000000000000000000000000000000D0
:1080B00000000000000000000000000000000000C0
:1080C00000000000000000000000000000000000B0
:1080D00000000000000000000000000000000000A0
:1080E0000000000000000000000000000000000090
:1080F0000000000000000000000000000000000080
:10810000000000000000000000000000000000006F
:10811000000000000000000000000000000000005F
:10812000000000000000000000000000000000004F
:10813000000000000000000000000000000000003F
:10814000000000000000000000000000000000002F
:10815000000000000000000000000000000000001F
:10816000000000000000000000000000000000000F
:1081700000000000000000000000000000000000FF
:1081800000000000000000000000000000000000EF
:1081900000000000000000000000000000000000DF
:1081A00000000000000000000000000000000000CF
:1081B00000000000000000000000000000000000BF
:1081C00000000000000000000000000000000000AF
:1081D000000000000000000000000000000000009F
:1081E000000000000000000000000000000000008F
:1081F000000000000000000000000000000000007F
:10820000000000000000000000000000000000006E
:10821000000000000000000000000000000000005E
:10822000000000000000000000000000000000004E
:10823000000000000000000000000000000000003E
:10824000000000000000000000000000000000002E
:10825000000000000000000000000000000000001E
:10826000000000000000000000000000000000000E
:1082700000000000000000000000000000000000FE
:1082800000000000000000000000000000000000EE
:1082900000000000000000000000000000000000DE
:1082A00000000000000000000000000000000000CE
:1082B00000000000000000000000000000000000BE
:1082C00000000000000000000000000000000000AE
:1082D000000000000000000000000000000000009E
:1082E000000000000000000000000000000000008E
:1082F000000000000000000000000000000000007E
:10830000000000000000000000000000000000006D
:10831000000000000000000000000000000000005D
:10832000000000000000000000000000000000004D
:10833000000000000000000000000000000000003D
:10834000000000000000000000000000000000002D
:10835000000000000000000000000000000000001D
:10836000000000000000000000000000000000000D
:1083700000000000000000000000000000000000FD
:1083800000000000000000000000000000000000ED
:1083900000000000000000000000000000000000DD
:1083A00000000000000000000000000000000000CD
:1083B00000000000000000000000000000000000BD
:1083C00000000000000000000000000000000000AD
:1083D000000000000000000000000000000000009D
:1083E000000000000000000000000000000000008D
:1083F000000000000000000000000000000000007D
:10840000000000000000000000000000000000006C
:10841000000000000000000000000000000000005C
:10842000000000000000000000000000000000004C
:10843000000000000000000000000000000000003C
:10844000000000000000000000000000000000002C
:10845000000000000000000000000000000000001C
:10846000000000000000000000000000000000000C
:1084700000000000000000000000000000000000FC
:1084800000000000000000000000000000000000EC
:1084900000000000000000000000000000000000DC
:1084A00000000000000000000000000000000000CC
:1084B00000000000000000000000000000000000BC
:1084C00000000000000000000000000000000000AC
:1084D000000000000000000000000000000000009C
:1084E000000000000000000000000000000000008C
:1084F000000000000000000000000000000000007C
:10850000000000000000000000000000000000006B
:10851000000000000000000000000000000000005B
:10852000000000000000000000000000000000004B
:10853000000000000000000000000000000000003B
:10854000000000000000000000000000000000002B
:10855000000000000000000000000000000000001B
:10856000000000000000000000000000000000000B
:1085700000000000000000000000000000000000FB
:1085800000000000000000000000000000000000EB
:1085900000000000000000000000000000000000DB
:1085A00000000000000000000000000000000000CB
:1085B00000000000000000000000000000000000BB
:1085C00000000000000000000000000000000000AB
:1085D000000000000000000000000000000000009B
:1085E000000000000000000000000000000000008B
:1085F000000000000000000000000000000000007B
:10860000000000000000000000000000000000006A
:10861000000000000000000000000000000000005A
:10862000000000000000000000000000000000004A
:10863000000000000000000000000000000000003A
:10864000000000000000000000000000000000002A
:10865000000000000000000000000000000000001A
:10866000000000000000000000000000000000000A
:1086700000000000000000000000000000000000FA
:1086800000000000000000000000000000000000EA
:1086900000000000000000000000000000000000DA
:1086A00000000000000000000000000000000000CA
:1086B00000000000000000000000000000000000BA
:1086C00000000000000000000000000000000000AA
:1086D000000000000000000000000000000000009A
:1086E000000000000000000000000000000000008A
:1086F000000000000000000000000000000000007A
:108700000000000000000000000000000000000069
:108710000000000000000000000000000000000059
:108720000000000000000000000000000000000049
:108730000000000000000000000000000000000039
:108740000000000000000000000000000000000029
:108750000000000000000000000000000000000019
:108760000000000000000000000000000000000009
:1087700000000000000000000000000000000000F9
:1087800000000000000000000000000000000000E9
:1087900000000000000000000000000000000000D9
:1087A00000000000000000000000000000000000C9
:1087B00000000000000000000000000000000000B9
:1087C00000000000000000000000000000000000A9
:1087D0000000000000000000000000000000000099
:1087E0000000000000000000000000000000000089
:1087F0000000000000000000000000000000000079
:108800000000000000000000000000000000000068
:108810000000000000000000000000000000000058
:108820000000000000000000000000000000000048
:108830000000000000000000000000000000000038
:108840000000000000000000000000000000000028
:108850000000000000000000000000000000000018
:108860000000000000000000000000000000000008
:1088700000000000000000000000000000000000F8
:1088800000000000000000000000000000000000E8
:1088900000000000000000000000000000000000D8
:1088A00000000000000000000000000000000000C8
:1088B00000000000000000000000000000000000B8
:1088C00000000000000000000000000000000000A8
:1088D0000000000000000000000000000000000098
:1088E0000000000000000000000000000000000088
:1088F0000000000000000000000000000000000078
:108900000000000000000000000000000000000067
:108910000000000000000000000000000000000057
:108920000000000000000000000000000000000047
:108930000000000000000000000000000000000037
:108940000000000000000000000000000000000027
:108950000000000000000000000000000000000017
:108960000000000000000000000000000000000007
:1089700000000000000000000000000000000000F7
:1089800000000000000000000000000000000000E7
:1089900000000000000000000000000000000000D7
:1089A00000000000000000000000000000000000C7
:1089B00000000000000000000000000000000000B7
:1089C00000000000000000000000000000000000A7
:1089D0000000000000000000000000000000000097
:1089E0000000000000000000000000000000000087
:1089F0000000000000000000000000000000000077
:108A00000000000000000000000000000000000066
:108A10000000000000000000000000000000000056
:108A20000000000000000000000000000000000046
:108A30000000000000000000000000000000000036
:108A40000000000000000000000000000000000026
:108A50000000000000000000000000000000000016
:108A60000000000000000000000000000000000006
:108A700000000000000000000000000000000000F6
:108A800000000000000000000000000000000000E6
:108A900000000000000000000000000000000000D6
:108AA00000000000000000000000000000000000C6
:108AB00000000000000000000000000000000000B6
:108AC00000000000000000000000000000000000A6
:108AD0000000000000000000000000000000000096
:108AE0000000000000000000000000000000000086
:108AF0000000000000000000000000000000000076
:108B00000000000000000000000000000000000065
:108B10000000000000000000000000000000000055
:108B20000000000000000000000000000000000045
:108B30000000000000000000000000000000000035
:108B40000000000000000000000000000000000025
:108B50000000000000000000000000000000000015
:108B60000000000000000000000000000000000005
:108B700000000000000000000000000000000000F5
:108B800000000000000000000000000000000000E5
:108B900000000000000000000000000000000000D5
:108BA00000000000000000000000000000000000C5
:108BB00000000000000000000000000000000000B5
:108BC00000000000000000000000000000000000A5
:108BD0000000000000000000000000000000000095
:108BE0000000000000000000000000000000000085
:108BF0000000000000000000000000000000000075
:108C00000000000000000000000000000000000064
:108C10000000000000000000000000000000000054
:108C20000000000000000000000000000000000044
:108C30000000000000000000000000000000000034
:108C40000000000000000000000000000000000024
:108C50000000000000000000000000000000000014
:108C60000000000000000000000000000000000004
:108C700000000000000000000000000000000000F4
:108C800000000000000000000000000000000000E4
:108C900000000000000000000000000000000000D4
:108CA00000000000000000000000000000000000C4
:108CB00000000000000000000000000000000000B4
:108CC00000000000000000000000000000000000A4
:108CD0000000000000000000000000000000000094
:108CE0000000000000000000000000000000000084
:108CF0000000000000000000000000000000000074
:108D00000000000000000000000000000000000063
:108D10000000000000000000000000000000000053
:108D20000000000000000000000000000000000043
:108D30000000000000000000000000000000000033
:108D40000000000000000000000000000000000023
:108D50000000000000000000000000000000000013
:108D60000000000000000000000000000000000003
:108D700000000000000000000000000000000000F3
:108D800000000000000000000000000000000000E3
:108D900000000000000000000000000000000000D3
:108DA00000000000000000000000000000000000C3
:108DB00000000000000000000000000000000000B3
:108DC00000000000000000000000000000000000A3
:108DD0000000000000000000000000000000000093
:108DE0000000000000000000000000000000000083
:108DF0000000000000000000000000000000000073
:108E00000000000000000000000000000000000062
:108E10000000000000000000000000000000000052
:108E20000000000000000000000000000000000042
:108E30000000000000000000000000000000000032
:108E40000000000000000000000000000000000022
:108E50000000000000000000000000000000000012
:108E60000000000000000000000000000000000002
:108E700000000000000000000000000000000000F2
:108E800000000000000000000000000000000000E2
:108E900000000000000000000000000000000000D2
:108EA00000000000000000000000000000000000C2
:108EB00000000000000000000000000000000000B2
:108EC00000000000000000000000000000000000A2
:108ED0000000000000000000000000000000000092
:108EE0000000000000000000000000000000000082
:108EF0000000000000000000000000000000000072
:108F00000000000000000000000000000000000061
:108F10000000000000000000000000000000000051
:108F20000000000000000000000000000000000041
:108F30000000000000000000000000000000000031
:108F40000000000000000000000000000000000021
:108F50000000000000000000000000000000000011
:108F60000000000000000000000000000000000001
:108F700000000000000000000000000000000000F1
:108F800000000000000000000000000000000000E1
:108F900000000000000000000000000000000000D1
:108FA00000000000000000000000000000000000C1
:108FB00000000000000000000000000000000000B1
:108FC00000000000000000000000000000000000A1
:108FD0000000000000000000000000000000000091
:108FE0000000000000000000000000000000000081
:108FF0000000000000000000000000000000000071
:109000000000000000000000000000000000000060
:109010000000000000000000000000000000000050
:109020000000000000000000000000000000000040
:109030000000000000000000000000000000000030
:109040000000000000000000000000000000000020
:109050000000000000000000000000000000000010
:109060000000000000000000000000000000000000
:1090700000000000000000000000000000000000F0
:1090800000000000000000000000000000000000E0
:1090900000000000000000000000000000000000D0
:1090A00000000000000000000000000000000000C0
:1090B00000000000000000000000000000000000B0
:1090C00000000000000000000000000000000000A0
:1090D0000000000000000000000000000000000090
:1090E0000000000000000000000000000000000080
:1090F0000000000000000000000000000000000070
:10910000000000000000000000000000000000005F
:10911000000000000000000000000000000000004F
:10912000000000000000000000000000000000003F
:10913000000000000000000000000000000000002F
:10914000000000000000000000000000000000001F
:10915000000000000000000000000000000000000F
:1091600000000000000000000000000000000000FF
:1091700000000000000000000000000000000000EF
:1091800000000000000000000000000000000000DF
:1091900000000000000000000000000000000000CF
:1091A00000000000000000000000000000000000BF
:1091B00000000000000000000000000000000000AF
:1091C000000000000000000000000000000000009F
:1091D000000000000000000000000000000000008F
:1091E000000000000000000000000000000000007F
:1091F000000000000000000000000000000000006F
:10920000000000000000000000000000000000005E
:10921000000000000000000000000000000000004E
:10922000000000000000000000000000000000003E
:10923000000000000000000000000000000000002E
:10924000000000000000000000000000000000001E
:10925000000000000000000000000000000000000E
:1092600000000000000000000000000000000000FE
:1092700000000000000000000000000000000000EE
:1092800000000000000000000000000000000000DE
:1092900000000000000000000000000000000000CE
:1092A00000000000000000000000000000000000BE
:1092B00000000000000000000000000000000000AE
:1092C000000000000000000000000000000000009E
:1092D000000000000000000000000000000000008E
:1092E000000000000000000000000000000000007E
:1092F000000000000000000000000000000000006E
:10930000000000000000000000000000000000005D
:10931000000000000000000000000000000000004D
:10932000000000000000000000000000000000003D
:10933000000000000000000000000000000000002D
:10934000000000000000000000000000000000001D
:10935000000000000000000000000000000000000D
:1093600000000000000000000000000000000000FD
:1093700000000000000000000000000000000000ED
:1093800000000000000000000000000000000000DD
:1093900000000000000000000000000000000000CD
:1093A00000000000000000000000000000000000BD
:1093B00000000000000000000000000000000000AD
:1093C000000000000000000000000000000000009D
:1093D000000000000000000000000000000000008D
:1093E000000000000000000000000000000000007D
:1093F000000000000000000000000000000000006D
:10940000000000000000000000000000000000005C
:10941000000000000000000000000000000000004C
:10942000000000000000000000000000000000003C
:10943000000000000000000000000000000000002C
:10944000000000000000000000000000000000001C
:10945000000000000000000000000000000000000C
:1094600000000000000000000000000000000000FC
:1094700000000000000000000000000000000000EC
:1094800000000000000000000000000000000000DC
:1094900000000000000000000000000000000000CC
:1094A00000000000000000000000000000000000BC
:1094B00000000000000000000000000000000000AC
:1094C000000000000000000000000000000000009C
:1094D000000000000000000000000000000000008C
:1094E000000000000000000000000000000000007C
:1094F000000000000000000000000000000000006C
:10950000000000000000000000000000000000005B
:10951000000000000000000000000000000000004B
:10952000000000000000000000000000000000003B
:10953000000000000000000000000000000000002B
:10954000000000000000000000000000000000001B
:10955000000000000000000000000000000000000B
:1095600000000000000000000000000000000000FB
:1095700000000000000000000000000000000000EB
:1095800000000000000000000000000000000000DB
:1095900000000000000000000000000000000000CB
:1095A00000000000000000000000000000000000BB
:1095B00000000000000000000000000000000000AB
:1095C000000000000000000000000000000000009B
:1095D000000000000000000000000000000000008B
:1095E000000000000000000000000000000000007B
:1095F000000000000000000000000000000000006B
:10960000000000000000000000000000000000005A
:10961000000000000000000000000000000000004A
:10962000000000000000000000000000000000003A
:10963000000000000000000000000000000000002A
:10964000000000000000000000000000000000001A
:10965000000000000000000000000000000000000A
:1096600000000000000000000000000000000000FA
:1096700000000000000000000000000000000000EA
:1096800000000000000000000000000000000000DA
:1096900000000000000000000000000000000000CA
:1096A00000000000000000000000000000000000BA
:1096B00000000000000000000000000000000000AA
:1096C000000000000000000000000000000000009A
:1096D000000000000000000000000000000000008A
:1096E000000000000000000000000000000000007A
:1096F000000000000000000000000000000000006A
:109700000000000000000000000000000000000059
:109710000000000000000000000000000000000049
:109720000000000000000000000000000000000039
:109730000000000000000000000000000000000029
:109740000000000000000000000000000000000019
:109750000000000000000000000000000000000009
:1097600000000000000000000000000000000000F9
:1097700000000000000000000000000000000000E9
:1097800000000000000000000000000000000000D9
:1097900000000000000000000000000000000000C9
:1097A00000000000000000000000000000000000B9
:1097B00000000000000000000000000000000000A9
:1097C0000000000000000000000000000000000099
:1097D0000000000000000000000000000000000089
:1097E0000000000000000000000000000000000079
:1097F0000000000000000000000000000000000069
:109800000000000000000000000000000000000058
:109810000000000000000000000000000000000048
:109820000000000000000000000000000000000038
:109830000000000000000000000000000000000028
:109840000000000000000000000000000000000018
:109850000000000000000000000000000000000008
:1098600000000000000000000000000000000000F8
:1098700000000000000000000000000000000000E8
:1098800000000000000000000000000000000000D8
:1098900000000000000000000000000000000000C8
:1098A00000000000000000000000000000000000B8
:1098B00000000000000000000000000000000000A8
:1098C0000000000000000000000000000000000098
:1098D0000000000000000000000000000000000088
:1098E0000000000000000000000000000000000078
:1098F0000000000000000000000000000000000068
:109900000000000000000000000000000000000057
:109910000000000000000000000000000000000047
:109920000000000000000000000000000000000037
:109930000000000000000000000000000000000027
:109940000000000000000000000000000000000017
:109950000000000000000000000000000000000007
:1099600000000000000000000000000000000000F7
:1099700000000000000000000000000000000000E7
:1099800000000000000000000000000000000000D7
:1099900000000000000000000000000000000000C7
:1099A00000000000000000000000000000000000B7
:1099B00000000000000000000000000000000000A7
:1099C0000000000000000000000000000000000097
:1099D0000000000000000000000000000000000087
:1099E0000000000000000000000000000000000077
:1099F0000000000000000000000000000000000067
:109A00000000000000000000000000000000000056
:109A10000000000000000000000000000000000046
:109A20000000000000000000000000000000000036
:109A30000000000000000000000000000000000026
:109A40000000000000000000000000000000000016
:109A50000000000000000000000000000000000006
:109A600000000000000000000000000000000000F6
:109A700000000000000000000000000000000000E6
:109A800000000000000000000000000000000000D6
:109A900000000000000000000000000000000000C6
:109AA00000000000000000000000000000000000B6
:109AB00000000000000000000000000000000000A6
:109AC0000000000000000000000000000000000096
:109AD0000000000000000000000000000000000086
:109AE0000000000000000000000000000000000076
:109AF0000000000000000000000000000000000066
:109B00000000000000000000000000000000000055
:109B10000000000000000000000000000000000045
:109B20000000000000000000000000000000000035
:109B30000000000000000000000000000000000025
:109B40000000000000000000000000000000000015
:109B50000000000000000000000000000000000005
:109B600000000000000000000000000000000000F5
:109B700000000000000000000000000000000000E5
:109B800000000000000000000000000000000000D5
:109B900000000000000000000000000000000000C5
:109BA00000000000000000000000000000000000B5
:109BB00000000000000000000000000000000000A5
:109BC0000000000000000000000000000000000095
:109BD0000000000000000000000000000000000085
:109BE0000000000000000000000000000000000075
:109BF0000000000000000000000000000000000065
:109C00000000000000000000000000000000000054
:109C10000000000000000000000000000000000044
:109C20000000000000000000000000000000000034
:109C30000000000000000000000000000000000024
:109C40000000000000000000000000000000000014
:109C50000000000000000000000000000000000004
:109C600000000000000000000000000000000000F4
:109C700000000000000000000000000000000000E4
:109C800000000000000000000000000000000000D4
:109C900000000000000000000000000000000000C4
:109CA00000000000000000000000000000000000B4
:109CB00000000000000000000000000000000000A4
:109CC0000000000000000000000000000000000094
:109CD0000000000000000000000000000000000084
:109CE0000000000000000000000000000000000074
:109CF0000000000000000000000000000000000064
:109D00000000000000000000000000000000000053
:109D10000000000000000000000000000000000043
:109D20000000000000000000000000000000000033
:109D30000000000000000000000000000000000023
:109D40000000000000000000000000000000000013
:109D50000000000000000000000000000000000003
:109D600000000000000000000000000000000000F3
:109D700000000000000000000000000000000000E3
:109D800000000000000000000000000000000000D3
:109D900000000000000000000000000000000000C3
:109DA00000000000000000000000000000000000B3
:109DB00000000000000000000000000000000000A3
:109DC0000000000000000000000000000000000093
:109DD0000000000000000000000000000000000083
:109DE0000000000000000000000000000000000073
:109DF0000000000000000000000000000000000063
:109E00000000000000000000000000000000000052
:109E10000000000000000000000000000000000042
:109E20000000000000000000000000000000000032
:109E30000000000000000000000000000000000022
:109E40000000000000000000000000000000000012
:109E50000000000000000000000000000000000002
:109E600000000000000000000000000000000000F2
:109E700000000000000000000000000000000000E2
:109E800000000000000000000000000000000000D2
:109E900000000000000000000000000000000000C2
:109EA00000000000000000000000000000000000B2
:109EB00000000000000000000000000000000000A2
:109EC0000000000000000000000000000000000092
:109ED0000000000000000000000000000000000082
:109EE0000000000000000000000000000000000072
:109EF0000000000000000000000000000000000062
:109F00000000000000000000000000000000000051
:109F10000000000000000000000000000000000041
:109F20000000000000000000000000000000000031
:109F30000000000000000000000000000000000021
:109F40000000000000000000000000000000000011
:109F50000000000000000000000000000000000001
:109F600000000000000000000000000000000000F1
:109F700000000000000000000000000000000000E1
:109F800000000000000000000000000000000000D1
:109F900000000000000000000000000000000000C1
:109FA00000000000000000000000000000000000B1
:109FB00000000000000000000000000000000000A1
:109FC0000000000000000000000000000000000091
:109FD0000000000000000000000000000000000081
:109FE0000000000000000000000000000000000071
:109FF0000000000000000000000000000000000061
:10A000000000000000000000000000000000000050
:10A010000000000000000000000000000000000040
:10A020000000000000000000000000000000000030
:10A030000000000000000000000000000000000020
:10A040000000000000000000000000000000000010
:10A050000000000000000000000000000000000000
:10A0600000000000000000000000000000000000F0
:10A0700000000000000000000000000000000000E0
:10A0800000000000000000000000000000000000D0
:10A0900000000000000000000000000000000000C0
:10A0A00000000000000000000000000000000000B0
:10A0B00000000000000000000000000000000000A0
:10A0C0000000000000000000000000000000000090
:10A0D0000000000000000000000000000000000080
:10A0E0000000000000000000000000000000000070
:10A0F0000000000000000000000000000000000060
:10A10000000000000000000000000000000000004F
:10A11000000000000000000000000000000000003F
:10A12000000000000000000000000000000000002F
:10A13000000000000000000000000000000000001F
:10A14000000000000000000000000000000000000F
:10A1500000000000000000000000000000000000FF
:10A1600000000000000000000000000000000000EF
:10A1700000000000000000000000000000000000DF
:10A1800000000000000000000000000000000000CF
:10A1900000000000000000000000000000000000BF
:10A1A00000000000000000000000000000000000AF
:10A1B000000000000000000000000000000000009F
:10A1C000000000000000000000000000000000008F
:10A1D000000000000000000000000000000000007F
:10A1E000000000000000000000000000000000006F
:10A1F000000000000000000000000000000000005F
:10A20000000000000000000000000000000000004E
:10A21000000000000000000000000000000000003E
:10A22000000000000000000000000000000000002E
:10A23000000000000000000000000000000000001E
:10A24000000000000000000000000000000000000E
:10A2500000000000000000000000000000000000FE
:10A2600000000000000000000000000000000000EE
:10A2700000000000000000000000000000000000DE
:10A2800000000000000000000000000000000000CE
:10A2900000000000000000000000000000000000BE
:10A2A00000000000000000000000000000000000AE
:10A2B000000000000000000000000000000000009E
:10A2C000000000000000000000000000000000008E
:10A2D000000000000000000000000000000000007E
:10A2E000000000000000000000000000000000006E
:10A2F000000000000000000000000000000000005E
:10A30000000000000000000000000000000000004D
:10A31000000000000000000000000000000000003D
:10A32000000000000000000000000000000000002D
:10A33000000000000000000000000000000000001D
:10A34000000000000000000000000000000000000D
:10A3500000000000000000000000000000000000FD
:10A3600000000000000000000000000000000000ED
:10A3700000000000000000000000000000000000DD
:10A3800000000000000000000000000000000000CD
:10A3900000000000000000000000000000000000BD
:10A3A00000000000000000000000000000000000AD
:10A3B000000000000000000000000000000000009D
:10A3C000000000000000000000000000000000008D
:10A3D000000000000000000000000000000000007D
:10A3E000000000000000000000000000000000006D
:10A3F000000000000000000000000000000000005D
:10A40000000000000000000000000000000000004C
:10A41000000000000000000000000000000000003C
:10A42000000000000000000000000000000000002C
:10A43000000000000000000000000000000000001C
:10A44000000000000000000000000000000000000C
:10A4500000000000000000000000000000000000FC
:10A4600000000000000000000000000000000000EC
:10A4700000000000000000000000000000000000DC
:10A4800000000000000000000000000000000000CC
:10A4900000000000000000000000000000000000BC
:10A4A00000000000000000000000000000000000AC
:10A4B000000000000000000000000000000000009C
:10A4C000000000000000000000000000000000008C
:10A4D000000000000000000000000000000000007C
:10A4E000000000000000000000000000000000006C
:10A4F000000000000000000000000000000000005C
:10A50000000000000000000000000000000000004B
:10A51000000000000000000000000000000000003B
:10A52000000000000000000000000000000000002B
:10A53000000000000000000000000000000000001B
:10A54000000000000000000000000000000000000B
:10A5500000000000000000000000000000000000FB
:10A5600000000000000000000000000000000000EB
:10A5700000000000000000000000000000000000DB
:10A5800000000000000000000000000000000000CB
:10A5900000000000000000000000000000000000BB
:10A5A00000000000000000000000000000000000AB
:10A5B000000000000000000000000000000000009B
:10A5C000000000000000000000000000000000008B
:10A5D000000000000000000000000000000000007B
:10A5E000000000000000000000000000000000006B
:10A5F000000000000000000000000000000000005B
:10A60000000000000000000000000000000000004A
:10A61000000000000000000000000000000000003A
:10A62000000000000000000000000000000000002A
:10A63000000000000000000000000000000000001A
:10A64000000000000000000000000000000000000A
:10A6500000000000000000000000000000000000FA
:10A6600000000000000000000000000000000000EA
:10A6700000000000000000000000000000000000DA
:10A6800000000000000000000000000000000000CA
:10A6900000000000000000000000000000000000BA
:10A6A00000000000000000000000000000000000AA
:10A6B000000000000000000000000000000000009A
:10A6C000000000000000000000000000000000008A
:10A6D000000000000000000000000000000000007A
:10A6E000000000000000000000000000000000006A
:10A6F000000000000000000000000000000000005A
:10A700000000000000000000000000000000000049
:10A710000000000000000000000000000000000039
:10A720000000000000000000000000000000000029
:10A730000000000000000000000000000000000019
:10A740000000000000000000000000000000000009
:10A7500000000000000000000000000000000000F9
:10A7600000000000000000000000000000000000E9
:10A7700000000000000000000000000000000000D9
:10A7800000000000000000000000000000000000C9
:10A7900000000000000000000000000000000000B9
:10A7A00000000000000000000000000000000000A9
:10A7B0000000000000000000000000000000000099
:10A7C0000000000000000000000000000000000089
:10A7D0000000000000000000000000000000000079
:10A7E0000000000000000000000000000000000069
:10A7F0000000000000000000000000000000000059
:10A800000000000000000000000000000000000048
:10A810000000000000000000000000000000000038
:10A820000000000000000000000000000000000028
:10A830000000000000000000000000000000000018
:10A840000000000000000000000000000000000008
:10A8500000000000000000000000000000000000F8
:10A8600000000000000000000000000000000000E8
:10A8700000000000000000000000000000000000D8
:10A8800000000000000000000000000000000000C8
:10A8900000000000000000000000000000000000B8
:10A8A00000000000000000000000000000000000A8
:10A8B0000000000000000000000000000000000098
:10A8C0000000000000000000000000000000000088
:10A8D0000000000000000000000000000000000078
:10A8E0000000000000000000000000000000000068
:10A8F0000000000000000000000000000000000058
:10A900000000000000000000000000000000000047
:10A910000000000000000000000000000000000037
:10A920000000000000000000000000000000000027
:10A930000000000000000000000000000000000017
:10A940000000000000000000000000000000000007
:10A9500000000000000000000000000000000000F7
:10A9600000000000000000000000000000000000E7
:10A9700000000000000000000000000000000000D7
:10A9800000000000000000000000000000000000C7
:10A9900000000000000000000000000000000000B7
:10A9A00000000000000000000000000000000000A7
:10A9B0000000000000000000000000000000000097
:10A9C0000000000000000000000000000000000087
:10A9D0000000000000000000000000000000000077
:10A9E0000000000000000000000000000000000067
:10A9F0000000000000000000000000000000000057
:10AA00000000000000000000000000000000000046
:10AA10000000000000000000000000000000000036
:10AA20000000000000000000000000000000000026
:10AA30000000000000000000000000000000000016
:10AA40000000000000000000000000000000000006
:10AA500000000000000000000000000000000000F6
:10AA600000000000000000000000000000000000E6
:10AA700000000000000000000000000000000000D6
:10AA800000000000000000000000000000000000C6
:10AA900000000000000000000000000000000000B6
:10AAA00000000000000000000000000000000000A6
:10AAB0000000000000000000000000000000000096
:10AAC0000000000000000000000000000000000086
:10AAD0000000000000000000000000000000000076
:10AAE0000000000000000000000000000000000066
:10AAF0000000000000000000000000000000000056
:10AB00000000000000000000000000000000000045
:10AB10000000000000000000000000000000000035
:10AB20000000000000000000000000000000000025
:10AB30000000000000000000000000000000000015
:10AB40000000000000000000000000000000000005
:10AB500000000000000000000000000000000000F5
:10AB600000000000000000000000000000000000E5
:10AB700000000000000000000000000000000000D5
:10AB800000000000000000000000000000000000C5
:10AB900000000000000000000000000000000000B5
:10ABA00000000000000000000000000000000000A5
:10ABB0000000000000000000000000000000000095
:10ABC0000000000000000000000000000000000085
:10ABD0000000000000000000000000000000000075
:10ABE0000000000000000000000000000000000065
:10ABF0000000000000000000000000000000000055
:10AC00000000000000000000000000000000000044
:10AC10000000000000000000000000000000000034
:10AC20000000000000000000000000000000000024
:10AC30000000000000000000000000000000000014
:10AC40000000000000000000000000000000000004
:10AC500000000000000000000000000000000000F4
:10AC600000000000000000000000000000000000E4
:10AC700000000000000000000000000000000000D4
:10AC800000000000000000000000000000000000C4
:10AC900000000000000000000000000000000000B4
:10ACA00000000000000000000000000000000000A4
:10ACB0000000000000000000000000000000000094
:10ACC0000000000000000000000000000000000084
:10ACD0000000000000000000000000000000000074
:10ACE0000000000000000000000000000000000064
:10ACF0000000000000000000000000000000000054
:10AD00000000000000000000000000000000000043
:10AD10000000000000000000000000000000000033
:10AD20000000000000000000000000000000000023
:10AD30000000000000000000000000000000000013
:10AD40000000000000000000000000000000000003
:10AD500000000000000000000000000000000000F3
:10AD600000000000000000000000000000000000E3
:10AD700000000000000000000000000000000000D3
:10AD800000000000000000000000000000000000C3
:10AD900000000000000000000000000000000000B3
:10ADA00000000000000000000000000000000000A3
:10ADB0000000000000000000000000000000000093
:10ADC0000000000000000000000000000000000083
:10ADD0000000000000000000000000000000000073
:10ADE0000000000000000000000000000000000063
:10ADF0000000000000000000000000000000000053
:10AE00000000000000000000000000000000000042
:10AE10000000000000000000000000000000000032
:10AE20000000000000000000000000000000000022
:10AE30000000000000000000000000000000000012
:10AE40000000000000000000000000000000000002
:10AE500000000000000000000000000000000000F2
:10AE600000000000000000000000000000000000E2
:10AE700000000000000000000000000000000000D2
:10AE800000000000000000000000000000000000C2
:10AE900000000000000000000000000000000000B2
:10AEA00000000000000000000000000000000000A2
:10AEB0000000000000000000000000000000000092
:10AEC0000000000000000000000000000000000082
:10AED0000000000000000000000000000000000072
:10AEE0000000000000000000000000000000000062
:10AEF0000000000000000000000000000000000052
:10AF00000000000000000000000000000000000041
:10AF10000000000000000000000000000000000031
:10AF20000000000000000000000000000000000021
:10AF30000000000000000000000000000000000011
:10AF40000000000000000000000000000000000001
:10AF500000000000000000000000000000000000F1
:10AF600000000000000000000000000000000000E1
:10AF700000000000000000000000000000000000D1
:10AF800000000000000000000000000000000000C1
:10AF900000000000000000000000000000000000B1
:10AFA00000000000000000000000000000000000A1
:10AFB0000000000000000000000000000000000091
:10AFC0000000000000000000000000000000000081
:10AFD0000000000000000000000000000000000071
:10AFE0000000000000000000000000000000000061
:10AFF0000000000000000000000000000000000051
:10B000000000000000000000000000000000000040
:10B010000000000000000000000000000000000030
:10B020000000000000000000000000000000000020
:10B030000000000000000000000000000000000010
:10B040000000000000000000000000000000000000
:10B0500000000000000000000000000000000000F0
:10B0600000000000000000000000000000000000E0
:10B0700000000000000000000000000000000000D0
:10B0800000000000000000000000000000000000C0
:10B0900000000000000000000000000000000000B0
:10B0A00000000000000000000000000000000000A0
:10B0B0000000000000000000000000000000000090
:10B0C0000000000000000000000000000000000080
:10B0D0000000000000000000000000000000000070
:10B0E0000000000000000000000000000000000060
:10B0F0000000000000000000000000000000000050
:10B10000000000000000000000000000000000003F
:10B11000000000000000000000000000000000002F
:10B12000000000000000000000000000000000001F
:10B13000000000000000000000000000000000000F
:10B1400000000000000000000000000000000000FF
:10B1500000000000000000000000000000000000EF
:10B1600000000000000000000000000000000000DF
:10B1700000000000000000000000000000000000CF
:10B1800000000000000000000000000000000000BF
:10B1900000000000000000000000000000000000AF
:10B1A000000000000000000000000000000000009F
:10B1B000000000000000000000000000000000008F
:10B1C000000000000000000000000000000000007F
:10B1D000000000000000000000000000000000006F
:10B1E000000000000000000000000000000000005F
:10B1F000000000000000000000000000000000004F
:10B20000000000000000000000000000000000003E
:10B21000000000000000000000000000000000002E
:10B22000000000000000000000000000000000001E
:10B23000000000000000000000000000000000000E
:10B2400000000000000000000000000000000000FE
:10B2500000000000000000000000000000000000EE
:10B2600000000000000000000000000000000000DE
:10B2700000000000000000000000000000000000CE
:10B2800000000000000000000000000000000000BE
:10B2900000000000000000000000000000000000AE
:10B2A000000000000000000000000000000000009E
:10B2B000000000000000000000000000000000008E
:10B2C000000000000000000000000000000000007E
:10B2D000000000000000000000000000000000006E
:10B2E000000000000000000000000000000000005E
:10B2F000000000000000000000000000000000004E
:10B30000000000000000000000000000000000003D
:10B31000000000000000000000000000000000002D
:10B32000000000000000000000000000000000001D
:10B33000000000000000000000000000000000000D
:10B3400000000000000000000000000000000000FD
:10B3500000000000000000000000000000000000ED
:10B3600000000000000000000000000000000000DD
:10B3700000000000000000000000000000000000CD
:10B3800000000000000000000000000000000000BD
:10B3900000000000000000000000000000000000AD
:10B3A000000000000000000000000000000000009D
:10B3B000000000000000000000000000000000008D
:10B3C000000000000000000000000000000000007D
:10B3D000000000000000000000000000000000006D
:10B3E000000000000000000000000000000000005D
:10B3F000000000000000000000000000000000004D
:10B40000000000000000000000000000000000003C
:10B41000000000000000000000000000000000002C
:10B42000000000000000000000000000000000001C
:10B43000000000000000000000000000000000000C
:10B4400000000000000000000000000000000000FC
:10B4500000000000000000000000000000000000EC
:10B4600000000000000000000000000000000000DC
:10B4700000000000000000000000000000000000CC
:10B4800000000000000000000000000000000000BC
:10B4900000000000000000000000000000000000AC
:10B4A000000000000000000000000000000000009C
:10B4B000000000000000000000000000000000008C
:10B4C000000000000000000000000000000000007C
:10B4D000000000000000000000000000000000006C
:10B4E000000000000000000000000000000000005C
:10B4F000000000000000000000000000000000004C
:10B50000000000000000000000000000000000003B
:10B51000000000000000000000000000000000002B
:10B52000000000000000000000000000000000001B
:10B53000000000000000000000000000000000000B
:10B5400000000000000000000000000000000000FB
:10B5500000000000000000000000000000000000EB
:10B5600000000000000000000000000000000000DB
:10B5700000000000000000000000000000000000CB
:10B5800000000000000000000000000000000000BB
:10B5900000000000000000000000000000000000AB
:10B5A000000000000000000000000000000000009B
:10B5B000000000000000000000000000000000008B
:10B5C000000000000000000000000000000000007B
:10B5D000000000000000000000000000000000006B
:10B5E000000000000000000000000000000000005B
:10B5F000000000000000000000000000000000004B
:10B60000000000000000000000000000000000003A
:10B61000000000000000000000000000000000002A
:10B62000000000000000000000000000000000001A
:10B63000000000000000000000000000000000000A
:10B6400000000000000000000000000000000000FA
:10B6500000000000000000000000000000000000EA
:10B6600000000000000000000000000000000000DA
:10B6700000000000000000000000000000000000CA
:10B6800000000000000000000000000000000000BA
:10B6900000000000000000000000000000000000AA
:10B6A000000000000000000000000000000000009A
:10B6B000000000000000000000000000000000008A
:10B6C000000000000000000000000000000000007A
:10B6D000000000000000000000000000000000006A
:10B6E000000000000000000000000000000000005A
:10B6F000000000000000000000000000000000004A
:10B700000000000000000000000000000000000039
:10B710000000000000000000000000000000000029
:10B720000000000000000000000000000000000019
:10B730000000000000000000000000000000000009
:10B7400000000000000000000000000000000000F9
:10B7500000000000000000000000000000000000E9
:10B7600000000000000000000000000000000000D9
:10B7700000000000000000000000000000000000C9
:10B7800000000000000000000000000000000000B9
:10B7900000000000000000000000000000000000A9
:10B7A0000000000000000000000000000000000099
:10B7B0000000000000000000000000000000000089
:10B7C0000000000000000000000000000000000079
:10B7D0000000000000000000000000000000000069
:10B7E0000000000000000000000000000000000059
:10B7F0000000000000000000000000000000000049
:10B800000000000000000000000000000000000038
:10B810000000000000000000000000000000000028
:10B820000000000000000000000000000000000018
:10B830000000000000000000000000000000000008
:10B8400000000000000000000000000000000000F8
:10B8500000000000000000000000000000000000E8
:10B8600000000000000000000000000000000000D8
:10B8700000000000000000000000000000000000C8
:10B8800000000000000000000000000000000000B8
:10B8900000000000000000000000000000000000A8
:10B8A0000000000000000000000000000000000098
:10B8B0000000000000000000000000000000000088
:10B8C0000000000000000000000000000000000078
:10B8D0000000000000000000000000000000000068
:10B8E0000000000000000000000000000000000058
:10B8F0000000000000000000000000000000000048
:10B900000000000000000000000000000000000037
:10B910000000000000000000000000000000000027
:10B920000000000000000000000000000000000017
:10B930000000000000000000000000000000000007
:10B9400000000000000000000000000000000000F7
:10B9500000000000000000000000000000000000E7
:10B9600000000000000000000000000000000000D7
:10B9700000000000000000000000000000000000C7
:10B9800000000000000000000000000000000000B7
:10B9900000000000000000000000000000000000A7
:10B9A0000000000000000000000000000000000097
:10B9B0000000000000000000000000000000000087
:10B9C0000000000000000000000000000000000077
:10B9D0000000000000000000000000000000000067
:10B9E0000000000000000000000000000000000057
:10B9F0000000000000000000000000000000000047
:10BA00000000000000000000000000000000000036
:10BA10000000000000000000000000000000000026
:10BA20000000000000000000000000000000000016
:10BA30000000000000000000000000000000000006
:10BA400000000000000000000000000000000000F6
:10BA500000000000000000000000000000000000E6
:10BA600000000000000000000000000000000000D6
:10BA700000000000000000000000000000000000C6
:10BA800000000000000000000000000000000000B6
:10BA900000000000000000000000000000000000A6
:10BAA0000000000000000000000000000000000096
:10BAB0000000000000000000000000000000000086
:10BAC0000000000000000000000000000000000076
:10BAD0000000000000000000000000000000000066
:10BAE0000000000000000000000000000000000056
:10BAF0000000000000000000000000000000000046
:10BB00000000000000000000000000000000000035
:10BB10000000000000000000000000000000000025
:10BB20000000000000000000000000000000000015
:10BB30000000000000000000000000000000000005
:10BB400000000000000000000000000000000000F5
:10BB500000000000000000000000000000000000E5
:10BB600000000000000000000000000000000000D5
:10BB700000000000000000000000000000000000C5
:10BB800000000000000000000000000000000000B5
:10BB900000000000000000000000000000000000A5
:10BBA0000000000000000000000000000000000095
:10BBB0000000000000000000000000000000000085
:10BBC0000000000000000000000000000000000075
:10BBD0000000000000000000000000000000000065
:10BBE0000000000000000000000000000000000055
:10BBF0000000000000000000000000000000000045
:10BC00000000000000000000000000000000000034
:10BC10000000000000000000000000000000000024
:10BC20000000000000000000000000000000000014
:10BC30000000000000000000000000000000000004
:10BC400000000000000000000000000000000000F4
:10BC500000000000000000000000000000000000E4
:10BC600000000000000000000000000000000000D4
:10BC700000000000000000000000000000000000C4
:10BC800000000000000000000000000000000000B4
:10BC900000000000000000000000000000000000A4
:10BCA0000000000000000000000000000000000094
:10BCB0000000000000000000000000000000000084
:10BCC0000000000000000000000000000000000074
:10BCD0000000000000000000000000000000000064
:10BCE0000000000000000000000000000000000054
:10BCF0000000000000000000000000000000000044
:10BD00000000000000000000000000000000000033
:10BD10000000000000000000000000000000000023
:10BD20000000000000000000000000000000000013
:10BD30000000000000000000000000000000000003
:10BD400000000000000000000000000000000000F3
:10BD500000000000000000000000000000000000E3
:10BD600000000000000000000000000000000000D3
:10BD700000000000000000000000000000000000C3
:10BD800000000000000000000000000000000000B3
:10BD900000000000000000000000000000000000A3
:10BDA0000000000000000000000000000000000093
:10BDB0000000000000000000000000000000000083
:10BDC0000000000000000000000000000000000073
:10BDD0000000000000000000000000000000000063
:10BDE0000000000000000000000000000000000053
:10BDF0000000000000000000000000000000000043
:10BE00000000000000000000000000000000000032
:10BE10000000000000000000000000000000000022
:10BE20000000000000000000000000000000000012
:10BE30000000000000000000000000000000000002
:10BE400000000000000000000000000000000000F2
:10BE500000000000000000000000000000000000E2
:10BE600000000000000000000000000000000000D2
:10BE700000000000000000000000000000000000C2
:10BE800000000000000000000000000000000000B2
:10BE900000000000000000000000000000000000A2
:10BEA0000000000000000000000000000000000092
:10BEB0000000000000000000000000000000000082
:10BEC0000000000000000000000000000000000072
:10BED0000000000000000000000000000000000062
:10BEE0000000000000000000000000000000000052
:10BEF0000000000000000000000000000000000042
:10BF00000000000000000000000000000000000031
:10BF10000000000000000000000000000000000021
:10BF20000000000000000000000000000000000011
:10BF30000000000000000000000000000000000001
:10BF400000000000000000000000000000000000F1
:10BF500000000000000000000000000000000000E1
:10BF600000000000000000000000000000000000D1
:10BF700000000000000000000000000000000000C1
:10BF800000000000000000000000000000000000B1
:10BF900000000000000000000000000000000000A1
:10BFA0000000000000000000000000000000000091
:10BFB0000000000000000000000000000000000081
:10BFC0000000000000000000000000000000000071
:10BFD0000000000000000000000000000000000061
:10BFE0000000000000000000000000000000000051
:10BFF0000000000000000000000000000000000041
:10C000000000000000000000000000000000000030
:10C010000000000000000000000000000000000020
:10C020000000000000000000000000000000000010
:10C030000000000000000000000000000000000000
:10C0400000000000000000000000000000000000F0
:10C0500000000000000000000000000000000000E0
:10C0600000000000000000000000000000000000D0
:10C0700000000000000000000000000000000000C0
:10C0800000000000000000000000000000000000B0
:10C0900000000000000000000000000000000000A0
:10C0A0000000000000000000000000000000000090
:10C0B0000000000000000000000000000000000080
:10C0C0000000000000000000000000000000000070
:10C0D0000000000000000000000000000000000060
:10C0E0000000000000000000000000000000000050
:10C0F0000000000000000000000000000000000040
:10C10000000000000000000000000000000000002F
:10C11000000000000000000000000000000000001F
:10C12000000000000000000000000000000000000F
:10C1300000000000000000000000000000000000FF
:10C1400000000000000000000000000000000000EF
:10C1500000000000000000000000000000000000DF
:10C1600000000000000000000000000000000000CF
:10C1700000000000000000000000000000000000BF
:10C1800000000000000000000000000000000000AF
:10C19000000000000000000000000000000000009F
:10C1A000000000000000000000000000000000008F
:10C1B000000000000000000000000000000000007F
:10C1C000000000000000000000000000000000006F
:10C1D000000000000000000000000000000000005F
:10C1E000000000000000000000000000000000004F
:10C1F000000000000000000000000000000000003F
:10C20000000000000000000000000000000000002E
:10C21000000000000000000000000000000000001E
:10C22000000000000000000000000000000000000E
:10C2300000000000000000000000000000000000FE
:10C2400000000000000000000000000000000000EE
:10C2500000000000000000000000000000000000DE
:10C2600000000000000000000000000000000000CE
:10C2700000000000000000000000000000000000BE
:10C2800000000000000000000000000000000000AE
:10C29000000000000000000000000000000000009E
:10C2A000000000000000000000000000000000008E
:10C2B000000000000000000000000000000000007E
:10C2C000000000000000000000000000000000006E
:10C2D000000000000000000000000000000000005E
:10C2E000000000000000000000000000000000004E
:10C2F000000000000000000000000000000000003E
:10C30000000000000000000000000000000000002D
:10C31000000000000000000000000000000000001D
:10C32000000000000000000000000000000000000D
:10C3300000000000000000000000000000000000FD
:10C3400000000000000000000000000000000000ED
:10C3500000000000000000000000000000000000DD
:10C3600000000000000000000000000000000000CD
:10C3700000000000000000000000000000000000BD
:10C3800000000000000000000000000000000000AD
:10C39000000000000000000000000000000000009D
:10C3A000000000000000000000000000000000008D
:10C3B000000000000000000000000000000000007D
:10C3C000000000000000000000000000000000006D
:10C3D000000000000000000000000000000000005D
:10C3E000000000000000000000000000000000004D
:10C3F000000000000000000000000000000000003D
:10C40000000000000000000000000000000000002C
:10C41000000000000000000000000000000000001C
:10C42000000000000000000000000000000000000C
:10C4300000000000000000000000000000000000FC
:10C4400000000000000000000000000000000000EC
:10C4500000000000000000000000000000000000DC
:10C4600000000000000000000000000000000000CC
:10C4700000000000000000000000000000000000BC
:10C4800000000000000000000000000000000000AC
:10C49000000000000000000000000000000000009C
:10C4A000000000000000000000000000000000008C
:10C4B000000000000000000000000000000000007C
:10C4C000000000000000000000000000000000006C
:10C4D000000000000000000000000000000000005C
:10C4E000000000000000000000000000000000004C
:10C4F000000000000000000000000000000000003C
:10C50000000000000000000000000000000000002B
:10C51000000000000000000000000000000000001B
:10C52000000000000000000000000000000000000B
:10C5300000000000000000000000000000000000FB
:10C5400000000000000000000000000000000000EB
:10C5500000000000000000000000000000000000DB
:10C5600000000000000000000000000000000000CB
:10C5700000000000000000000000000000000000BB
:10C5800000000000000000000000000000000000AB
:10C59000000000000000000000000000000000009B
:10C5A000000000000000000000000000000000008B
:10C5B000000000000000000000000000000000007B
:10C5C000000000000000000000000000000000006B
:10C5D000000000000000000000000000000000005B
:10C5E000000000000000000000000000000000004B
:10C5F000000000000000000000000000000000003B
:10C60000000000000000000000000000000000002A
:10C61000000000000000000000000000000000001A
:10C62000000000000000000000000000000000000A
:10C6300000000000000000000000000000000000FA
:10C6400000000000000000000000000000000000EA
:10C6500000000000000000000000000000000000DA
:10C6600000000000000000000000000000000000CA
:10C6700000000000000000000000000000000000BA
:10C6800000000000000000000000000000000000AA
:10C69000000000000000000000000000000000009A
:10C6A000000000000000000000000000000000008A
:10C6B000000000000000000000000000000000007A
:10C6C000000000000000000000000000000000006A
:10C6D000000000000000000000000000000000005A
:10C6E000000000000000000000000000000000004A
:10C6F000000000000000000000000000000000003A
:10C700000000000000000000000000000000000029
:10C710000000000000000000000000000000000019
:10C720000000000000000000000000000000000009
:10C7300000000000000000000000000000000000F9
:10C7400000000000000000000000000000000000E9
:10C7500000000000000000000000000000000000D9
:10C7600000000000000000000000000000000000C9
:10C7700000000000000000000000000000000000B9
:10C7800000000000000000000000000000000000A9
:10C790000000000000000000000000000000000099
:10C7A0000000000000000000000000000000000089
:10C7B0000000000000000000000000000000000079
:10C7C0000000000000000000000000000000000069
:10C7D0000000000000000000000000000000000059
:10C7E0000000000000000000000000000000000049
:10C7F0000000000000000000000000000000000039
:10C800000000000000000000000000000000000028
:10C810000000000000000000000000000000000018
:10C820000000000000000000000000000000000008
:10C8300000000000000000000000000000000000F8
:10C8400000000000000000000000000000000000E8
:10C8500000000000000000000000000000000000D8
:10C8600000000000000000000000000000000000C8
:10C8700000000000000000000000000000000000B8
:10C8800000000000000000000000000000000000A8
:10C890000000000000000000000000000000000098
:10C8A0000000000000000000000000000000000088
:10C8B0000000000000000000000000000000000078
:10C8C0000000000000000000000000000000000068
:10C8D0000000000000000000000000000000000058
:10C8E0000000000000000000000000000000000048
:10C8F0000000000000000000000000000000000038
:10C900000000000000000000000000000000000027
:10C910000000000000000000000000000000000017
:10C920000000000000000000000000000000000007
:10C9300000000000000000000000000000000000F7
:10C9400000000000000000000000000000000000E7
:10C9500000000000000000000000000000000000D7
:10C9600000000000000000000000000000000000C7
:10C9700000000000000000000000000000000000B7
:10C9800000000000000000000000000000000000A7
:10C990000000000000000000000000000000000097
:10C9A0000000000000000000000000000000000087
:10C9B0000000000000000000000000000000000077
:10C9C0000000000000000000000000000000000067
:10C9D0000000000000000000000000000000000057
:10C9E0000000000000000000000000000000000047
:10C9F0000000000000000000000000000000000037
:10CA00000000000000000000000000000000000026
:10CA10000000000000000000000000000000000016
:10CA20000000000000000000000000000000000006
:10CA300000000000000000000000000000000000F6
:10CA400000000000000000000000000000000000E6
:10CA500000000000000000000000000000000000D6
:10CA600000000000000000000000000000000000C6
:10CA700000000000000000000000000000000000B6
:10CA800000000000000000000000000000000000A6
:10CA90000000000000000000000000000000000096
:10CAA0000000000000000000000000000000000086
:10CAB0000000000000000000000000000000000076
:10CAC0000000000000000000000000000000000066
:10CAD0000000000000000000000000000000000056
:10CAE0000000000000000000000000000000000046
:10CAF0000000000000000000000000000000000036
:10CB00000000000000000000000000000000000025
:10CB10000000000000000000000000000000000015
:10CB20000000000000000000000000000000000005
:10CB300000000000000000000000000000000000F5
:10CB400000000000000000000000000000000000E5
:10CB500000000000000000000000000000000000D5
:10CB600000000000000000000000000000000000C5
:10CB700000000000000000000000000000000000B5
:10CB800000000000000000000000000000000000A5
:10CB90000000000000000000000000000000000095
:10CBA0000000000000000000000000000000000085
:10CBB0000000000000000000000000000000000075
:10CBC0000000000000000000000000000000000065
:10CBD0000000000000000000000000000000000055
:10CBE0000000000000000000000000000000000045
:10CBF0000000000000000000000000000000000035
:10CC00000000000000000000000000000000000024
:10CC10000000000000000000000000000000000014
:10CC20000000000000000000000000000000000004
:10CC300000000000000000000000000000000000F4
:10CC400000000000000000000000000000000000E4
:10CC500000000000000000000000000000000000D4
:10CC600000000000000000000000000000000000C4
:10CC700000000000000000000000000000000000B4
:10CC800000000000000000000000000000000000A4
:10CC90000000000000000000000000000000000094
:10CCA0000000000000000000000000000000000084
:10CCB0000000000000000000000000000000000074
:10CCC0000000000000000000000000000000000064
:10CCD0000000000000000000000000000000000054
:10CCE0000000000000000000000000000000000044
:10CCF0000000000000000000000000000000000034
:10CD00000000000000000000000000000000000023
:10CD10000000000000000000000000000000000013
:10CD20000000000000000000000000000000000003
:10CD300000000000000000000000000000000000F3
:10CD400000000000000000000000000000000000E3
:10CD500000000000000000000000000000000000D3
:10CD600000000000000000000000000000000000C3
:10CD700000000000000000000000000000000000B3
:10CD800000000000000000000000000000000000A3
:10CD90000000000000000000000000000000000093
:10CDA0000000000000000000000000000000000083
:10CDB0000000000000000000000000000000000073
:10CDC0000000000000000000000000000000000063
:10CDD0000000000000000000000000000000000053
:10CDE0000000000000000000000000000000000043
:10CDF0000000000000000000000000000000000033
:10CE00000000000000000000000000000000000022
:10CE10000000000000000000000000000000000012
:10CE20000000000000000000000000000000000002
:10CE300000000000000000000000000000000000F2
:10CE400000000000000000000000000000000000E2
:10CE500000000000000000000000000000000000D2
:10CE600000000000000000000000000000000000C2
:10CE700000000000000000000000000000000000B2
:10CE800000000000000000000000000000000000A2
:10CE90000000000000000000000000000000000092
:10CEA0000000000000000000000000000000000082
:10CEB0000000000000000000000000000000000072
:10CEC0000000000000000000000000000000000062
:10CED0000000000000000000000000000000000052
:10CEE0000000000000000000000000000000000042
:10CEF0000000000000000000000000000000000032
:10CF00000000000000000000000000000000000021
:10CF10000000000000000000000000000000000011
:10CF20000000000000000000000000000000000001
:10CF300000000000000000000000000000000000F1
:10CF400000000000000000000000000000000000E1
:10CF500000000000000000000000000000000000D1
:10CF600000000000000000000000000000000000C1
:10CF700000000000000000000000000000000000B1
:10CF800000000000000000000000000000000000A1
:10CF90000000000000000000000000000000000091
:10CFA0000000000000000000000000000000000081
:10CFB0000000000000000000000000000000000071
:10CFC0000000000000000000000000000000000061
:10CFD0000000000000000000000000000000000051
:10CFE0000000000000000000000000000000000041
:10CFF0000000000000000000000000000000000031
:10D000000000000000000000000000000000000020
:10D010000000000000000000000000000000000010
:10D020000000000000000000000000000000000000
:10D0300000000000000000000000000000000000F0
:10D0400000000000000000000000000000000000E0
:10D0500000000000000000000000000000000000D0
:10D0600000000000000000000000000000000000C0
:10D0700000000000000000000000000000000000B0
:10D0800000000000000000000000000000000000A0
:10D090000000000000000000000000000000000090
:10D0A0000000000000000000000000000000000080
:10D0B0000000000000000000000000000000000070
:10D0C0000000000000000000000000000000000060
:10D0D0000000000000000000000000000000000050
:10D0E0000000000000000000000000000000000040
:10D0F0000000000000000000000000000000000030
:10D10000000000000000000000000000000000001F
:10D11000000000000000000000000000000000000F
:10D1200000000000000000000000000000000000FF
:10D1300000000000000000000000000000000000EF
:10D1400000000000000000000000000000000000DF
:10D1500000000000000000000000000000000000CF
:10D1600000000000000000000000000000000000BF
:10D1700000000000000000000000000000000000AF
:10D18000000000000000000000000000000000009F
:10D19000000000000000000000000000000000008F
:10D1A000000000000000000000000000000000007F
:10D1B000000000000000000000000000000000006F
:10D1C000000000000000000000000000000000005F
:10D1D000000000000000000000000000000000004F
:10D1E000000000000000000000000000000000003F
:10D1F000000000000000000000000000000000002F
:10D20000000000000000000000000000000000001E
:10D21000000000000000000000000000000000000E
:10D2200000000000000000000000000000000000FE
:10D2300000000000000000000000000000000000EE
:10D2400000000000000000000000000000000000DE
:10D2500000000000000000000000000000000000CE
:10D2600000000000000000000000000000000000BE
:10D2700000000000000000000000000000000000AE
:10D28000000000000000000000000000000000009E
:10D29000000000000000000000000000000000008E
:10D2A000000000000000000000000000000000007E
:10D2B000000000000000000000000000000000006E
:10D2C000000000000000000000000000000000005E
:10D2D000000000000000000000000000000000004E
:10D2E000000000000000000000000000000000003E
:10D2F000000000000000000000000000000000002E
:10D30000000000000000000000000000000000001D
:10D31000000000000000000000000000000000000D
:10D3200000000000000000000000000000000000FD
:10D3300000000000000000000000000000000000ED
:10D3400000000000000000000000000000000000DD
:10D3500000000000000000000000000000000000CD
:10D3600000000000000000000000000000000000BD
:10D3700000000000000000000000000000000000AD
:10D38000000000000000000000000000000000009D
:10D39000000000000000000000000000000000008D
:10D3A000000000000000000000000000000000007D
:10D3B000000000000000000000000000000000006D
:10D3C000000000000000000000000000000000005D
:10D3D000000000000000000000000000000000004D
:10D3E000000000000000000000000000000000003D
:10D3F000000000000000000000000000000000002D
:10D40000000000000000000000000000000000001C
:10D41000000000000000000000000000000000000C
:10D4200000000000000000000000000000000000FC
:10D4300000000000000000000000000000000000EC
:10D4400000000000000000000000000000000000DC
:10D4500000000000000000000000000000000000CC
:10D4600000000000000000000000000000000000BC
:10D4700000000000000000000000000000000000AC
:10D48000000000000000000000000000000000009C
:10D49000000000000000000000000000000000008C
:10D4A000000000000000000000000000000000007C
:10D4B000000000000000000000000000000000006C
:10D4C000000000000000000000000000000000005C
:10D4D000000000000000000000000000000000004C
:10D4E000000000000000000000000000000000003C
:10D4F000000000000000000000000000000000002C
:10D50000000000000000000000000000000000001B
:10D51000000000000000000000000000000000000B
:10D5200000000000000000000000000000000000FB
:10D5300000000000000000000000000000000000EB
:10D5400000000000000000000000000000000000DB
:10D5500000000000000000000000000000000000CB
:10D5600000000000000000000000000000000000BB
:10D5700000000000000000000000000000000000AB
:10D58000000000000000000000000000000000009B
:10D59000000000000000000000000000000000008B
:10D5A000000000000000000000000000000000007B
:10D5B000000000000000000000000000000000006B
:10D5C000000000000000000000000000000000005B
:10D5D000000000000000000000000000000000004B
:10D5E000000000000000000000000000000000003B
:10D5F000000000000000000000000000000000002B
:10D60000000000000000000000000000000000001A
:10D61000000000000000000000000000000000000A
:10D6200000000000000000000000000000000000FA
:10D6300000000000000000000000000000000000EA
:10D6400000000000000000000000000000000000DA
:10D6500000000000000000000000000000000000CA
:10D6600000000000000000000000000000000000BA
:10D6700000000000000000000000000000000000AA
:10D68000000000000000000000000000000000009A
:10D69000000000000000000000000000000000008A
:10D6A000000000000000000000000000000000007A
:10D6B000000000000000000000000000000000006A
:10D6C000000000000000000000000000000000005A
:10D6D000000000000000000000000000000000004A
:10D6E000000000000000000000000000000000003A
:10D6F000000000000000000000000000000000002A
:10D700000000000000000000000000000000000019
:10D710000000000000000000000000000000000009
:10D7200000000000000000000000000000000000F9
:10D7300000000000000000000000000000000000E9
:10D7400000000000000000000000000000000000D9
:10D7500000000000000000000000000000000000C9
:10D7600000000000000000000000000000000000B9
:10D7700000000000000000000000000000000000A9
:10D780000000000000000000000000000000000099
:10D790000000000000000000000000000000000089
:10D7A0000000000000000000000000000000000079
:10D7B0000000000000000000000000000000000069
:10D7C0000000000000000000000000000000000059
:10D7D0000000000000000000000000000000000049
:10D7E0000000000000000000000000000000000039
:10D7F0000000000000000000000000000000000029
:10D800000000000000000000000000000000000018
:10D810000000000000000000000000000000000008
:10D8200000000000000000000000000000000000F8
:10D8300000000000000000000000000000000000E8
:10D8400000000000000000000000000000000000D8
:10D8500000000000000000000000000000000000C8
:10D8600000000000000000000000000000000000B8
:10D8700000000000000000000000000000000000A8
:10D880000000000000000000000000000000000098
:10D890000000000000000000000000000000000088
:10D8A0000000000000000000000000000000000078
:10D8B0000000000000000000000000000000000068
:10D8C0000000000000000000000000000000000058
:10D8D0000000000000000000000000000000000048
:10D8E0000000000000000000000000000000000038
:10D8F0000000000000000000000000000000000028
:10D900000000000000000000000000000000000017
:10D910000000000000000000000000000000000007
:10D9200000000000000000000000000000000000F7
:10D9300000000000000000000000000000000000E7
:10D9400000000000000000000000000000000000D7
:10D9500000000000000000000000000000000000C7
:10D9600000000000000000000000000000000000B7
:10D9700000000000000000000000000000000000A7
:10D980000000000000000000000000000000000097
:10D990000000000000000000000000000000000087
:10D9A0000000000000000000000000000000000077
:10D9B0000000000000000000000000000000000067
:10D9C0000000000000000000000000000000000057
:10D9D0000000000000000000000000000000000047
:10D9E0000000000000000000000000000000000037
:10D9F0000000000000000000000000000000000027
:10DA00000000000000000000000000000000000016
:10DA10000000000000000000000000000000000006
:10DA200000000000000000000000000000000000F6
:10DA300000000000000000000000000000000000E6
:10DA400000000000000000000000000000000000D6
:10DA500000000000000000000000000000000000C6
:10DA600000000000000000000000000000000000B6
:10DA700000000000000000000000000000000000A6
:10DA80000000000000000000000000000000000096
:10DA90000000000000000000000000000000000086
:10DAA0000000000000000000000000000000000076
:10DAB0000000000000000000000000000000000066
:10DAC0000000000000000000000000000000000056
:10DAD0000000000000000000000000000000000046
:10DAE0000000000000000000000000000000000036
:10DAF0000000000000000000000000000000000026
:10DB00000000000000000000000000000000000015
:10DB10000000000000000000000000000000000005
:10DB200000000000000000000000000000000000F5
:10DB300000000000000000000000000000000000E5
:10DB400000000000000000000000000000000000D5
:10DB500000000000000000000000000000000000C5
:10DB600000000000000000000000000000000000B5
:10DB700000000000000000000000000000000000A5
:10DB80000000000000000000000000000000000095
:10DB90000000000000000000000000000000000085
:10DBA0000000000000000000000000000000000075
:10DBB0000000000000000000000000000000000065
:10DBC0000000000000000000000000000000000055
:10DBD0000000000000000000000000000000000045
:10DBE0000000000000000000000000000000000035
:10DBF0000000000000000000000000000000000025
:10DC00000000000000000000000000000000000014
:10DC10000000000000000000000000000000000004
:10DC200000000000000000000000000000000000F4
:10DC300000000000000000000000000000000000E4
:10DC400000000000000000000000000000000000D4
:10DC500000000000000000000000000000000000C4
:10DC600000000000000000000000000000000000B4
:10DC700000000000000000000000000000000000A4
:10DC80000000000000000000000000000000000094
:10DC90000000000000000000000000000000000084
:10DCA0000000000000000000000000000000000074
:10DCB0000000000000000000000000000000000064
:10DCC0000000000000000000000000000000000054
:10DCD0000000000000000000000000000000000044
:10DCE0000000000000000000000000000000000034
:10DCF0000000000000000000000000000000000024
:10DD00000000000000000000000000000000000013
:10DD10000000000000000000000000000000000003
:10DD200000000000000000000000000000000000F3
:10DD300000000000000000000000000000000000E3
:10DD400000000000000000000000000000000000D3
:10DD500000000000000000000000000000000000C3
:10DD600000000000000000000000000000000000B3
:10DD700000000000000000000000000000000000A3
:10DD80000000000000000000000000000000000093
:10DD90000000000000000000000000000000000083
:10DDA0000000000000000000000000000000000073
:10DDB0000000000000000000000000000000000063
:10DDC0000000000000000000000000000000000053
:10DDD0000000000000000000000000000000000043
:10DDE0000000000000000000000000000000000033
:10DDF0000000000000000000000000000000000023
:10DE00000000000000000000000000000000000012
:10DE10000000000000000000000000000000000002
:10DE200000000000000000000000000000000000F2
:10DE300000000000000000000000000000000000E2
:10DE400000000000000000000000000000000000D2
:10DE500000000000000000000000000000000000C2
:10DE600000000000000000000000000000000000B2
:10DE700000000000000000000000000000000000A2
:10DE80000000000000000000000000000000000092
:10DE90000000000000000000000000000000000082
:10DEA0000000000000000000000000000000000072
:10DEB0000000000000000000000000000000000062
:10DEC0000000000000000000000000000000000052
:10DED0000000000000000000000000000000000042
:10DEE0000000000000000000000000000000000032
:10DEF0000000000000000000000000000000000022
:10DF00000000000000000000000000000000000011
:10DF10000000000000000000000000000000000001
:10DF200000000000000000000000000000000000F1
:10DF300000000000000000000000000000000000E1
:10DF400000000000000000000000000000000000D1
:10DF500000000000000000000000000000000000C1
:10DF600000000000000000000000000000000000B1
:10DF700000000000000000000000000000000000A1
:10DF80000000000000000000000000000000000091
:10DF90000000000000000000000000000000000081
:10DFA0000000000000000000000000000000000071
:10DFB0000000000000000000000000000000000061
:10DFC0000000000000000000000000000000000051
:10DFD0000000000000000000000000000000000041
:10DFE0000000000000000000000000000000000031
:10DFF0000000000000000000000000000000000021
:10E000000000000000000000000000000000000010
:10E010000000000000000000000000000000000000
:10E0200000000000000000000000000000000000F0
:10E0300000000000000000000000000000000000E0
:10E0400000000000000000000000000000000000D0
:10E0500000000000000000000000000000000000C0
:10E0600000000000000000000000000000000000B0
:10E0700000000000000000000000000000000000A0
:10E080000000000000000000000000000000000090
:10E090000000000000000000000000000000000080
:10E0A0000000000000000000000000000000000070
:10E0B0000000000000000000000000000000000060
:10E0C0000000000000000000000000000000000050
:10E0D0000000000000000000000000000000000040
:10E0E0000000000000000000000000000000000030
:10E0F0000000000000000000000000000000000020
:10E10000000000000000000000000000000000000F
:10E1100000000000000000000000000000000000FF
:10E1200000000000000000000000000000000000EF
:10E1300000000000000000000000000000000000DF
:10E1400000000000000000000000000000000000CF
:10E1500000000000000000000000000000000000BF
:10E1600000000000000000000000000000000000AF
:10E17000000000000000000000000000000000009F
:10E18000000000000000000000000000000000008F
:10E19000000000000000000000000000000000007F
:10E1A000000000000000000000000000000000006F
:10E1B000000000000000000000000000000000005F
:10E1C000000000000000000000000000000000004F
:10E1D000000000000000000000000000000000003F
:10E1E000000000000000000000000000000000002F
:10E1F000000000000000000000000000000000001F
:10E20000000000000000000000000000000000000E
:10E2100000000000000000000000000000000000FE
:10E2200000000000000000000000000000000000EE
:10E2300000000000000000000000000000000000DE
:10E2400000000000000000000000000000000000CE
:10E2500000000000000000000000000000000000BE
:10E2600000000000000000000000000000000000AE
:10E27000000000000000000000000000000000009E
:10E28000000000000000000000000000000000008E
:10E29000000000000000000000000000000000007E
:10E2A000000000000000000000000000000000006E
:10E2B000000000000000000000000000000000005E
:10E2C000000000000000000000000000000000004E
:10E2D000000000000000000000000000000000003E
:10E2E000000000000000000000000000000000002E
:10E2F000000000000000000000000000000000001E
:10E30000000000000000000000000000000000000D
:10E3100000000000000000000000000000000000FD
:10E3200000000000000000000000000000000000ED
:10E3300000000000000000000000000000000000DD
:10E3400000000000000000000000000000000000CD
:10E3500000000000000000000000000000000000BD
:10E3600000000000000000000000000000000000AD
:10E37000000000000000000000000000000000009D
:10E38000000000000000000000000000000000008D
:10E39000000000000000000000000000000000007D
:10E3A000000000000000000000000000000000006D
:10E3B000000000000000000000000000000000005D
:10E3C000000000000000000000000000000000004D
:10E3D000000000000000000000000000000000003D
:10E3E000000000000000000000000000000000002D
:10E3F000000000000000000000000000000000001D
:10E40000000000000000000000000000000000000C
:10E4100000000000000000000000000000000000FC
:10E4200000000000000000000000000000000000EC
:10E4300000000000000000000000000000000000DC
:10E4400000000000000000000000000000000000CC
:10E4500000000000000000000000000000000000BC
:10E4600000000000000000000000000000000000AC
:10E47000000000000000000000000000000000009C
:10E48000000000000000000000000000000000008C
:10E49000000000000000000000000000000000007C
:10E4A000000000000000000000000000000000006C
:10E4B000000000000000000000000000000000005C
:10E4C000000000000000000000000000000000004C
:10E4D000000000000000000000000000000000003C
:10E4E000000000000000000000000000000000002C
:10E4F000000000000000000000000000000000001C
:10E50000000000000000000000000000000000000B
:10E5100000000000000000000000000000000000FB
:10E5200000000000000000000000000000000000EB
:10E5300000000000000000000000000000000000DB
:10E5400000000000000000000000000000000000CB
:10E5500000000000000000000000000000000000BB
:10E5600000000000000000000000000000000000AB
:10E57000000000000000000000000000000000009B
:10E58000000000000000000000000000000000008B
:10E59000000000000000000000000000000000007B
:10E5A000000000000000000000000000000000006B
:10E5B000000000000000000000000000000000005B
:10E5C000000000000000000000000000000000004B
:10E5D000000000000000000000000000000000003B
:10E5E000000000000000000000000000000000002B
:10E5F000000000000000000000000000000000001B
:10E60000000000000000000000000000000000000A
:10E6100000000000000000000000000000000000FA
:10E6200000000000000000000000000000000000EA
:10E6300000000000000000000000000000000000DA
:10E6400000000000000000000000000000000000CA
:10E6500000000000000000000000000000000000BA
:10E6600000000000000000000000000000000000AA
:10E67000000000000000000000000000000000009A
:10E68000000000000000000000000000000000008A
:10E69000000000000000000000000000000000007A
:10E6A000000000000000000000000000000000006A
:10E6B000000000000000000000000000000000005A
:10E6C000000000000000000000000000000000004A
:10E6D000000000000000000000000000000000003A
:10E6E000000000000000000000000000000000002A
:10E6F000000000000000000000000000000000001A
:10E700000000000000000000000000000000000009
:10E7100000000000000000000000000000000000F9
:10E7200000000000000000000000000000000000E9
:10E7300000000000000000000000000000000000D9
:10E7400000000000000000000000000000000000C9
:10E7500000000000000000000000000000000000B9
:10E7600000000000000000000000000000000000A9
:10E770000000000000000000000000000000000099
:10E780000000000000000000000000000000000089
:10E790000000000000000000000000000000000079
:10E7A0000000000000000000000000000000000069
:10E7B0000000000000000000000000000000000059
:10E7C0000000000000000000000000000000000049
:10E7D0000000000000000000000000000000000039
:10E7E0000000000000000000000000000000000029
:10E7F0000000000000000000000000000000000019
:10E800000000000000000000000000000000000008
:10E8100000000000000000000000000000000000F8
:10E8200000000000000000000000000000000000E8
:10E8300000000000000000000000000000000000D8
:10E8400000000000000000000000000000000000C8
:10E8500000000000000000000000000000000000B8
:10E8600000000000000000000000000000000000A8
:10E870000000000000000000000000000000000098
:10E880000000000000000000000000000000000088
:10E890000000000000000000000000000000000078
:10E8A0000000000000000000000000000000000068
:10E8B0000000000000000000000000000000000058
:10E8C0000000000000000000000000000000000048
:10E8D0000000000000000000000000000000000038
:10E8E0000000000000000000000000000000000028
:10E8F0000000000000000000000000000000000018
:10E900000000000000000000000000000000000007
:10E9100000000000000000000000000000000000F7
:10E9200000000000000000000000000000000000E7
:10E9300000000000000000000000000000000000D7
:10E9400000000000000000000000000000000000C7
:10E9500000000000000000000000000000000000B7
:10E9600000000000000000000000000000000000A7
:10E970000000000000000000000000000000000097
:10E980000000000000000000000000000000000087
:10E990000000000000000000000000000000000077
:10E9A0000000000000000000000000000000000067
:10E9B0000000000000000000000000000000000057
:10E9C0000000000000000000000000000000000047
:10E9D0000000000000000000000000000000000037
:10E9E0000000000000000000000000000000000027
:10E9F0000000000000000000000000000000000017
:10EA00000000000000000000000000000000000006
:10EA100000000000000000000000000000000000F6
:10EA200000000000000000000000000000000000E6
:10EA300000000000000000000000000000000000D6
:10EA400000000000000000000000000000000000C6
:10EA500000000000000000000000000000000000B6
:10EA600000000000000000000000000000000000A6
:10EA70000000000000000000000000000000000096
:10EA80000000000000000000000000000000000086
:10EA90000000000000000000000000000000000076
:10EAA0000000000000000000000000000000000066
:10EAB0000000000000000000000000000000000056
:10EAC0000000000000000000000000000000000046
:10EAD0000000000000000000000000000000000036
:10EAE0000000000000000000000000000000000026
:10EAF0000000000000000000000000000000000016
:10EB00000000000000000000000000000000000005
:10EB100000000000000000000000000000000000F5
:10EB200000000000000000000000000000000000E5
:10EB300000000000000000000000000000000000D5
:10EB400000000000000000000000000000000000C5
:10EB500000000000000000000000000000000000B5
:10EB600000000000000000000000000000000000A5
:10EB70000000000000000000000000000000000095
:10EB80000000000000000000000000000000000085
:10EB90000000000000000000000000000000000075
:10EBA0000000000000000000000000000000000065
:10EBB0000000000000000000000000000000000055
:10EBC0000000000000000000000000000000000045
:10EBD0000000000000000000000000000000000035
:10EBE0000000000000000000000000000000000025
:10EBF0000000000000000000000000000000000015
:10EC00000000000000000000000000000000000004
:10EC100000000000000000000000000000000000F4
:10EC200000000000000000000000000000000000E4
:10EC300000000000000000000000000000000000D4
:10EC400000000000000000000000000000000000C4
:10EC500000000000000000000000000000000000B4
:10EC600000000000000000000000000000000000A4
:10EC70000000000000000000000000000000000094
:10EC80000000000000000000000000000000000084
:10EC90000000000000000000000000000000000074
:10ECA0000000000000000000000000000000000064
:10ECB0000000000000000000000000000000000054
:10ECC0000000000000000000000000000000000044
:10ECD0000000000000000000000000000000000034
:10ECE0000000000000000000000000000000000024
:10ECF0000000000000000000000000000000000014
:10ED00000000000000000000000000000000000003
:10ED100000000000000000000000000000000000F3
:10ED200000000000000000000000000000000000E3
:10ED300000000000000000000000000000000000D3
:10ED400000000000000000000000000000000000C3
:10ED500000000000000000000000000000000000B3
:10ED600000000000000000000000000000000000A3
:10ED70000000000000000000000000000000000093
:10ED80000000000000000000000000000000000083
:10ED90000000000000000000000000000000000073
:10EDA0000000000000000000000000000000000063
:10EDB0000000000000000000000000000000000053
:10EDC0000000000000000000000000000000000043
:10EDD0000000000000000000000000000000000033
:10EDE0000000000000000000000000000000000023
:10EDF0000000000000000000000000000000000013
:10EE00000000000000000000000000000000000002
:10EE100000000000000000000000000000000000F2
:10EE200000000000000000000000000000000000E2
:10EE300000000000000000000000000000000000D2
:10EE400000000000000000000000000000000000C2
:10EE500000000000000000000000000000000000B2
:10EE600000000000000000000000000000000000A2
:10EE70000000000000000000000000000000000092
:10EE80000000000000000000000000000000000082
:10EE90000000000000000000000000000000000072
:10EEA0000000000000000000000000000000000062
:10EEB0000000000000000000000000000000000052
:10EEC0000000000000000000000000000000000042
:10EED0000000000000000000000000000000000032
:10EEE0000000000000000000000000000000000022
:10EEF0000000000000000000000000000000000012
:10EF00000000000000000000000000000000000001
:10EF100000000000000000000000000000000000F1
:10EF200000000000000000000000000000000000E1
:10EF300000000000000000000000000000000000D1
:10EF400000000000000000000000000000000000C1
:10EF500000000000000000000000000000000000B1
:10EF600000000000000000000000000000000000A1
:10EF70000000000000000000000000000000000091
:10EF80000000000000000000000000000000000081
:10EF90000000000000000000000000000000000071
:10EFA0000000000000000000000000000000000061
:10EFB0000000000000000000000000000000000051
:10EFC0000000000000000000000000000000000041
:10EFD0000000000000000000000000000000000031
:10EFE0000000000000000000000000000000000021
:10EFF0000000000000000000000000000000000011
:10F000000000000000000000000000000000000000
:10F0100000000000000000000000000000000000F0
:10F0200000000000000000000000000000000000E0
:10F0300000000000000000000000000000000000D0
:10F0400000000000000000000000000000000000C0
:10F0500000000000000000000000000000000000B0
:10F0600000000000000000000000000000000000A0
:10F070000000000000000000000000000000000090
:10F080000000000000000000000000000000000080
:10F090000000000000000000000000000000000070
:10F0A0000000000000000000000000000000000060
:10F0B0000000000000000000000000000000000050
:10F0C0000000000000000000000000000000000040
:10F0D0000000000000000000000000000000000030
:10F0E0000000000000000000000000000000000020
:10F0F0000000000000000000000000000000000010
:10F1000000000000000000000000000000000000FF
:10F1100000000000000000000000000000000000EF
:10F1200000000000000000000000000000000000DF
:10F1300000000000000000000000000000000000CF
:10F1400000000000000000000000000000000000BF
:10F1500000000000000000000000000000000000AF
:10F16000000000000000000000000000000000009F
:10F17000000000000000000000000000000000008F
:10F18000000000000000000000000000000000007F
:10F19000000000000000000000000000000000006F
:10F1A000000000000000000000000000000000005F
:10F1B000000000000000000000000000000000004F
:10F1C000000000000000000000000000000000003F
:10F1D000000000000000000000000000000000002F
:10F1E000000000000000000000000000000000001F
:10F1F000000000000000000000000000000000000F
:10F2000000000000000000000000000000000000FE
:10F2100000000000000000000000000000000000EE
:10F2200000000000000000000000000000000000DE
:10F2300000000000000000000000000000000000CE
:10F2400000000000000000000000000000000000BE
:10F2500000000000000000000000000000000000AE
:10F26000000000000000000000000000000000009E
:10F27000000000000000000000000000000000008E
:10F28000000000000000000000000000000000007E
:10F29000000000000000000000000000000000006E
:10F2A000000000000000000000000000000000005E
:10F2B000000000000000000000000000000000004E
:10F2C000000000000000000000000000000000003E
:10F2D000000000000000000000000000000000002E
:10F2E000000000000000000000000000000000001E
:10F2F000000000000000000000000000000000000E
:10F3000000000000000000000000000000000000FD
:10F3100000000000000000000000000000000000ED
:10F3200000000000000000000000000000000000DD
:10F3300000000000000000000000000000000000CD
:10F3400000000000000000000000000000000000BD
:10F3500000000000000000000000000000000000AD
:10F36000000000000000000000000000000000009D
:10F37000000000000000000000000000000000008D
:10F38000000000000000000000000000000000007D
:10F39000000000000000000000000000000000006D
:10F3A000000000000000000000000000000000005D
:10F3B000000000000000000000000000000000004D
:10F3C000000000000000000000000000000000003D
:10F3D000000000000000000000000000000000002D
:10F3E000000000000000000000000000000000001D
:10F3F000000000000000000000000000000000000D
:10F4000000000000000000000000000000000000FC
:10F4100000000000000000000000000000000000EC
:10F4200000000000000000000000000000000000DC
:10F4300000000000000000000000000000000000CC
:10F4400000000000000000000000000000000000BC
:10F4500000000000000000000000000000000000AC
:10F46000000000000000000000000000000000009C
:10F47000000000000000000000000000000000008C
:10F48000000000000000000000000000000000007C
:10F49000000000000000000000000000000000006C
:10F4A000000000000000000000000000000000005C
:10F4B000000000000000000000000000000000004C
:10F4C000000000000000000000000000000000003C
:10F4D000000000000000000000000000000000002C
:10F4E000000000000000000000000000000000001C
:10F4F000000000000000000000000000000000000C
:10F5000000000000000000000000000000000000FB
:10F5100000000000000000000000000000000000EB
:10F5200000000000000000000000000000000000DB
:10F5300000000000000000000000000000000000CB
:10F5400000000000000000000000000000000000BB
:10F5500000000000000000000000000000000000AB
:10F56000000000000000000000000000000000009B
:10F57000000000000000000000000000000000008B
:10F58000000000000000000000000000000000007B
:10F59000000000000000000000000000000000006B
:10F5A000000000000000000000000000000000005B
:10F5B000000000000000000000000000000000004B
:10F5C000000000000000000000000000000000003B
:10F5D000000000000000000000000000000000002B
:10F5E000000000000000000000000000000000001B
:10F5F000000000000000000000000000000000000B
:10F6000000000000000000000000000000000000FA
:10F6100000000000000000000000000000000000EA
:10F6200000000000000000000000000000000000DA
:10F6300000000000000000000000000000000000CA
:10F6400000000000000000000000000000000000BA
:10F6500000000000000000000000000000000000AA
:10F66000000000000000000000000000000000009A
:10F67000000000000000000000000000000000008A
:10F68000000000000000000000000000000000007A
:10F69000000000000000000000000000000000006A
:10F6A000000000000000000000000000000000005A
:10F6B000000000000000000000000000000000004A
:10F6C000000000000000000000000000000000003A
:10F6D000000000000000000000000000000000002A
:10F6E000000000000000000000000000000000001A
:10F6F000000000000000000000000000000000000A
:10F7000000000000000000000000000000000000F9
:10F7100000000000000000000000000000000000E9
:10F7200000000000000000000000000000000000D9
:10F7300000000000000000000000000000000000C9
:10F7400000000000000000000000000000000000B9
:10F7500000000000000000000000000000000000A9
:10F760000000000000000000000000000000000099
:10F770000000000000000000000000000000000089
:10F780000000000000000000000000000000000079
:10F790000000000000000000000000000000000069
:10F7A0000000000000000000000000000000000059
:10F7B0000000000000000000000000000000000049
:10F7C0000000000000000000000000000000000039
:10F7D0000000000000000000000000000000000029
:10F7E0000000000000000000000000000000000019
:10F7F0000000000000000000000000000000000009
:10F8000000000000000000000000000000000000F8
:10F8100000000000000000000000000000000000E8
:10F8200000000000000000000000000000000000D8
:10F8300000000000000000000000000000000000C8
:10F8400000000000000000000000000000000000B8
:10F8500000000000000000000000000000000000A8
:10F860000000000000000000000000000000000098
:10F870000000000000000000000000000000000088
:10F880000000000000000000000000000000000078
:10F890000000000000000000000000000000000068
:10F8A0000000000000000000000000000000000058
:10F8B0000000000000000000000000000000000048
:10F8C0000000000000000000000000000000000038
:10F8D0000000000000000000000000000000000028
:10F8E0000000000000000000000000000000000018
:10F8F0000000000000000000000000000000000008
:10F9000000000000000000000000000000000000F7
:10F9100000000000000000000000000000000000E7
:10F9200000000000000000000000000000000000D7
:10F9300000000000000000000000000000000000C7
:10F9400000000000000000000000000000000000B7
:10F9500000000000000000000000000000000000A7
:10F960000000000000000000000000000000000097
:10F970000000000000000000000000000000000087
:10F980000000000000000000000000000000000077
:10F990000000000000000000000000000000000067
:10F9A0000000000000000000000000000000000057
:10F9B0000000000000000000000000000000000047
:10F9C0000000000000000000000000000000000037
:10F9D0000000000000000000000000000000000027
:10F9E0000000000000000000000000000000000017
:10F9F0000000000000000000000000000000000007
:10FA000000000000000000000000000000000000F6
:10FA100000000000000000000000000000000000E6
:10FA200000000000000000000000000000000000D6
:10FA300000000000000000000000000000000000C6
:10FA400000000000000000000000000000000000B6
:10FA500000000000000000000000000000000000A6
:10FA60000000000000000000000000000000000096
:10FA70000000000000000000000000000000000086
:10FA80000000000000000000000000000000000076
:10FA90000000000000000000000000000000000066
:10FAA0000000000000000000000000000000000056
:10FAB0000000000000000000000000000000000046
:10FAC0000000000000000000000000000000000036
:10FAD0000000000000000000000000000000000026
:10FAE0000000000000000000000000000000000016
:10FAF0000000000000000000000000000000000006
:10FB000000000000000000000000000000000000F5
:10FB100000000000000000000000000000000000E5
:10FB200000000000000000000000000000000000D5
:10FB300000000000000000000000000000000000C5
:10FB400000000000000000000000000000000000B5
:10FB500000000000000000000000000000000000A5
:10FB60000000000000000000000000000000000095
:10FB70000000000000000000000000000000000085
:10FB80000000000000000000000000000000000075
:10FB90000000000000000000000000000000000065
:10FBA0000000000000000000000000000000000055
:10FBB0000000000000000000000000000000000045
:10FBC0000000000000000000000000000000000035
:10FBD0000000000000000000000000000000000025
:10FBE0000000000000000000000000000000000015
:10FBF0000000000000000000000000000000000005
:10FC000000000000000000000000000000000000F4
:10FC100000000000000000000000000000000000E4
:10FC200000000000000000000000000000000000D4
:10FC300000000000000000000000000000000000C4
:10FC400000000000000000000000000000000000B4
:10FC500000000000000000000000000000000000A4
:10FC60000000000000000000000000000000000094
:10FC70000000000000000000000000000000000084
:10FC80000000000000000000000000000000000074
:10FC90000000000000000000000000000000000064
:10FCA0000000000000000000000000000000000054
:10FCB0000000000000000000000000000000000044
:10FCC0000000000000000000000000000000000034
:10FCD0000000000000000000000000000000000024
:10FCE0000000000000000000000000000000000014
:10FCF0000000000000000000000000000000000004
:10FD000000000000000000000000000000000000F3
:10FD100000000000000000000000000000000000E3
:10FD200000000000000000000000000000000000D3
:10FD300000000000000000000000000000000000C3
:10FD400000000000000000000000000000000000B3
:10FD500000000000000000000000000000000000A3
:10FD60000000000000000000000000000000000093
:10FD70000000000000000000000000000000000083
:10FD80000000000000000000000000000000000073
:10FD90000000000000000000000000000000000063
:10FDA0000000000000000000000000000000000053
:10FDB0000000000000000000000000000000000043
:10FDC0000000000000000000000000000000000033
:10FDD0000000000000000000000000000000000023
:10FDE0000000000000000000000000000000000013
:10FDF0000000000000000000000000000000000003
:10FE000000000000000000000000000000000000F2
:10FE100000000000000000000000000000000000E2
:10FE200000000000000000000000000000000000D2
:10FE300000000000000000000000000000000000C2
:10FE400000000000000000000000000000000000B2
:10FE500000000000000000000000000000000000A2
:10FE60000000000000000000000000000000000092
:10FE70000000000000000000000000000000000082
:10FE80000000000000000000000000000000000072
:10FE90000000000000000000000000000000000062
:10FEA0000000000000000000000000000000000052
:10FEB0000000000000000000000000000000000042
:10FEC0000000000000000000000000000000000032
:10FED0000000000000000000000000000000000022
:10FEE0000000000000000000000000000000000012
:10FEF0000000000000000000000000000000000002
:10FF000000000000000000000000000000000000F1
:10FF100000000000000000000000000000000000E1
:10FF200000000000000000000000000000000000D1
:10FF300000000000000000000000000000000000C1
:10FF400000000000000000000000000000000000B1
:10FF500000000000000000000000000000000000A1
:10FF60000000000000000000000000000000000091
:10FF70000000000000000000000000000000000081
:10FF80000000000000000000000000000000000071
:10FF90000000000000000000000000000000000061
:10FFA0000000000000000000000000000000000051
:10FFB0000000000000000000000000000000000041
:10FFC0000000000000000000000000000000000031
:10FFD0000000000000000000000000000000000021
:10FFE0000000000000000000000000000000000011
:10FFF0000000000000000000000000000000000001
:040000050800D4CD4E
:00000001FF
