$date
	Fri Mar 11 15:56:40 2022
$end
$version
	Icarus Verilog
$end
$timescale
	100ps
$end
$scope module osc_btn_operation_tb $end
$var wire 4 ! swg_wave_para [3:0] $end
$var wire 4 " swg_freq_para [3:0] $end
$var wire 4 # swg_amp_para [3:0] $end
$var wire 4 $ ch2_offset_para [3:0] $end
$var wire 4 % ch2_gain_para [3:0] $end
$var wire 4 & ch1_offset_para [3:0] $end
$var wire 4 ' ch1_gain_para [3:0] $end
$var reg 1 ( btn_done $end
$var reg 1 ) btn_left $end
$var reg 1 * btn_right $end
$var reg 1 + btn_sure $end
$var reg 1 , btn_up $end
$var reg 1 - ch1_gain_btn $end
$var reg 1 . ch1_offset_btn $end
$var reg 1 / ch2_gain_btn $end
$var reg 1 0 ch2_offset_btn $end
$var reg 1 1 osc_freq_btn $end
$var reg 1 2 osc_time_btn $end
$var reg 1 3 swg_amp_btn $end
$var reg 1 4 swg_freq_btn $end
$var reg 1 5 swg_wave_btn $end
$var reg 1 6 sys_clk_50m $end
$var reg 1 7 sys_rst_n $end
$scope module osc_btn_operation_init $end
$var wire 1 ( btn_done $end
$var wire 1 ) btn_left $end
$var wire 1 * btn_right $end
$var wire 1 + btn_sure $end
$var wire 1 , btn_up $end
$var wire 1 - ch1_gain_btn $end
$var wire 1 . ch1_offset_btn $end
$var wire 1 / ch2_gain_btn $end
$var wire 1 8 ch2_gain_edge $end
$var wire 1 0 ch2_offset_btn $end
$var wire 1 9 check_func_to_3s $end
$var wire 1 : check_func_to_idle $end
$var wire 1 ; idle_to_wait_func $end
$var wire 1 1 osc_freq_btn $end
$var wire 1 2 osc_time_btn $end
$var wire 1 3 swg_amp_btn $end
$var wire 1 4 swg_freq_btn $end
$var wire 1 5 swg_wave_btn $end
$var wire 1 6 sys_clk_50m $end
$var wire 1 7 sys_rst_n $end
$var wire 1 < wait_200ms_to_3s $end
$var wire 1 = wait_20ms_to_check_func $end
$var wire 1 > wait_3s_to_200ms $end
$var wire 1 ? wait_3s_to_idle $end
$var wire 1 @ wait_func_to_20ms $end
$var reg 3 A btn_state_c [2:0] $end
$var reg 3 B btn_state_n [2:0] $end
$var reg 4 C ch1_gain_para [3:0] $end
$var reg 4 D ch1_offset_para [3:0] $end
$var reg 1 E ch2_gain_level $end
$var reg 4 F ch2_gain_para [3:0] $end
$var reg 4 G ch2_offset_para [3:0] $end
$var reg 1 H direction_btn $end
$var reg 1 I func_btn $end
$var reg 3 J para_func [2:0] $end
$var reg 1 K r0_ch2_gain_level $end
$var reg 1 L r1_ch2_gain_level $end
$var reg 1 M r2_ch2_gain_level $end
$var reg 4 N swg_amp_para [3:0] $end
$var reg 4 O swg_freq_para [3:0] $end
$var reg 4 P swg_wave_para [3:0] $end
$var reg 24 Q time_10ms_cnt [23:0] $end
$var reg 5 R time_200ms_cnt [4:0] $end
$var reg 9 S time_3s_cnt [8:0] $end
$upscope $end
$upscope $end
$enddefinitions $end
#0
$dumpvars
b0 S
b0 R
b0 Q
bx P
b101 O
b101 N
0M
0L
0K
b0 J
1I
1H
b101 G
b101 F
0E
b101 D
bx C
b1 B
b0 A
0@
0?
0>
0=
0<
1;
0:
09
08
07
06
15
14
13
12
11
10
1/
1.
1-
1,
1+
1*
1)
1(
bx '
b101 &
b101 %
b101 $
b101 #
b101 "
bx !
$end
#100
16
#200
06
#300
16
#400
06
#500
16
#600
06
#700
16
#800
06
#900
16
#1000
06
#1010
17
#1100
0;
b1 A
1E
16
#1200
06
#1300
1K
16
#1400
06
#1500
18
1L
16
#1600
06
#1700
08
b110 %
b110 F
1M
16
#1800
06
#1900
16
#2000
06
#2100
16
#2200
06
#2300
16
#2400
06
#2500
16
#2600
06
#2700
16
#2800
06
#2900
16
#3000
06
#3100
16
#3200
06
#3300
16
#3400
06
#3500
16
#3600
06
#3700
16
#3800
06
#3900
16
#4000
06
#4100
16
#4200
06
#4300
16
#4400
06
#4500
16
#4600
06
#4700
16
#4800
06
#4900
16
#5000
06
#5100
16
#5200
06
#5300
16
#5400
06
#5500
16
#5600
06
#5700
16
#5800
06
#5900
16
#6000
06
#6100
16
#6200
06
#6300
16
#6400
06
#6500
16
#6600
06
#6700
16
#6800
06
#6900
16
#7000
06
#7030
0/
#7100
0E
16
#7200
06
#7300
0K
16
#7400
06
#7500
18
0L
16
#7600
06
#7700
08
b111 %
b111 F
0M
16
#7800
06
#7900
16
#8000
06
#8100
16
#8200
06
#8300
16
#8400
06
#8500
16
#8600
06
#8700
16
#8800
06
#8900
16
#9000
06
#9100
16
#9200
06
#9300
16
#9400
06
#9500
16
#9600
06
#9700
16
#9800
06
#9900
16
#10000
06
#10100
16
#10200
06
#10300
16
#10400
06
#10500
16
#10600
06
#10700
16
#10800
06
#10900
16
#11000
06
#11100
16
#11200
06
#11300
16
#11400
06
#11500
16
#11600
06
#11700
16
#11800
06
#11900
16
#12000
06
#12100
16
#12200
06
#12300
16
#12400
06
#12500
16
#12600
06
#12700
16
#12800
06
#12900
16
#13000
06
#13100
16
#13200
06
#13300
16
#13400
06
#13500
16
#13600
06
#13700
16
#13800
06
#13900
16
#14000
06
#14100
16
#14200
06
#14300
16
#14400
06
#14500
16
#14600
06
#14700
16
#14800
06
#14900
16
#15000
06
#15100
16
#15200
06
#15300
16
#15400
06
#15500
16
#15600
06
#15700
16
#15800
06
#15900
16
#16000
06
#16100
16
#16200
06
#16300
16
#16400
06
#16500
16
#16600
06
#16700
16
#16800
06
#16900
16
#17000
06
#17100
16
#17200
06
#17300
16
#17400
06
#17500
16
#17600
06
#17700
16
#17800
06
#17900
16
#18000
06
#18100
16
#18200
06
#18300
16
#18400
06
#18500
16
#18600
06
#18700
16
#18800
06
#18900
16
#19000
06
#19100
16
#19200
06
#19300
16
#19400
06
#19500
16
#19600
06
#19700
16
#19800
06
#19900
16
#20000
06
#20100
16
#20200
06
#20300
16
#20400
06
#20500
16
#20600
06
#20700
16
#20800
06
#20900
16
#21000
06
#21100
16
#21200
06
#21300
16
#21400
06
#21500
16
#21600
06
#21700
16
#21800
06
#21900
16
#22000
06
#22100
16
#22200
06
#22300
16
#22400
06
#22500
16
#22600
06
#22700
16
#22800
06
#22900
16
#23000
06
#23100
16
#23200
06
#23300
16
#23400
06
#23500
16
#23600
06
#23700
16
#23800
06
#23900
16
#24000
06
#24100
16
#24200
06
#24300
16
#24400
06
#24500
16
#24600
06
#24700
16
#24800
06
#24900
16
#25000
06
#25100
16
#25200
06
#25300
16
#25400
06
#25500
16
#25600
06
#25700
16
#25800
06
#25900
16
#26000
06
#26100
16
#26200
06
#26300
16
#26400
06
#26500
16
#26600
06
#26700
16
#26800
06
#26900
16
#27000
06
#27100
16
#27200
06
#27300
16
#27400
06
#27500
16
#27600
06
#27700
16
#27800
06
#27900
16
#28000
06
#28100
16
#28200
06
#28300
16
#28400
06
#28500
16
#28600
06
#28700
16
#28800
06
#28900
16
#29000
06
#29100
16
#29200
06
#29300
16
#29400
06
#29500
16
#29600
06
#29700
16
#29800
06
#29900
16
#30000
06
#30100
16
#30200
06
#30300
16
#30400
06
#30500
16
#30600
06
#30700
16
#30800
06
#30900
16
#31000
06
#31100
16
#31200
06
#31300
16
#31400
06
#31500
16
#31600
06
#31700
16
#31800
06
#31900
16
#32000
06
#32100
16
#32200
06
#32300
16
#32400
06
#32500
16
#32600
06
#32700
16
#32800
06
#32900
16
#33000
06
#33100
16
#33200
06
#33300
16
#33400
06
#33500
16
#33600
06
#33700
16
#33800
06
#33900
16
#34000
06
#34100
16
#34200
06
#34300
16
#34400
06
#34500
16
#34600
06
#34700
16
#34800
06
#34900
16
#35000
06
#35100
16
#35200
06
#35300
16
#35400
06
#35500
16
#35600
06
#35700
16
#35800
06
#35900
16
#36000
06
#36100
16
#36200
06
#36300
16
#36400
06
#36500
16
#36600
06
#36700
16
#36800
06
#36900
16
#37000
06
#37100
16
#37200
06
#37300
16
#37400
06
#37500
16
#37600
06
#37700
16
#37800
06
#37900
16
#38000
06
#38100
16
#38200
06
#38300
16
#38400
06
#38500
16
#38600
06
#38700
16
#38800
06
#38900
16
#39000
06
#39100
16
#39200
06
#39300
16
#39400
06
#39500
16
#39600
06
#39700
16
#39800
06
#39900
16
#40000
06
#40100
16
#40200
06
#40300
16
#40400
06
#40500
16
#40600
06
#40700
16
#40800
06
#40900
16
#41000
06
#41100
16
#41200
06
#41300
16
#41400
06
#41500
16
#41600
06
#41700
16
#41800
06
#41900
16
#42000
06
#42100
16
#42200
06
#42300
16
#42400
06
#42500
16
#42600
06
#42700
16
#42800
06
#42900
16
#43000
06
#43100
16
#43200
06
#43300
16
#43400
06
#43500
16
#43600
06
#43700
16
#43800
06
#43900
16
#44000
06
#44100
16
#44200
06
#44300
16
#44400
06
#44500
16
#44600
06
#44700
16
#44800
06
#44900
16
#45000
06
#45100
16
#45200
06
#45300
16
#45400
06
#45500
16
#45600
06
#45700
16
#45800
06
#45900
16
#46000
06
#46100
16
#46200
06
#46300
16
#46400
06
#46500
16
#46600
06
#46700
16
#46800
06
#46900
16
#47000
06
#47100
16
#47200
06
#47300
16
#47400
06
#47500
16
#47600
06
#47700
16
#47800
06
#47900
16
#48000
06
#48100
16
#48200
06
#48300
16
#48400
06
#48500
16
#48600
06
#48700
16
#48800
06
#48900
16
#49000
06
#49100
16
#49200
06
#49300
16
#49400
06
#49500
16
#49600
06
#49700
16
#49800
06
#49900
16
#50000
06
#50100
16
#50200
06
#50300
16
#50400
06
#50500
16
#50600
06
#50700
16
#50800
06
#50900
16
#51000
06
#51100
16
#51200
06
#51300
16
#51400
06
#51500
16
#51600
06
#51700
16
#51800
06
#51900
16
#52000
06
#52100
16
#52200
06
#52300
16
#52400
06
#52500
16
#52600
06
#52700
16
#52800
06
#52900
16
#53000
06
#53100
16
#53200
06
#53300
16
#53400
06
#53500
16
#53600
06
#53700
16
#53800
06
#53900
16
#54000
06
#54100
16
#54200
06
#54300
16
#54400
06
#54500
16
#54600
06
#54700
16
#54800
06
#54900
16
#55000
06
#55100
16
#55200
06
#55300
16
#55400
06
#55500
16
#55600
06
#55700
16
#55800
06
#55900
16
#56000
06
#56100
16
#56200
06
#56300
16
#56400
06
#56500
16
#56600
06
#56700
16
#56800
06
#56900
16
#57000
06
#57100
16
#57200
06
#57300
16
#57400
06
#57500
16
#57600
06
#57700
16
#57800
06
#57900
16
#58000
06
#58100
16
#58200
06
#58300
16
#58400
06
#58500
16
#58600
06
#58700
16
#58800
06
#58900
16
#59000
06
#59100
16
#59200
06
#59300
16
#59400
06
#59500
16
#59600
06
#59700
16
#59800
06
#59900
16
#60000
06
#60100
16
#60200
06
#60300
16
#60400
06
#60500
16
#60600
06
#60700
16
#60800
06
#60900
16
#61000
06
#61100
16
#61200
06
#61300
16
#61400
06
#61500
16
#61600
06
#61700
16
#61800
06
#61900
16
#62000
06
#62100
16
#62200
06
#62300
16
#62400
06
#62500
16
#62600
06
#62700
16
#62800
06
#62900
16
#63000
06
#63100
16
#63200
06
#63300
16
#63400
06
#63500
16
#63600
06
#63700
16
#63800
06
#63900
16
#64000
06
#64100
16
#64200
06
#64300
16
#64400
06
#64500
16
#64600
06
#64700
16
#64800
06
#64900
16
#65000
06
#65100
16
#65200
06
#65300
16
#65400
06
#65500
16
#65600
06
#65700
16
#65800
06
#65900
16
#66000
06
#66100
16
#66200
06
#66300
16
#66400
06
#66500
16
#66600
06
#66700
16
#66800
06
#66900
16
#67000
06
#67100
16
#67200
06
#67300
16
#67400
06
#67500
16
#67600
06
#67700
16
#67800
06
#67900
16
#68000
06
#68100
16
#68200
06
#68300
16
#68400
06
#68500
16
#68600
06
#68700
16
#68800
06
#68900
16
#69000
06
#69100
16
#69200
06
#69300
16
#69400
06
#69500
16
#69600
06
#69700
16
#69800
06
#69900
16
#70000
06
#70100
16
#70200
06
#70300
16
#70400
06
#70500
16
#70600
06
#70700
16
#70800
06
#70900
16
#71000
06
#71100
16
#71200
06
#71300
16
#71400
06
#71500
16
#71600
06
#71700
16
#71800
06
#71900
16
#72000
06
#72100
16
#72200
06
#72300
16
#72400
06
#72500
16
#72600
06
#72700
16
#72800
06
#72900
16
#73000
06
#73100
16
#73200
06
#73300
16
#73400
06
#73500
16
#73600
06
#73700
16
#73800
06
#73900
16
#74000
06
#74100
16
#74200
06
#74300
16
#74400
06
#74500
16
#74600
06
#74700
16
#74800
06
#74900
16
#75000
06
#75100
16
#75200
06
#75300
16
#75400
06
#75500
16
#75600
06
#75700
16
#75800
06
#75900
16
#76000
06
#76100
16
#76200
06
#76300
16
#76400
06
#76500
16
#76600
06
#76700
16
#76800
06
#76900
16
#77000
06
#77100
16
#77200
06
#77300
16
#77400
06
#77500
16
#77600
06
#77700
16
#77800
06
#77900
16
#78000
06
#78100
16
#78200
06
#78300
16
#78400
06
#78500
16
#78600
06
#78700
16
#78800
06
#78900
16
#79000
06
#79100
16
#79200
06
#79300
16
#79400
06
#79500
16
#79600
06
#79700
16
#79800
06
#79900
16
#80000
06
#80100
16
#80200
06
#80300
16
#80400
06
#80500
16
#80600
06
#80700
16
#80800
06
#80900
16
#81000
06
#81100
16
#81200
06
#81300
16
#81400
06
#81500
16
#81600
06
#81700
16
#81800
06
#81900
16
#82000
06
#82100
16
#82200
06
#82300
16
#82400
06
#82500
16
#82600
06
#82700
16
#82800
06
#82900
16
#83000
06
#83100
16
#83200
06
#83300
16
#83400
06
#83500
16
#83600
06
#83700
16
#83800
06
#83900
16
#84000
06
#84100
16
#84200
06
#84300
16
#84400
06
#84500
16
#84600
06
#84700
16
#84800
06
#84900
16
#85000
06
#85100
16
#85200
06
#85300
16
#85400
06
#85500
16
#85600
06
#85700
16
#85800
06
#85900
16
#86000
06
#86100
16
#86200
06
#86300
16
#86400
06
#86500
16
#86600
06
#86700
16
#86800
06
#86900
16
#87000
06
#87100
16
#87200
06
#87300
16
#87400
06
#87500
16
#87600
06
#87700
16
#87800
06
#87900
16
#88000
06
#88100
16
#88200
06
#88300
16
#88400
06
#88500
16
#88600
06
#88700
16
#88800
06
#88900
16
#89000
06
#89100
16
#89200
06
#89300
16
#89400
06
#89500
16
#89600
06
#89700
16
#89800
06
#89900
16
#90000
06
#90100
16
#90200
06
#90300
16
#90400
06
#90500
16
#90600
06
#90700
16
#90800
06
#90900
16
#91000
06
#91100
16
#91200
06
#91300
16
#91400
06
#91500
16
#91600
06
#91700
16
#91800
06
#91900
16
#92000
06
#92100
16
#92200
06
#92300
16
#92400
06
#92500
16
#92600
06
#92700
16
#92800
06
#92900
16
#93000
06
#93100
16
#93200
06
#93300
16
#93400
06
#93500
16
#93600
06
#93700
16
#93800
06
#93900
16
#94000
06
#94100
16
#94200
06
#94300
16
#94400
06
#94500
16
#94600
06
#94700
16
#94800
06
#94900
16
#95000
06
#95100
16
#95200
06
#95300
16
#95400
06
#95500
16
#95600
06
#95700
16
#95800
06
#95900
16
#96000
06
#96100
16
#96200
06
#96300
16
#96400
06
#96500
16
#96600
06
#96700
16
#96800
06
#96900
16
#97000
06
#97100
16
#97200
06
#97300
16
#97400
06
#97500
16
#97600
06
#97700
16
#97800
06
#97900
16
#98000
06
#98100
16
#98200
06
#98300
16
#98400
06
#98500
16
#98600
06
#98700
16
#98800
06
#98900
16
#99000
06
#99100
16
#99200
06
#99300
16
#99400
06
#99500
16
#99600
06
#99700
16
#99800
06
#99900
16
#100000
06
#100100
16
#100200
06
#100300
16
#100400
06
#100500
16
#100600
06
#100700
16
#100800
06
#100900
16
#101000
06
#101100
16
#101200
06
#101300
16
#101400
06
#101500
16
#101600
06
#101700
16
#101800
06
#101900
16
#102000
06
#102100
16
#102200
06
#102300
16
#102400
06
#102500
16
#102600
06
#102700
16
#102800
06
#102900
16
#103000
06
#103100
16
#103200
06
#103300
16
#103400
06
#103500
16
#103600
06
#103700
16
#103800
06
#103900
16
#104000
06
#104100
16
#104200
06
#104300
16
#104400
06
#104500
16
#104600
06
#104700
16
#104800
06
#104900
16
#105000
06
#105100
16
#105200
06
#105300
16
#105400
06
#105500
16
#105600
06
#105700
16
#105800
06
#105900
16
#106000
06
#106100
16
#106200
06
#106300
16
#106400
06
#106500
16
#106600
06
#106700
16
#106800
06
#106900
16
#107000
06
#107100
16
#107200
06
#107300
16
#107400
06
#107500
16
#107600
06
#107700
16
#107800
06
#107900
16
#108000
06
#108100
16
#108200
06
#108300
16
#108400
06
#108500
16
#108600
06
#108700
16
#108800
06
#108900
16
#109000
06
#109100
16
#109200
06
#109300
16
#109400
06
#109500
16
#109600
06
#109700
16
#109800
06
#109900
16
#110000
06
#110100
16
#110200
06
#110300
16
#110400
06
#110500
16
#110600
06
#110700
16
#110800
06
#110900
16
#111000
06
#111100
16
#111200
06
#111300
16
#111400
06
#111500
16
#111600
06
#111700
16
#111800
06
#111900
16
#112000
06
#112100
16
#112200
06
#112300
16
#112400
06
#112500
16
#112600
06
#112700
16
#112800
06
#112900
16
#113000
06
#113100
16
#113200
06
#113300
16
#113400
06
#113500
16
#113600
06
#113700
16
#113800
06
#113900
16
#114000
06
#114100
16
#114200
06
#114300
16
#114400
06
#114500
16
#114600
06
#114700
16
#114800
06
#114900
16
#115000
06
#115100
16
#115200
06
#115300
16
#115400
06
#115500
16
#115600
06
#115700
16
#115800
06
#115900
16
#116000
06
#116100
16
#116200
06
#116300
16
#116400
06
#116500
16
#116600
06
#116700
16
#116800
06
#116900
16
#117000
06
#117100
16
#117200
06
#117300
16
#117400
06
#117500
16
#117600
06
#117700
16
#117800
06
#117900
16
#118000
06
#118100
16
#118200
06
#118300
16
#118400
06
#118500
16
#118600
06
#118700
16
#118800
06
#118900
16
#119000
06
#119100
16
#119200
06
#119300
16
#119400
06
#119500
16
#119600
06
#119700
16
#119800
06
#119900
16
#120000
06
#120100
16
#120200
06
#120300
16
#120400
06
#120500
16
#120600
06
#120700
16
#120800
06
#120900
16
#121000
06
#121100
16
#121200
06
#121300
16
#121400
06
#121500
16
#121600
06
#121700
16
#121800
06
#121900
16
#122000
06
#122100
16
#122200
06
#122300
16
#122400
06
#122500
16
#122600
06
#122700
16
#122800
06
#122900
16
#123000
06
#123100
16
#123200
06
#123300
16
#123400
06
#123500
16
#123600
06
#123700
16
#123800
06
#123900
16
#124000
06
#124100
16
#124200
06
#124300
16
#124400
06
#124500
16
#124600
06
#124700
16
#124800
06
#124900
16
#125000
06
#125100
16
#125200
06
#125300
16
#125400
06
#125500
16
#125600
06
#125700
16
#125800
06
#125900
16
#126000
06
#126100
16
#126200
06
#126300
16
#126400
06
#126500
16
#126600
06
#126700
16
#126800
06
#126900
16
#127000
06
#127100
16
#127200
06
#127300
16
#127400
06
#127500
16
#127600
06
#127700
16
#127800
06
#127900
16
#128000
06
#128100
16
#128200
06
#128300
16
#128400
06
#128500
16
#128600
06
#128700
16
#128800
06
#128900
16
#129000
06
#129100
16
#129200
06
#129300
16
#129400
06
#129500
16
#129600
06
#129700
16
#129800
06
#129900
16
#130000
06
#130100
16
#130200
06
#130300
16
#130400
06
#130500
16
#130600
06
#130700
16
#130800
06
#130900
16
#131000
06
#131100
16
#131200
06
#131300
16
#131400
06
#131500
16
#131600
06
#131700
16
#131800
06
#131900
16
#132000
06
#132100
16
#132200
06
#132300
16
#132400
06
#132500
16
#132600
06
#132700
16
#132800
06
#132900
16
#133000
06
#133100
16
#133200
06
#133300
16
#133400
06
#133500
16
#133600
06
#133700
16
#133800
06
#133900
16
#134000
06
#134100
16
#134200
06
#134300
16
#134400
06
#134500
16
#134600
06
#134700
16
#134800
06
#134900
16
#135000
06
#135100
16
#135200
06
#135300
16
#135400
06
#135500
16
#135600
06
#135700
16
#135800
06
#135900
16
#136000
06
#136100
16
#136200
06
#136300
16
#136400
06
#136500
16
#136600
06
#136700
16
#136800
06
#136900
16
#137000
06
#137100
16
#137200
06
#137300
16
#137400
06
#137500
16
#137600
06
#137700
16
#137800
06
#137900
16
#138000
06
#138100
16
#138200
06
#138300
16
#138400
06
#138500
16
#138600
06
#138700
16
#138800
06
#138900
16
#139000
06
#139100
16
#139200
06
#139300
16
#139400
06
#139500
16
#139600
06
#139700
16
#139800
06
#139900
16
#140000
06
#140100
16
#140200
06
#140300
16
#140400
06
#140500
16
#140600
06
#140700
16
#140800
06
#140900
16
#141000
06
#141100
16
#141200
06
#141300
16
#141400
06
#141500
16
#141600
06
#141700
16
#141800
06
#141900
16
#142000
06
#142100
16
#142200
06
#142300
16
#142400
06
#142500
16
#142600
06
#142700
16
#142800
06
#142900
16
#143000
06
#143100
16
#143200
06
#143300
16
#143400
06
#143500
16
#143600
06
#143700
16
#143800
06
#143900
16
#144000
06
#144100
16
#144200
06
#144300
16
#144400
06
#144500
16
#144600
06
#144700
16
#144800
06
#144900
16
#145000
06
#145100
16
#145200
06
#145300
16
#145400
06
#145500
16
#145600
06
#145700
16
#145800
06
#145900
16
#146000
06
#146100
16
#146200
06
#146300
16
#146400
06
#146500
16
#146600
06
#146700
16
#146800
06
#146900
16
#147000
06
#147100
16
#147200
06
#147300
16
#147400
06
#147500
16
#147600
06
#147700
16
#147800
06
#147900
16
#148000
06
#148100
16
#148200
06
#148300
16
#148400
06
#148500
16
#148600
06
#148700
16
#148800
06
#148900
16
#149000
06
#149100
16
#149200
06
#149300
16
#149400
06
#149500
16
#149600
06
#149700
16
#149800
06
#149900
16
#150000
06
#150100
16
#150200
06
#150300
16
#150400
06
#150500
16
#150600
06
#150700
16
#150800
06
#150900
16
#151000
06
#151100
16
#151200
06
#151300
16
#151400
06
#151500
16
#151600
06
#151700
16
#151800
06
#151900
16
#152000
06
#152100
16
#152200
06
#152300
16
#152400
06
#152500
16
#152600
06
#152700
16
#152800
06
#152900
16
#153000
06
#153100
16
#153200
06
#153300
16
#153400
06
#153500
16
#153600
06
#153700
16
#153800
06
#153900
16
#154000
06
#154100
16
#154200
06
#154300
16
#154400
06
#154500
16
#154600
06
#154700
16
#154800
06
#154900
16
#155000
06
#155100
16
#155200
06
#155300
16
#155400
06
#155500
16
#155600
06
#155700
16
#155800
06
#155900
16
#156000
06
#156100
16
#156200
06
#156300
16
#156400
06
#156500
16
#156600
06
#156700
16
#156800
06
#156900
16
#157000
06
#157100
16
#157200
06
#157300
16
#157400
06
#157500
16
#157600
06
#157700
16
#157800
06
#157900
16
#158000
06
#158100
16
#158200
06
#158300
16
#158400
06
#158500
16
#158600
06
#158700
16
#158800
06
#158900
16
#159000
06
#159100
16
#159200
06
#159300
16
#159400
06
#159500
16
#159600
06
#159700
16
#159800
06
#159900
16
#160000
06
#160100
16
#160200
06
#160300
16
#160400
06
#160500
16
#160600
06
#160700
16
#160800
06
#160900
16
#161000
06
#161100
16
#161200
06
#161300
16
#161400
06
#161500
16
#161600
06
#161700
16
#161800
06
#161900
16
#162000
06
#162100
16
#162200
06
#162300
16
#162400
06
#162500
16
#162600
06
#162700
16
#162800
06
#162900
16
#163000
06
#163100
16
#163200
06
#163300
16
#163400
06
#163500
16
#163600
06
#163700
16
#163800
06
#163900
16
#164000
06
#164100
16
#164200
06
#164300
16
#164400
06
#164500
16
#164600
06
#164700
16
#164800
06
#164900
16
#165000
06
#165100
16
#165200
06
#165300
16
#165400
06
#165500
16
#165600
06
#165700
16
#165800
06
#165900
16
#166000
06
#166100
16
#166200
06
#166300
16
#166400
06
#166500
16
#166600
06
#166700
16
#166800
06
#166900
16
#167000
06
#167100
16
#167200
06
#167300
16
#167400
06
#167500
16
#167600
06
#167700
16
#167800
06
#167900
16
#168000
06
#168100
16
#168200
06
#168300
16
#168400
06
#168500
16
#168600
06
#168700
16
#168800
06
#168900
16
#169000
06
#169100
16
#169200
06
#169300
16
#169400
06
#169500
16
#169600
06
#169700
16
#169800
06
#169900
16
#170000
06
#170100
16
#170200
06
#170300
16
#170400
06
#170500
16
#170600
06
#170700
16
#170800
06
#170900
16
#171000
06
#171100
16
#171200
06
#171300
16
#171400
06
#171500
16
#171600
06
#171700
16
#171800
06
#171900
16
#172000
06
#172100
16
#172200
06
#172300
16
#172400
06
#172500
16
#172600
06
#172700
16
#172800
06
#172900
16
#173000
06
#173100
16
#173200
06
#173300
16
#173400
06
#173500
16
#173600
06
#173700
16
#173800
06
#173900
16
#174000
06
#174100
16
#174200
06
#174300
16
#174400
06
#174500
16
#174600
06
#174700
16
#174800
06
#174900
16
#175000
06
#175100
16
#175200
06
#175300
16
#175400
06
#175500
16
#175600
06
#175700
16
#175800
06
#175900
16
#176000
06
#176100
16
#176200
06
#176300
16
#176400
06
#176500
16
#176600
06
#176700
16
#176800
06
#176900
16
#177000
06
#177100
16
#177200
06
#177300
16
#177400
06
#177500
16
#177600
06
#177700
16
#177800
06
#177900
16
#178000
06
#178100
16
#178200
06
#178300
16
#178400
06
#178500
16
#178600
06
#178700
16
#178800
06
#178900
16
#179000
06
#179100
16
#179200
06
#179300
16
#179400
06
#179500
16
#179600
06
#179700
16
#179800
06
#179900
16
#180000
06
#180100
16
#180200
06
#180300
16
#180400
06
#180500
16
#180600
06
#180700
16
#180800
06
#180900
16
#181000
06
#181100
16
#181200
06
#181300
16
#181400
06
#181500
16
#181600
06
#181700
16
#181800
06
#181900
16
#182000
06
#182100
16
#182200
06
#182300
16
#182400
06
#182500
16
#182600
06
#182700
16
#182800
06
#182900
16
#183000
06
#183100
16
#183200
06
#183300
16
#183400
06
#183500
16
#183600
06
#183700
16
#183800
06
#183900
16
#184000
06
#184100
16
#184200
06
#184300
16
#184400
06
#184500
16
#184600
06
#184700
16
#184800
06
#184900
16
#185000
06
#185100
16
#185200
06
#185300
16
#185400
06
#185500
16
#185600
06
#185700
16
#185800
06
#185900
16
#186000
06
#186100
16
#186200
06
#186300
16
#186400
06
#186500
16
#186600
06
#186700
16
#186800
06
#186900
16
#187000
06
#187100
16
#187200
06
#187300
16
#187400
06
#187500
16
#187600
06
#187700
16
#187800
06
#187900
16
#188000
06
#188100
16
#188200
06
#188300
16
#188400
06
#188500
16
#188600
06
#188700
16
#188800
06
#188900
16
#189000
06
#189100
16
#189200
06
#189300
16
#189400
06
#189500
16
#189600
06
#189700
16
#189800
06
#189900
16
#190000
06
#190100
16
#190200
06
#190300
16
#190400
06
#190500
16
#190600
06
#190700
16
#190800
06
#190900
16
#191000
06
#191100
16
#191200
06
#191300
16
#191400
06
#191500
16
#191600
06
#191700
16
#191800
06
#191900
16
#192000
06
#192100
16
#192200
06
#192300
16
#192400
06
#192500
16
#192600
06
#192700
16
#192800
06
#192900
16
#193000
06
#193100
16
#193200
06
#193300
16
#193400
06
#193500
16
#193600
06
#193700
16
#193800
06
#193900
16
#194000
06
#194100
16
#194200
06
#194300
16
#194400
06
#194500
16
#194600
06
#194700
16
#194800
06
#194900
16
#195000
06
#195100
16
#195200
06
#195300
16
#195400
06
#195500
16
#195600
06
#195700
16
#195800
06
#195900
16
#196000
06
#196100
16
#196200
06
#196300
16
#196400
06
#196500
16
#196600
06
#196700
16
#196800
06
#196900
16
#197000
06
#197100
16
#197200
06
#197300
16
#197400
06
#197500
16
#197600
06
#197700
16
#197800
06
#197900
16
#198000
06
#198100
16
#198200
06
#198300
16
#198400
06
#198500
16
#198600
06
#198700
16
#198800
06
#198900
16
#199000
06
#199100
16
#199200
06
#199300
16
#199400
06
#199500
16
#199600
06
#199700
16
#199800
06
#199900
16
#200000
06
#200100
16
#200200
06
#200300
16
#200400
06
#200500
16
#200600
06
#200700
16
#200800
06
#200900
16
#201000
06
#201100
16
#201200
06
#201300
16
#201400
06
#201500
16
#201600
06
#201700
16
#201800
06
#201900
16
#202000
06
#202100
16
#202200
06
#202300
16
#202400
06
#202500
16
#202600
06
#202700
16
#202800
06
#202900
16
#203000
06
#203100
16
#203200
06
#203300
16
#203400
06
#203500
16
#203600
06
#203700
16
#203800
06
#203900
16
#204000
06
#204100
16
#204200
06
#204300
16
#204400
06
#204500
16
#204600
06
#204700
16
#204800
06
#204900
16
#205000
06
#205100
16
#205200
06
#205300
16
#205400
06
#205500
16
#205600
06
#205700
16
#205800
06
#205900
16
#206000
06
#206100
16
#206200
06
#206300
16
#206400
06
#206500
16
#206600
06
#206700
16
#206800
06
#206900
16
#207000
06
#207100
16
#207200
06
#207300
16
#207400
06
#207500
16
#207600
06
#207700
16
#207800
06
#207900
16
#208000
06
#208100
16
#208200
06
#208300
16
#208400
06
#208500
16
#208600
06
#208700
16
#208800
06
#208900
16
#209000
06
#209100
16
#209200
06
#209300
16
#209400
06
#209500
16
#209600
06
#209700
16
#209800
06
#209900
16
#210000
06
#210100
16
#210200
06
#210300
16
#210400
06
#210500
16
#210600
06
#210700
16
#210800
06
#210900
16
#211000
06
#211100
16
#211200
06
#211300
16
#211400
06
#211500
16
#211600
06
#211700
16
#211800
06
#211900
16
#212000
06
#212100
16
#212200
06
#212300
16
#212400
06
#212500
16
#212600
06
#212700
16
#212800
06
#212900
16
#213000
06
#213100
16
#213200
06
#213300
16
#213400
06
#213500
16
#213600
06
#213700
16
#213800
06
#213900
16
#214000
06
#214100
16
#214200
06
#214300
16
#214400
06
#214500
16
#214600
06
#214700
16
#214800
06
#214900
16
#215000
06
#215100
16
#215200
06
#215300
16
#215400
06
#215500
16
#215600
06
#215700
16
#215800
06
#215900
16
#216000
06
#216100
16
#216200
06
#216300
16
#216400
06
#216500
16
#216600
06
#216700
16
#216800
06
#216900
16
#217000
06
#217100
16
#217200
06
#217300
16
#217400
06
#217500
16
#217600
06
#217700
16
#217800
06
#217900
16
#218000
06
#218100
16
#218200
06
#218300
16
#218400
06
#218500
16
#218600
06
#218700
16
#218800
06
#218900
16
#219000
06
#219100
16
#219200
06
#219300
16
#219400
06
#219500
16
#219600
06
#219700
16
#219800
06
#219900
16
#220000
06
#220100
16
#220200
06
#220300
16
#220400
06
#220500
16
#220600
06
#220700
16
#220800
06
#220900
16
#221000
06
#221100
16
#221200
06
#221300
16
#221400
06
#221500
16
#221600
06
#221700
16
#221800
06
#221900
16
#222000
06
#222100
16
#222200
06
#222300
16
#222400
06
#222500
16
#222600
06
#222700
16
#222800
06
#222900
16
#223000
06
#223100
16
#223200
06
#223300
16
#223400
06
#223500
16
#223600
06
#223700
16
#223800
06
#223900
16
#224000
06
#224100
16
#224200
06
#224300
16
#224400
06
#224500
16
#224600
06
#224700
16
#224800
06
#224900
16
#225000
06
#225100
16
#225200
06
#225300
16
#225400
06
#225500
16
#225600
06
#225700
16
#225800
06
#225900
16
#226000
06
#226100
16
#226200
06
#226300
16
#226400
06
#226500
16
#226600
06
#226700
16
#226800
06
#226900
16
#227000
06
#227100
16
#227200
06
#227300
16
#227400
06
#227500
16
#227600
06
#227700
16
#227800
06
#227900
16
#228000
06
#228100
16
#228200
06
#228300
16
#228400
06
#228500
16
#228600
06
#228700
16
#228800
06
#228900
16
#229000
06
#229100
16
#229200
06
#229300
16
#229400
06
#229500
16
#229600
06
#229700
16
#229800
06
#229900
16
#230000
06
#230100
16
#230200
06
#230300
16
#230400
06
#230500
16
#230600
06
#230700
16
#230800
06
#230900
16
#231000
06
#231100
16
#231200
06
#231300
16
#231400
06
#231500
16
#231600
06
#231700
16
#231800
06
#231900
16
#232000
06
#232100
16
#232200
06
#232300
16
#232400
06
#232500
16
#232600
06
#232700
16
#232800
06
#232900
16
#233000
06
#233100
16
#233200
06
#233300
16
#233400
06
#233500
16
#233600
06
#233700
16
#233800
06
#233900
16
#234000
06
#234100
16
#234200
06
#234300
16
#234400
06
#234500
16
#234600
06
#234700
16
#234800
06
#234900
16
#235000
06
#235100
16
#235200
06
#235300
16
#235400
06
#235500
16
#235600
06
#235700
16
#235800
06
#235900
16
#236000
06
#236100
16
#236200
06
#236300
16
#236400
06
#236500
16
#236600
06
#236700
16
#236800
06
#236900
16
#237000
06
#237100
16
#237200
06
#237300
16
#237400
06
#237500
16
#237600
06
#237700
16
#237800
06
#237900
16
#238000
06
#238100
16
#238200
06
#238300
16
#238400
06
#238500
16
#238600
06
#238700
16
#238800
06
#238900
16
#239000
06
#239100
16
#239200
06
#239300
16
#239400
06
#239500
16
#239600
06
#239700
16
#239800
06
#239900
16
#240000
06
#240100
16
#240200
06
#240300
16
#240400
06
#240500
16
#240600
06
#240700
16
#240800
06
#240900
16
#241000
06
#241100
16
#241200
06
#241300
16
#241400
06
#241500
16
#241600
06
#241700
16
#241800
06
#241900
16
#242000
06
#242100
16
#242200
06
#242300
16
#242400
06
#242500
16
#242600
06
#242700
16
#242800
06
#242900
16
#243000
06
#243100
16
#243200
06
#243300
16
#243400
06
#243500
16
#243600
06
#243700
16
#243800
06
#243900
16
#244000
06
#244100
16
#244200
06
#244300
16
#244400
06
#244500
16
#244600
06
#244700
16
#244800
06
#244900
16
#245000
06
#245100
16
#245200
06
#245300
16
#245400
06
#245500
16
#245600
06
#245700
16
#245800
06
#245900
16
#246000
06
#246100
16
#246200
06
#246300
16
#246400
06
#246500
16
#246600
06
#246700
16
#246800
06
#246900
16
#247000
06
#247100
16
#247200
06
#247300
16
#247400
06
#247500
16
#247600
06
#247700
16
#247800
06
#247900
16
#248000
06
#248100
16
#248200
06
#248300
16
#248400
06
#248500
16
#248600
06
#248700
16
#248800
06
#248900
16
#249000
06
#249100
16
#249200
06
#249300
16
#249400
06
#249500
16
#249600
06
#249700
16
#249800
06
#249900
16
#250000
06
#250100
16
#250200
06
#250300
16
#250400
06
#250500
16
#250600
06
#250700
16
#250800
06
#250900
16
#251000
06
#251100
16
#251200
06
#251300
16
#251400
06
#251500
16
#251600
06
#251700
16
#251800
06
#251900
16
#252000
06
#252100
16
#252200
06
#252300
16
#252400
06
#252500
16
#252600
06
#252700
16
#252800
06
#252900
16
#253000
06
#253100
16
#253200
06
#253300
16
#253400
06
#253500
16
#253600
06
#253700
16
#253800
06
#253900
16
#254000
06
#254100
16
#254200
06
#254300
16
#254400
06
#254500
16
#254600
06
#254700
16
#254800
06
#254900
16
#255000
06
#255100
16
#255200
06
#255300
16
#255400
06
#255500
16
#255600
06
#255700
16
#255800
06
#255900
16
#256000
06
#256100
16
#256200
06
#256300
16
#256400
06
#256500
16
#256600
06
#256700
16
#256800
06
#256900
16
#257000
06
#257100
16
#257200
06
#257300
16
#257400
06
#257500
16
#257600
06
#257700
16
#257800
06
#257900
16
#258000
06
#258100
16
#258200
06
#258300
16
#258400
06
#258500
16
#258600
06
#258700
16
#258800
06
#258900
16
#259000
06
#259100
16
#259200
06
#259300
16
#259400
06
#259500
16
#259600
06
#259700
16
#259800
06
#259900
16
#260000
06
#260100
16
#260200
06
#260300
16
#260400
06
#260500
16
#260600
06
#260700
16
#260800
06
#260900
16
#261000
06
#261100
16
#261200
06
#261300
16
#261400
06
#261500
16
#261600
06
#261700
16
#261800
06
#261900
16
#262000
06
#262100
16
#262200
06
#262300
16
#262400
06
#262500
16
#262600
06
#262700
16
#262800
06
#262900
16
#263000
06
#263100
16
#263200
06
#263300
16
#263400
06
#263500
16
#263600
06
#263700
16
#263800
06
#263900
16
#264000
06
#264100
16
#264200
06
#264300
16
#264400
06
#264500
16
#264600
06
#264700
16
#264800
06
#264900
16
#265000
06
#265100
16
#265200
06
#265300
16
#265400
06
#265500
16
#265600
06
#265700
16
#265800
06
#265900
16
#266000
06
#266100
16
#266200
06
#266300
16
#266400
06
#266500
16
#266600
06
#266700
16
#266800
06
#266900
16
#267000
06
#267100
16
#267200
06
#267300
16
#267400
06
#267500
16
#267600
06
#267700
16
#267800
06
#267900
16
#268000
06
#268100
16
#268200
06
#268300
16
#268400
06
#268500
16
#268600
06
#268700
16
#268800
06
#268900
16
#269000
06
#269100
16
#269200
06
#269300
16
#269400
06
#269500
16
#269600
06
#269700
16
#269800
06
#269900
16
#270000
06
#270100
16
#270200
06
#270300
16
#270400
06
#270500
16
#270600
06
#270700
16
#270800
06
#270900
16
#271000
06
#271100
16
#271200
06
#271300
16
#271400
06
#271500
16
#271600
06
#271700
16
#271800
06
#271900
16
#272000
06
#272100
16
#272200
06
#272300
16
#272400
06
#272500
16
#272600
06
#272700
16
#272800
06
#272900
16
#273000
06
#273100
16
#273200
06
#273300
16
#273400
06
#273500
16
#273600
06
#273700
16
#273800
06
#273900
16
#274000
06
#274100
16
#274200
06
#274300
16
#274400
06
#274500
16
#274600
06
#274700
16
#274800
06
#274900
16
#275000
06
#275100
16
#275200
06
#275300
16
#275400
06
#275500
16
#275600
06
#275700
16
#275800
06
#275900
16
#276000
06
#276100
16
#276200
06
#276300
16
#276400
06
#276500
16
#276600
06
#276700
16
#276800
06
#276900
16
#277000
06
#277100
16
#277200
06
#277300
16
#277400
06
#277500
16
#277600
06
#277700
16
#277800
06
#277900
16
#278000
06
#278100
16
#278200
06
#278300
16
#278400
06
#278500
16
#278600
06
#278700
16
#278800
06
#278900
16
#279000
06
#279100
16
#279200
06
#279300
16
#279400
06
#279500
16
#279600
06
#279700
16
#279800
06
#279900
16
#280000
06
#280100
16
#280200
06
#280300
16
#280400
06
#280500
16
#280600
06
#280700
16
#280800
06
#280900
16
#281000
06
#281100
16
#281200
06
#281300
16
#281400
06
#281500
16
#281600
06
#281700
16
#281800
06
#281900
16
#282000
06
#282100
16
#282200
06
#282300
16
#282400
06
#282500
16
#282600
06
#282700
16
#282800
06
#282900
16
#283000
06
#283100
16
#283200
06
#283300
16
#283400
06
#283500
16
#283600
06
#283700
16
#283800
06
#283900
16
#284000
06
#284100
16
#284200
06
#284300
16
#284400
06
#284500
16
#284600
06
#284700
16
#284800
06
#284900
16
#285000
06
#285100
16
#285200
06
#285300
16
#285400
06
#285500
16
#285600
06
#285700
16
#285800
06
#285900
16
#286000
06
#286100
16
#286200
06
#286300
16
#286400
06
#286500
16
#286600
06
#286700
16
#286800
06
#286900
16
#287000
06
#287100
16
#287200
06
#287300
16
#287400
06
#287500
16
#287600
06
#287700
16
#287800
06
#287900
16
#288000
06
#288100
16
#288200
06
#288300
16
#288400
06
#288500
16
#288600
06
#288700
16
#288800
06
#288900
16
#289000
06
#289100
16
#289200
06
#289300
16
#289400
06
#289500
16
#289600
06
#289700
16
#289800
06
#289900
16
#290000
06
#290100
16
#290200
06
#290300
16
#290400
06
#290500
16
#290600
06
#290700
16
#290800
06
#290900
16
#291000
06
#291100
16
#291200
06
#291300
16
#291400
06
#291500
16
#291600
06
#291700
16
#291800
06
#291900
16
#292000
06
#292100
16
#292200
06
#292300
16
#292400
06
#292500
16
#292600
06
#292700
16
#292800
06
#292900
16
#293000
06
#293100
16
#293200
06
#293300
16
#293400
06
#293500
16
#293600
06
#293700
16
#293800
06
#293900
16
#294000
06
#294100
16
#294200
06
#294300
16
#294400
06
#294500
16
#294600
06
#294700
16
#294800
06
#294900
16
#295000
06
#295100
16
#295200
06
#295300
16
#295400
06
#295500
16
#295600
06
#295700
16
#295800
06
#295900
16
#296000
06
#296100
16
#296200
06
#296300
16
#296400
06
#296500
16
#296600
06
#296700
16
#296800
06
#296900
16
#297000
06
#297100
16
#297200
06
#297300
16
#297400
06
#297500
16
#297600
06
#297700
16
#297800
06
#297900
16
#298000
06
#298100
16
#298200
06
#298300
16
#298400
06
#298500
16
#298600
06
#298700
16
#298800
06
#298900
16
#299000
06
#299100
16
#299200
06
#299300
16
#299400
06
#299500
16
#299600
06
#299700
16
#299800
06
#299900
16
#300000
06
#300100
16
#300200
06
#300300
16
#300400
06
#300500
16
#300600
06
#300700
16
#300800
06
#300900
16
#301000
06
#301100
16
#301200
06
#301300
16
#301400
06
#301500
16
#301600
06
#301700
16
#301800
06
#301900
16
#302000
06
#302100
16
#302200
06
#302300
16
#302400
06
#302500
16
#302600
06
#302700
16
#302800
06
#302900
16
#303000
06
#303100
16
#303200
06
#303300
16
#303400
06
#303500
16
#303600
06
#303700
16
#303800
06
#303900
16
#304000
06
#304100
16
#304200
06
#304300
16
#304400
06
#304500
16
#304600
06
#304700
16
#304800
06
#304900
16
#305000
06
#305100
16
#305200
06
#305300
16
#305400
06
#305500
16
#305600
06
#305700
16
#305800
06
#305900
16
#306000
06
#306100
16
#306200
06
#306300
16
#306400
06
#306500
16
#306600
06
#306700
16
#306800
06
#306900
16
#307000
06
#307100
16
#307200
06
#307300
16
#307400
06
#307500
16
#307600
06
#307700
16
#307800
06
#307900
16
#308000
06
#308100
16
#308200
06
#308300
16
#308400
06
#308500
16
#308600
06
#308700
16
#308800
06
#308900
16
#309000
06
#309100
16
#309200
06
#309300
16
#309400
06
#309500
16
#309600
06
#309700
16
#309800
06
#309900
16
#310000
06
#310100
16
#310200
06
#310300
16
#310400
06
#310500
16
#310600
06
#310700
16
#310800
06
#310900
16
#311000
06
#311100
16
#311200
06
#311300
16
#311400
06
#311500
16
#311600
06
#311700
16
#311800
06
#311900
16
#312000
06
#312100
16
#312200
06
#312300
16
#312400
06
#312500
16
#312600
06
#312700
16
#312800
06
#312900
16
#313000
06
#313100
16
#313200
06
#313300
16
#313400
06
#313500
16
#313600
06
#313700
16
#313800
06
#313900
16
#314000
06
#314100
16
#314200
06
#314300
16
#314400
06
#314500
16
#314600
06
#314700
16
#314800
06
#314900
16
#315000
06
#315100
16
#315200
06
#315300
16
#315400
06
#315500
16
#315600
06
#315700
16
#315800
06
#315900
16
#316000
06
#316100
16
#316200
06
#316300
16
#316400
06
#316500
16
#316600
06
#316700
16
#316800
06
#316900
16
#317000
06
#317100
16
#317200
06
#317300
16
#317400
06
#317500
16
#317600
06
#317700
16
#317800
06
#317900
16
#318000
06
#318100
16
#318200
06
#318300
16
#318400
06
#318500
16
#318600
06
#318700
16
#318800
06
#318900
16
#319000
06
#319100
16
#319200
06
#319300
16
#319400
06
#319500
16
#319600
06
#319700
16
#319800
06
#319900
16
#320000
06
#320100
16
#320200
06
#320300
16
#320400
06
#320500
16
#320600
06
#320700
16
#320800
06
#320900
16
#321000
06
#321100
16
#321200
06
#321300
16
#321400
06
#321500
16
#321600
06
#321700
16
#321800
06
#321900
16
#322000
06
#322100
16
#322200
06
#322300
16
#322400
06
#322500
16
#322600
06
#322700
16
#322800
06
#322900
16
#323000
06
#323100
16
#323200
06
#323300
16
#323400
06
#323500
16
#323600
06
#323700
16
#323800
06
#323900
16
#324000
06
#324100
16
#324200
06
#324300
16
#324400
06
#324500
16
#324600
06
#324700
16
#324800
06
#324900
16
#325000
06
#325100
16
#325200
06
#325300
16
#325400
06
#325500
16
#325600
06
#325700
16
#325800
06
#325900
16
#326000
06
#326100
16
#326200
06
#326300
16
#326400
06
#326500
16
#326600
06
#326700
16
#326800
06
#326900
16
#327000
06
#327100
16
#327200
06
#327300
16
#327400
06
#327500
16
#327600
06
#327700
16
#327800
06
#327900
16
#328000
06
#328100
16
#328200
06
#328300
16
#328400
06
#328500
16
#328600
06
#328700
16
#328800
06
#328900
16
#329000
06
#329100
16
#329200
06
#329300
16
#329400
06
#329500
16
#329600
06
#329700
16
#329800
06
#329900
16
#330000
06
#330100
16
#330200
06
#330300
16
#330400
06
#330500
16
#330600
06
#330700
16
#330800
06
#330900
16
#331000
06
#331100
16
#331200
06
#331300
16
#331400
06
#331500
16
#331600
06
#331700
16
#331800
06
#331900
16
#332000
06
#332100
16
#332200
06
#332300
16
#332400
06
#332500
16
#332600
06
#332700
16
#332800
06
#332900
16
#333000
06
#333100
16
#333200
06
#333300
16
#333400
06
#333500
16
#333600
06
#333700
16
#333800
06
#333900
16
#334000
06
#334100
16
#334200
06
#334300
16
#334400
06
#334500
16
#334600
06
#334700
16
#334800
06
#334900
16
#335000
06
#335100
16
#335200
06
#335300
16
#335400
06
#335500
16
#335600
06
#335700
16
#335800
06
#335900
16
#336000
06
#336100
16
#336200
06
#336300
16
#336400
06
#336500
16
#336600
06
#336700
16
#336800
06
#336900
16
#337000
06
#337100
16
#337200
06
#337300
16
#337400
06
#337500
16
#337600
06
#337700
16
#337800
06
#337900
16
#338000
06
#338100
16
#338200
06
#338300
16
#338400
06
#338500
16
#338600
06
#338700
16
#338800
06
#338900
16
#339000
06
#339100
16
#339200
06
#339300
16
#339400
06
#339500
16
#339600
06
#339700
16
#339800
06
#339900
16
#340000
06
#340100
16
#340200
06
#340300
16
#340400
06
#340500
16
#340600
06
#340700
16
#340800
06
#340900
16
#341000
06
#341100
16
#341200
06
#341300
16
#341400
06
#341500
16
#341600
06
#341700
16
#341800
06
#341900
16
#342000
06
#342100
16
#342200
06
#342300
16
#342400
06
#342500
16
#342600
06
#342700
16
#342800
06
#342900
16
#343000
06
#343100
16
#343200
06
#343300
16
#343400
06
#343500
16
#343600
06
#343700
16
#343800
06
#343900
16
#344000
06
#344100
16
#344200
06
#344300
16
#344400
06
#344500
16
#344600
06
#344700
16
#344800
06
#344900
16
#345000
06
#345100
16
#345200
06
#345300
16
#345400
06
#345500
16
#345600
06
#345700
16
#345800
06
#345900
16
#346000
06
#346100
16
#346200
06
#346300
16
#346400
06
#346500
16
#346600
06
#346700
16
#346800
06
#346900
16
#347000
06
#347100
16
#347200
06
#347300
16
#347400
06
#347500
16
#347600
06
#347700
16
#347800
06
#347900
16
#348000
06
#348100
16
#348200
06
#348300
16
#348400
06
#348500
16
#348600
06
#348700
16
#348800
06
#348900
16
#349000
06
#349100
16
#349200
06
#349300
16
#349400
06
#349500
16
#349600
06
#349700
16
#349800
06
#349900
16
#350000
06
#350100
16
#350200
06
#350300
16
#350400
06
#350500
16
#350600
06
#350700
16
#350800
06
#350900
16
#351000
06
#351100
16
#351200
06
#351300
16
#351400
06
#351500
16
#351600
06
#351700
16
#351800
06
#351900
16
#352000
06
#352100
16
#352200
06
#352300
16
#352400
06
#352500
16
#352600
06
#352700
16
#352800
06
#352900
16
#353000
06
#353100
16
#353200
06
#353300
16
#353400
06
#353500
16
#353600
06
#353700
16
#353800
06
#353900
16
#354000
06
#354100
16
#354200
06
#354300
16
#354400
06
#354500
16
#354600
06
#354700
16
#354800
06
#354900
16
#355000
06
#355100
16
#355200
06
#355300
16
#355400
06
#355500
16
#355600
06
#355700
16
#355800
06
#355900
16
#356000
06
#356100
16
#356200
06
#356300
16
#356400
06
#356500
16
#356600
06
#356700
16
#356800
06
#356900
16
#357000
06
#357100
16
#357200
06
#357300
16
#357400
06
#357500
16
#357600
06
#357700
16
#357800
06
#357900
16
#358000
06
#358100
16
#358200
06
#358300
16
#358400
06
#358500
16
#358600
06
#358700
16
#358800
06
#358900
16
#359000
06
#359100
16
#359200
06
#359300
16
#359400
06
#359500
16
#359600
06
#359700
16
#359800
06
#359900
16
#360000
06
#360100
16
#360200
06
#360300
16
#360400
06
#360500
16
#360600
06
#360700
16
#360800
06
#360900
16
#361000
06
#361100
16
#361200
06
#361300
16
#361400
06
#361500
16
#361600
06
#361700
16
#361800
06
#361900
16
#362000
06
#362100
16
#362200
06
#362300
16
#362400
06
#362500
16
#362600
06
#362700
16
#362800
06
#362900
16
#363000
06
#363100
16
#363200
06
#363300
16
#363400
06
#363500
16
#363600
06
#363700
16
#363800
06
#363900
16
#364000
06
#364100
16
#364200
06
#364300
16
#364400
06
#364500
16
#364600
06
#364700
16
#364800
06
#364900
16
#365000
06
#365100
16
#365200
06
#365300
16
#365400
06
#365500
16
#365600
06
#365700
16
#365800
06
#365900
16
#366000
06
#366100
16
#366200
06
#366300
16
#366400
06
#366500
16
#366600
06
#366700
16
#366800
06
#366900
16
#367000
06
#367100
16
#367200
06
#367300
16
#367400
06
#367500
16
#367600
06
#367700
16
#367800
06
#367900
16
#368000
06
#368100
16
#368200
06
#368300
16
#368400
06
#368500
16
#368600
06
#368700
16
#368800
06
#368900
16
#369000
06
#369100
16
#369200
06
#369300
16
#369400
06
#369500
16
#369600
06
#369700
16
#369800
06
#369900
16
#370000
06
#370100
16
#370200
06
#370300
16
#370400
06
#370500
16
#370600
06
#370700
16
#370800
06
#370900
16
#371000
06
#371100
16
#371200
06
#371300
16
#371400
06
#371500
16
#371600
06
#371700
16
#371800
06
#371900
16
#372000
06
#372100
16
#372200
06
#372300
16
#372400
06
#372500
16
#372600
06
#372700
16
#372800
06
#372900
16
#373000
06
#373100
16
#373200
06
#373300
16
#373400
06
#373500
16
#373600
06
#373700
16
#373800
06
#373900
16
#374000
06
#374100
16
#374200
06
#374300
16
#374400
06
#374500
16
#374600
06
#374700
16
#374800
06
#374900
16
#375000
06
#375100
16
#375200
06
#375300
16
#375400
06
#375500
16
#375600
06
#375700
16
#375800
06
#375900
16
#376000
06
#376100
16
#376200
06
#376300
16
#376400
06
#376500
16
#376600
06
#376700
16
#376800
06
#376900
16
#377000
06
#377100
16
#377200
06
#377300
16
#377400
06
#377500
16
#377600
06
#377700
16
#377800
06
#377900
16
#378000
06
#378100
16
#378200
06
#378300
16
#378400
06
#378500
16
#378600
06
#378700
16
#378800
06
#378900
16
#379000
06
#379100
16
#379200
06
#379300
16
#379400
06
#379500
16
#379600
06
#379700
16
#379800
06
#379900
16
#380000
06
#380100
16
#380200
06
#380300
16
#380400
06
#380500
16
#380600
06
#380700
16
#380800
06
#380900
16
#381000
06
#381100
16
#381200
06
#381300
16
#381400
06
#381500
16
#381600
06
#381700
16
#381800
06
#381900
16
#382000
06
#382100
16
#382200
06
#382300
16
#382400
06
#382500
16
#382600
06
#382700
16
#382800
06
#382900
16
#383000
06
#383100
16
#383200
06
#383300
16
#383400
06
#383500
16
#383600
06
#383700
16
#383800
06
#383900
16
#384000
06
#384100
16
#384200
06
#384300
16
#384400
06
#384500
16
#384600
06
#384700
16
#384800
06
#384900
16
#385000
06
#385100
16
#385200
06
#385300
16
#385400
06
#385500
16
#385600
06
#385700
16
#385800
06
#385900
16
#386000
06
#386100
16
#386200
06
#386300
16
#386400
06
#386500
16
#386600
06
#386700
16
#386800
06
#386900
16
#387000
06
#387100
16
#387200
06
#387300
16
#387400
06
#387500
16
#387600
06
#387700
16
#387800
06
#387900
16
#388000
06
#388100
16
#388200
06
#388300
16
#388400
06
#388500
16
#388600
06
#388700
16
#388800
06
#388900
16
#389000
06
#389100
16
#389200
06
#389300
16
#389400
06
#389500
16
#389600
06
#389700
16
#389800
06
#389900
16
#390000
06
#390100
16
#390200
06
#390300
16
#390400
06
#390500
16
#390600
06
#390700
16
#390800
06
#390900
16
#391000
06
#391100
16
#391200
06
#391300
16
#391400
06
#391500
16
#391600
06
#391700
16
#391800
06
#391900
16
#392000
06
#392100
16
#392200
06
#392300
16
#392400
06
#392500
16
#392600
06
#392700
16
#392800
06
#392900
16
#393000
06
#393100
16
#393200
06
#393300
16
#393400
06
#393500
16
#393600
06
#393700
16
#393800
06
#393900
16
#394000
06
#394100
16
#394200
06
#394300
16
#394400
06
#394500
16
#394600
06
#394700
16
#394800
06
#394900
16
#395000
06
#395100
16
#395200
06
#395300
16
#395400
06
#395500
16
#395600
06
#395700
16
#395800
06
#395900
16
#396000
06
#396100
16
#396200
06
#396300
16
#396400
06
#396500
16
#396600
06
#396700
16
#396800
06
#396900
16
#397000
06
#397100
16
#397200
06
#397300
16
#397400
06
#397500
16
#397600
06
#397700
16
#397800
06
#397900
16
#398000
06
#398100
16
#398200
06
#398300
16
#398400
06
#398500
16
#398600
06
#398700
16
#398800
06
#398900
16
#399000
06
#399100
16
#399200
06
#399300
16
#399400
06
#399500
16
#399600
06
#399700
16
#399800
06
#399900
16
#400000
06
#400100
16
#400200
06
#400300
16
#400400
06
#400500
16
#400600
06
#400700
16
#400800
06
#400900
16
#401000
06
#401100
16
#401200
06
#401300
16
#401400
06
#401500
16
#401600
06
#401700
16
#401800
06
#401900
16
#402000
06
#402100
16
#402200
06
#402300
16
#402400
06
#402500
16
#402600
06
#402700
16
#402800
06
#402900
16
#403000
06
#403100
16
#403200
06
#403300
16
#403400
06
#403500
16
#403600
06
#403700
16
#403800
06
#403900
16
#404000
06
#404100
16
#404200
06
#404300
16
#404400
06
#404500
16
#404600
06
#404700
16
#404800
06
#404900
16
#405000
06
#405100
16
#405200
06
#405300
16
#405400
06
#405500
16
#405600
06
#405700
16
#405800
06
#405900
16
#406000
06
#406100
16
#406200
06
#406300
16
#406400
06
#406500
16
#406600
06
#406700
16
#406800
06
#406900
16
#407000
06
#407100
16
#407200
06
#407300
16
#407400
06
#407500
16
#407600
06
#407700
16
#407800
06
#407900
16
#408000
06
#408100
16
#408200
06
#408300
16
#408400
06
#408500
16
#408600
06
#408700
16
#408800
06
#408900
16
#409000
06
#409100
16
#409200
06
#409300
16
#409400
06
#409500
16
#409600
06
#409700
16
#409800
06
#409900
16
#410000
06
#410100
16
#410200
06
#410300
16
#410400
06
#410500
16
#410600
06
#410700
16
#410800
06
#410900
16
#411000
06
#411100
16
#411200
06
#411300
16
#411400
06
#411500
16
#411600
06
#411700
16
#411800
06
#411900
16
#412000
06
#412100
16
#412200
06
#412300
16
#412400
06
#412500
16
#412600
06
#412700
16
#412800
06
#412900
16
#413000
06
#413100
16
#413200
06
#413300
16
#413400
06
#413500
16
#413600
06
#413700
16
#413800
06
#413900
16
#414000
06
#414100
16
#414200
06
#414300
16
#414400
06
#414500
16
#414600
06
#414700
16
#414800
06
#414900
16
#415000
06
#415100
16
#415200
06
#415300
16
#415400
06
#415500
16
#415600
06
#415700
16
#415800
06
#415900
16
#416000
06
#416100
16
#416200
06
#416300
16
#416400
06
#416500
16
#416600
06
#416700
16
#416800
06
#416900
16
#417000
06
#417100
16
#417200
06
#417300
16
#417400
06
#417500
16
#417600
06
#417700
16
#417800
06
#417900
16
#418000
06
#418100
16
#418200
06
#418300
16
#418400
06
#418500
16
#418600
06
#418700
16
#418800
06
#418900
16
#419000
06
#419100
16
#419200
06
#419300
16
#419400
06
#419500
16
#419600
06
#419700
16
#419800
06
#419900
16
#420000
06
#420100
16
#420200
06
#420300
16
#420400
06
#420500
16
#420600
06
#420700
16
#420800
06
#420900
16
#421000
06
#421100
16
#421200
06
#421300
16
#421400
06
#421500
16
#421600
06
#421700
16
#421800
06
#421900
16
#422000
06
#422100
16
#422200
06
#422300
16
#422400
06
#422500
16
#422600
06
#422700
16
#422800
06
#422900
16
#423000
06
#423100
16
#423200
06
#423300
16
#423400
06
#423500
16
#423600
06
#423700
16
#423800
06
#423900
16
#424000
06
#424100
16
#424200
06
#424300
16
#424400
06
#424500
16
#424600
06
#424700
16
#424800
06
#424900
16
#425000
06
#425100
16
#425200
06
#425300
16
#425400
06
#425500
16
#425600
06
#425700
16
#425800
06
#425900
16
#426000
06
#426100
16
#426200
06
#426300
16
#426400
06
#426500
16
#426600
06
#426700
16
#426800
06
#426900
16
#427000
06
#427100
16
#427200
06
#427300
16
#427400
06
#427500
16
#427600
06
#427700
16
#427800
06
#427900
16
#428000
06
#428100
16
#428200
06
#428300
16
#428400
06
#428500
16
#428600
06
#428700
16
#428800
06
#428900
16
#429000
06
#429100
16
#429200
06
#429300
16
#429400
06
#429500
16
#429600
06
#429700
16
#429800
06
#429900
16
#430000
06
#430100
16
#430200
06
#430300
16
#430400
06
#430500
16
#430600
06
#430700
16
#430800
06
#430900
16
#431000
06
#431100
16
#431200
06
#431300
16
#431400
06
#431500
16
#431600
06
#431700
16
#431800
06
#431900
16
#432000
06
#432100
16
#432200
06
#432300
16
#432400
06
#432500
16
#432600
06
#432700
16
#432800
06
#432900
16
#433000
06
#433100
16
#433200
06
#433300
16
#433400
06
#433500
16
#433600
06
#433700
16
#433800
06
#433900
16
#434000
06
#434100
16
#434200
06
#434300
16
#434400
06
#434500
16
#434600
06
#434700
16
#434800
06
#434900
16
#435000
06
#435100
16
#435200
06
#435300
16
#435400
06
#435500
16
#435600
06
#435700
16
#435800
06
#435900
16
#436000
06
#436100
16
#436200
06
#436300
16
#436400
06
#436500
16
#436600
06
#436700
16
#436800
06
#436900
16
#437000
06
#437100
16
#437200
06
#437300
16
#437400
06
#437500
16
#437600
06
#437700
16
#437800
06
#437900
16
#438000
06
#438100
16
#438200
06
#438300
16
#438400
06
#438500
16
#438600
06
#438700
16
#438800
06
#438900
16
#439000
06
#439100
16
#439200
06
#439300
16
#439400
06
#439500
16
#439600
06
#439700
16
#439800
06
#439900
16
#440000
06
#440100
16
#440200
06
#440300
16
#440400
06
#440500
16
#440600
06
#440700
16
#440800
06
#440900
16
#441000
06
#441100
16
#441200
06
#441300
16
#441400
06
#441500
16
#441600
06
#441700
16
#441800
06
#441900
16
#442000
06
#442100
16
#442200
06
#442300
16
#442400
06
#442500
16
#442600
06
#442700
16
#442800
06
#442900
16
#443000
06
#443100
16
#443200
06
#443300
16
#443400
06
#443500
16
#443600
06
#443700
16
#443800
06
#443900
16
#444000
06
#444100
16
#444200
06
#444300
16
#444400
06
#444500
16
#444600
06
#444700
16
#444800
06
#444900
16
#445000
06
#445100
16
#445200
06
#445300
16
#445400
06
#445500
16
#445600
06
#445700
16
#445800
06
#445900
16
#446000
06
#446100
16
#446200
06
#446300
16
#446400
06
#446500
16
#446600
06
#446700
16
#446800
06
#446900
16
#447000
06
#447100
16
#447200
06
#447300
16
#447400
06
#447500
16
#447600
06
#447700
16
#447800
06
#447900
16
#448000
06
#448100
16
#448200
06
#448300
16
#448400
06
#448500
16
#448600
06
#448700
16
#448800
06
#448900
16
#449000
06
#449100
16
#449200
06
#449300
16
#449400
06
#449500
16
#449600
06
#449700
16
#449800
06
#449900
16
#450000
06
#450100
16
#450200
06
#450300
16
#450400
06
#450500
16
#450600
06
#450700
16
#450800
06
#450900
16
#451000
06
#451100
16
#451200
06
#451300
16
#451400
06
#451500
16
#451600
06
#451700
16
#451800
06
#451900
16
#452000
06
#452100
16
#452200
06
#452300
16
#452400
06
#452500
16
#452600
06
#452700
16
#452800
06
#452900
16
#453000
06
#453100
16
#453200
06
#453300
16
#453400
06
#453500
16
#453600
06
#453700
16
#453800
06
#453900
16
#454000
06
#454100
16
#454200
06
#454300
16
#454400
06
#454500
16
#454600
06
#454700
16
#454800
06
#454900
16
#455000
06
#455100
16
#455200
06
#455300
16
#455400
06
#455500
16
#455600
06
#455700
16
#455800
06
#455900
16
#456000
06
#456100
16
#456200
06
#456300
16
#456400
06
#456500
16
#456600
06
#456700
16
#456800
06
#456900
16
#457000
06
#457100
16
#457200
06
#457300
16
#457400
06
#457500
16
#457600
06
#457700
16
#457800
06
#457900
16
#458000
06
#458100
16
#458200
06
#458300
16
#458400
06
#458500
16
#458600
06
#458700
16
#458800
06
#458900
16
#459000
06
#459100
16
#459200
06
#459300
16
#459400
06
#459500
16
#459600
06
#459700
16
#459800
06
#459900
16
#460000
06
#460100
16
#460200
06
#460300
16
#460400
06
#460500
16
#460600
06
#460700
16
#460800
06
#460900
16
#461000
06
#461100
16
#461200
06
#461300
16
#461400
06
#461500
16
#461600
06
#461700
16
#461800
06
#461900
16
#462000
06
#462100
16
#462200
06
#462300
16
#462400
06
#462500
16
#462600
06
#462700
16
#462800
06
#462900
16
#463000
06
#463100
16
#463200
06
#463300
16
#463400
06
#463500
16
#463600
06
#463700
16
#463800
06
#463900
16
#464000
06
#464100
16
#464200
06
#464300
16
#464400
06
#464500
16
#464600
06
#464700
16
#464800
06
#464900
16
#465000
06
#465100
16
#465200
06
#465300
16
#465400
06
#465500
16
#465600
06
#465700
16
#465800
06
#465900
16
#466000
06
#466100
16
#466200
06
#466300
16
#466400
06
#466500
16
#466600
06
#466700
16
#466800
06
#466900
16
#467000
06
#467100
16
#467200
06
#467300
16
#467400
06
#467500
16
#467600
06
#467700
16
#467800
06
#467900
16
#468000
06
#468100
16
#468200
06
#468300
16
#468400
06
#468500
16
#468600
06
#468700
16
#468800
06
#468900
16
#469000
06
#469100
16
#469200
06
#469300
16
#469400
06
#469500
16
#469600
06
#469700
16
#469800
06
#469900
16
#470000
06
#470100
16
#470200
06
#470300
16
#470400
06
#470500
16
#470600
06
#470700
16
#470800
06
#470900
16
#471000
06
#471100
16
#471200
06
#471300
16
#471400
06
#471500
16
#471600
06
#471700
16
#471800
06
#471900
16
#472000
06
#472100
16
#472200
06
#472300
16
#472400
06
#472500
16
#472600
06
#472700
16
#472800
06
#472900
16
#473000
06
#473100
16
#473200
06
#473300
16
#473400
06
#473500
16
#473600
06
#473700
16
#473800
06
#473900
16
#474000
06
#474100
16
#474200
06
#474300
16
#474400
06
#474500
16
#474600
06
#474700
16
#474800
06
#474900
16
#475000
06
#475100
16
#475200
06
#475300
16
#475400
06
#475500
16
#475600
06
#475700
16
#475800
06
#475900
16
#476000
06
#476100
16
#476200
06
#476300
16
#476400
06
#476500
16
#476600
06
#476700
16
#476800
06
#476900
16
#477000
06
#477100
16
#477200
06
#477300
16
#477400
06
#477500
16
#477600
06
#477700
16
#477800
06
#477900
16
#478000
06
#478100
16
#478200
06
#478300
16
#478400
06
#478500
16
#478600
06
#478700
16
#478800
06
#478900
16
#479000
06
#479100
16
#479200
06
#479300
16
#479400
06
#479500
16
#479600
06
#479700
16
#479800
06
#479900
16
#480000
06
#480100
16
#480200
06
#480300
16
#480400
06
#480500
16
#480600
06
#480700
16
#480800
06
#480900
16
#481000
06
#481100
16
#481200
06
#481300
16
#481400
06
#481500
16
#481600
06
#481700
16
#481800
06
#481900
16
#482000
06
#482100
16
#482200
06
#482300
16
#482400
06
#482500
16
#482600
06
#482700
16
#482800
06
#482900
16
#483000
06
#483100
16
#483200
06
#483300
16
#483400
06
#483500
16
#483600
06
#483700
16
#483800
06
#483900
16
#484000
06
#484100
16
#484200
06
#484300
16
#484400
06
#484500
16
#484600
06
#484700
16
#484800
06
#484900
16
#485000
06
#485100
16
#485200
06
#485300
16
#485400
06
#485500
16
#485600
06
#485700
16
#485800
06
#485900
16
#486000
06
#486100
16
#486200
06
#486300
16
#486400
06
#486500
16
#486600
06
#486700
16
#486800
06
#486900
16
#487000
06
#487100
16
#487200
06
#487300
16
#487400
06
#487500
16
#487600
06
#487700
16
#487800
06
#487900
16
#488000
06
#488100
16
#488200
06
#488300
16
#488400
06
#488500
16
#488600
06
#488700
16
#488800
06
#488900
16
#489000
06
#489100
16
#489200
06
#489300
16
#489400
06
#489500
16
#489600
06
#489700
16
#489800
06
#489900
16
#490000
06
#490100
16
#490200
06
#490300
16
#490400
06
#490500
16
#490600
06
#490700
16
#490800
06
#490900
16
#491000
06
#491100
16
#491200
06
#491300
16
#491400
06
#491500
16
#491600
06
#491700
16
#491800
06
#491900
16
#492000
06
#492100
16
#492200
06
#492300
16
#492400
06
#492500
16
#492600
06
#492700
16
#492800
06
#492900
16
#493000
06
#493100
16
#493200
06
#493300
16
#493400
06
#493500
16
#493600
06
#493700
16
#493800
06
#493900
16
#494000
06
#494100
16
#494200
06
#494300
16
#494400
06
#494500
16
#494600
06
#494700
16
#494800
06
#494900
16
#495000
06
#495100
16
#495200
06
#495300
16
#495400
06
#495500
16
#495600
06
#495700
16
#495800
06
#495900
16
#496000
06
#496100
16
#496200
06
#496300
16
#496400
06
#496500
16
#496600
06
#496700
16
#496800
06
#496900
16
#497000
06
#497100
16
#497200
06
#497300
16
#497400
06
#497500
16
#497600
06
#497700
16
#497800
06
#497900
16
#498000
06
#498100
16
#498200
06
#498300
16
#498400
06
#498500
16
#498600
06
#498700
16
#498800
06
#498900
16
#499000
06
#499100
16
#499200
06
#499300
16
#499400
06
#499500
16
#499600
06
#499700
16
#499800
06
#499900
16
#500000
06
#500100
16
#500200
06
#500300
16
#500400
06
#500500
16
#500600
06
#500700
16
#500800
06
#500900
16
#501000
06
#501100
16
#501200
06
#501300
16
#501400
06
#501500
16
#501600
06
#501700
16
#501800
06
#501900
16
#502000
06
#502100
16
#502200
06
#502300
16
#502400
06
#502500
16
#502600
06
#502700
16
#502800
06
#502900
16
#503000
06
#503100
16
#503200
06
#503300
16
#503400
06
#503500
16
#503600
06
#503700
16
#503800
06
#503900
16
#504000
06
#504100
16
#504200
06
#504300
16
#504400
06
#504500
16
#504600
06
#504700
16
#504800
06
#504900
16
#505000
06
#505100
16
#505200
06
#505300
16
#505400
06
#505500
16
#505600
06
#505700
16
#505800
06
#505900
16
#506000
06
#506100
16
#506200
06
#506300
16
#506400
06
#506500
16
#506600
06
#506700
16
#506800
06
#506900
16
#507000
06
#507040
1/
#507100
1E
16
#507200
06
#507300
1K
16
#507400
06
#507500
18
1L
16
#507600
06
#507700
08
b1000 %
b1000 F
1M
16
#507800
06
#507900
16
#508000
06
#508100
16
#508200
06
#508300
16
#508400
06
#508500
16
#508600
06
#508700
16
#508800
06
#508900
16
#509000
06
#509100
16
#509200
06
#509300
16
#509400
06
#509500
16
#509600
06
#509700
16
#509800
06
#509900
16
#510000
06
#510100
16
#510200
06
#510300
16
#510400
06
#510500
16
#510600
06
#510700
16
#510800
06
#510900
16
#511000
06
#511100
16
#511200
06
#511300
16
#511400
06
#511500
16
#511600
06
#511700
16
#511800
06
#511900
16
#512000
06
#512100
16
#512200
06
#512300
16
#512400
06
#512500
16
#512600
06
#512700
16
#512800
06
#512900
16
#513000
06
#513100
16
#513200
06
#513300
16
#513400
06
#513500
16
#513600
06
#513700
16
#513800
06
#513900
16
#514000
06
#514100
16
#514200
06
#514300
16
#514400
06
#514500
16
#514600
06
#514700
16
#514800
06
#514900
16
#515000
06
#515100
16
#515200
06
#515300
16
#515400
06
#515500
16
#515600
06
#515700
16
#515800
06
#515900
16
#516000
06
#516100
16
#516200
06
#516300
16
#516400
06
#516500
16
#516600
06
#516700
16
#516800
06
#516900
16
#517000
06
#517100
16
#517200
06
#517300
16
#517400
06
#517500
16
#517600
06
#517700
16
#517800
06
#517900
16
#518000
06
#518100
16
#518200
06
#518300
16
#518400
06
#518500
16
#518600
06
#518700
16
#518800
06
#518900
16
#519000
06
#519100
16
#519200
06
#519300
16
#519400
06
#519500
16
#519600
06
#519700
16
#519800
06
#519900
16
#520000
06
#520100
16
#520200
06
#520300
16
#520400
06
#520500
16
#520600
06
#520700
16
#520800
06
#520900
16
#521000
06
#521100
16
#521200
06
#521300
16
#521400
06
#521500
16
#521600
06
#521700
16
#521800
06
#521900
16
#522000
06
#522100
16
#522200
06
#522300
16
#522400
06
#522500
16
#522600
06
#522700
16
#522800
06
#522900
16
#523000
06
#523100
16
#523200
06
#523300
16
#523400
06
#523500
16
#523600
06
#523700
16
#523800
06
#523900
16
#524000
06
#524100
16
#524200
06
#524300
16
#524400
06
#524500
16
#524600
06
#524700
16
#524800
06
#524900
16
#525000
06
#525100
16
#525200
06
#525300
16
#525400
06
#525500
16
#525600
06
#525700
16
#525800
06
#525900
16
#526000
06
#526100
16
#526200
06
#526300
16
#526400
06
#526500
16
#526600
06
#526700
16
#526800
06
#526900
16
#527000
06
#527100
16
#527200
06
#527300
16
#527400
06
#527500
16
#527600
06
#527700
16
#527800
06
#527900
16
#528000
06
#528100
16
#528200
06
#528300
16
#528400
06
#528500
16
#528600
06
#528700
16
#528800
06
#528900
16
#529000
06
#529100
16
#529200
06
#529300
16
#529400
06
#529500
16
#529600
06
#529700
16
#529800
06
#529900
16
#530000
06
#530100
16
#530200
06
#530300
16
#530400
06
#530500
16
#530600
06
#530700
16
#530800
06
#530900
16
#531000
06
#531100
16
#531200
06
#531300
16
#531400
06
#531500
16
#531600
06
#531700
16
#531800
06
#531900
16
#532000
06
#532100
16
#532200
06
#532300
16
#532400
06
#532500
16
#532600
06
#532700
16
#532800
06
#532900
16
#533000
06
#533100
16
#533200
06
#533300
16
#533400
06
#533500
16
#533600
06
#533700
16
#533800
06
#533900
16
#534000
06
#534100
16
#534200
06
#534300
16
#534400
06
#534500
16
#534600
06
#534700
16
#534800
06
#534900
16
#535000
06
#535100
16
#535200
06
#535300
16
#535400
06
#535500
16
#535600
06
#535700
16
#535800
06
#535900
16
#536000
06
#536100
16
#536200
06
#536300
16
#536400
06
#536500
16
#536600
06
#536700
16
#536800
06
#536900
16
#537000
06
#537100
16
#537200
06
#537300
16
#537400
06
#537500
16
#537600
06
#537700
16
#537800
06
#537900
16
#538000
06
#538100
16
#538200
06
#538300
16
#538400
06
#538500
16
#538600
06
#538700
16
#538800
06
#538900
16
#539000
06
#539100
16
#539200
06
#539300
16
#539400
06
#539500
16
#539600
06
#539700
16
#539800
06
#539900
16
#540000
06
#540100
16
#540200
06
#540300
16
#540400
06
#540500
16
#540600
06
#540700
16
#540800
06
#540900
16
#541000
06
#541100
16
#541200
06
#541300
16
#541400
06
#541500
16
#541600
06
#541700
16
#541800
06
#541900
16
#542000
06
#542100
16
#542200
06
#542300
16
#542400
06
#542500
16
#542600
06
#542700
16
#542800
06
#542900
16
#543000
06
#543100
16
#543200
06
#543300
16
#543400
06
#543500
16
#543600
06
#543700
16
#543800
06
#543900
16
#544000
06
#544100
16
#544200
06
#544300
16
#544400
06
#544500
16
#544600
06
#544700
16
#544800
06
#544900
16
#545000
06
#545100
16
#545200
06
#545300
16
#545400
06
#545500
16
#545600
06
#545700
16
#545800
06
#545900
16
#546000
06
#546100
16
#546200
06
#546300
16
#546400
06
#546500
16
#546600
06
#546700
16
#546800
06
#546900
16
#547000
06
#547100
16
#547200
06
#547300
16
#547400
06
#547500
16
#547600
06
#547700
16
#547800
06
#547900
16
#548000
06
#548100
16
#548200
06
#548300
16
#548400
06
#548500
16
#548600
06
#548700
16
#548800
06
#548900
16
#549000
06
#549100
16
#549200
06
#549300
16
#549400
06
#549500
16
#549600
06
#549700
16
#549800
06
#549900
16
#550000
06
#550100
16
#550200
06
#550300
16
#550400
06
#550500
16
#550600
06
#550700
16
#550800
06
#550900
16
#551000
06
#551100
16
#551200
06
#551300
16
#551400
06
#551500
16
#551600
06
#551700
16
#551800
06
#551900
16
#552000
06
#552100
16
#552200
06
#552300
16
#552400
06
#552500
16
#552600
06
#552700
16
#552800
06
#552900
16
#553000
06
#553100
16
#553200
06
#553300
16
#553400
06
#553500
16
#553600
06
#553700
16
#553800
06
#553900
16
#554000
06
#554100
16
#554200
06
#554300
16
#554400
06
#554500
16
#554600
06
#554700
16
#554800
06
#554900
16
#555000
06
#555100
16
#555200
06
#555300
16
#555400
06
#555500
16
#555600
06
#555700
16
#555800
06
#555900
16
#556000
06
#556100
16
#556200
06
#556300
16
#556400
06
#556500
16
#556600
06
#556700
16
#556800
06
#556900
16
#557000
06
#557100
16
#557200
06
#557300
16
#557400
06
#557500
16
#557600
06
#557700
16
#557800
06
#557900
16
#558000
06
#558100
16
#558200
06
#558300
16
#558400
06
#558500
16
#558600
06
#558700
16
#558800
06
#558900
16
#559000
06
#559100
16
#559200
06
#559300
16
#559400
06
#559500
16
#559600
06
#559700
16
#559800
06
#559900
16
#560000
06
#560100
16
#560200
06
#560300
16
#560400
06
#560500
16
#560600
06
#560700
16
#560800
06
#560900
16
#561000
06
#561100
16
#561200
06
#561300
16
#561400
06
#561500
16
#561600
06
#561700
16
#561800
06
#561900
16
#562000
06
#562100
16
#562200
06
#562300
16
#562400
06
#562500
16
#562600
06
#562700
16
#562800
06
#562900
16
#563000
06
#563100
16
#563200
06
#563300
16
#563400
06
#563500
16
#563600
06
#563700
16
#563800
06
#563900
16
#564000
06
#564100
16
#564200
06
#564300
16
#564400
06
#564500
16
#564600
06
#564700
16
#564800
06
#564900
16
#565000
06
#565100
16
#565200
06
#565300
16
#565400
06
#565500
16
#565600
06
#565700
16
#565800
06
#565900
16
#566000
06
#566100
16
#566200
06
#566300
16
#566400
06
#566500
16
#566600
06
#566700
16
#566800
06
#566900
16
#567000
06
#567100
16
#567200
06
#567300
16
#567400
06
#567500
16
#567600
06
#567700
16
#567800
06
#567900
16
#568000
06
#568100
16
#568200
06
#568300
16
#568400
06
#568500
16
#568600
06
#568700
16
#568800
06
#568900
16
#569000
06
#569100
16
#569200
06
#569300
16
#569400
06
#569500
16
#569600
06
#569700
16
#569800
06
#569900
16
#570000
06
#570100
16
#570200
06
#570300
16
#570400
06
#570500
16
#570600
06
#570700
16
#570800
06
#570900
16
#571000
06
#571100
16
#571200
06
#571300
16
#571400
06
#571500
16
#571600
06
#571700
16
#571800
06
#571900
16
#572000
06
#572100
16
#572200
06
#572300
16
#572400
06
#572500
16
#572600
06
#572700
16
#572800
06
#572900
16
#573000
06
#573100
16
#573200
06
#573300
16
#573400
06
#573500
16
#573600
06
#573700
16
#573800
06
#573900
16
#574000
06
#574100
16
#574200
06
#574300
16
#574400
06
#574500
16
#574600
06
#574700
16
#574800
06
#574900
16
#575000
06
#575100
16
#575200
06
#575300
16
#575400
06
#575500
16
#575600
06
#575700
16
#575800
06
#575900
16
#576000
06
#576100
16
#576200
06
#576300
16
#576400
06
#576500
16
#576600
06
#576700
16
#576800
06
#576900
16
#577000
06
#577100
16
#577200
06
#577300
16
#577400
06
#577500
16
#577600
06
#577700
16
#577800
06
#577900
16
#578000
06
#578100
16
#578200
06
#578300
16
#578400
06
#578500
16
#578600
06
#578700
16
#578800
06
#578900
16
#579000
06
#579100
16
#579200
06
#579300
16
#579400
06
#579500
16
#579600
06
#579700
16
#579800
06
#579900
16
#580000
06
#580100
16
#580200
06
#580300
16
#580400
06
#580500
16
#580600
06
#580700
16
#580800
06
#580900
16
#581000
06
#581100
16
#581200
06
#581300
16
#581400
06
#581500
16
#581600
06
#581700
16
#581800
06
#581900
16
#582000
06
#582100
16
#582200
06
#582300
16
#582400
06
#582500
16
#582600
06
#582700
16
#582800
06
#582900
16
#583000
06
#583100
16
#583200
06
#583300
16
#583400
06
#583500
16
#583600
06
#583700
16
#583800
06
#583900
16
#584000
06
#584100
16
#584200
06
#584300
16
#584400
06
#584500
16
#584600
06
#584700
16
#584800
06
#584900
16
#585000
06
#585100
16
#585200
06
#585300
16
#585400
06
#585500
16
#585600
06
#585700
16
#585800
06
#585900
16
#586000
06
#586100
16
#586200
06
#586300
16
#586400
06
#586500
16
#586600
06
#586700
16
#586800
06
#586900
16
#587000
06
#587100
16
#587200
06
#587300
16
#587400
06
#587500
16
#587600
06
#587700
16
#587800
06
#587900
16
#588000
06
#588100
16
#588200
06
#588300
16
#588400
06
#588500
16
#588600
06
#588700
16
#588800
06
#588900
16
#589000
06
#589100
16
#589200
06
#589300
16
#589400
06
#589500
16
#589600
06
#589700
16
#589800
06
#589900
16
#590000
06
#590100
16
#590200
06
#590300
16
#590400
06
#590500
16
#590600
06
#590700
16
#590800
06
#590900
16
#591000
06
#591100
16
#591200
06
#591300
16
#591400
06
#591500
16
#591600
06
#591700
16
#591800
06
#591900
16
#592000
06
#592100
16
#592200
06
#592300
16
#592400
06
#592500
16
#592600
06
#592700
16
#592800
06
#592900
16
#593000
06
#593100
16
#593200
06
#593300
16
#593400
06
#593500
16
#593600
06
#593700
16
#593800
06
#593900
16
#594000
06
#594100
16
#594200
06
#594300
16
#594400
06
#594500
16
#594600
06
#594700
16
#594800
06
#594900
16
#595000
06
#595100
16
#595200
06
#595300
16
#595400
06
#595500
16
#595600
06
#595700
16
#595800
06
#595900
16
#596000
06
#596100
16
#596200
06
#596300
16
#596400
06
#596500
16
#596600
06
#596700
16
#596800
06
#596900
16
#597000
06
#597100
16
#597200
06
#597300
16
#597400
06
#597500
16
#597600
06
#597700
16
#597800
06
#597900
16
#598000
06
#598100
16
#598200
06
#598300
16
#598400
06
#598500
16
#598600
06
#598700
16
#598800
06
#598900
16
#599000
06
#599100
16
#599200
06
#599300
16
#599400
06
#599500
16
#599600
06
#599700
16
#599800
06
#599900
16
#600000
06
#600100
16
#600200
06
#600300
16
#600400
06
#600500
16
#600600
06
#600700
16
#600800
06
#600900
16
#601000
06
#601100
16
#601200
06
#601300
16
#601400
06
#601500
16
#601600
06
#601700
16
#601800
06
#601900
16
#602000
06
#602100
16
#602200
06
#602300
16
#602400
06
#602500
16
#602600
06
#602700
16
#602800
06
#602900
16
#603000
06
#603100
16
#603200
06
#603300
16
#603400
06
#603500
16
#603600
06
#603700
16
#603800
06
#603900
16
#604000
06
#604100
16
#604200
06
#604300
16
#604400
06
#604500
16
#604600
06
#604700
16
#604800
06
#604900
16
#605000
06
#605100
16
#605200
06
#605300
16
#605400
06
#605500
16
#605600
06
#605700
16
#605800
06
#605900
16
#606000
06
#606100
16
#606200
06
#606300
16
#606400
06
#606500
16
#606600
06
#606700
16
#606800
06
#606900
16
#607000
06
#607100
16
#607200
06
#607300
16
#607400
06
#607500
16
#607600
06
#607700
16
#607800
06
#607900
16
#608000
06
#608100
16
#608200
06
#608300
16
#608400
06
#608500
16
#608600
06
#608700
16
#608800
06
#608900
16
#609000
06
#609100
16
#609200
06
#609300
16
#609400
06
#609500
16
#609600
06
#609700
16
#609800
06
#609900
16
#610000
06
#610100
16
#610200
06
#610300
16
#610400
06
#610500
16
#610600
06
#610700
16
#610800
06
#610900
16
#611000
06
#611100
16
#611200
06
#611300
16
#611400
06
#611500
16
#611600
06
#611700
16
#611800
06
#611900
16
#612000
06
#612100
16
#612200
06
#612300
16
#612400
06
#612500
16
#612600
06
#612700
16
#612800
06
#612900
16
#613000
06
#613100
16
#613200
06
#613300
16
#613400
06
#613500
16
#613600
06
#613700
16
#613800
06
#613900
16
#614000
06
#614100
16
#614200
06
#614300
16
#614400
06
#614500
16
#614600
06
#614700
16
#614800
06
#614900
16
#615000
06
#615100
16
#615200
06
#615300
16
#615400
06
#615500
16
#615600
06
#615700
16
#615800
06
#615900
16
#616000
06
#616100
16
#616200
06
#616300
16
#616400
06
#616500
16
#616600
06
#616700
16
#616800
06
#616900
16
#617000
06
#617100
16
#617200
06
#617300
16
#617400
06
#617500
16
#617600
06
#617700
16
#617800
06
#617900
16
#618000
06
#618100
16
#618200
06
#618300
16
#618400
06
#618500
16
#618600
06
#618700
16
#618800
06
#618900
16
#619000
06
#619100
16
#619200
06
#619300
16
#619400
06
#619500
16
#619600
06
#619700
16
#619800
06
#619900
16
#620000
06
#620100
16
#620200
06
#620300
16
#620400
06
#620500
16
#620600
06
#620700
16
#620800
06
#620900
16
#621000
06
#621100
16
#621200
06
#621300
16
#621400
06
#621500
16
#621600
06
#621700
16
#621800
06
#621900
16
#622000
06
#622100
16
#622200
06
#622300
16
#622400
06
#622500
16
#622600
06
#622700
16
#622800
06
#622900
16
#623000
06
#623100
16
#623200
06
#623300
16
#623400
06
#623500
16
#623600
06
#623700
16
#623800
06
#623900
16
#624000
06
#624100
16
#624200
06
#624300
16
#624400
06
#624500
16
#624600
06
#624700
16
#624800
06
#624900
16
#625000
06
#625100
16
#625200
06
#625300
16
#625400
06
#625500
16
#625600
06
#625700
16
#625800
06
#625900
16
#626000
06
#626100
16
#626200
06
#626300
16
#626400
06
#626500
16
#626600
06
#626700
16
#626800
06
#626900
16
#627000
06
#627100
16
#627200
06
#627300
16
#627400
06
#627500
16
#627600
06
#627700
16
#627800
06
#627900
16
#628000
06
#628100
16
#628200
06
#628300
16
#628400
06
#628500
16
#628600
06
#628700
16
#628800
06
#628900
16
#629000
06
#629100
16
#629200
06
#629300
16
#629400
06
#629500
16
#629600
06
#629700
16
#629800
06
#629900
16
#630000
06
#630100
16
#630200
06
#630300
16
#630400
06
#630500
16
#630600
06
#630700
16
#630800
06
#630900
16
#631000
06
#631100
16
#631200
06
#631300
16
#631400
06
#631500
16
#631600
06
#631700
16
#631800
06
#631900
16
#632000
06
#632100
16
#632200
06
#632300
16
#632400
06
#632500
16
#632600
06
#632700
16
#632800
06
#632900
16
#633000
06
#633100
16
#633200
06
#633300
16
#633400
06
#633500
16
#633600
06
#633700
16
#633800
06
#633900
16
#634000
06
#634100
16
#634200
06
#634300
16
#634400
06
#634500
16
#634600
06
#634700
16
#634800
06
#634900
16
#635000
06
#635100
16
#635200
06
#635300
16
#635400
06
#635500
16
#635600
06
#635700
16
#635800
06
#635900
16
#636000
06
#636100
16
#636200
06
#636300
16
#636400
06
#636500
16
#636600
06
#636700
16
#636800
06
#636900
16
#637000
06
#637100
16
#637200
06
#637300
16
#637400
06
#637500
16
#637600
06
#637700
16
#637800
06
#637900
16
#638000
06
#638100
16
#638200
06
#638300
16
#638400
06
#638500
16
#638600
06
#638700
16
#638800
06
#638900
16
#639000
06
#639100
16
#639200
06
#639300
16
#639400
06
#639500
16
#639600
06
#639700
16
#639800
06
#639900
16
#640000
06
#640100
16
#640200
06
#640300
16
#640400
06
#640500
16
#640600
06
#640700
16
#640800
06
#640900
16
#641000
06
#641100
16
#641200
06
#641300
16
#641400
06
#641500
16
#641600
06
#641700
16
#641800
06
#641900
16
#642000
06
#642100
16
#642200
06
#642300
16
#642400
06
#642500
16
#642600
06
#642700
16
#642800
06
#642900
16
#643000
06
#643100
16
#643200
06
#643300
16
#643400
06
#643500
16
#643600
06
#643700
16
#643800
06
#643900
16
#644000
06
#644100
16
#644200
06
#644300
16
#644400
06
#644500
16
#644600
06
#644700
16
#644800
06
#644900
16
#645000
06
#645100
16
#645200
06
#645300
16
#645400
06
#645500
16
#645600
06
#645700
16
#645800
06
#645900
16
#646000
06
#646100
16
#646200
06
#646300
16
#646400
06
#646500
16
#646600
06
#646700
16
#646800
06
#646900
16
#647000
06
#647100
16
#647200
06
#647300
16
#647400
06
#647500
16
#647600
06
#647700
16
#647800
06
#647900
16
#648000
06
#648100
16
#648200
06
#648300
16
#648400
06
#648500
16
#648600
06
#648700
16
#648800
06
#648900
16
#649000
06
#649100
16
#649200
06
#649300
16
#649400
06
#649500
16
#649600
06
#649700
16
#649800
06
#649900
16
#650000
06
#650100
16
#650200
06
#650300
16
#650400
06
#650500
16
#650600
06
#650700
16
#650800
06
#650900
16
#651000
06
#651100
16
#651200
06
#651300
16
#651400
06
#651500
16
#651600
06
#651700
16
#651800
06
#651900
16
#652000
06
#652100
16
#652200
06
#652300
16
#652400
06
#652500
16
#652600
06
#652700
16
#652800
06
#652900
16
#653000
06
#653100
16
#653200
06
#653300
16
#653400
06
#653500
16
#653600
06
#653700
16
#653800
06
#653900
16
#654000
06
#654100
16
#654200
06
#654300
16
#654400
06
#654500
16
#654600
06
#654700
16
#654800
06
#654900
16
#655000
06
#655100
16
#655200
06
#655300
16
#655400
06
#655500
16
#655600
06
#655700
16
#655800
06
#655900
16
#656000
06
#656100
16
#656200
06
#656300
16
#656400
06
#656500
16
#656600
06
#656700
16
#656800
06
#656900
16
#657000
06
#657100
16
#657200
06
#657300
16
#657400
06
#657500
16
#657600
06
#657700
16
#657800
06
#657900
16
#658000
06
#658100
16
#658200
06
#658300
16
#658400
06
#658500
16
#658600
06
#658700
16
#658800
06
#658900
16
#659000
06
#659100
16
#659200
06
#659300
16
#659400
06
#659500
16
#659600
06
#659700
16
#659800
06
#659900
16
#660000
06
#660100
16
#660200
06
#660300
16
#660400
06
#660500
16
#660600
06
#660700
16
#660800
06
#660900
16
#661000
06
#661100
16
#661200
06
#661300
16
#661400
06
#661500
16
#661600
06
#661700
16
#661800
06
#661900
16
#662000
06
#662100
16
#662200
06
#662300
16
#662400
06
#662500
16
#662600
06
#662700
16
#662800
06
#662900
16
#663000
06
#663100
16
#663200
06
#663300
16
#663400
06
#663500
16
#663600
06
#663700
16
#663800
06
#663900
16
#664000
06
#664100
16
#664200
06
#664300
16
#664400
06
#664500
16
#664600
06
#664700
16
#664800
06
#664900
16
#665000
06
#665100
16
#665200
06
#665300
16
#665400
06
#665500
16
#665600
06
#665700
16
#665800
06
#665900
16
#666000
06
#666100
16
#666200
06
#666300
16
#666400
06
#666500
16
#666600
06
#666700
16
#666800
06
#666900
16
#667000
06
#667100
16
#667200
06
#667300
16
#667400
06
#667500
16
#667600
06
#667700
16
#667800
06
#667900
16
#668000
06
#668100
16
#668200
06
#668300
16
#668400
06
#668500
16
#668600
06
#668700
16
#668800
06
#668900
16
#669000
06
#669100
16
#669200
06
#669300
16
#669400
06
#669500
16
#669600
06
#669700
16
#669800
06
#669900
16
#670000
06
#670100
16
#670200
06
#670300
16
#670400
06
#670500
16
#670600
06
#670700
16
#670800
06
#670900
16
#671000
06
#671100
16
#671200
06
#671300
16
#671400
06
#671500
16
#671600
06
#671700
16
#671800
06
#671900
16
#672000
06
#672100
16
#672200
06
#672300
16
#672400
06
#672500
16
#672600
06
#672700
16
#672800
06
#672900
16
#673000
06
#673100
16
#673200
06
#673300
16
#673400
06
#673500
16
#673600
06
#673700
16
#673800
06
#673900
16
#674000
06
#674100
16
#674200
06
#674300
16
#674400
06
#674500
16
#674600
06
#674700
16
#674800
06
#674900
16
#675000
06
#675100
16
#675200
06
#675300
16
#675400
06
#675500
16
#675600
06
#675700
16
#675800
06
#675900
16
#676000
06
#676100
16
#676200
06
#676300
16
#676400
06
#676500
16
#676600
06
#676700
16
#676800
06
#676900
16
#677000
06
#677100
16
#677200
06
#677300
16
#677400
06
#677500
16
#677600
06
#677700
16
#677800
06
#677900
16
#678000
06
#678100
16
#678200
06
#678300
16
#678400
06
#678500
16
#678600
06
#678700
16
#678800
06
#678900
16
#679000
06
#679100
16
#679200
06
#679300
16
#679400
06
#679500
16
#679600
06
#679700
16
#679800
06
#679900
16
#680000
06
#680100
16
#680200
06
#680300
16
#680400
06
#680500
16
#680600
06
#680700
16
#680800
06
#680900
16
#681000
06
#681100
16
#681200
06
#681300
16
#681400
06
#681500
16
#681600
06
#681700
16
#681800
06
#681900
16
#682000
06
#682100
16
#682200
06
#682300
16
#682400
06
#682500
16
#682600
06
#682700
16
#682800
06
#682900
16
#683000
06
#683100
16
#683200
06
#683300
16
#683400
06
#683500
16
#683600
06
#683700
16
#683800
06
#683900
16
#684000
06
#684100
16
#684200
06
#684300
16
#684400
06
#684500
16
#684600
06
#684700
16
#684800
06
#684900
16
#685000
06
#685100
16
#685200
06
#685300
16
#685400
06
#685500
16
#685600
06
#685700
16
#685800
06
#685900
16
#686000
06
#686100
16
#686200
06
#686300
16
#686400
06
#686500
16
#686600
06
#686700
16
#686800
06
#686900
16
#687000
06
#687100
16
#687200
06
#687300
16
#687400
06
#687500
16
#687600
06
#687700
16
#687800
06
#687900
16
#688000
06
#688100
16
#688200
06
#688300
16
#688400
06
#688500
16
#688600
06
#688700
16
#688800
06
#688900
16
#689000
06
#689100
16
#689200
06
#689300
16
#689400
06
#689500
16
#689600
06
#689700
16
#689800
06
#689900
16
#690000
06
#690100
16
#690200
06
#690300
16
#690400
06
#690500
16
#690600
06
#690700
16
#690800
06
#690900
16
#691000
06
#691100
16
#691200
06
#691300
16
#691400
06
#691500
16
#691600
06
#691700
16
#691800
06
#691900
16
#692000
06
#692100
16
#692200
06
#692300
16
#692400
06
#692500
16
#692600
06
#692700
16
#692800
06
#692900
16
#693000
06
#693100
16
#693200
06
#693300
16
#693400
06
#693500
16
#693600
06
#693700
16
#693800
06
#693900
16
#694000
06
#694100
16
#694200
06
#694300
16
#694400
06
#694500
16
#694600
06
#694700
16
#694800
06
#694900
16
#695000
06
#695100
16
#695200
06
#695300
16
#695400
06
#695500
16
#695600
06
#695700
16
#695800
06
#695900
16
#696000
06
#696100
16
#696200
06
#696300
16
#696400
06
#696500
16
#696600
06
#696700
16
#696800
06
#696900
16
#697000
06
#697100
16
#697200
06
#697300
16
#697400
06
#697500
16
#697600
06
#697700
16
#697800
06
#697900
16
#698000
06
#698100
16
#698200
06
#698300
16
#698400
06
#698500
16
#698600
06
#698700
16
#698800
06
#698900
16
#699000
06
#699100
16
#699200
06
#699300
16
#699400
06
#699500
16
#699600
06
#699700
16
#699800
06
#699900
16
#700000
06
#700100
16
#700200
06
#700300
16
#700400
06
#700500
16
#700600
06
#700700
16
#700800
06
#700900
16
#701000
06
#701100
16
#701200
06
#701300
16
#701400
06
#701500
16
#701600
06
#701700
16
#701800
06
#701900
16
#702000
06
#702100
16
#702200
06
#702300
16
#702400
06
#702500
16
#702600
06
#702700
16
#702800
06
#702900
16
#703000
06
#703100
16
#703200
06
#703300
16
#703400
06
#703500
16
#703600
06
#703700
16
#703800
06
#703900
16
#704000
06
#704100
16
#704200
06
#704300
16
#704400
06
#704500
16
#704600
06
#704700
16
#704800
06
#704900
16
#705000
06
#705100
16
#705200
06
#705300
16
#705400
06
#705500
16
#705600
06
#705700
16
#705800
06
#705900
16
#706000
06
#706100
16
#706200
06
#706300
16
#706400
06
#706500
16
#706600
06
#706700
16
#706800
06
#706900
16
#707000
06
#707100
16
#707200
06
#707300
16
#707400
06
#707500
16
#707600
06
#707700
16
#707800
06
#707900
16
#708000
06
#708100
16
#708200
06
#708300
16
#708400
06
#708500
16
#708600
06
#708700
16
#708800
06
#708900
16
#709000
06
#709100
16
#709200
06
#709300
16
#709400
06
#709500
16
#709600
06
#709700
16
#709800
06
#709900
16
#710000
06
#710100
16
#710200
06
#710300
16
#710400
06
#710500
16
#710600
06
#710700
16
#710800
06
#710900
16
#711000
06
#711100
16
#711200
06
#711300
16
#711400
06
#711500
16
#711600
06
#711700
16
#711800
06
#711900
16
#712000
06
#712100
16
#712200
06
#712300
16
#712400
06
#712500
16
#712600
06
#712700
16
#712800
06
#712900
16
#713000
06
#713100
16
#713200
06
#713300
16
#713400
06
#713500
16
#713600
06
#713700
16
#713800
06
#713900
16
#714000
06
#714100
16
#714200
06
#714300
16
#714400
06
#714500
16
#714600
06
#714700
16
#714800
06
#714900
16
#715000
06
#715100
16
#715200
06
#715300
16
#715400
06
#715500
16
#715600
06
#715700
16
#715800
06
#715900
16
#716000
06
#716100
16
#716200
06
#716300
16
#716400
06
#716500
16
#716600
06
#716700
16
#716800
06
#716900
16
#717000
06
#717100
16
#717200
06
#717300
16
#717400
06
#717500
16
#717600
06
#717700
16
#717800
06
#717900
16
#718000
06
#718100
16
#718200
06
#718300
16
#718400
06
#718500
16
#718600
06
#718700
16
#718800
06
#718900
16
#719000
06
#719100
16
#719200
06
#719300
16
#719400
06
#719500
16
#719600
06
#719700
16
#719800
06
#719900
16
#720000
06
#720100
16
#720200
06
#720300
16
#720400
06
#720500
16
#720600
06
#720700
16
#720800
06
#720900
16
#721000
06
#721100
16
#721200
06
#721300
16
#721400
06
#721500
16
#721600
06
#721700
16
#721800
06
#721900
16
#722000
06
#722100
16
#722200
06
#722300
16
#722400
06
#722500
16
#722600
06
#722700
16
#722800
06
#722900
16
#723000
06
#723100
16
#723200
06
#723300
16
#723400
06
#723500
16
#723600
06
#723700
16
#723800
06
#723900
16
#724000
06
#724100
16
#724200
06
#724300
16
#724400
06
#724500
16
#724600
06
#724700
16
#724800
06
#724900
16
#725000
06
#725100
16
#725200
06
#725300
16
#725400
06
#725500
16
#725600
06
#725700
16
#725800
06
#725900
16
#726000
06
#726100
16
#726200
06
#726300
16
#726400
06
#726500
16
#726600
06
#726700
16
#726800
06
#726900
16
#727000
06
#727100
16
#727200
06
#727300
16
#727400
06
#727500
16
#727600
06
#727700
16
#727800
06
#727900
16
#728000
06
#728100
16
#728200
06
#728300
16
#728400
06
#728500
16
#728600
06
#728700
16
#728800
06
#728900
16
#729000
06
#729100
16
#729200
06
#729300
16
#729400
06
#729500
16
#729600
06
#729700
16
#729800
06
#729900
16
#730000
06
#730100
16
#730200
06
#730300
16
#730400
06
#730500
16
#730600
06
#730700
16
#730800
06
#730900
16
#731000
06
#731100
16
#731200
06
#731300
16
#731400
06
#731500
16
#731600
06
#731700
16
#731800
06
#731900
16
#732000
06
#732100
16
#732200
06
#732300
16
#732400
06
#732500
16
#732600
06
#732700
16
#732800
06
#732900
16
#733000
06
#733100
16
#733200
06
#733300
16
#733400
06
#733500
16
#733600
06
#733700
16
#733800
06
#733900
16
#734000
06
#734100
16
#734200
06
#734300
16
#734400
06
#734500
16
#734600
06
#734700
16
#734800
06
#734900
16
#735000
06
#735100
16
#735200
06
#735300
16
#735400
06
#735500
16
#735600
06
#735700
16
#735800
06
#735900
16
#736000
06
#736100
16
#736200
06
#736300
16
#736400
06
#736500
16
#736600
06
#736700
16
#736800
06
#736900
16
#737000
06
#737100
16
#737200
06
#737300
16
#737400
06
#737500
16
#737600
06
#737700
16
#737800
06
#737900
16
#738000
06
#738100
16
#738200
06
#738300
16
#738400
06
#738500
16
#738600
06
#738700
16
#738800
06
#738900
16
#739000
06
#739100
16
#739200
06
#739300
16
#739400
06
#739500
16
#739600
06
#739700
16
#739800
06
#739900
16
#740000
06
#740100
16
#740200
06
#740300
16
#740400
06
#740500
16
#740600
06
#740700
16
#740800
06
#740900
16
#741000
06
#741100
16
#741200
06
#741300
16
#741400
06
#741500
16
#741600
06
#741700
16
#741800
06
#741900
16
#742000
06
#742100
16
#742200
06
#742300
16
#742400
06
#742500
16
#742600
06
#742700
16
#742800
06
#742900
16
#743000
06
#743100
16
#743200
06
#743300
16
#743400
06
#743500
16
#743600
06
#743700
16
#743800
06
#743900
16
#744000
06
#744100
16
#744200
06
#744300
16
#744400
06
#744500
16
#744600
06
#744700
16
#744800
06
#744900
16
#745000
06
#745100
16
#745200
06
#745300
16
#745400
06
#745500
16
#745600
06
#745700
16
#745800
06
#745900
16
#746000
06
#746100
16
#746200
06
#746300
16
#746400
06
#746500
16
#746600
06
#746700
16
#746800
06
#746900
16
#747000
06
#747100
16
#747200
06
#747300
16
#747400
06
#747500
16
#747600
06
#747700
16
#747800
06
#747900
16
#748000
06
#748100
16
#748200
06
#748300
16
#748400
06
#748500
16
#748600
06
#748700
16
#748800
06
#748900
16
#749000
06
#749100
16
#749200
06
#749300
16
#749400
06
#749500
16
#749600
06
#749700
16
#749800
06
#749900
16
#750000
06
#750100
16
#750200
06
#750300
16
#750400
06
#750500
16
#750600
06
#750700
16
#750800
06
#750900
16
#751000
06
#751100
16
#751200
06
#751300
16
#751400
06
#751500
16
#751600
06
#751700
16
#751800
06
#751900
16
#752000
06
#752100
16
#752200
06
#752300
16
#752400
06
#752500
16
#752600
06
#752700
16
#752800
06
#752900
16
#753000
06
#753100
16
#753200
06
#753300
16
#753400
06
#753500
16
#753600
06
#753700
16
#753800
06
#753900
16
#754000
06
#754100
16
#754200
06
#754300
16
#754400
06
#754500
16
#754600
06
#754700
16
#754800
06
#754900
16
#755000
06
#755100
16
#755200
06
#755300
16
#755400
06
#755500
16
#755600
06
#755700
16
#755800
06
#755900
16
#756000
06
#756100
16
#756200
06
#756300
16
#756400
06
#756500
16
#756600
06
#756700
16
#756800
06
#756900
16
#757000
06
#757100
16
#757200
06
#757300
16
#757400
06
#757500
16
#757600
06
#757700
16
#757800
06
#757900
16
#758000
06
#758100
16
#758200
06
#758300
16
#758400
06
#758500
16
#758600
06
#758700
16
#758800
06
#758900
16
#759000
06
#759100
16
#759200
06
#759300
16
#759400
06
#759500
16
#759600
06
#759700
16
#759800
06
#759900
16
#760000
06
#760100
16
#760200
06
#760300
16
#760400
06
#760500
16
#760600
06
#760700
16
#760800
06
#760900
16
#761000
06
#761100
16
#761200
06
#761300
16
#761400
06
#761500
16
#761600
06
#761700
16
#761800
06
#761900
16
#762000
06
#762100
16
#762200
06
#762300
16
#762400
06
#762500
16
#762600
06
#762700
16
#762800
06
#762900
16
#763000
06
#763100
16
#763200
06
#763300
16
#763400
06
#763500
16
#763600
06
#763700
16
#763800
06
#763900
16
#764000
06
#764100
16
#764200
06
#764300
16
#764400
06
#764500
16
#764600
06
#764700
16
#764800
06
#764900
16
#765000
06
#765100
16
#765200
06
#765300
16
#765400
06
#765500
16
#765600
06
#765700
16
#765800
06
#765900
16
#766000
06
#766100
16
#766200
06
#766300
16
#766400
06
#766500
16
#766600
06
#766700
16
#766800
06
#766900
16
#767000
06
#767100
16
#767200
06
#767300
16
#767400
06
#767500
16
#767600
06
#767700
16
#767800
06
#767900
16
#768000
06
#768100
16
#768200
06
#768300
16
#768400
06
#768500
16
#768600
06
#768700
16
#768800
06
#768900
16
#769000
06
#769100
16
#769200
06
#769300
16
#769400
06
#769500
16
#769600
06
#769700
16
#769800
06
#769900
16
#770000
06
#770100
16
#770200
06
#770300
16
#770400
06
#770500
16
#770600
06
#770700
16
#770800
06
#770900
16
#771000
06
#771100
16
#771200
06
#771300
16
#771400
06
#771500
16
#771600
06
#771700
16
#771800
06
#771900
16
#772000
06
#772100
16
#772200
06
#772300
16
#772400
06
#772500
16
#772600
06
#772700
16
#772800
06
#772900
16
#773000
06
#773100
16
#773200
06
#773300
16
#773400
06
#773500
16
#773600
06
#773700
16
#773800
06
#773900
16
#774000
06
#774100
16
#774200
06
#774300
16
#774400
06
#774500
16
#774600
06
#774700
16
#774800
06
#774900
16
#775000
06
#775100
16
#775200
06
#775300
16
#775400
06
#775500
16
#775600
06
#775700
16
#775800
06
#775900
16
#776000
06
#776100
16
#776200
06
#776300
16
#776400
06
#776500
16
#776600
06
#776700
16
#776800
06
#776900
16
#777000
06
#777100
16
#777200
06
#777300
16
#777400
06
#777500
16
#777600
06
#777700
16
#777800
06
#777900
16
#778000
06
#778100
16
#778200
06
#778300
16
#778400
06
#778500
16
#778600
06
#778700
16
#778800
06
#778900
16
#779000
06
#779100
16
#779200
06
#779300
16
#779400
06
#779500
16
#779600
06
#779700
16
#779800
06
#779900
16
#780000
06
#780100
16
#780200
06
#780300
16
#780400
06
#780500
16
#780600
06
#780700
16
#780800
06
#780900
16
#781000
06
#781100
16
#781200
06
#781300
16
#781400
06
#781500
16
#781600
06
#781700
16
#781800
06
#781900
16
#782000
06
#782100
16
#782200
06
#782300
16
#782400
06
#782500
16
#782600
06
#782700
16
#782800
06
#782900
16
#783000
06
#783100
16
#783200
06
#783300
16
#783400
06
#783500
16
#783600
06
#783700
16
#783800
06
#783900
16
#784000
06
#784100
16
#784200
06
#784300
16
#784400
06
#784500
16
#784600
06
#784700
16
#784800
06
#784900
16
#785000
06
#785100
16
#785200
06
#785300
16
#785400
06
#785500
16
#785600
06
#785700
16
#785800
06
#785900
16
#786000
06
#786100
16
#786200
06
#786300
16
#786400
06
#786500
16
#786600
06
#786700
16
#786800
06
#786900
16
#787000
06
#787100
16
#787200
06
#787300
16
#787400
06
#787500
16
#787600
06
#787700
16
#787800
06
#787900
16
#788000
06
#788100
16
#788200
06
#788300
16
#788400
06
#788500
16
#788600
06
#788700
16
#788800
06
#788900
16
#789000
06
#789100
16
#789200
06
#789300
16
#789400
06
#789500
16
#789600
06
#789700
16
#789800
06
#789900
16
#790000
06
#790100
16
#790200
06
#790300
16
#790400
06
#790500
16
#790600
06
#790700
16
#790800
06
#790900
16
#791000
06
#791100
16
#791200
06
#791300
16
#791400
06
#791500
16
#791600
06
#791700
16
#791800
06
#791900
16
#792000
06
#792100
16
#792200
06
#792300
16
#792400
06
#792500
16
#792600
06
#792700
16
#792800
06
#792900
16
#793000
06
#793100
16
#793200
06
#793300
16
#793400
06
#793500
16
#793600
06
#793700
16
#793800
06
#793900
16
#794000
06
#794100
16
#794200
06
#794300
16
#794400
06
#794500
16
#794600
06
#794700
16
#794800
06
#794900
16
#795000
06
#795100
16
#795200
06
#795300
16
#795400
06
#795500
16
#795600
06
#795700
16
#795800
06
#795900
16
#796000
06
#796100
16
#796200
06
#796300
16
#796400
06
#796500
16
#796600
06
#796700
16
#796800
06
#796900
16
#797000
06
#797100
16
#797200
06
#797300
16
#797400
06
#797500
16
#797600
06
#797700
16
#797800
06
#797900
16
#798000
06
#798100
16
#798200
06
#798300
16
#798400
06
#798500
16
#798600
06
#798700
16
#798800
06
#798900
16
#799000
06
#799100
16
#799200
06
#799300
16
#799400
06
#799500
16
#799600
06
#799700
16
#799800
06
#799900
16
#800000
06
#800100
16
#800200
06
#800300
16
#800400
06
#800500
16
#800600
06
#800700
16
#800800
06
#800900
16
#801000
06
#801100
16
#801200
06
#801300
16
#801400
06
#801500
16
#801600
06
#801700
16
#801800
06
#801900
16
#802000
06
#802100
16
#802200
06
#802300
16
#802400
06
#802500
16
#802600
06
#802700
16
#802800
06
#802900
16
#803000
06
#803100
16
#803200
06
#803300
16
#803400
06
#803500
16
#803600
06
#803700
16
#803800
06
#803900
16
#804000
06
#804100
16
#804200
06
#804300
16
#804400
06
#804500
16
#804600
06
#804700
16
#804800
06
#804900
16
#805000
06
#805100
16
#805200
06
#805300
16
#805400
06
#805500
16
#805600
06
#805700
16
#805800
06
#805900
16
#806000
06
#806100
16
#806200
06
#806300
16
#806400
06
#806500
16
#806600
06
#806700
16
#806800
06
#806900
16
#807000
06
#807100
16
#807200
06
#807300
16
#807400
06
#807500
16
#807600
06
#807700
16
#807800
06
#807900
16
#808000
06
#808100
16
#808200
06
#808300
16
#808400
06
#808500
16
#808600
06
#808700
16
#808800
06
#808900
16
#809000
06
#809100
16
#809200
06
#809300
16
#809400
06
#809500
16
#809600
06
#809700
16
#809800
06
#809900
16
#810000
06
#810100
16
#810200
06
#810300
16
#810400
06
#810500
16
#810600
06
#810700
16
#810800
06
#810900
16
#811000
06
#811100
16
#811200
06
#811300
16
#811400
06
#811500
16
#811600
06
#811700
16
#811800
06
#811900
16
#812000
06
#812100
16
#812200
06
#812300
16
#812400
06
#812500
16
#812600
06
#812700
16
#812800
06
#812900
16
#813000
06
#813100
16
#813200
06
#813300
16
#813400
06
#813500
16
#813600
06
#813700
16
#813800
06
#813900
16
#814000
06
#814100
16
#814200
06
#814300
16
#814400
06
#814500
16
#814600
06
#814700
16
#814800
06
#814900
16
#815000
06
#815100
16
#815200
06
#815300
16
#815400
06
#815500
16
#815600
06
#815700
16
#815800
06
#815900
16
#816000
06
#816100
16
#816200
06
#816300
16
#816400
06
#816500
16
#816600
06
#816700
16
#816800
06
#816900
16
#817000
06
#817100
16
#817200
06
#817300
16
#817400
06
#817500
16
#817600
06
#817700
16
#817800
06
#817900
16
#818000
06
#818100
16
#818200
06
#818300
16
#818400
06
#818500
16
#818600
06
#818700
16
#818800
06
#818900
16
#819000
06
#819100
16
#819200
06
#819300
16
#819400
06
#819500
16
#819600
06
#819700
16
#819800
06
#819900
16
#820000
06
#820100
16
#820200
06
#820300
16
#820400
06
#820500
16
#820600
06
#820700
16
#820800
06
#820900
16
#821000
06
#821100
16
#821200
06
#821300
16
#821400
06
#821500
16
#821600
06
#821700
16
#821800
06
#821900
16
#822000
06
#822100
16
#822200
06
#822300
16
#822400
06
#822500
16
#822600
06
#822700
16
#822800
06
#822900
16
#823000
06
#823100
16
#823200
06
#823300
16
#823400
06
#823500
16
#823600
06
#823700
16
#823800
06
#823900
16
#824000
06
#824100
16
#824200
06
#824300
16
#824400
06
#824500
16
#824600
06
#824700
16
#824800
06
#824900
16
#825000
06
#825100
16
#825200
06
#825300
16
#825400
06
#825500
16
#825600
06
#825700
16
#825800
06
#825900
16
#826000
06
#826100
16
#826200
06
#826300
16
#826400
06
#826500
16
#826600
06
#826700
16
#826800
06
#826900
16
#827000
06
#827100
16
#827200
06
#827300
16
#827400
06
#827500
16
#827600
06
#827700
16
#827800
06
#827900
16
#828000
06
#828100
16
#828200
06
#828300
16
#828400
06
#828500
16
#828600
06
#828700
16
#828800
06
#828900
16
#829000
06
#829100
16
#829200
06
#829300
16
#829400
06
#829500
16
#829600
06
#829700
16
#829800
06
#829900
16
#830000
06
#830100
16
#830200
06
#830300
16
#830400
06
#830500
16
#830600
06
#830700
16
#830800
06
#830900
16
#831000
06
#831100
16
#831200
06
#831300
16
#831400
06
#831500
16
#831600
06
#831700
16
#831800
06
#831900
16
#832000
06
#832100
16
#832200
06
#832300
16
#832400
06
#832500
16
#832600
06
#832700
16
#832800
06
#832900
16
#833000
06
#833100
16
#833200
06
#833300
16
#833400
06
#833500
16
#833600
06
#833700
16
#833800
06
#833900
16
#834000
06
#834100
16
#834200
06
#834300
16
#834400
06
#834500
16
#834600
06
#834700
16
#834800
06
#834900
16
#835000
06
#835100
16
#835200
06
#835300
16
#835400
06
#835500
16
#835600
06
#835700
16
#835800
06
#835900
16
#836000
06
#836100
16
#836200
06
#836300
16
#836400
06
#836500
16
#836600
06
#836700
16
#836800
06
#836900
16
#837000
06
#837100
16
#837200
06
#837300
16
#837400
06
#837500
16
#837600
06
#837700
16
#837800
06
#837900
16
#838000
06
#838100
16
#838200
06
#838300
16
#838400
06
#838500
16
#838600
06
#838700
16
#838800
06
#838900
16
#839000
06
#839100
16
#839200
06
#839300
16
#839400
06
#839500
16
#839600
06
#839700
16
#839800
06
#839900
16
#840000
06
#840100
16
#840200
06
#840300
16
#840400
06
#840500
16
#840600
06
#840700
16
#840800
06
#840900
16
#841000
06
#841100
16
#841200
06
#841300
16
#841400
06
#841500
16
#841600
06
#841700
16
#841800
06
#841900
16
#842000
06
#842100
16
#842200
06
#842300
16
#842400
06
#842500
16
#842600
06
#842700
16
#842800
06
#842900
16
#843000
06
#843100
16
#843200
06
#843300
16
#843400
06
#843500
16
#843600
06
#843700
16
#843800
06
#843900
16
#844000
06
#844100
16
#844200
06
#844300
16
#844400
06
#844500
16
#844600
06
#844700
16
#844800
06
#844900
16
#845000
06
#845100
16
#845200
06
#845300
16
#845400
06
#845500
16
#845600
06
#845700
16
#845800
06
#845900
16
#846000
06
#846100
16
#846200
06
#846300
16
#846400
06
#846500
16
#846600
06
#846700
16
#846800
06
#846900
16
#847000
06
#847100
16
#847200
06
#847300
16
#847400
06
#847500
16
#847600
06
#847700
16
#847800
06
#847900
16
#848000
06
#848100
16
#848200
06
#848300
16
#848400
06
#848500
16
#848600
06
#848700
16
#848800
06
#848900
16
#849000
06
#849100
16
#849200
06
#849300
16
#849400
06
#849500
16
#849600
06
#849700
16
#849800
06
#849900
16
#850000
06
#850100
16
#850200
06
#850300
16
#850400
06
#850500
16
#850600
06
#850700
16
#850800
06
#850900
16
#851000
06
#851100
16
#851200
06
#851300
16
#851400
06
#851500
16
#851600
06
#851700
16
#851800
06
#851900
16
#852000
06
#852100
16
#852200
06
#852300
16
#852400
06
#852500
16
#852600
06
#852700
16
#852800
06
#852900
16
#853000
06
#853100
16
#853200
06
#853300
16
#853400
06
#853500
16
#853600
06
#853700
16
#853800
06
#853900
16
#854000
06
#854100
16
#854200
06
#854300
16
#854400
06
#854500
16
#854600
06
#854700
16
#854800
06
#854900
16
#855000
06
#855100
16
#855200
06
#855300
16
#855400
06
#855500
16
#855600
06
#855700
16
#855800
06
#855900
16
#856000
06
#856100
16
#856200
06
#856300
16
#856400
06
#856500
16
#856600
06
#856700
16
#856800
06
#856900
16
#857000
06
#857100
16
#857200
06
#857300
16
#857400
06
#857500
16
#857600
06
#857700
16
#857800
06
#857900
16
#858000
06
#858100
16
#858200
06
#858300
16
#858400
06
#858500
16
#858600
06
#858700
16
#858800
06
#858900
16
#859000
06
#859100
16
#859200
06
#859300
16
#859400
06
#859500
16
#859600
06
#859700
16
#859800
06
#859900
16
#860000
06
#860100
16
#860200
06
#860300
16
#860400
06
#860500
16
#860600
06
#860700
16
#860800
06
#860900
16
#861000
06
#861100
16
#861200
06
#861300
16
#861400
06
#861500
16
#861600
06
#861700
16
#861800
06
#861900
16
#862000
06
#862100
16
#862200
06
#862300
16
#862400
06
#862500
16
#862600
06
#862700
16
#862800
06
#862900
16
#863000
06
#863100
16
#863200
06
#863300
16
#863400
06
#863500
16
#863600
06
#863700
16
#863800
06
#863900
16
#864000
06
#864100
16
#864200
06
#864300
16
#864400
06
#864500
16
#864600
06
#864700
16
#864800
06
#864900
16
#865000
06
#865100
16
#865200
06
#865300
16
#865400
06
#865500
16
#865600
06
#865700
16
#865800
06
#865900
16
#866000
06
#866100
16
#866200
06
#866300
16
#866400
06
#866500
16
#866600
06
#866700
16
#866800
06
#866900
16
#867000
06
#867100
16
#867200
06
#867300
16
#867400
06
#867500
16
#867600
06
#867700
16
#867800
06
#867900
16
#868000
06
#868100
16
#868200
06
#868300
16
#868400
06
#868500
16
#868600
06
#868700
16
#868800
06
#868900
16
#869000
06
#869100
16
#869200
06
#869300
16
#869400
06
#869500
16
#869600
06
#869700
16
#869800
06
#869900
16
#870000
06
#870100
16
#870200
06
#870300
16
#870400
06
#870500
16
#870600
06
#870700
16
#870800
06
#870900
16
#871000
06
#871100
16
#871200
06
#871300
16
#871400
06
#871500
16
#871600
06
#871700
16
#871800
06
#871900
16
#872000
06
#872100
16
#872200
06
#872300
16
#872400
06
#872500
16
#872600
06
#872700
16
#872800
06
#872900
16
#873000
06
#873100
16
#873200
06
#873300
16
#873400
06
#873500
16
#873600
06
#873700
16
#873800
06
#873900
16
#874000
06
#874100
16
#874200
06
#874300
16
#874400
06
#874500
16
#874600
06
#874700
16
#874800
06
#874900
16
#875000
06
#875100
16
#875200
06
#875300
16
#875400
06
#875500
16
#875600
06
#875700
16
#875800
06
#875900
16
#876000
06
#876100
16
#876200
06
#876300
16
#876400
06
#876500
16
#876600
06
#876700
16
#876800
06
#876900
16
#877000
06
#877100
16
#877200
06
#877300
16
#877400
06
#877500
16
#877600
06
#877700
16
#877800
06
#877900
16
#878000
06
#878100
16
#878200
06
#878300
16
#878400
06
#878500
16
#878600
06
#878700
16
#878800
06
#878900
16
#879000
06
#879100
16
#879200
06
#879300
16
#879400
06
#879500
16
#879600
06
#879700
16
#879800
06
#879900
16
#880000
06
#880100
16
#880200
06
#880300
16
#880400
06
#880500
16
#880600
06
#880700
16
#880800
06
#880900
16
#881000
06
#881100
16
#881200
06
#881300
16
#881400
06
#881500
16
#881600
06
#881700
16
#881800
06
#881900
16
#882000
06
#882100
16
#882200
06
#882300
16
#882400
06
#882500
16
#882600
06
#882700
16
#882800
06
#882900
16
#883000
06
#883100
16
#883200
06
#883300
16
#883400
06
#883500
16
#883600
06
#883700
16
#883800
06
#883900
16
#884000
06
#884100
16
#884200
06
#884300
16
#884400
06
#884500
16
#884600
06
#884700
16
#884800
06
#884900
16
#885000
06
#885100
16
#885200
06
#885300
16
#885400
06
#885500
16
#885600
06
#885700
16
#885800
06
#885900
16
#886000
06
#886100
16
#886200
06
#886300
16
#886400
06
#886500
16
#886600
06
#886700
16
#886800
06
#886900
16
#887000
06
#887100
16
#887200
06
#887300
16
#887400
06
#887500
16
#887600
06
#887700
16
#887800
06
#887900
16
#888000
06
#888100
16
#888200
06
#888300
16
#888400
06
#888500
16
#888600
06
#888700
16
#888800
06
#888900
16
#889000
06
#889100
16
#889200
06
#889300
16
#889400
06
#889500
16
#889600
06
#889700
16
#889800
06
#889900
16
#890000
06
#890100
16
#890200
06
#890300
16
#890400
06
#890500
16
#890600
06
#890700
16
#890800
06
#890900
16
#891000
06
#891100
16
#891200
06
#891300
16
#891400
06
#891500
16
#891600
06
#891700
16
#891800
06
#891900
16
#892000
06
#892100
16
#892200
06
#892300
16
#892400
06
#892500
16
#892600
06
#892700
16
#892800
06
#892900
16
#893000
06
#893100
16
#893200
06
#893300
16
#893400
06
#893500
16
#893600
06
#893700
16
#893800
06
#893900
16
#894000
06
#894100
16
#894200
06
#894300
16
#894400
06
#894500
16
#894600
06
#894700
16
#894800
06
#894900
16
#895000
06
#895100
16
#895200
06
#895300
16
#895400
06
#895500
16
#895600
06
#895700
16
#895800
06
#895900
16
#896000
06
#896100
16
#896200
06
#896300
16
#896400
06
#896500
16
#896600
06
#896700
16
#896800
06
#896900
16
#897000
06
#897100
16
#897200
06
#897300
16
#897400
06
#897500
16
#897600
06
#897700
16
#897800
06
#897900
16
#898000
06
#898100
16
#898200
06
#898300
16
#898400
06
#898500
16
#898600
06
#898700
16
#898800
06
#898900
16
#899000
06
#899100
16
#899200
06
#899300
16
#899400
06
#899500
16
#899600
06
#899700
16
#899800
06
#899900
16
#900000
06
#900100
16
#900200
06
#900300
16
#900400
06
#900500
16
#900600
06
#900700
16
#900800
06
#900900
16
#901000
06
#901100
16
#901200
06
#901300
16
#901400
06
#901500
16
#901600
06
#901700
16
#901800
06
#901900
16
#902000
06
#902100
16
#902200
06
#902300
16
#902400
06
#902500
16
#902600
06
#902700
16
#902800
06
#902900
16
#903000
06
#903100
16
#903200
06
#903300
16
#903400
06
#903500
16
#903600
06
#903700
16
#903800
06
#903900
16
#904000
06
#904100
16
#904200
06
#904300
16
#904400
06
#904500
16
#904600
06
#904700
16
#904800
06
#904900
16
#905000
06
#905100
16
#905200
06
#905300
16
#905400
06
#905500
16
#905600
06
#905700
16
#905800
06
#905900
16
#906000
06
#906100
16
#906200
06
#906300
16
#906400
06
#906500
16
#906600
06
#906700
16
#906800
06
#906900
16
#907000
06
#907100
16
#907200
06
#907300
16
#907400
06
#907500
16
#907600
06
#907700
16
#907800
06
#907900
16
#908000
06
#908100
16
#908200
06
#908300
16
#908400
06
#908500
16
#908600
06
#908700
16
#908800
06
#908900
16
#909000
06
#909100
16
#909200
06
#909300
16
#909400
06
#909500
16
#909600
06
#909700
16
#909800
06
#909900
16
#910000
06
#910100
16
#910200
06
#910300
16
#910400
06
#910500
16
#910600
06
#910700
16
#910800
06
#910900
16
#911000
06
#911100
16
#911200
06
#911300
16
#911400
06
#911500
16
#911600
06
#911700
16
#911800
06
#911900
16
#912000
06
#912100
16
#912200
06
#912300
16
#912400
06
#912500
16
#912600
06
#912700
16
#912800
06
#912900
16
#913000
06
#913100
16
#913200
06
#913300
16
#913400
06
#913500
16
#913600
06
#913700
16
#913800
06
#913900
16
#914000
06
#914100
16
#914200
06
#914300
16
#914400
06
#914500
16
#914600
06
#914700
16
#914800
06
#914900
16
#915000
06
#915100
16
#915200
06
#915300
16
#915400
06
#915500
16
#915600
06
#915700
16
#915800
06
#915900
16
#916000
06
#916100
16
#916200
06
#916300
16
#916400
06
#916500
16
#916600
06
#916700
16
#916800
06
#916900
16
#917000
06
#917100
16
#917200
06
#917300
16
#917400
06
#917500
16
#917600
06
#917700
16
#917800
06
#917900
16
#918000
06
#918100
16
#918200
06
#918300
16
#918400
06
#918500
16
#918600
06
#918700
16
#918800
06
#918900
16
#919000
06
#919100
16
#919200
06
#919300
16
#919400
06
#919500
16
#919600
06
#919700
16
#919800
06
#919900
16
#920000
06
#920100
16
#920200
06
#920300
16
#920400
06
#920500
16
#920600
06
#920700
16
#920800
06
#920900
16
#921000
06
#921100
16
#921200
06
#921300
16
#921400
06
#921500
16
#921600
06
#921700
16
#921800
06
#921900
16
#922000
06
#922100
16
#922200
06
#922300
16
#922400
06
#922500
16
#922600
06
#922700
16
#922800
06
#922900
16
#923000
06
#923100
16
#923200
06
#923300
16
#923400
06
#923500
16
#923600
06
#923700
16
#923800
06
#923900
16
#924000
06
#924100
16
#924200
06
#924300
16
#924400
06
#924500
16
#924600
06
#924700
16
#924800
06
#924900
16
#925000
06
#925100
16
#925200
06
#925300
16
#925400
06
#925500
16
#925600
06
#925700
16
#925800
06
#925900
16
#926000
06
#926100
16
#926200
06
#926300
16
#926400
06
#926500
16
#926600
06
#926700
16
#926800
06
#926900
16
#927000
06
#927100
16
#927200
06
#927300
16
#927400
06
#927500
16
#927600
06
#927700
16
#927800
06
#927900
16
#928000
06
#928100
16
#928200
06
#928300
16
#928400
06
#928500
16
#928600
06
#928700
16
#928800
06
#928900
16
#929000
06
#929100
16
#929200
06
#929300
16
#929400
06
#929500
16
#929600
06
#929700
16
#929800
06
#929900
16
#930000
06
#930100
16
#930200
06
#930300
16
#930400
06
#930500
16
#930600
06
#930700
16
#930800
06
#930900
16
#931000
06
#931100
16
#931200
06
#931300
16
#931400
06
#931500
16
#931600
06
#931700
16
#931800
06
#931900
16
#932000
06
#932100
16
#932200
06
#932300
16
#932400
06
#932500
16
#932600
06
#932700
16
#932800
06
#932900
16
#933000
06
#933100
16
#933200
06
#933300
16
#933400
06
#933500
16
#933600
06
#933700
16
#933800
06
#933900
16
#934000
06
#934100
16
#934200
06
#934300
16
#934400
06
#934500
16
#934600
06
#934700
16
#934800
06
#934900
16
#935000
06
#935100
16
#935200
06
#935300
16
#935400
06
#935500
16
#935600
06
#935700
16
#935800
06
#935900
16
#936000
06
#936100
16
#936200
06
#936300
16
#936400
06
#936500
16
#936600
06
#936700
16
#936800
06
#936900
16
#937000
06
#937100
16
#937200
06
#937300
16
#937400
06
#937500
16
#937600
06
#937700
16
#937800
06
#937900
16
#938000
06
#938100
16
#938200
06
#938300
16
#938400
06
#938500
16
#938600
06
#938700
16
#938800
06
#938900
16
#939000
06
#939100
16
#939200
06
#939300
16
#939400
06
#939500
16
#939600
06
#939700
16
#939800
06
#939900
16
#940000
06
#940100
16
#940200
06
#940300
16
#940400
06
#940500
16
#940600
06
#940700
16
#940800
06
#940900
16
#941000
06
#941100
16
#941200
06
#941300
16
#941400
06
#941500
16
#941600
06
#941700
16
#941800
06
#941900
16
#942000
06
#942100
16
#942200
06
#942300
16
#942400
06
#942500
16
#942600
06
#942700
16
#942800
06
#942900
16
#943000
06
#943100
16
#943200
06
#943300
16
#943400
06
#943500
16
#943600
06
#943700
16
#943800
06
#943900
16
#944000
06
#944100
16
#944200
06
#944300
16
#944400
06
#944500
16
#944600
06
#944700
16
#944800
06
#944900
16
#945000
06
#945100
16
#945200
06
#945300
16
#945400
06
#945500
16
#945600
06
#945700
16
#945800
06
#945900
16
#946000
06
#946100
16
#946200
06
#946300
16
#946400
06
#946500
16
#946600
06
#946700
16
#946800
06
#946900
16
#947000
06
#947100
16
#947200
06
#947300
16
#947400
06
#947500
16
#947600
06
#947700
16
#947800
06
#947900
16
#948000
06
#948100
16
#948200
06
#948300
16
#948400
06
#948500
16
#948600
06
#948700
16
#948800
06
#948900
16
#949000
06
#949100
16
#949200
06
#949300
16
#949400
06
#949500
16
#949600
06
#949700
16
#949800
06
#949900
16
#950000
06
#950100
16
#950200
06
#950300
16
#950400
06
#950500
16
#950600
06
#950700
16
#950800
06
#950900
16
#951000
06
#951100
16
#951200
06
#951300
16
#951400
06
#951500
16
#951600
06
#951700
16
#951800
06
#951900
16
#952000
06
#952100
16
#952200
06
#952300
16
#952400
06
#952500
16
#952600
06
#952700
16
#952800
06
#952900
16
#953000
06
#953100
16
#953200
06
#953300
16
#953400
06
#953500
16
#953600
06
#953700
16
#953800
06
#953900
16
#954000
06
#954100
16
#954200
06
#954300
16
#954400
06
#954500
16
#954600
06
#954700
16
#954800
06
#954900
16
#955000
06
#955100
16
#955200
06
#955300
16
#955400
06
#955500
16
#955600
06
#955700
16
#955800
06
#955900
16
#956000
06
#956100
16
#956200
06
#956300
16
#956400
06
#956500
16
#956600
06
#956700
16
#956800
06
#956900
16
#957000
06
#957100
16
#957200
06
#957300
16
#957400
06
#957500
16
#957600
06
#957700
16
#957800
06
#957900
16
#958000
06
#958100
16
#958200
06
#958300
16
#958400
06
#958500
16
#958600
06
#958700
16
#958800
06
#958900
16
#959000
06
#959100
16
#959200
06
#959300
16
#959400
06
#959500
16
#959600
06
#959700
16
#959800
06
#959900
16
#960000
06
#960100
16
#960200
06
#960300
16
#960400
06
#960500
16
#960600
06
#960700
16
#960800
06
#960900
16
#961000
06
#961100
16
#961200
06
#961300
16
#961400
06
#961500
16
#961600
06
#961700
16
#961800
06
#961900
16
#962000
06
#962100
16
#962200
06
#962300
16
#962400
06
#962500
16
#962600
06
#962700
16
#962800
06
#962900
16
#963000
06
#963100
16
#963200
06
#963300
16
#963400
06
#963500
16
#963600
06
#963700
16
#963800
06
#963900
16
#964000
06
#964100
16
#964200
06
#964300
16
#964400
06
#964500
16
#964600
06
#964700
16
#964800
06
#964900
16
#965000
06
#965100
16
#965200
06
#965300
16
#965400
06
#965500
16
#965600
06
#965700
16
#965800
06
#965900
16
#966000
06
#966100
16
#966200
06
#966300
16
#966400
06
#966500
16
#966600
06
#966700
16
#966800
06
#966900
16
#967000
06
#967100
16
#967200
06
#967300
16
#967400
06
#967500
16
#967600
06
#967700
16
#967800
06
#967900
16
#968000
06
#968100
16
#968200
06
#968300
16
#968400
06
#968500
16
#968600
06
#968700
16
#968800
06
#968900
16
#969000
06
#969100
16
#969200
06
#969300
16
#969400
06
#969500
16
#969600
06
#969700
16
#969800
06
#969900
16
#970000
06
#970100
16
#970200
06
#970300
16
#970400
06
#970500
16
#970600
06
#970700
16
#970800
06
#970900
16
#971000
06
#971100
16
#971200
06
#971300
16
#971400
06
#971500
16
#971600
06
#971700
16
#971800
06
#971900
16
#972000
06
#972100
16
#972200
06
#972300
16
#972400
06
#972500
16
#972600
06
#972700
16
#972800
06
#972900
16
#973000
06
#973100
16
#973200
06
#973300
16
#973400
06
#973500
16
#973600
06
#973700
16
#973800
06
#973900
16
#974000
06
#974100
16
#974200
06
#974300
16
#974400
06
#974500
16
#974600
06
#974700
16
#974800
06
#974900
16
#975000
06
#975100
16
#975200
06
#975300
16
#975400
06
#975500
16
#975600
06
#975700
16
#975800
06
#975900
16
#976000
06
#976100
16
#976200
06
#976300
16
#976400
06
#976500
16
#976600
06
#976700
16
#976800
06
#976900
16
#977000
06
#977100
16
#977200
06
#977300
16
#977400
06
#977500
16
#977600
06
#977700
16
#977800
06
#977900
16
#978000
06
#978100
16
#978200
06
#978300
16
#978400
06
#978500
16
#978600
06
#978700
16
#978800
06
#978900
16
#979000
06
#979100
16
#979200
06
#979300
16
#979400
06
#979500
16
#979600
06
#979700
16
#979800
06
#979900
16
#980000
06
#980100
16
#980200
06
#980300
16
#980400
06
#980500
16
#980600
06
#980700
16
#980800
06
#980900
16
#981000
06
#981100
16
#981200
06
#981300
16
#981400
06
#981500
16
#981600
06
#981700
16
#981800
06
#981900
16
#982000
06
#982100
16
#982200
06
#982300
16
#982400
06
#982500
16
#982600
06
#982700
16
#982800
06
#982900
16
#983000
06
#983100
16
#983200
06
#983300
16
#983400
06
#983500
16
#983600
06
#983700
16
#983800
06
#983900
16
#984000
06
#984100
16
#984200
06
#984300
16
#984400
06
#984500
16
#984600
06
#984700
16
#984800
06
#984900
16
#985000
06
#985100
16
#985200
06
#985300
16
#985400
06
#985500
16
#985600
06
#985700
16
#985800
06
#985900
16
#986000
06
#986100
16
#986200
06
#986300
16
#986400
06
#986500
16
#986600
06
#986700
16
#986800
06
#986900
16
#987000
06
#987100
16
#987200
06
#987300
16
#987400
06
#987500
16
#987600
06
#987700
16
#987800
06
#987900
16
#988000
06
#988100
16
#988200
06
#988300
16
#988400
06
#988500
16
#988600
06
#988700
16
#988800
06
#988900
16
#989000
06
#989100
16
#989200
06
#989300
16
#989400
06
#989500
16
#989600
06
#989700
16
#989800
06
#989900
16
#990000
06
#990100
16
#990200
06
#990300
16
#990400
06
#990500
16
#990600
06
#990700
16
#990800
06
#990900
16
#991000
06
#991100
16
#991200
06
#991300
16
#991400
06
#991500
16
#991600
06
#991700
16
#991800
06
#991900
16
#992000
06
#992100
16
#992200
06
#992300
16
#992400
06
#992500
16
#992600
06
#992700
16
#992800
06
#992900
16
#993000
06
#993100
16
#993200
06
#993300
16
#993400
06
#993500
16
#993600
06
#993700
16
#993800
06
#993900
16
#994000
06
#994100
16
#994200
06
#994300
16
#994400
06
#994500
16
#994600
06
#994700
16
#994800
06
#994900
16
#995000
06
#995100
16
#995200
06
#995300
16
#995400
06
#995500
16
#995600
06
#995700
16
#995800
06
#995900
16
#996000
06
#996100
16
#996200
06
#996300
16
#996400
06
#996500
16
#996600
06
#996700
16
#996800
06
#996900
16
#997000
06
#997100
16
#997200
06
#997300
16
#997400
06
#997500
16
#997600
06
#997700
16
#997800
06
#997900
16
#998000
06
#998100
16
#998200
06
#998300
16
#998400
06
#998500
16
#998600
06
#998700
16
#998800
06
#998900
16
#999000
06
#999100
16
#999200
06
#999300
16
#999400
06
#999500
16
#999600
06
#999700
16
#999800
06
#999900
16
#1000000
06
#1000100
16
#1000200
06
#1000300
16
#1000400
06
#1000500
16
#1000600
06
#1000700
16
#1000800
06
#1000900
16
#1001000
06
#1001100
16
#1001200
06
#1001300
16
#1001400
06
#1001500
16
#1001600
06
#1001700
16
#1001800
06
#1001900
16
#1002000
06
#1002100
16
#1002200
06
#1002300
16
#1002400
06
#1002500
16
#1002600
06
#1002700
16
#1002800
06
#1002900
16
#1003000
06
#1003100
16
#1003200
06
#1003300
16
#1003400
06
#1003500
16
#1003600
06
#1003700
16
#1003800
06
#1003900
16
#1004000
06
#1004100
16
#1004200
06
#1004300
16
#1004400
06
#1004500
16
#1004600
06
#1004700
16
#1004800
06
#1004900
16
#1005000
06
#1005100
16
#1005200
06
#1005300
16
#1005400
06
#1005500
16
#1005600
06
#1005700
16
#1005800
06
#1005900
16
#1006000
06
#1006100
16
#1006200
06
#1006300
16
#1006400
06
#1006500
16
#1006600
06
#1006700
16
#1006800
06
#1006900
16
#1007000
06
#1007050
0/
#1007100
0E
16
#1007200
06
#1007300
0K
16
#1007400
06
#1007500
18
0L
16
#1007600
06
#1007700
08
b1001 %
b1001 F
0M
16
#1007800
06
#1007900
16
#1008000
06
#1008100
16
#1008200
06
#1008300
16
#1008400
06
#1008500
16
#1008600
06
#1008700
16
#1008800
06
#1008900
16
#1009000
06
#1009100
16
#1009200
06
#1009300
16
#1009400
06
#1009500
16
#1009600
06
#1009700
16
#1009800
06
#1009900
16
#1010000
06
#1010100
16
#1010200
06
#1010300
16
#1010400
06
#1010500
16
#1010600
06
#1010700
16
#1010800
06
#1010900
16
#1011000
06
#1011100
16
#1011200
06
#1011300
16
#1011400
06
#1011500
16
#1011600
06
#1011700
16
#1011800
06
#1011900
16
#1012000
06
#1012100
16
#1012200
06
#1012300
16
#1012400
06
#1012500
16
#1012600
06
#1012700
16
#1012800
06
#1012900
16
#1013000
06
#1013100
16
#1013200
06
#1013300
16
#1013400
06
#1013500
16
#1013600
06
#1013700
16
#1013800
06
#1013900
16
#1014000
06
#1014100
16
#1014200
06
#1014300
16
#1014400
06
#1014500
16
#1014600
06
#1014700
16
#1014800
06
#1014900
16
#1015000
06
#1015100
16
#1015200
06
#1015300
16
#1015400
06
#1015500
16
#1015600
06
#1015700
16
#1015800
06
#1015900
16
#1016000
06
#1016100
16
#1016200
06
#1016300
16
#1016400
06
#1016500
16
#1016600
06
#1016700
16
#1016800
06
#1016900
16
#1017000
06
#1017100
16
#1017200
06
#1017300
16
#1017400
06
#1017500
16
#1017600
06
#1017700
16
#1017800
06
#1017900
16
#1018000
06
#1018100
16
#1018200
06
#1018300
16
#1018400
06
#1018500
16
#1018600
06
#1018700
16
#1018800
06
#1018900
16
#1019000
06
#1019100
16
#1019200
06
#1019300
16
#1019400
06
#1019500
16
#1019600
06
#1019700
16
#1019800
06
#1019900
16
#1020000
06
#1020100
16
#1020200
06
#1020300
16
#1020400
06
#1020500
16
#1020600
06
#1020700
16
#1020800
06
#1020900
16
#1021000
06
#1021100
16
#1021200
06
#1021300
16
#1021400
06
#1021500
16
#1021600
06
#1021700
16
#1021800
06
#1021900
16
#1022000
06
#1022100
16
#1022200
06
#1022300
16
#1022400
06
#1022500
16
#1022600
06
#1022700
16
#1022800
06
#1022900
16
#1023000
06
#1023100
16
#1023200
06
#1023300
16
#1023400
06
#1023500
16
#1023600
06
#1023700
16
#1023800
06
#1023900
16
#1024000
06
#1024100
16
#1024200
06
#1024300
16
#1024400
06
#1024500
16
#1024600
06
#1024700
16
#1024800
06
#1024900
16
#1025000
06
#1025100
16
#1025200
06
#1025300
16
#1025400
06
#1025500
16
#1025600
06
#1025700
16
#1025800
06
#1025900
16
#1026000
06
#1026100
16
#1026200
06
#1026300
16
#1026400
06
#1026500
16
#1026600
06
#1026700
16
#1026800
06
#1026900
16
#1027000
06
#1027100
16
#1027200
06
#1027300
16
#1027400
06
#1027500
16
#1027600
06
#1027700
16
#1027800
06
#1027900
16
#1028000
06
#1028100
16
#1028200
06
#1028300
16
#1028400
06
#1028500
16
#1028600
06
#1028700
16
#1028800
06
#1028900
16
#1029000
06
#1029100
16
#1029200
06
#1029300
16
#1029400
06
#1029500
16
#1029600
06
#1029700
16
#1029800
06
#1029900
16
#1030000
06
#1030100
16
#1030200
06
#1030300
16
#1030400
06
#1030500
16
#1030600
06
#1030700
16
#1030800
06
#1030900
16
#1031000
06
#1031100
16
#1031200
06
#1031300
16
#1031400
06
#1031500
16
#1031600
06
#1031700
16
#1031800
06
#1031900
16
#1032000
06
#1032100
16
#1032200
06
#1032300
16
#1032400
06
#1032500
16
#1032600
06
#1032700
16
#1032800
06
#1032900
16
#1033000
06
#1033100
16
#1033200
06
#1033300
16
#1033400
06
#1033500
16
#1033600
06
#1033700
16
#1033800
06
#1033900
16
#1034000
06
#1034100
16
#1034200
06
#1034300
16
#1034400
06
#1034500
16
#1034600
06
#1034700
16
#1034800
06
#1034900
16
#1035000
06
#1035100
16
#1035200
06
#1035300
16
#1035400
06
#1035500
16
#1035600
06
#1035700
16
#1035800
06
#1035900
16
#1036000
06
#1036100
16
#1036200
06
#1036300
16
#1036400
06
#1036500
16
#1036600
06
#1036700
16
#1036800
06
#1036900
16
#1037000
06
#1037100
16
#1037200
06
#1037300
16
#1037400
06
#1037500
16
#1037600
06
#1037700
16
#1037800
06
#1037900
16
#1038000
06
#1038100
16
#1038200
06
#1038300
16
#1038400
06
#1038500
16
#1038600
06
#1038700
16
#1038800
06
#1038900
16
#1039000
06
#1039100
16
#1039200
06
#1039300
16
#1039400
06
#1039500
16
#1039600
06
#1039700
16
#1039800
06
#1039900
16
#1040000
06
#1040100
16
#1040200
06
#1040300
16
#1040400
06
#1040500
16
#1040600
06
#1040700
16
#1040800
06
#1040900
16
#1041000
06
#1041100
16
#1041200
06
#1041300
16
#1041400
06
#1041500
16
#1041600
06
#1041700
16
#1041800
06
#1041900
16
#1042000
06
#1042100
16
#1042200
06
#1042300
16
#1042400
06
#1042500
16
#1042600
06
#1042700
16
#1042800
06
#1042900
16
#1043000
06
#1043100
16
#1043200
06
#1043300
16
#1043400
06
#1043500
16
#1043600
06
#1043700
16
#1043800
06
#1043900
16
#1044000
06
#1044100
16
#1044200
06
#1044300
16
#1044400
06
#1044500
16
#1044600
06
#1044700
16
#1044800
06
#1044900
16
#1045000
06
#1045100
16
#1045200
06
#1045300
16
#1045400
06
#1045500
16
#1045600
06
#1045700
16
#1045800
06
#1045900
16
#1046000
06
#1046100
16
#1046200
06
#1046300
16
#1046400
06
#1046500
16
#1046600
06
#1046700
16
#1046800
06
#1046900
16
#1047000
06
#1047100
16
#1047200
06
#1047300
16
#1047400
06
#1047500
16
#1047600
06
#1047700
16
#1047800
06
#1047900
16
#1048000
06
#1048100
16
#1048200
06
#1048300
16
#1048400
06
#1048500
16
#1048600
06
#1048700
16
#1048800
06
#1048900
16
#1049000
06
#1049100
16
#1049200
06
#1049300
16
#1049400
06
#1049500
16
#1049600
06
#1049700
16
#1049800
06
#1049900
16
#1050000
06
#1050100
16
#1050200
06
#1050300
16
#1050400
06
#1050500
16
#1050600
06
#1050700
16
#1050800
06
#1050900
16
#1051000
06
#1051100
16
#1051200
06
#1051300
16
#1051400
06
#1051500
16
#1051600
06
#1051700
16
#1051800
06
#1051900
16
#1052000
06
#1052100
16
#1052200
06
#1052300
16
#1052400
06
#1052500
16
#1052600
06
#1052700
16
#1052800
06
#1052900
16
#1053000
06
#1053100
16
#1053200
06
#1053300
16
#1053400
06
#1053500
16
#1053600
06
#1053700
16
#1053800
06
#1053900
16
#1054000
06
#1054100
16
#1054200
06
#1054300
16
#1054400
06
#1054500
16
#1054600
06
#1054700
16
#1054800
06
#1054900
16
#1055000
06
#1055100
16
#1055200
06
#1055300
16
#1055400
06
#1055500
16
#1055600
06
#1055700
16
#1055800
06
#1055900
16
#1056000
06
#1056100
16
#1056200
06
#1056300
16
#1056400
06
#1056500
16
#1056600
06
#1056700
16
#1056800
06
#1056900
16
#1057000
06
#1057100
16
#1057200
06
#1057300
16
#1057400
06
#1057500
16
#1057600
06
#1057700
16
#1057800
06
#1057900
16
#1058000
06
#1058100
16
#1058200
06
#1058300
16
#1058400
06
#1058500
16
#1058600
06
#1058700
16
#1058800
06
#1058900
16
#1059000
06
#1059100
16
#1059200
06
#1059300
16
#1059400
06
#1059500
16
#1059600
06
#1059700
16
#1059800
06
#1059900
16
#1060000
06
#1060100
16
#1060200
06
#1060300
16
#1060400
06
#1060500
16
#1060600
06
#1060700
16
#1060800
06
#1060900
16
#1061000
06
#1061100
16
#1061200
06
#1061300
16
#1061400
06
#1061500
16
#1061600
06
#1061700
16
#1061800
06
#1061900
16
#1062000
06
#1062100
16
#1062200
06
#1062300
16
#1062400
06
#1062500
16
#1062600
06
#1062700
16
#1062800
06
#1062900
16
#1063000
06
#1063100
16
#1063200
06
#1063300
16
#1063400
06
#1063500
16
#1063600
06
#1063700
16
#1063800
06
#1063900
16
#1064000
06
#1064100
16
#1064200
06
#1064300
16
#1064400
06
#1064500
16
#1064600
06
#1064700
16
#1064800
06
#1064900
16
#1065000
06
#1065100
16
#1065200
06
#1065300
16
#1065400
06
#1065500
16
#1065600
06
#1065700
16
#1065800
06
#1065900
16
#1066000
06
#1066100
16
#1066200
06
#1066300
16
#1066400
06
#1066500
16
#1066600
06
#1066700
16
#1066800
06
#1066900
16
#1067000
06
#1067100
16
#1067200
06
#1067300
16
#1067400
06
#1067500
16
#1067600
06
#1067700
16
#1067800
06
#1067900
16
#1068000
06
#1068100
16
#1068200
06
#1068300
16
#1068400
06
#1068500
16
#1068600
06
#1068700
16
#1068800
06
#1068900
16
#1069000
06
#1069100
16
#1069200
06
#1069300
16
#1069400
06
#1069500
16
#1069600
06
#1069700
16
#1069800
06
#1069900
16
#1070000
06
#1070100
16
#1070200
06
#1070300
16
#1070400
06
#1070500
16
#1070600
06
#1070700
16
#1070800
06
#1070900
16
#1071000
06
#1071100
16
#1071200
06
#1071300
16
#1071400
06
#1071500
16
#1071600
06
#1071700
16
#1071800
06
#1071900
16
#1072000
06
#1072100
16
#1072200
06
#1072300
16
#1072400
06
#1072500
16
#1072600
06
#1072700
16
#1072800
06
#1072900
16
#1073000
06
#1073100
16
#1073200
06
#1073300
16
#1073400
06
#1073500
16
#1073600
06
#1073700
16
#1073800
06
#1073900
16
#1074000
06
#1074100
16
#1074200
06
#1074300
16
#1074400
06
#1074500
16
#1074600
06
#1074700
16
#1074800
06
#1074900
16
#1075000
06
#1075100
16
#1075200
06
#1075300
16
#1075400
06
#1075500
16
#1075600
06
#1075700
16
#1075800
06
#1075900
16
#1076000
06
#1076100
16
#1076200
06
#1076300
16
#1076400
06
#1076500
16
#1076600
06
#1076700
16
#1076800
06
#1076900
16
#1077000
06
#1077100
16
#1077200
06
#1077300
16
#1077400
06
#1077500
16
#1077600
06
#1077700
16
#1077800
06
#1077900
16
#1078000
06
#1078100
16
#1078200
06
#1078300
16
#1078400
06
#1078500
16
#1078600
06
#1078700
16
#1078800
06
#1078900
16
#1079000
06
#1079100
16
#1079200
06
#1079300
16
#1079400
06
#1079500
16
#1079600
06
#1079700
16
#1079800
06
#1079900
16
#1080000
06
#1080100
16
#1080200
06
#1080300
16
#1080400
06
#1080500
16
#1080600
06
#1080700
16
#1080800
06
#1080900
16
#1081000
06
#1081100
16
#1081200
06
#1081300
16
#1081400
06
#1081500
16
#1081600
06
#1081700
16
#1081800
06
#1081900
16
#1082000
06
#1082100
16
#1082200
06
#1082300
16
#1082400
06
#1082500
16
#1082600
06
#1082700
16
#1082800
06
#1082900
16
#1083000
06
#1083100
16
#1083200
06
#1083300
16
#1083400
06
#1083500
16
#1083600
06
#1083700
16
#1083800
06
#1083900
16
#1084000
06
#1084100
16
#1084200
06
#1084300
16
#1084400
06
#1084500
16
#1084600
06
#1084700
16
#1084800
06
#1084900
16
#1085000
06
#1085100
16
#1085200
06
#1085300
16
#1085400
06
#1085500
16
#1085600
06
#1085700
16
#1085800
06
#1085900
16
#1086000
06
#1086100
16
#1086200
06
#1086300
16
#1086400
06
#1086500
16
#1086600
06
#1086700
16
#1086800
06
#1086900
16
#1087000
06
#1087100
16
#1087200
06
#1087300
16
#1087400
06
#1087500
16
#1087600
06
#1087700
16
#1087800
06
#1087900
16
#1088000
06
#1088100
16
#1088200
06
#1088300
16
#1088400
06
#1088500
16
#1088600
06
#1088700
16
#1088800
06
#1088900
16
#1089000
06
#1089100
16
#1089200
06
#1089300
16
#1089400
06
#1089500
16
#1089600
06
#1089700
16
#1089800
06
#1089900
16
#1090000
06
#1090100
16
#1090200
06
#1090300
16
#1090400
06
#1090500
16
#1090600
06
#1090700
16
#1090800
06
#1090900
16
#1091000
06
#1091100
16
#1091200
06
#1091300
16
#1091400
06
#1091500
16
#1091600
06
#1091700
16
#1091800
06
#1091900
16
#1092000
06
#1092100
16
#1092200
06
#1092300
16
#1092400
06
#1092500
16
#1092600
06
#1092700
16
#1092800
06
#1092900
16
#1093000
06
#1093100
16
#1093200
06
#1093300
16
#1093400
06
#1093500
16
#1093600
06
#1093700
16
#1093800
06
#1093900
16
#1094000
06
#1094100
16
#1094200
06
#1094300
16
#1094400
06
#1094500
16
#1094600
06
#1094700
16
#1094800
06
#1094900
16
#1095000
06
#1095100
16
#1095200
06
#1095300
16
#1095400
06
#1095500
16
#1095600
06
#1095700
16
#1095800
06
#1095900
16
#1096000
06
#1096100
16
#1096200
06
#1096300
16
#1096400
06
#1096500
16
#1096600
06
#1096700
16
#1096800
06
#1096900
16
#1097000
06
#1097100
16
#1097200
06
#1097300
16
#1097400
06
#1097500
16
#1097600
06
#1097700
16
#1097800
06
#1097900
16
#1098000
06
#1098100
16
#1098200
06
#1098300
16
#1098400
06
#1098500
16
#1098600
06
#1098700
16
#1098800
06
#1098900
16
#1099000
06
#1099100
16
#1099200
06
#1099300
16
#1099400
06
#1099500
16
#1099600
06
#1099700
16
#1099800
06
#1099900
16
#1100000
06
#1100100
16
#1100200
06
#1100300
16
#1100400
06
#1100500
16
#1100600
06
#1100700
16
#1100800
06
#1100900
16
#1101000
06
#1101100
16
#1101200
06
#1101300
16
#1101400
06
#1101500
16
#1101600
06
#1101700
16
#1101800
06
#1101900
16
#1102000
06
#1102100
16
#1102200
06
#1102300
16
#1102400
06
#1102500
16
#1102600
06
#1102700
16
#1102800
06
#1102900
16
#1103000
06
#1103100
16
#1103200
06
#1103300
16
#1103400
06
#1103500
16
#1103600
06
#1103700
16
#1103800
06
#1103900
16
#1104000
06
#1104100
16
#1104200
06
#1104300
16
#1104400
06
#1104500
16
#1104600
06
#1104700
16
#1104800
06
#1104900
16
#1105000
06
#1105100
16
#1105200
06
#1105300
16
#1105400
06
#1105500
16
#1105600
06
#1105700
16
#1105800
06
#1105900
16
#1106000
06
#1106100
16
#1106200
06
#1106300
16
#1106400
06
#1106500
16
#1106600
06
#1106700
16
#1106800
06
#1106900
16
#1107000
06
#1107100
16
#1107200
06
#1107300
16
#1107400
06
#1107500
16
#1107600
06
#1107700
16
#1107800
06
#1107900
16
#1108000
06
#1108100
16
#1108200
06
#1108300
16
#1108400
06
#1108500
16
#1108600
06
#1108700
16
#1108800
06
#1108900
16
#1109000
06
#1109100
16
#1109200
06
#1109300
16
#1109400
06
#1109500
16
#1109600
06
#1109700
16
#1109800
06
#1109900
16
#1110000
06
#1110100
16
#1110200
06
#1110300
16
#1110400
06
#1110500
16
#1110600
06
#1110700
16
#1110800
06
#1110900
16
#1111000
06
#1111100
16
#1111200
06
#1111300
16
#1111400
06
#1111500
16
#1111600
06
#1111700
16
#1111800
06
#1111900
16
#1112000
06
#1112100
16
#1112200
06
#1112300
16
#1112400
06
#1112500
16
#1112600
06
#1112700
16
#1112800
06
#1112900
16
#1113000
06
#1113100
16
#1113200
06
#1113300
16
#1113400
06
#1113500
16
#1113600
06
#1113700
16
#1113800
06
#1113900
16
#1114000
06
#1114100
16
#1114200
06
#1114300
16
#1114400
06
#1114500
16
#1114600
06
#1114700
16
#1114800
06
#1114900
16
#1115000
06
#1115100
16
#1115200
06
#1115300
16
#1115400
06
#1115500
16
#1115600
06
#1115700
16
#1115800
06
#1115900
16
#1116000
06
#1116100
16
#1116200
06
#1116300
16
#1116400
06
#1116500
16
#1116600
06
#1116700
16
#1116800
06
#1116900
16
#1117000
06
#1117100
16
#1117200
06
#1117300
16
#1117400
06
#1117500
16
#1117600
06
#1117700
16
#1117800
06
#1117900
16
#1118000
06
#1118100
16
#1118200
06
#1118300
16
#1118400
06
#1118500
16
#1118600
06
#1118700
16
#1118800
06
#1118900
16
#1119000
06
#1119100
16
#1119200
06
#1119300
16
#1119400
06
#1119500
16
#1119600
06
#1119700
16
#1119800
06
#1119900
16
#1120000
06
#1120100
16
#1120200
06
#1120300
16
#1120400
06
#1120500
16
#1120600
06
#1120700
16
#1120800
06
#1120900
16
#1121000
06
#1121100
16
#1121200
06
#1121300
16
#1121400
06
#1121500
16
#1121600
06
#1121700
16
#1121800
06
#1121900
16
#1122000
06
#1122100
16
#1122200
06
#1122300
16
#1122400
06
#1122500
16
#1122600
06
#1122700
16
#1122800
06
#1122900
16
#1123000
06
#1123100
16
#1123200
06
#1123300
16
#1123400
06
#1123500
16
#1123600
06
#1123700
16
#1123800
06
#1123900
16
#1124000
06
#1124100
16
#1124200
06
#1124300
16
#1124400
06
#1124500
16
#1124600
06
#1124700
16
#1124800
06
#1124900
16
#1125000
06
#1125100
16
#1125200
06
#1125300
16
#1125400
06
#1125500
16
#1125600
06
#1125700
16
#1125800
06
#1125900
16
#1126000
06
#1126100
16
#1126200
06
#1126300
16
#1126400
06
#1126500
16
#1126600
06
#1126700
16
#1126800
06
#1126900
16
#1127000
06
#1127100
16
#1127200
06
#1127300
16
#1127400
06
#1127500
16
#1127600
06
#1127700
16
#1127800
06
#1127900
16
#1128000
06
#1128100
16
#1128200
06
#1128300
16
#1128400
06
#1128500
16
#1128600
06
#1128700
16
#1128800
06
#1128900
16
#1129000
06
#1129100
16
#1129200
06
#1129300
16
#1129400
06
#1129500
16
#1129600
06
#1129700
16
#1129800
06
#1129900
16
#1130000
06
#1130100
16
#1130200
06
#1130300
16
#1130400
06
#1130500
16
#1130600
06
#1130700
16
#1130800
06
#1130900
16
#1131000
06
#1131100
16
#1131200
06
#1131300
16
#1131400
06
#1131500
16
#1131600
06
#1131700
16
#1131800
06
#1131900
16
#1132000
06
#1132100
16
#1132200
06
#1132300
16
#1132400
06
#1132500
16
#1132600
06
#1132700
16
#1132800
06
#1132900
16
#1133000
06
#1133100
16
#1133200
06
#1133300
16
#1133400
06
#1133500
16
#1133600
06
#1133700
16
#1133800
06
#1133900
16
#1134000
06
#1134100
16
#1134200
06
#1134300
16
#1134400
06
#1134500
16
#1134600
06
#1134700
16
#1134800
06
#1134900
16
#1135000
06
#1135100
16
#1135200
06
#1135300
16
#1135400
06
#1135500
16
#1135600
06
#1135700
16
#1135800
06
#1135900
16
#1136000
06
#1136100
16
#1136200
06
#1136300
16
#1136400
06
#1136500
16
#1136600
06
#1136700
16
#1136800
06
#1136900
16
#1137000
06
#1137100
16
#1137200
06
#1137300
16
#1137400
06
#1137500
16
#1137600
06
#1137700
16
#1137800
06
#1137900
16
#1138000
06
#1138100
16
#1138200
06
#1138300
16
#1138400
06
#1138500
16
#1138600
06
#1138700
16
#1138800
06
#1138900
16
#1139000
06
#1139100
16
#1139200
06
#1139300
16
#1139400
06
#1139500
16
#1139600
06
#1139700
16
#1139800
06
#1139900
16
#1140000
06
#1140100
16
#1140200
06
#1140300
16
#1140400
06
#1140500
16
#1140600
06
#1140700
16
#1140800
06
#1140900
16
#1141000
06
#1141100
16
#1141200
06
#1141300
16
#1141400
06
#1141500
16
#1141600
06
#1141700
16
#1141800
06
#1141900
16
#1142000
06
#1142100
16
#1142200
06
#1142300
16
#1142400
06
#1142500
16
#1142600
06
#1142700
16
#1142800
06
#1142900
16
#1143000
06
#1143100
16
#1143200
06
#1143300
16
#1143400
06
#1143500
16
#1143600
06
#1143700
16
#1143800
06
#1143900
16
#1144000
06
#1144100
16
#1144200
06
#1144300
16
#1144400
06
#1144500
16
#1144600
06
#1144700
16
#1144800
06
#1144900
16
#1145000
06
#1145100
16
#1145200
06
#1145300
16
#1145400
06
#1145500
16
#1145600
06
#1145700
16
#1145800
06
#1145900
16
#1146000
06
#1146100
16
#1146200
06
#1146300
16
#1146400
06
#1146500
16
#1146600
06
#1146700
16
#1146800
06
#1146900
16
#1147000
06
#1147100
16
#1147200
06
#1147300
16
#1147400
06
#1147500
16
#1147600
06
#1147700
16
#1147800
06
#1147900
16
#1148000
06
#1148100
16
#1148200
06
#1148300
16
#1148400
06
#1148500
16
#1148600
06
#1148700
16
#1148800
06
#1148900
16
#1149000
06
#1149100
16
#1149200
06
#1149300
16
#1149400
06
#1149500
16
#1149600
06
#1149700
16
#1149800
06
#1149900
16
#1150000
06
#1150100
16
#1150200
06
#1150300
16
#1150400
06
#1150500
16
#1150600
06
#1150700
16
#1150800
06
#1150900
16
#1151000
06
#1151100
16
#1151200
06
#1151300
16
#1151400
06
#1151500
16
#1151600
06
#1151700
16
#1151800
06
#1151900
16
#1152000
06
#1152100
16
#1152200
06
#1152300
16
#1152400
06
#1152500
16
#1152600
06
#1152700
16
#1152800
06
#1152900
16
#1153000
06
#1153100
16
#1153200
06
#1153300
16
#1153400
06
#1153500
16
#1153600
06
#1153700
16
#1153800
06
#1153900
16
#1154000
06
#1154100
16
#1154200
06
#1154300
16
#1154400
06
#1154500
16
#1154600
06
#1154700
16
#1154800
06
#1154900
16
#1155000
06
#1155100
16
#1155200
06
#1155300
16
#1155400
06
#1155500
16
#1155600
06
#1155700
16
#1155800
06
#1155900
16
#1156000
06
#1156100
16
#1156200
06
#1156300
16
#1156400
06
#1156500
16
#1156600
06
#1156700
16
#1156800
06
#1156900
16
#1157000
06
#1157100
16
#1157200
06
#1157300
16
#1157400
06
#1157500
16
#1157600
06
#1157700
16
#1157800
06
#1157900
16
#1158000
06
#1158100
16
#1158200
06
#1158300
16
#1158400
06
#1158500
16
#1158600
06
#1158700
16
#1158800
06
#1158900
16
#1159000
06
#1159100
16
#1159200
06
#1159300
16
#1159400
06
#1159500
16
#1159600
06
#1159700
16
#1159800
06
#1159900
16
#1160000
06
#1160100
16
#1160200
06
#1160300
16
#1160400
06
#1160500
16
#1160600
06
#1160700
16
#1160800
06
#1160900
16
#1161000
06
#1161100
16
#1161200
06
#1161300
16
#1161400
06
#1161500
16
#1161600
06
#1161700
16
#1161800
06
#1161900
16
#1162000
06
#1162100
16
#1162200
06
#1162300
16
#1162400
06
#1162500
16
#1162600
06
#1162700
16
#1162800
06
#1162900
16
#1163000
06
#1163100
16
#1163200
06
#1163300
16
#1163400
06
#1163500
16
#1163600
06
#1163700
16
#1163800
06
#1163900
16
#1164000
06
#1164100
16
#1164200
06
#1164300
16
#1164400
06
#1164500
16
#1164600
06
#1164700
16
#1164800
06
#1164900
16
#1165000
06
#1165100
16
#1165200
06
#1165300
16
#1165400
06
#1165500
16
#1165600
06
#1165700
16
#1165800
06
#1165900
16
#1166000
06
#1166100
16
#1166200
06
#1166300
16
#1166400
06
#1166500
16
#1166600
06
#1166700
16
#1166800
06
#1166900
16
#1167000
06
#1167100
16
#1167200
06
#1167300
16
#1167400
06
#1167500
16
#1167600
06
#1167700
16
#1167800
06
#1167900
16
#1168000
06
#1168100
16
#1168200
06
#1168300
16
#1168400
06
#1168500
16
#1168600
06
#1168700
16
#1168800
06
#1168900
16
#1169000
06
#1169100
16
#1169200
06
#1169300
16
#1169400
06
#1169500
16
#1169600
06
#1169700
16
#1169800
06
#1169900
16
#1170000
06
#1170100
16
#1170200
06
#1170300
16
#1170400
06
#1170500
16
#1170600
06
#1170700
16
#1170800
06
#1170900
16
#1171000
06
#1171100
16
#1171200
06
#1171300
16
#1171400
06
#1171500
16
#1171600
06
#1171700
16
#1171800
06
#1171900
16
#1172000
06
#1172100
16
#1172200
06
#1172300
16
#1172400
06
#1172500
16
#1172600
06
#1172700
16
#1172800
06
#1172900
16
#1173000
06
#1173100
16
#1173200
06
#1173300
16
#1173400
06
#1173500
16
#1173600
06
#1173700
16
#1173800
06
#1173900
16
#1174000
06
#1174100
16
#1174200
06
#1174300
16
#1174400
06
#1174500
16
#1174600
06
#1174700
16
#1174800
06
#1174900
16
#1175000
06
#1175100
16
#1175200
06
#1175300
16
#1175400
06
#1175500
16
#1175600
06
#1175700
16
#1175800
06
#1175900
16
#1176000
06
#1176100
16
#1176200
06
#1176300
16
#1176400
06
#1176500
16
#1176600
06
#1176700
16
#1176800
06
#1176900
16
#1177000
06
#1177100
16
#1177200
06
#1177300
16
#1177400
06
#1177500
16
#1177600
06
#1177700
16
#1177800
06
#1177900
16
#1178000
06
#1178100
16
#1178200
06
#1178300
16
#1178400
06
#1178500
16
#1178600
06
#1178700
16
#1178800
06
#1178900
16
#1179000
06
#1179100
16
#1179200
06
#1179300
16
#1179400
06
#1179500
16
#1179600
06
#1179700
16
#1179800
06
#1179900
16
#1180000
06
#1180100
16
#1180200
06
#1180300
16
#1180400
06
#1180500
16
#1180600
06
#1180700
16
#1180800
06
#1180900
16
#1181000
06
#1181100
16
#1181200
06
#1181300
16
#1181400
06
#1181500
16
#1181600
06
#1181700
16
#1181800
06
#1181900
16
#1182000
06
#1182100
16
#1182200
06
#1182300
16
#1182400
06
#1182500
16
#1182600
06
#1182700
16
#1182800
06
#1182900
16
#1183000
06
#1183100
16
#1183200
06
#1183300
16
#1183400
06
#1183500
16
#1183600
06
#1183700
16
#1183800
06
#1183900
16
#1184000
06
#1184100
16
#1184200
06
#1184300
16
#1184400
06
#1184500
16
#1184600
06
#1184700
16
#1184800
06
#1184900
16
#1185000
06
#1185100
16
#1185200
06
#1185300
16
#1185400
06
#1185500
16
#1185600
06
#1185700
16
#1185800
06
#1185900
16
#1186000
06
#1186100
16
#1186200
06
#1186300
16
#1186400
06
#1186500
16
#1186600
06
#1186700
16
#1186800
06
#1186900
16
#1187000
06
#1187100
16
#1187200
06
#1187300
16
#1187400
06
#1187500
16
#1187600
06
#1187700
16
#1187800
06
#1187900
16
#1188000
06
#1188100
16
#1188200
06
#1188300
16
#1188400
06
#1188500
16
#1188600
06
#1188700
16
#1188800
06
#1188900
16
#1189000
06
#1189100
16
#1189200
06
#1189300
16
#1189400
06
#1189500
16
#1189600
06
#1189700
16
#1189800
06
#1189900
16
#1190000
06
#1190100
16
#1190200
06
#1190300
16
#1190400
06
#1190500
16
#1190600
06
#1190700
16
#1190800
06
#1190900
16
#1191000
06
#1191100
16
#1191200
06
#1191300
16
#1191400
06
#1191500
16
#1191600
06
#1191700
16
#1191800
06
#1191900
16
#1192000
06
#1192100
16
#1192200
06
#1192300
16
#1192400
06
#1192500
16
#1192600
06
#1192700
16
#1192800
06
#1192900
16
#1193000
06
#1193100
16
#1193200
06
#1193300
16
#1193400
06
#1193500
16
#1193600
06
#1193700
16
#1193800
06
#1193900
16
#1194000
06
#1194100
16
#1194200
06
#1194300
16
#1194400
06
#1194500
16
#1194600
06
#1194700
16
#1194800
06
#1194900
16
#1195000
06
#1195100
16
#1195200
06
#1195300
16
#1195400
06
#1195500
16
#1195600
06
#1195700
16
#1195800
06
#1195900
16
#1196000
06
#1196100
16
#1196200
06
#1196300
16
#1196400
06
#1196500
16
#1196600
06
#1196700
16
#1196800
06
#1196900
16
#1197000
06
#1197100
16
#1197200
06
#1197300
16
#1197400
06
#1197500
16
#1197600
06
#1197700
16
#1197800
06
#1197900
16
#1198000
06
#1198100
16
#1198200
06
#1198300
16
#1198400
06
#1198500
16
#1198600
06
#1198700
16
#1198800
06
#1198900
16
#1199000
06
#1199100
16
#1199200
06
#1199300
16
#1199400
06
#1199500
16
#1199600
06
#1199700
16
#1199800
06
#1199900
16
#1200000
06
#1200100
16
#1200200
06
#1200300
16
#1200400
06
#1200500
16
#1200600
06
#1200700
16
#1200800
06
#1200900
16
#1201000
06
#1201100
16
#1201200
06
#1201300
16
#1201400
06
#1201500
16
#1201600
06
#1201700
16
#1201800
06
#1201900
16
#1202000
06
#1202100
16
#1202200
06
#1202300
16
#1202400
06
#1202500
16
#1202600
06
#1202700
16
#1202800
06
#1202900
16
#1203000
06
#1203100
16
#1203200
06
#1203300
16
#1203400
06
#1203500
16
#1203600
06
#1203700
16
#1203800
06
#1203900
16
#1204000
06
#1204100
16
#1204200
06
#1204300
16
#1204400
06
#1204500
16
#1204600
06
#1204700
16
#1204800
06
#1204900
16
#1205000
06
#1205100
16
#1205200
06
#1205300
16
#1205400
06
#1205500
16
#1205600
06
#1205700
16
#1205800
06
#1205900
16
#1206000
06
#1206100
16
#1206200
06
#1206300
16
#1206400
06
#1206500
16
#1206600
06
#1206700
16
#1206800
06
#1206900
16
#1207000
06
#1207100
16
#1207200
06
#1207300
16
#1207400
06
#1207500
16
#1207600
06
#1207700
16
#1207800
06
#1207900
16
#1208000
06
#1208100
16
#1208200
06
#1208300
16
#1208400
06
#1208500
16
#1208600
06
#1208700
16
#1208800
06
#1208900
16
#1209000
06
#1209100
16
#1209200
06
#1209300
16
#1209400
06
#1209500
16
#1209600
06
#1209700
16
#1209800
06
#1209900
16
#1210000
06
#1210100
16
#1210200
06
#1210300
16
#1210400
06
#1210500
16
#1210600
06
#1210700
16
#1210800
06
#1210900
16
#1211000
06
#1211100
16
#1211200
06
#1211300
16
#1211400
06
#1211500
16
#1211600
06
#1211700
16
#1211800
06
#1211900
16
#1212000
06
#1212100
16
#1212200
06
#1212300
16
#1212400
06
#1212500
16
#1212600
06
#1212700
16
#1212800
06
#1212900
16
#1213000
06
#1213100
16
#1213200
06
#1213300
16
#1213400
06
#1213500
16
#1213600
06
#1213700
16
#1213800
06
#1213900
16
#1214000
06
#1214100
16
#1214200
06
#1214300
16
#1214400
06
#1214500
16
#1214600
06
#1214700
16
#1214800
06
#1214900
16
#1215000
06
#1215100
16
#1215200
06
#1215300
16
#1215400
06
#1215500
16
#1215600
06
#1215700
16
#1215800
06
#1215900
16
#1216000
06
#1216100
16
#1216200
06
#1216300
16
#1216400
06
#1216500
16
#1216600
06
#1216700
16
#1216800
06
#1216900
16
#1217000
06
#1217100
16
#1217200
06
#1217300
16
#1217400
06
#1217500
16
#1217600
06
#1217700
16
#1217800
06
#1217900
16
#1218000
06
#1218100
16
#1218200
06
#1218300
16
#1218400
06
#1218500
16
#1218600
06
#1218700
16
#1218800
06
#1218900
16
#1219000
06
#1219100
16
#1219200
06
#1219300
16
#1219400
06
#1219500
16
#1219600
06
#1219700
16
#1219800
06
#1219900
16
#1220000
06
#1220100
16
#1220200
06
#1220300
16
#1220400
06
#1220500
16
#1220600
06
#1220700
16
#1220800
06
#1220900
16
#1221000
06
#1221100
16
#1221200
06
#1221300
16
#1221400
06
#1221500
16
#1221600
06
#1221700
16
#1221800
06
#1221900
16
#1222000
06
#1222100
16
#1222200
06
#1222300
16
#1222400
06
#1222500
16
#1222600
06
#1222700
16
#1222800
06
#1222900
16
#1223000
06
#1223100
16
#1223200
06
#1223300
16
#1223400
06
#1223500
16
#1223600
06
#1223700
16
#1223800
06
#1223900
16
#1224000
06
#1224100
16
#1224200
06
#1224300
16
#1224400
06
#1224500
16
#1224600
06
#1224700
16
#1224800
06
#1224900
16
#1225000
06
#1225100
16
#1225200
06
#1225300
16
#1225400
06
#1225500
16
#1225600
06
#1225700
16
#1225800
06
#1225900
16
#1226000
06
#1226100
16
#1226200
06
#1226300
16
#1226400
06
#1226500
16
#1226600
06
#1226700
16
#1226800
06
#1226900
16
#1227000
06
#1227100
16
#1227200
06
#1227300
16
#1227400
06
#1227500
16
#1227600
06
#1227700
16
#1227800
06
#1227900
16
#1228000
06
#1228100
16
#1228200
06
#1228300
16
#1228400
06
#1228500
16
#1228600
06
#1228700
16
#1228800
06
#1228900
16
#1229000
06
#1229100
16
#1229200
06
#1229300
16
#1229400
06
#1229500
16
#1229600
06
#1229700
16
#1229800
06
#1229900
16
#1230000
06
#1230100
16
#1230200
06
#1230300
16
#1230400
06
#1230500
16
#1230600
06
#1230700
16
#1230800
06
#1230900
16
#1231000
06
#1231100
16
#1231200
06
#1231300
16
#1231400
06
#1231500
16
#1231600
06
#1231700
16
#1231800
06
#1231900
16
#1232000
06
#1232100
16
#1232200
06
#1232300
16
#1232400
06
#1232500
16
#1232600
06
#1232700
16
#1232800
06
#1232900
16
#1233000
06
#1233100
16
#1233200
06
#1233300
16
#1233400
06
#1233500
16
#1233600
06
#1233700
16
#1233800
06
#1233900
16
#1234000
06
#1234100
16
#1234200
06
#1234300
16
#1234400
06
#1234500
16
#1234600
06
#1234700
16
#1234800
06
#1234900
16
#1235000
06
#1235100
16
#1235200
06
#1235300
16
#1235400
06
#1235500
16
#1235600
06
#1235700
16
#1235800
06
#1235900
16
#1236000
06
#1236100
16
#1236200
06
#1236300
16
#1236400
06
#1236500
16
#1236600
06
#1236700
16
#1236800
06
#1236900
16
#1237000
06
#1237100
16
#1237200
06
#1237300
16
#1237400
06
#1237500
16
#1237600
06
#1237700
16
#1237800
06
#1237900
16
#1238000
06
#1238100
16
#1238200
06
#1238300
16
#1238400
06
#1238500
16
#1238600
06
#1238700
16
#1238800
06
#1238900
16
#1239000
06
#1239100
16
#1239200
06
#1239300
16
#1239400
06
#1239500
16
#1239600
06
#1239700
16
#1239800
06
#1239900
16
#1240000
06
#1240100
16
#1240200
06
#1240300
16
#1240400
06
#1240500
16
#1240600
06
#1240700
16
#1240800
06
#1240900
16
#1241000
06
#1241100
16
#1241200
06
#1241300
16
#1241400
06
#1241500
16
#1241600
06
#1241700
16
#1241800
06
#1241900
16
#1242000
06
#1242100
16
#1242200
06
#1242300
16
#1242400
06
#1242500
16
#1242600
06
#1242700
16
#1242800
06
#1242900
16
#1243000
06
#1243100
16
#1243200
06
#1243300
16
#1243400
06
#1243500
16
#1243600
06
#1243700
16
#1243800
06
#1243900
16
#1244000
06
#1244100
16
#1244200
06
#1244300
16
#1244400
06
#1244500
16
#1244600
06
#1244700
16
#1244800
06
#1244900
16
#1245000
06
#1245100
16
#1245200
06
#1245300
16
#1245400
06
#1245500
16
#1245600
06
#1245700
16
#1245800
06
#1245900
16
#1246000
06
#1246100
16
#1246200
06
#1246300
16
#1246400
06
#1246500
16
#1246600
06
#1246700
16
#1246800
06
#1246900
16
#1247000
06
#1247100
16
#1247200
06
#1247300
16
#1247400
06
#1247500
16
#1247600
06
#1247700
16
#1247800
06
#1247900
16
#1248000
06
#1248100
16
#1248200
06
#1248300
16
#1248400
06
#1248500
16
#1248600
06
#1248700
16
#1248800
06
#1248900
16
#1249000
06
#1249100
16
#1249200
06
#1249300
16
#1249400
06
#1249500
16
#1249600
06
#1249700
16
#1249800
06
#1249900
16
#1250000
06
#1250100
16
#1250200
06
#1250300
16
#1250400
06
#1250500
16
#1250600
06
#1250700
16
#1250800
06
#1250900
16
#1251000
06
#1251100
16
#1251200
06
#1251300
16
#1251400
06
#1251500
16
#1251600
06
#1251700
16
#1251800
06
#1251900
16
#1252000
06
#1252100
16
#1252200
06
#1252300
16
#1252400
06
#1252500
16
#1252600
06
#1252700
16
#1252800
06
#1252900
16
#1253000
06
#1253100
16
#1253200
06
#1253300
16
#1253400
06
#1253500
16
#1253600
06
#1253700
16
#1253800
06
#1253900
16
#1254000
06
#1254100
16
#1254200
06
#1254300
16
#1254400
06
#1254500
16
#1254600
06
#1254700
16
#1254800
06
#1254900
16
#1255000
06
#1255100
16
#1255200
06
#1255300
16
#1255400
06
#1255500
16
#1255600
06
#1255700
16
#1255800
06
#1255900
16
#1256000
06
#1256100
16
#1256200
06
#1256300
16
#1256400
06
#1256500
16
#1256600
06
#1256700
16
#1256800
06
#1256900
16
#1257000
06
#1257100
16
#1257200
06
#1257300
16
#1257400
06
#1257500
16
#1257600
06
#1257700
16
#1257800
06
#1257900
16
#1258000
06
#1258100
16
#1258200
06
#1258300
16
#1258400
06
#1258500
16
#1258600
06
#1258700
16
#1258800
06
#1258900
16
#1259000
06
#1259100
16
#1259200
06
#1259300
16
#1259400
06
#1259500
16
#1259600
06
#1259700
16
#1259800
06
#1259900
16
#1260000
06
#1260100
16
#1260200
06
#1260300
16
#1260400
06
#1260500
16
#1260600
06
#1260700
16
#1260800
06
#1260900
16
#1261000
06
#1261100
16
#1261200
06
#1261300
16
#1261400
06
#1261500
16
#1261600
06
#1261700
16
#1261800
06
#1261900
16
#1262000
06
#1262100
16
#1262200
06
#1262300
16
#1262400
06
#1262500
16
#1262600
06
#1262700
16
#1262800
06
#1262900
16
#1263000
06
#1263100
16
#1263200
06
#1263300
16
#1263400
06
#1263500
16
#1263600
06
#1263700
16
#1263800
06
#1263900
16
#1264000
06
#1264100
16
#1264200
06
#1264300
16
#1264400
06
#1264500
16
#1264600
06
#1264700
16
#1264800
06
#1264900
16
#1265000
06
#1265100
16
#1265200
06
#1265300
16
#1265400
06
#1265500
16
#1265600
06
#1265700
16
#1265800
06
#1265900
16
#1266000
06
#1266100
16
#1266200
06
#1266300
16
#1266400
06
#1266500
16
#1266600
06
#1266700
16
#1266800
06
#1266900
16
#1267000
06
#1267100
16
#1267200
06
#1267300
16
#1267400
06
#1267500
16
#1267600
06
#1267700
16
#1267800
06
#1267900
16
#1268000
06
#1268100
16
#1268200
06
#1268300
16
#1268400
06
#1268500
16
#1268600
06
#1268700
16
#1268800
06
#1268900
16
#1269000
06
#1269100
16
#1269200
06
#1269300
16
#1269400
06
#1269500
16
#1269600
06
#1269700
16
#1269800
06
#1269900
16
#1270000
06
#1270100
16
#1270200
06
#1270300
16
#1270400
06
#1270500
16
#1270600
06
#1270700
16
#1270800
06
#1270900
16
#1271000
06
#1271100
16
#1271200
06
#1271300
16
#1271400
06
#1271500
16
#1271600
06
#1271700
16
#1271800
06
#1271900
16
#1272000
06
#1272100
16
#1272200
06
#1272300
16
#1272400
06
#1272500
16
#1272600
06
#1272700
16
#1272800
06
#1272900
16
#1273000
06
#1273100
16
#1273200
06
#1273300
16
#1273400
06
#1273500
16
#1273600
06
#1273700
16
#1273800
06
#1273900
16
#1274000
06
#1274100
16
#1274200
06
#1274300
16
#1274400
06
#1274500
16
#1274600
06
#1274700
16
#1274800
06
#1274900
16
#1275000
06
#1275100
16
#1275200
06
#1275300
16
#1275400
06
#1275500
16
#1275600
06
#1275700
16
#1275800
06
#1275900
16
#1276000
06
#1276100
16
#1276200
06
#1276300
16
#1276400
06
#1276500
16
#1276600
06
#1276700
16
#1276800
06
#1276900
16
#1277000
06
#1277100
16
#1277200
06
#1277300
16
#1277400
06
#1277500
16
#1277600
06
#1277700
16
#1277800
06
#1277900
16
#1278000
06
#1278100
16
#1278200
06
#1278300
16
#1278400
06
#1278500
16
#1278600
06
#1278700
16
#1278800
06
#1278900
16
#1279000
06
#1279100
16
#1279200
06
#1279300
16
#1279400
06
#1279500
16
#1279600
06
#1279700
16
#1279800
06
#1279900
16
#1280000
06
#1280100
16
#1280200
06
#1280300
16
#1280400
06
#1280500
16
#1280600
06
#1280700
16
#1280800
06
#1280900
16
#1281000
06
#1281100
16
#1281200
06
#1281300
16
#1281400
06
#1281500
16
#1281600
06
#1281700
16
#1281800
06
#1281900
16
#1282000
06
#1282100
16
#1282200
06
#1282300
16
#1282400
06
#1282500
16
#1282600
06
#1282700
16
#1282800
06
#1282900
16
#1283000
06
#1283100
16
#1283200
06
#1283300
16
#1283400
06
#1283500
16
#1283600
06
#1283700
16
#1283800
06
#1283900
16
#1284000
06
#1284100
16
#1284200
06
#1284300
16
#1284400
06
#1284500
16
#1284600
06
#1284700
16
#1284800
06
#1284900
16
#1285000
06
#1285100
16
#1285200
06
#1285300
16
#1285400
06
#1285500
16
#1285600
06
#1285700
16
#1285800
06
#1285900
16
#1286000
06
#1286100
16
#1286200
06
#1286300
16
#1286400
06
#1286500
16
#1286600
06
#1286700
16
#1286800
06
#1286900
16
#1287000
06
#1287100
16
#1287200
06
#1287300
16
#1287400
06
#1287500
16
#1287600
06
#1287700
16
#1287800
06
#1287900
16
#1288000
06
#1288100
16
#1288200
06
#1288300
16
#1288400
06
#1288500
16
#1288600
06
#1288700
16
#1288800
06
#1288900
16
#1289000
06
#1289100
16
#1289200
06
#1289300
16
#1289400
06
#1289500
16
#1289600
06
#1289700
16
#1289800
06
#1289900
16
#1290000
06
#1290100
16
#1290200
06
#1290300
16
#1290400
06
#1290500
16
#1290600
06
#1290700
16
#1290800
06
#1290900
16
#1291000
06
#1291100
16
#1291200
06
#1291300
16
#1291400
06
#1291500
16
#1291600
06
#1291700
16
#1291800
06
#1291900
16
#1292000
06
#1292100
16
#1292200
06
#1292300
16
#1292400
06
#1292500
16
#1292600
06
#1292700
16
#1292800
06
#1292900
16
#1293000
06
#1293100
16
#1293200
06
#1293300
16
#1293400
06
#1293500
16
#1293600
06
#1293700
16
#1293800
06
#1293900
16
#1294000
06
#1294100
16
#1294200
06
#1294300
16
#1294400
06
#1294500
16
#1294600
06
#1294700
16
#1294800
06
#1294900
16
#1295000
06
#1295100
16
#1295200
06
#1295300
16
#1295400
06
#1295500
16
#1295600
06
#1295700
16
#1295800
06
#1295900
16
#1296000
06
#1296100
16
#1296200
06
#1296300
16
#1296400
06
#1296500
16
#1296600
06
#1296700
16
#1296800
06
#1296900
16
#1297000
06
#1297100
16
#1297200
06
#1297300
16
#1297400
06
#1297500
16
#1297600
06
#1297700
16
#1297800
06
#1297900
16
#1298000
06
#1298100
16
#1298200
06
#1298300
16
#1298400
06
#1298500
16
#1298600
06
#1298700
16
#1298800
06
#1298900
16
#1299000
06
#1299100
16
#1299200
06
#1299300
16
#1299400
06
#1299500
16
#1299600
06
#1299700
16
#1299800
06
#1299900
16
#1300000
06
#1300100
16
#1300200
06
#1300300
16
#1300400
06
#1300500
16
#1300600
06
#1300700
16
#1300800
06
#1300900
16
#1301000
06
#1301100
16
#1301200
06
#1301300
16
#1301400
06
#1301500
16
#1301600
06
#1301700
16
#1301800
06
#1301900
16
#1302000
06
#1302100
16
#1302200
06
#1302300
16
#1302400
06
#1302500
16
#1302600
06
#1302700
16
#1302800
06
#1302900
16
#1303000
06
#1303100
16
#1303200
06
#1303300
16
#1303400
06
#1303500
16
#1303600
06
#1303700
16
#1303800
06
#1303900
16
#1304000
06
#1304100
16
#1304200
06
#1304300
16
#1304400
06
#1304500
16
#1304600
06
#1304700
16
#1304800
06
#1304900
16
#1305000
06
#1305100
16
#1305200
06
#1305300
16
#1305400
06
#1305500
16
#1305600
06
#1305700
16
#1305800
06
#1305900
16
#1306000
06
#1306100
16
#1306200
06
#1306300
16
#1306400
06
#1306500
16
#1306600
06
#1306700
16
#1306800
06
#1306900
16
#1307000
06
#1307100
16
#1307200
06
#1307300
16
#1307400
06
#1307500
16
#1307600
06
#1307700
16
#1307800
06
#1307900
16
#1308000
06
#1308100
16
#1308200
06
#1308300
16
#1308400
06
#1308500
16
#1308600
06
#1308700
16
#1308800
06
#1308900
16
#1309000
06
#1309100
16
#1309200
06
#1309300
16
#1309400
06
#1309500
16
#1309600
06
#1309700
16
#1309800
06
#1309900
16
#1310000
06
#1310100
16
#1310200
06
#1310300
16
#1310400
06
#1310500
16
#1310600
06
#1310700
16
#1310800
06
#1310900
16
#1311000
06
#1311100
16
#1311200
06
#1311300
16
#1311400
06
#1311500
16
#1311600
06
#1311700
16
#1311800
06
#1311900
16
#1312000
06
#1312100
16
#1312200
06
#1312300
16
#1312400
06
#1312500
16
#1312600
06
#1312700
16
#1312800
06
#1312900
16
#1313000
06
#1313100
16
#1313200
06
#1313300
16
#1313400
06
#1313500
16
#1313600
06
#1313700
16
#1313800
06
#1313900
16
#1314000
06
#1314100
16
#1314200
06
#1314300
16
#1314400
06
#1314500
16
#1314600
06
#1314700
16
#1314800
06
#1314900
16
#1315000
06
#1315100
16
#1315200
06
#1315300
16
#1315400
06
#1315500
16
#1315600
06
#1315700
16
#1315800
06
#1315900
16
#1316000
06
#1316100
16
#1316200
06
#1316300
16
#1316400
06
#1316500
16
#1316600
06
#1316700
16
#1316800
06
#1316900
16
#1317000
06
#1317100
16
#1317200
06
#1317300
16
#1317400
06
#1317500
16
#1317600
06
#1317700
16
#1317800
06
#1317900
16
#1318000
06
#1318100
16
#1318200
06
#1318300
16
#1318400
06
#1318500
16
#1318600
06
#1318700
16
#1318800
06
#1318900
16
#1319000
06
#1319100
16
#1319200
06
#1319300
16
#1319400
06
#1319500
16
#1319600
06
#1319700
16
#1319800
06
#1319900
16
#1320000
06
#1320100
16
#1320200
06
#1320300
16
#1320400
06
#1320500
16
#1320600
06
#1320700
16
#1320800
06
#1320900
16
#1321000
06
#1321100
16
#1321200
06
#1321300
16
#1321400
06
#1321500
16
#1321600
06
#1321700
16
#1321800
06
#1321900
16
#1322000
06
#1322100
16
#1322200
06
#1322300
16
#1322400
06
#1322500
16
#1322600
06
#1322700
16
#1322800
06
#1322900
16
#1323000
06
#1323100
16
#1323200
06
#1323300
16
#1323400
06
#1323500
16
#1323600
06
#1323700
16
#1323800
06
#1323900
16
#1324000
06
#1324100
16
#1324200
06
#1324300
16
#1324400
06
#1324500
16
#1324600
06
#1324700
16
#1324800
06
#1324900
16
#1325000
06
#1325100
16
#1325200
06
#1325300
16
#1325400
06
#1325500
16
#1325600
06
#1325700
16
#1325800
06
#1325900
16
#1326000
06
#1326100
16
#1326200
06
#1326300
16
#1326400
06
#1326500
16
#1326600
06
#1326700
16
#1326800
06
#1326900
16
#1327000
06
#1327100
16
#1327200
06
#1327300
16
#1327400
06
#1327500
16
#1327600
06
#1327700
16
#1327800
06
#1327900
16
#1328000
06
#1328100
16
#1328200
06
#1328300
16
#1328400
06
#1328500
16
#1328600
06
#1328700
16
#1328800
06
#1328900
16
#1329000
06
#1329100
16
#1329200
06
#1329300
16
#1329400
06
#1329500
16
#1329600
06
#1329700
16
#1329800
06
#1329900
16
#1330000
06
#1330100
16
#1330200
06
#1330300
16
#1330400
06
#1330500
16
#1330600
06
#1330700
16
#1330800
06
#1330900
16
#1331000
06
#1331100
16
#1331200
06
#1331300
16
#1331400
06
#1331500
16
#1331600
06
#1331700
16
#1331800
06
#1331900
16
#1332000
06
#1332100
16
#1332200
06
#1332300
16
#1332400
06
#1332500
16
#1332600
06
#1332700
16
#1332800
06
#1332900
16
#1333000
06
#1333100
16
#1333200
06
#1333300
16
#1333400
06
#1333500
16
#1333600
06
#1333700
16
#1333800
06
#1333900
16
#1334000
06
#1334100
16
#1334200
06
#1334300
16
#1334400
06
#1334500
16
#1334600
06
#1334700
16
#1334800
06
#1334900
16
#1335000
06
#1335100
16
#1335200
06
#1335300
16
#1335400
06
#1335500
16
#1335600
06
#1335700
16
#1335800
06
#1335900
16
#1336000
06
#1336100
16
#1336200
06
#1336300
16
#1336400
06
#1336500
16
#1336600
06
#1336700
16
#1336800
06
#1336900
16
#1337000
06
#1337100
16
#1337200
06
#1337300
16
#1337400
06
#1337500
16
#1337600
06
#1337700
16
#1337800
06
#1337900
16
#1338000
06
#1338100
16
#1338200
06
#1338300
16
#1338400
06
#1338500
16
#1338600
06
#1338700
16
#1338800
06
#1338900
16
#1339000
06
#1339100
16
#1339200
06
#1339300
16
#1339400
06
#1339500
16
#1339600
06
#1339700
16
#1339800
06
#1339900
16
#1340000
06
#1340100
16
#1340200
06
#1340300
16
#1340400
06
#1340500
16
#1340600
06
#1340700
16
#1340800
06
#1340900
16
#1341000
06
#1341100
16
#1341200
06
#1341300
16
#1341400
06
#1341500
16
#1341600
06
#1341700
16
#1341800
06
#1341900
16
#1342000
06
#1342100
16
#1342200
06
#1342300
16
#1342400
06
#1342500
16
#1342600
06
#1342700
16
#1342800
06
#1342900
16
#1343000
06
#1343100
16
#1343200
06
#1343300
16
#1343400
06
#1343500
16
#1343600
06
#1343700
16
#1343800
06
#1343900
16
#1344000
06
#1344100
16
#1344200
06
#1344300
16
#1344400
06
#1344500
16
#1344600
06
#1344700
16
#1344800
06
#1344900
16
#1345000
06
#1345100
16
#1345200
06
#1345300
16
#1345400
06
#1345500
16
#1345600
06
#1345700
16
#1345800
06
#1345900
16
#1346000
06
#1346100
16
#1346200
06
#1346300
16
#1346400
06
#1346500
16
#1346600
06
#1346700
16
#1346800
06
#1346900
16
#1347000
06
#1347100
16
#1347200
06
#1347300
16
#1347400
06
#1347500
16
#1347600
06
#1347700
16
#1347800
06
#1347900
16
#1348000
06
#1348100
16
#1348200
06
#1348300
16
#1348400
06
#1348500
16
#1348600
06
#1348700
16
#1348800
06
#1348900
16
#1349000
06
#1349100
16
#1349200
06
#1349300
16
#1349400
06
#1349500
16
#1349600
06
#1349700
16
#1349800
06
#1349900
16
#1350000
06
#1350100
16
#1350200
06
#1350300
16
#1350400
06
#1350500
16
#1350600
06
#1350700
16
#1350800
06
#1350900
16
#1351000
06
#1351100
16
#1351200
06
#1351300
16
#1351400
06
#1351500
16
#1351600
06
#1351700
16
#1351800
06
#1351900
16
#1352000
06
#1352100
16
#1352200
06
#1352300
16
#1352400
06
#1352500
16
#1352600
06
#1352700
16
#1352800
06
#1352900
16
#1353000
06
#1353100
16
#1353200
06
#1353300
16
#1353400
06
#1353500
16
#1353600
06
#1353700
16
#1353800
06
#1353900
16
#1354000
06
#1354100
16
#1354200
06
#1354300
16
#1354400
06
#1354500
16
#1354600
06
#1354700
16
#1354800
06
#1354900
16
#1355000
06
#1355100
16
#1355200
06
#1355300
16
#1355400
06
#1355500
16
#1355600
06
#1355700
16
#1355800
06
#1355900
16
#1356000
06
#1356100
16
#1356200
06
#1356300
16
#1356400
06
#1356500
16
#1356600
06
#1356700
16
#1356800
06
#1356900
16
#1357000
06
#1357100
16
#1357200
06
#1357300
16
#1357400
06
#1357500
16
#1357600
06
#1357700
16
#1357800
06
#1357900
16
#1358000
06
#1358100
16
#1358200
06
#1358300
16
#1358400
06
#1358500
16
#1358600
06
#1358700
16
#1358800
06
#1358900
16
#1359000
06
#1359100
16
#1359200
06
#1359300
16
#1359400
06
#1359500
16
#1359600
06
#1359700
16
#1359800
06
#1359900
16
#1360000
06
#1360100
16
#1360200
06
#1360300
16
#1360400
06
#1360500
16
#1360600
06
#1360700
16
#1360800
06
#1360900
16
#1361000
06
#1361100
16
#1361200
06
#1361300
16
#1361400
06
#1361500
16
#1361600
06
#1361700
16
#1361800
06
#1361900
16
#1362000
06
#1362100
16
#1362200
06
#1362300
16
#1362400
06
#1362500
16
#1362600
06
#1362700
16
#1362800
06
#1362900
16
#1363000
06
#1363100
16
#1363200
06
#1363300
16
#1363400
06
#1363500
16
#1363600
06
#1363700
16
#1363800
06
#1363900
16
#1364000
06
#1364100
16
#1364200
06
#1364300
16
#1364400
06
#1364500
16
#1364600
06
#1364700
16
#1364800
06
#1364900
16
#1365000
06
#1365100
16
#1365200
06
#1365300
16
#1365400
06
#1365500
16
#1365600
06
#1365700
16
#1365800
06
#1365900
16
#1366000
06
#1366100
16
#1366200
06
#1366300
16
#1366400
06
#1366500
16
#1366600
06
#1366700
16
#1366800
06
#1366900
16
#1367000
06
#1367100
16
#1367200
06
#1367300
16
#1367400
06
#1367500
16
#1367600
06
#1367700
16
#1367800
06
#1367900
16
#1368000
06
#1368100
16
#1368200
06
#1368300
16
#1368400
06
#1368500
16
#1368600
06
#1368700
16
#1368800
06
#1368900
16
#1369000
06
#1369100
16
#1369200
06
#1369300
16
#1369400
06
#1369500
16
#1369600
06
#1369700
16
#1369800
06
#1369900
16
#1370000
06
#1370100
16
#1370200
06
#1370300
16
#1370400
06
#1370500
16
#1370600
06
#1370700
16
#1370800
06
#1370900
16
#1371000
06
#1371100
16
#1371200
06
#1371300
16
#1371400
06
#1371500
16
#1371600
06
#1371700
16
#1371800
06
#1371900
16
#1372000
06
#1372100
16
#1372200
06
#1372300
16
#1372400
06
#1372500
16
#1372600
06
#1372700
16
#1372800
06
#1372900
16
#1373000
06
#1373100
16
#1373200
06
#1373300
16
#1373400
06
#1373500
16
#1373600
06
#1373700
16
#1373800
06
#1373900
16
#1374000
06
#1374100
16
#1374200
06
#1374300
16
#1374400
06
#1374500
16
#1374600
06
#1374700
16
#1374800
06
#1374900
16
#1375000
06
#1375100
16
#1375200
06
#1375300
16
#1375400
06
#1375500
16
#1375600
06
#1375700
16
#1375800
06
#1375900
16
#1376000
06
#1376100
16
#1376200
06
#1376300
16
#1376400
06
#1376500
16
#1376600
06
#1376700
16
#1376800
06
#1376900
16
#1377000
06
#1377100
16
#1377200
06
#1377300
16
#1377400
06
#1377500
16
#1377600
06
#1377700
16
#1377800
06
#1377900
16
#1378000
06
#1378100
16
#1378200
06
#1378300
16
#1378400
06
#1378500
16
#1378600
06
#1378700
16
#1378800
06
#1378900
16
#1379000
06
#1379100
16
#1379200
06
#1379300
16
#1379400
06
#1379500
16
#1379600
06
#1379700
16
#1379800
06
#1379900
16
#1380000
06
#1380100
16
#1380200
06
#1380300
16
#1380400
06
#1380500
16
#1380600
06
#1380700
16
#1380800
06
#1380900
16
#1381000
06
#1381100
16
#1381200
06
#1381300
16
#1381400
06
#1381500
16
#1381600
06
#1381700
16
#1381800
06
#1381900
16
#1382000
06
#1382100
16
#1382200
06
#1382300
16
#1382400
06
#1382500
16
#1382600
06
#1382700
16
#1382800
06
#1382900
16
#1383000
06
#1383100
16
#1383200
06
#1383300
16
#1383400
06
#1383500
16
#1383600
06
#1383700
16
#1383800
06
#1383900
16
#1384000
06
#1384100
16
#1384200
06
#1384300
16
#1384400
06
#1384500
16
#1384600
06
#1384700
16
#1384800
06
#1384900
16
#1385000
06
#1385100
16
#1385200
06
#1385300
16
#1385400
06
#1385500
16
#1385600
06
#1385700
16
#1385800
06
#1385900
16
#1386000
06
#1386100
16
#1386200
06
#1386300
16
#1386400
06
#1386500
16
#1386600
06
#1386700
16
#1386800
06
#1386900
16
#1387000
06
#1387100
16
#1387200
06
#1387300
16
#1387400
06
#1387500
16
#1387600
06
#1387700
16
#1387800
06
#1387900
16
#1388000
06
#1388100
16
#1388200
06
#1388300
16
#1388400
06
#1388500
16
#1388600
06
#1388700
16
#1388800
06
#1388900
16
#1389000
06
#1389100
16
#1389200
06
#1389300
16
#1389400
06
#1389500
16
#1389600
06
#1389700
16
#1389800
06
#1389900
16
#1390000
06
#1390100
16
#1390200
06
#1390300
16
#1390400
06
#1390500
16
#1390600
06
#1390700
16
#1390800
06
#1390900
16
#1391000
06
#1391100
16
#1391200
06
#1391300
16
#1391400
06
#1391500
16
#1391600
06
#1391700
16
#1391800
06
#1391900
16
#1392000
06
#1392100
16
#1392200
06
#1392300
16
#1392400
06
#1392500
16
#1392600
06
#1392700
16
#1392800
06
#1392900
16
#1393000
06
#1393100
16
#1393200
06
#1393300
16
#1393400
06
#1393500
16
#1393600
06
#1393700
16
#1393800
06
#1393900
16
#1394000
06
#1394100
16
#1394200
06
#1394300
16
#1394400
06
#1394500
16
#1394600
06
#1394700
16
#1394800
06
#1394900
16
#1395000
06
#1395100
16
#1395200
06
#1395300
16
#1395400
06
#1395500
16
#1395600
06
#1395700
16
#1395800
06
#1395900
16
#1396000
06
#1396100
16
#1396200
06
#1396300
16
#1396400
06
#1396500
16
#1396600
06
#1396700
16
#1396800
06
#1396900
16
#1397000
06
#1397100
16
#1397200
06
#1397300
16
#1397400
06
#1397500
16
#1397600
06
#1397700
16
#1397800
06
#1397900
16
#1398000
06
#1398100
16
#1398200
06
#1398300
16
#1398400
06
#1398500
16
#1398600
06
#1398700
16
#1398800
06
#1398900
16
#1399000
06
#1399100
16
#1399200
06
#1399300
16
#1399400
06
#1399500
16
#1399600
06
#1399700
16
#1399800
06
#1399900
16
#1400000
06
#1400100
16
#1400200
06
#1400300
16
#1400400
06
#1400500
16
#1400600
06
#1400700
16
#1400800
06
#1400900
16
#1401000
06
#1401100
16
#1401200
06
#1401300
16
#1401400
06
#1401500
16
#1401600
06
#1401700
16
#1401800
06
#1401900
16
#1402000
06
#1402100
16
#1402200
06
#1402300
16
#1402400
06
#1402500
16
#1402600
06
#1402700
16
#1402800
06
#1402900
16
#1403000
06
#1403100
16
#1403200
06
#1403300
16
#1403400
06
#1403500
16
#1403600
06
#1403700
16
#1403800
06
#1403900
16
#1404000
06
#1404100
16
#1404200
06
#1404300
16
#1404400
06
#1404500
16
#1404600
06
#1404700
16
#1404800
06
#1404900
16
#1405000
06
#1405100
16
#1405200
06
#1405300
16
#1405400
06
#1405500
16
#1405600
06
#1405700
16
#1405800
06
#1405900
16
#1406000
06
#1406100
16
#1406200
06
#1406300
16
#1406400
06
#1406500
16
#1406600
06
#1406700
16
#1406800
06
#1406900
16
#1407000
06
#1407100
16
#1407200
06
#1407300
16
#1407400
06
#1407500
16
#1407600
06
#1407700
16
#1407800
06
#1407900
16
#1408000
06
#1408100
16
#1408200
06
#1408300
16
#1408400
06
#1408500
16
#1408600
06
#1408700
16
#1408800
06
#1408900
16
#1409000
06
#1409100
16
#1409200
06
#1409300
16
#1409400
06
#1409500
16
#1409600
06
#1409700
16
#1409800
06
#1409900
16
#1410000
06
#1410100
16
#1410200
06
#1410300
16
#1410400
06
#1410500
16
#1410600
06
#1410700
16
#1410800
06
#1410900
16
#1411000
06
#1411100
16
#1411200
06
#1411300
16
#1411400
06
#1411500
16
#1411600
06
#1411700
16
#1411800
06
#1411900
16
#1412000
06
#1412100
16
#1412200
06
#1412300
16
#1412400
06
#1412500
16
#1412600
06
#1412700
16
#1412800
06
#1412900
16
#1413000
06
#1413100
16
#1413200
06
#1413300
16
#1413400
06
#1413500
16
#1413600
06
#1413700
16
#1413800
06
#1413900
16
#1414000
06
#1414100
16
#1414200
06
#1414300
16
#1414400
06
#1414500
16
#1414600
06
#1414700
16
#1414800
06
#1414900
16
#1415000
06
#1415100
16
#1415200
06
#1415300
16
#1415400
06
#1415500
16
#1415600
06
#1415700
16
#1415800
06
#1415900
16
#1416000
06
#1416100
16
#1416200
06
#1416300
16
#1416400
06
#1416500
16
#1416600
06
#1416700
16
#1416800
06
#1416900
16
#1417000
06
#1417100
16
#1417200
06
#1417300
16
#1417400
06
#1417500
16
#1417600
06
#1417700
16
#1417800
06
#1417900
16
#1418000
06
#1418100
16
#1418200
06
#1418300
16
#1418400
06
#1418500
16
#1418600
06
#1418700
16
#1418800
06
#1418900
16
#1419000
06
#1419100
16
#1419200
06
#1419300
16
#1419400
06
#1419500
16
#1419600
06
#1419700
16
#1419800
06
#1419900
16
#1420000
06
#1420100
16
#1420200
06
#1420300
16
#1420400
06
#1420500
16
#1420600
06
#1420700
16
#1420800
06
#1420900
16
#1421000
06
#1421100
16
#1421200
06
#1421300
16
#1421400
06
#1421500
16
#1421600
06
#1421700
16
#1421800
06
#1421900
16
#1422000
06
#1422100
16
#1422200
06
#1422300
16
#1422400
06
#1422500
16
#1422600
06
#1422700
16
#1422800
06
#1422900
16
#1423000
06
#1423100
16
#1423200
06
#1423300
16
#1423400
06
#1423500
16
#1423600
06
#1423700
16
#1423800
06
#1423900
16
#1424000
06
#1424100
16
#1424200
06
#1424300
16
#1424400
06
#1424500
16
#1424600
06
#1424700
16
#1424800
06
#1424900
16
#1425000
06
#1425100
16
#1425200
06
#1425300
16
#1425400
06
#1425500
16
#1425600
06
#1425700
16
#1425800
06
#1425900
16
#1426000
06
#1426100
16
#1426200
06
#1426300
16
#1426400
06
#1426500
16
#1426600
06
#1426700
16
#1426800
06
#1426900
16
#1427000
06
#1427100
16
#1427200
06
#1427300
16
#1427400
06
#1427500
16
#1427600
06
#1427700
16
#1427800
06
#1427900
16
#1428000
06
#1428100
16
#1428200
06
#1428300
16
#1428400
06
#1428500
16
#1428600
06
#1428700
16
#1428800
06
#1428900
16
#1429000
06
#1429100
16
#1429200
06
#1429300
16
#1429400
06
#1429500
16
#1429600
06
#1429700
16
#1429800
06
#1429900
16
#1430000
06
#1430100
16
#1430200
06
#1430300
16
#1430400
06
#1430500
16
#1430600
06
#1430700
16
#1430800
06
#1430900
16
#1431000
06
#1431100
16
#1431200
06
#1431300
16
#1431400
06
#1431500
16
#1431600
06
#1431700
16
#1431800
06
#1431900
16
#1432000
06
#1432100
16
#1432200
06
#1432300
16
#1432400
06
#1432500
16
#1432600
06
#1432700
16
#1432800
06
#1432900
16
#1433000
06
#1433100
16
#1433200
06
#1433300
16
#1433400
06
#1433500
16
#1433600
06
#1433700
16
#1433800
06
#1433900
16
#1434000
06
#1434100
16
#1434200
06
#1434300
16
#1434400
06
#1434500
16
#1434600
06
#1434700
16
#1434800
06
#1434900
16
#1435000
06
#1435100
16
#1435200
06
#1435300
16
#1435400
06
#1435500
16
#1435600
06
#1435700
16
#1435800
06
#1435900
16
#1436000
06
#1436100
16
#1436200
06
#1436300
16
#1436400
06
#1436500
16
#1436600
06
#1436700
16
#1436800
06
#1436900
16
#1437000
06
#1437100
16
#1437200
06
#1437300
16
#1437400
06
#1437500
16
#1437600
06
#1437700
16
#1437800
06
#1437900
16
#1438000
06
#1438100
16
#1438200
06
#1438300
16
#1438400
06
#1438500
16
#1438600
06
#1438700
16
#1438800
06
#1438900
16
#1439000
06
#1439100
16
#1439200
06
#1439300
16
#1439400
06
#1439500
16
#1439600
06
#1439700
16
#1439800
06
#1439900
16
#1440000
06
#1440100
16
#1440200
06
#1440300
16
#1440400
06
#1440500
16
#1440600
06
#1440700
16
#1440800
06
#1440900
16
#1441000
06
#1441100
16
#1441200
06
#1441300
16
#1441400
06
#1441500
16
#1441600
06
#1441700
16
#1441800
06
#1441900
16
#1442000
06
#1442100
16
#1442200
06
#1442300
16
#1442400
06
#1442500
16
#1442600
06
#1442700
16
#1442800
06
#1442900
16
#1443000
06
#1443100
16
#1443200
06
#1443300
16
#1443400
06
#1443500
16
#1443600
06
#1443700
16
#1443800
06
#1443900
16
#1444000
06
#1444100
16
#1444200
06
#1444300
16
#1444400
06
#1444500
16
#1444600
06
#1444700
16
#1444800
06
#1444900
16
#1445000
06
#1445100
16
#1445200
06
#1445300
16
#1445400
06
#1445500
16
#1445600
06
#1445700
16
#1445800
06
#1445900
16
#1446000
06
#1446100
16
#1446200
06
#1446300
16
#1446400
06
#1446500
16
#1446600
06
#1446700
16
#1446800
06
#1446900
16
#1447000
06
#1447100
16
#1447200
06
#1447300
16
#1447400
06
#1447500
16
#1447600
06
#1447700
16
#1447800
06
#1447900
16
#1448000
06
#1448100
16
#1448200
06
#1448300
16
#1448400
06
#1448500
16
#1448600
06
#1448700
16
#1448800
06
#1448900
16
#1449000
06
#1449100
16
#1449200
06
#1449300
16
#1449400
06
#1449500
16
#1449600
06
#1449700
16
#1449800
06
#1449900
16
#1450000
06
#1450100
16
#1450200
06
#1450300
16
#1450400
06
#1450500
16
#1450600
06
#1450700
16
#1450800
06
#1450900
16
#1451000
06
#1451100
16
#1451200
06
#1451300
16
#1451400
06
#1451500
16
#1451600
06
#1451700
16
#1451800
06
#1451900
16
#1452000
06
#1452100
16
#1452200
06
#1452300
16
#1452400
06
#1452500
16
#1452600
06
#1452700
16
#1452800
06
#1452900
16
#1453000
06
#1453100
16
#1453200
06
#1453300
16
#1453400
06
#1453500
16
#1453600
06
#1453700
16
#1453800
06
#1453900
16
#1454000
06
#1454100
16
#1454200
06
#1454300
16
#1454400
06
#1454500
16
#1454600
06
#1454700
16
#1454800
06
#1454900
16
#1455000
06
#1455100
16
#1455200
06
#1455300
16
#1455400
06
#1455500
16
#1455600
06
#1455700
16
#1455800
06
#1455900
16
#1456000
06
#1456100
16
#1456200
06
#1456300
16
#1456400
06
#1456500
16
#1456600
06
#1456700
16
#1456800
06
#1456900
16
#1457000
06
#1457100
16
#1457200
06
#1457300
16
#1457400
06
#1457500
16
#1457600
06
#1457700
16
#1457800
06
#1457900
16
#1458000
06
#1458100
16
#1458200
06
#1458300
16
#1458400
06
#1458500
16
#1458600
06
#1458700
16
#1458800
06
#1458900
16
#1459000
06
#1459100
16
#1459200
06
#1459300
16
#1459400
06
#1459500
16
#1459600
06
#1459700
16
#1459800
06
#1459900
16
#1460000
06
#1460100
16
#1460200
06
#1460300
16
#1460400
06
#1460500
16
#1460600
06
#1460700
16
#1460800
06
#1460900
16
#1461000
06
#1461100
16
#1461200
06
#1461300
16
#1461400
06
#1461500
16
#1461600
06
#1461700
16
#1461800
06
#1461900
16
#1462000
06
#1462100
16
#1462200
06
#1462300
16
#1462400
06
#1462500
16
#1462600
06
#1462700
16
#1462800
06
#1462900
16
#1463000
06
#1463100
16
#1463200
06
#1463300
16
#1463400
06
#1463500
16
#1463600
06
#1463700
16
#1463800
06
#1463900
16
#1464000
06
#1464100
16
#1464200
06
#1464300
16
#1464400
06
#1464500
16
#1464600
06
#1464700
16
#1464800
06
#1464900
16
#1465000
06
#1465100
16
#1465200
06
#1465300
16
#1465400
06
#1465500
16
#1465600
06
#1465700
16
#1465800
06
#1465900
16
#1466000
06
#1466100
16
#1466200
06
#1466300
16
#1466400
06
#1466500
16
#1466600
06
#1466700
16
#1466800
06
#1466900
16
#1467000
06
#1467100
16
#1467200
06
#1467300
16
#1467400
06
#1467500
16
#1467600
06
#1467700
16
#1467800
06
#1467900
16
#1468000
06
#1468100
16
#1468200
06
#1468300
16
#1468400
06
#1468500
16
#1468600
06
#1468700
16
#1468800
06
#1468900
16
#1469000
06
#1469100
16
#1469200
06
#1469300
16
#1469400
06
#1469500
16
#1469600
06
#1469700
16
#1469800
06
#1469900
16
#1470000
06
#1470100
16
#1470200
06
#1470300
16
#1470400
06
#1470500
16
#1470600
06
#1470700
16
#1470800
06
#1470900
16
#1471000
06
#1471100
16
#1471200
06
#1471300
16
#1471400
06
#1471500
16
#1471600
06
#1471700
16
#1471800
06
#1471900
16
#1472000
06
#1472100
16
#1472200
06
#1472300
16
#1472400
06
#1472500
16
#1472600
06
#1472700
16
#1472800
06
#1472900
16
#1473000
06
#1473100
16
#1473200
06
#1473300
16
#1473400
06
#1473500
16
#1473600
06
#1473700
16
#1473800
06
#1473900
16
#1474000
06
#1474100
16
#1474200
06
#1474300
16
#1474400
06
#1474500
16
#1474600
06
#1474700
16
#1474800
06
#1474900
16
#1475000
06
#1475100
16
#1475200
06
#1475300
16
#1475400
06
#1475500
16
#1475600
06
#1475700
16
#1475800
06
#1475900
16
#1476000
06
#1476100
16
#1476200
06
#1476300
16
#1476400
06
#1476500
16
#1476600
06
#1476700
16
#1476800
06
#1476900
16
#1477000
06
#1477100
16
#1477200
06
#1477300
16
#1477400
06
#1477500
16
#1477600
06
#1477700
16
#1477800
06
#1477900
16
#1478000
06
#1478100
16
#1478200
06
#1478300
16
#1478400
06
#1478500
16
#1478600
06
#1478700
16
#1478800
06
#1478900
16
#1479000
06
#1479100
16
#1479200
06
#1479300
16
#1479400
06
#1479500
16
#1479600
06
#1479700
16
#1479800
06
#1479900
16
#1480000
06
#1480100
16
#1480200
06
#1480300
16
#1480400
06
#1480500
16
#1480600
06
#1480700
16
#1480800
06
#1480900
16
#1481000
06
#1481100
16
#1481200
06
#1481300
16
#1481400
06
#1481500
16
#1481600
06
#1481700
16
#1481800
06
#1481900
16
#1482000
06
#1482100
16
#1482200
06
#1482300
16
#1482400
06
#1482500
16
#1482600
06
#1482700
16
#1482800
06
#1482900
16
#1483000
06
#1483100
16
#1483200
06
#1483300
16
#1483400
06
#1483500
16
#1483600
06
#1483700
16
#1483800
06
#1483900
16
#1484000
06
#1484100
16
#1484200
06
#1484300
16
#1484400
06
#1484500
16
#1484600
06
#1484700
16
#1484800
06
#1484900
16
#1485000
06
#1485100
16
#1485200
06
#1485300
16
#1485400
06
#1485500
16
#1485600
06
#1485700
16
#1485800
06
#1485900
16
#1486000
06
#1486100
16
#1486200
06
#1486300
16
#1486400
06
#1486500
16
#1486600
06
#1486700
16
#1486800
06
#1486900
16
#1487000
06
#1487100
16
#1487200
06
#1487300
16
#1487400
06
#1487500
16
#1487600
06
#1487700
16
#1487800
06
#1487900
16
#1488000
06
#1488100
16
#1488200
06
#1488300
16
#1488400
06
#1488500
16
#1488600
06
#1488700
16
#1488800
06
#1488900
16
#1489000
06
#1489100
16
#1489200
06
#1489300
16
#1489400
06
#1489500
16
#1489600
06
#1489700
16
#1489800
06
#1489900
16
#1490000
06
#1490100
16
#1490200
06
#1490300
16
#1490400
06
#1490500
16
#1490600
06
#1490700
16
#1490800
06
#1490900
16
#1491000
06
#1491100
16
#1491200
06
#1491300
16
#1491400
06
#1491500
16
#1491600
06
#1491700
16
#1491800
06
#1491900
16
#1492000
06
#1492100
16
#1492200
06
#1492300
16
#1492400
06
#1492500
16
#1492600
06
#1492700
16
#1492800
06
#1492900
16
#1493000
06
#1493100
16
#1493200
06
#1493300
16
#1493400
06
#1493500
16
#1493600
06
#1493700
16
#1493800
06
#1493900
16
#1494000
06
#1494100
16
#1494200
06
#1494300
16
#1494400
06
#1494500
16
#1494600
06
#1494700
16
#1494800
06
#1494900
16
#1495000
06
#1495100
16
#1495200
06
#1495300
16
#1495400
06
#1495500
16
#1495600
06
#1495700
16
#1495800
06
#1495900
16
#1496000
06
#1496100
16
#1496200
06
#1496300
16
#1496400
06
#1496500
16
#1496600
06
#1496700
16
#1496800
06
#1496900
16
#1497000
06
#1497100
16
#1497200
06
#1497300
16
#1497400
06
#1497500
16
#1497600
06
#1497700
16
#1497800
06
#1497900
16
#1498000
06
#1498100
16
#1498200
06
#1498300
16
#1498400
06
#1498500
16
#1498600
06
#1498700
16
#1498800
06
#1498900
16
#1499000
06
#1499100
16
#1499200
06
#1499300
16
#1499400
06
#1499500
16
#1499600
06
#1499700
16
#1499800
06
#1499900
16
#1500000
06
#1500100
16
#1500200
06
#1500300
16
#1500400
06
#1500500
16
#1500600
06
#1500700
16
#1500800
06
#1500900
16
#1501000
06
#1501100
16
#1501200
06
#1501300
16
#1501400
06
#1501500
16
#1501600
06
#1501700
16
#1501800
06
#1501900
16
#1502000
06
#1502100
16
#1502200
06
#1502300
16
#1502400
06
#1502500
16
#1502600
06
#1502700
16
#1502800
06
#1502900
16
#1503000
06
#1503100
16
#1503200
06
#1503300
16
#1503400
06
#1503500
16
#1503600
06
#1503700
16
#1503800
06
#1503900
16
#1504000
06
#1504100
16
#1504200
06
#1504300
16
#1504400
06
#1504500
16
#1504600
06
#1504700
16
#1504800
06
#1504900
16
#1505000
06
#1505100
16
#1505200
06
#1505300
16
#1505400
06
#1505500
16
#1505600
06
#1505700
16
#1505800
06
#1505900
16
#1506000
06
#1506100
16
#1506200
06
#1506300
16
#1506400
06
#1506500
16
#1506600
06
#1506700
16
#1506800
06
#1506900
16
#1507000
06
#1507060
1/
#1507100
1E
16
#1507200
06
#1507300
1K
16
#1507400
06
#1507500
18
1L
16
#1507600
06
#1507700
08
b1010 %
b1010 F
1M
16
#1507800
06
#1507900
16
#1508000
06
#1508100
16
#1508200
06
#1508300
16
#1508400
06
#1508500
16
#1508600
06
#1508700
16
#1508800
06
#1508900
16
#1509000
06
#1509100
16
#1509200
06
#1509300
16
#1509400
06
#1509500
16
#1509600
06
#1509700
16
#1509800
06
#1509900
16
#1510000
06
#1510100
16
#1510200
06
#1510300
16
#1510400
06
#1510500
16
#1510600
06
#1510700
16
#1510800
06
#1510900
16
#1511000
06
#1511100
16
#1511200
06
#1511300
16
#1511400
06
#1511500
16
#1511600
06
#1511700
16
#1511800
06
#1511900
16
#1512000
06
#1512100
16
#1512200
06
#1512300
16
#1512400
06
#1512500
16
#1512600
06
#1512700
16
#1512800
06
#1512900
16
#1513000
06
#1513100
16
#1513200
06
#1513300
16
#1513400
06
#1513500
16
#1513600
06
#1513700
16
#1513800
06
#1513900
16
#1514000
06
#1514100
16
#1514200
06
#1514300
16
#1514400
06
#1514500
16
#1514600
06
#1514700
16
#1514800
06
#1514900
16
#1515000
06
#1515100
16
#1515200
06
#1515300
16
#1515400
06
#1515500
16
#1515600
06
#1515700
16
#1515800
06
#1515900
16
#1516000
06
#1516100
16
#1516200
06
#1516300
16
#1516400
06
#1516500
16
#1516600
06
#1516700
16
#1516800
06
#1516900
16
#1517000
06
#1517100
16
#1517200
06
#1517300
16
#1517400
06
#1517500
16
#1517600
06
#1517700
16
#1517800
06
#1517900
16
#1518000
06
#1518100
16
#1518200
06
#1518300
16
#1518400
06
#1518500
16
#1518600
06
#1518700
16
#1518800
06
#1518900
16
#1519000
06
#1519100
16
#1519200
06
#1519300
16
#1519400
06
#1519500
16
#1519600
06
#1519700
16
#1519800
06
#1519900
16
#1520000
06
#1520100
16
#1520200
06
#1520300
16
#1520400
06
#1520500
16
#1520600
06
#1520700
16
#1520800
06
#1520900
16
#1521000
06
#1521100
16
#1521200
06
#1521300
16
#1521400
06
#1521500
16
#1521600
06
#1521700
16
#1521800
06
#1521900
16
#1522000
06
#1522100
16
#1522200
06
#1522300
16
#1522400
06
#1522500
16
#1522600
06
#1522700
16
#1522800
06
#1522900
16
#1523000
06
#1523100
16
#1523200
06
#1523300
16
#1523400
06
#1523500
16
#1523600
06
#1523700
16
#1523800
06
#1523900
16
#1524000
06
#1524100
16
#1524200
06
#1524300
16
#1524400
06
#1524500
16
#1524600
06
#1524700
16
#1524800
06
#1524900
16
#1525000
06
#1525100
16
#1525200
06
#1525300
16
#1525400
06
#1525500
16
#1525600
06
#1525700
16
#1525800
06
#1525900
16
#1526000
06
#1526100
16
#1526200
06
#1526300
16
#1526400
06
#1526500
16
#1526600
06
#1526700
16
#1526800
06
#1526900
16
#1527000
06
#1527100
16
#1527200
06
#1527300
16
#1527400
06
#1527500
16
#1527600
06
#1527700
16
#1527800
06
#1527900
16
#1528000
06
#1528100
16
#1528200
06
#1528300
16
#1528400
06
#1528500
16
#1528600
06
#1528700
16
#1528800
06
#1528900
16
#1529000
06
#1529100
16
#1529200
06
#1529300
16
#1529400
06
#1529500
16
#1529600
06
#1529700
16
#1529800
06
#1529900
16
#1530000
06
#1530100
16
#1530200
06
#1530300
16
#1530400
06
#1530500
16
#1530600
06
#1530700
16
#1530800
06
#1530900
16
#1531000
06
#1531100
16
#1531200
06
#1531300
16
#1531400
06
#1531500
16
#1531600
06
#1531700
16
#1531800
06
#1531900
16
#1532000
06
#1532100
16
#1532200
06
#1532300
16
#1532400
06
#1532500
16
#1532600
06
#1532700
16
#1532800
06
#1532900
16
#1533000
06
#1533100
16
#1533200
06
#1533300
16
#1533400
06
#1533500
16
#1533600
06
#1533700
16
#1533800
06
#1533900
16
#1534000
06
#1534100
16
#1534200
06
#1534300
16
#1534400
06
#1534500
16
#1534600
06
#1534700
16
#1534800
06
#1534900
16
#1535000
06
#1535100
16
#1535200
06
#1535300
16
#1535400
06
#1535500
16
#1535600
06
#1535700
16
#1535800
06
#1535900
16
#1536000
06
#1536100
16
#1536200
06
#1536300
16
#1536400
06
#1536500
16
#1536600
06
#1536700
16
#1536800
06
#1536900
16
#1537000
06
#1537100
16
#1537200
06
#1537300
16
#1537400
06
#1537500
16
#1537600
06
#1537700
16
#1537800
06
#1537900
16
#1538000
06
#1538100
16
#1538200
06
#1538300
16
#1538400
06
#1538500
16
#1538600
06
#1538700
16
#1538800
06
#1538900
16
#1539000
06
#1539100
16
#1539200
06
#1539300
16
#1539400
06
#1539500
16
#1539600
06
#1539700
16
#1539800
06
#1539900
16
#1540000
06
#1540100
16
#1540200
06
#1540300
16
#1540400
06
#1540500
16
#1540600
06
#1540700
16
#1540800
06
#1540900
16
#1541000
06
#1541100
16
#1541200
06
#1541300
16
#1541400
06
#1541500
16
#1541600
06
#1541700
16
#1541800
06
#1541900
16
#1542000
06
#1542100
16
#1542200
06
#1542300
16
#1542400
06
#1542500
16
#1542600
06
#1542700
16
#1542800
06
#1542900
16
#1543000
06
#1543100
16
#1543200
06
#1543300
16
#1543400
06
#1543500
16
#1543600
06
#1543700
16
#1543800
06
#1543900
16
#1544000
06
#1544100
16
#1544200
06
#1544300
16
#1544400
06
#1544500
16
#1544600
06
#1544700
16
#1544800
06
#1544900
16
#1545000
06
#1545100
16
#1545200
06
#1545300
16
#1545400
06
#1545500
16
#1545600
06
#1545700
16
#1545800
06
#1545900
16
#1546000
06
#1546100
16
#1546200
06
#1546300
16
#1546400
06
#1546500
16
#1546600
06
#1546700
16
#1546800
06
#1546900
16
#1547000
06
#1547100
16
#1547200
06
#1547300
16
#1547400
06
#1547500
16
#1547600
06
#1547700
16
#1547800
06
#1547900
16
#1548000
06
#1548100
16
#1548200
06
#1548300
16
#1548400
06
#1548500
16
#1548600
06
#1548700
16
#1548800
06
#1548900
16
#1549000
06
#1549100
16
#1549200
06
#1549300
16
#1549400
06
#1549500
16
#1549600
06
#1549700
16
#1549800
06
#1549900
16
#1550000
06
#1550100
16
#1550200
06
#1550300
16
#1550400
06
#1550500
16
#1550600
06
#1550700
16
#1550800
06
#1550900
16
#1551000
06
#1551100
16
#1551200
06
#1551300
16
#1551400
06
#1551500
16
#1551600
06
#1551700
16
#1551800
06
#1551900
16
#1552000
06
#1552100
16
#1552200
06
#1552300
16
#1552400
06
#1552500
16
#1552600
06
#1552700
16
#1552800
06
#1552900
16
#1553000
06
#1553100
16
#1553200
06
#1553300
16
#1553400
06
#1553500
16
#1553600
06
#1553700
16
#1553800
06
#1553900
16
#1554000
06
#1554100
16
#1554200
06
#1554300
16
#1554400
06
#1554500
16
#1554600
06
#1554700
16
#1554800
06
#1554900
16
#1555000
06
#1555100
16
#1555200
06
#1555300
16
#1555400
06
#1555500
16
#1555600
06
#1555700
16
#1555800
06
#1555900
16
#1556000
06
#1556100
16
#1556200
06
#1556300
16
#1556400
06
#1556500
16
#1556600
06
#1556700
16
#1556800
06
#1556900
16
#1557000
06
#1557100
16
#1557200
06
#1557300
16
#1557400
06
#1557500
16
#1557600
06
#1557700
16
#1557800
06
#1557900
16
#1558000
06
#1558100
16
#1558200
06
#1558300
16
#1558400
06
#1558500
16
#1558600
06
#1558700
16
#1558800
06
#1558900
16
#1559000
06
#1559100
16
#1559200
06
#1559300
16
#1559400
06
#1559500
16
#1559600
06
#1559700
16
#1559800
06
#1559900
16
#1560000
06
#1560100
16
#1560200
06
#1560300
16
#1560400
06
#1560500
16
#1560600
06
#1560700
16
#1560800
06
#1560900
16
#1561000
06
#1561100
16
#1561200
06
#1561300
16
#1561400
06
#1561500
16
#1561600
06
#1561700
16
#1561800
06
#1561900
16
#1562000
06
#1562100
16
#1562200
06
#1562300
16
#1562400
06
#1562500
16
#1562600
06
#1562700
16
#1562800
06
#1562900
16
#1563000
06
#1563100
16
#1563200
06
#1563300
16
#1563400
06
#1563500
16
#1563600
06
#1563700
16
#1563800
06
#1563900
16
#1564000
06
#1564100
16
#1564200
06
#1564300
16
#1564400
06
#1564500
16
#1564600
06
#1564700
16
#1564800
06
#1564900
16
#1565000
06
#1565100
16
#1565200
06
#1565300
16
#1565400
06
#1565500
16
#1565600
06
#1565700
16
#1565800
06
#1565900
16
#1566000
06
#1566100
16
#1566200
06
#1566300
16
#1566400
06
#1566500
16
#1566600
06
#1566700
16
#1566800
06
#1566900
16
#1567000
06
#1567100
16
#1567200
06
#1567300
16
#1567400
06
#1567500
16
#1567600
06
#1567700
16
#1567800
06
#1567900
16
#1568000
06
#1568100
16
#1568200
06
#1568300
16
#1568400
06
#1568500
16
#1568600
06
#1568700
16
#1568800
06
#1568900
16
#1569000
06
#1569100
16
#1569200
06
#1569300
16
#1569400
06
#1569500
16
#1569600
06
#1569700
16
#1569800
06
#1569900
16
#1570000
06
#1570100
16
#1570200
06
#1570300
16
#1570400
06
#1570500
16
#1570600
06
#1570700
16
#1570800
06
#1570900
16
#1571000
06
#1571100
16
#1571200
06
#1571300
16
#1571400
06
#1571500
16
#1571600
06
#1571700
16
#1571800
06
#1571900
16
#1572000
06
#1572100
16
#1572200
06
#1572300
16
#1572400
06
#1572500
16
#1572600
06
#1572700
16
#1572800
06
#1572900
16
#1573000
06
#1573100
16
#1573200
06
#1573300
16
#1573400
06
#1573500
16
#1573600
06
#1573700
16
#1573800
06
#1573900
16
#1574000
06
#1574100
16
#1574200
06
#1574300
16
#1574400
06
#1574500
16
#1574600
06
#1574700
16
#1574800
06
#1574900
16
#1575000
06
#1575100
16
#1575200
06
#1575300
16
#1575400
06
#1575500
16
#1575600
06
#1575700
16
#1575800
06
#1575900
16
#1576000
06
#1576100
16
#1576200
06
#1576300
16
#1576400
06
#1576500
16
#1576600
06
#1576700
16
#1576800
06
#1576900
16
#1577000
06
#1577100
16
#1577200
06
#1577300
16
#1577400
06
#1577500
16
#1577600
06
#1577700
16
#1577800
06
#1577900
16
#1578000
06
#1578100
16
#1578200
06
#1578300
16
#1578400
06
#1578500
16
#1578600
06
#1578700
16
#1578800
06
#1578900
16
#1579000
06
#1579100
16
#1579200
06
#1579300
16
#1579400
06
#1579500
16
#1579600
06
#1579700
16
#1579800
06
#1579900
16
#1580000
06
#1580100
16
#1580200
06
#1580300
16
#1580400
06
#1580500
16
#1580600
06
#1580700
16
#1580800
06
#1580900
16
#1581000
06
#1581100
16
#1581200
06
#1581300
16
#1581400
06
#1581500
16
#1581600
06
#1581700
16
#1581800
06
#1581900
16
#1582000
06
#1582100
16
#1582200
06
#1582300
16
#1582400
06
#1582500
16
#1582600
06
#1582700
16
#1582800
06
#1582900
16
#1583000
06
#1583100
16
#1583200
06
#1583300
16
#1583400
06
#1583500
16
#1583600
06
#1583700
16
#1583800
06
#1583900
16
#1584000
06
#1584100
16
#1584200
06
#1584300
16
#1584400
06
#1584500
16
#1584600
06
#1584700
16
#1584800
06
#1584900
16
#1585000
06
#1585100
16
#1585200
06
#1585300
16
#1585400
06
#1585500
16
#1585600
06
#1585700
16
#1585800
06
#1585900
16
#1586000
06
#1586100
16
#1586200
06
#1586300
16
#1586400
06
#1586500
16
#1586600
06
#1586700
16
#1586800
06
#1586900
16
#1587000
06
#1587100
16
#1587200
06
#1587300
16
#1587400
06
#1587500
16
#1587600
06
#1587700
16
#1587800
06
#1587900
16
#1588000
06
#1588100
16
#1588200
06
#1588300
16
#1588400
06
#1588500
16
#1588600
06
#1588700
16
#1588800
06
#1588900
16
#1589000
06
#1589100
16
#1589200
06
#1589300
16
#1589400
06
#1589500
16
#1589600
06
#1589700
16
#1589800
06
#1589900
16
#1590000
06
#1590100
16
#1590200
06
#1590300
16
#1590400
06
#1590500
16
#1590600
06
#1590700
16
#1590800
06
#1590900
16
#1591000
06
#1591100
16
#1591200
06
#1591300
16
#1591400
06
#1591500
16
#1591600
06
#1591700
16
#1591800
06
#1591900
16
#1592000
06
#1592100
16
#1592200
06
#1592300
16
#1592400
06
#1592500
16
#1592600
06
#1592700
16
#1592800
06
#1592900
16
#1593000
06
#1593100
16
#1593200
06
#1593300
16
#1593400
06
#1593500
16
#1593600
06
#1593700
16
#1593800
06
#1593900
16
#1594000
06
#1594100
16
#1594200
06
#1594300
16
#1594400
06
#1594500
16
#1594600
06
#1594700
16
#1594800
06
#1594900
16
#1595000
06
#1595100
16
#1595200
06
#1595300
16
#1595400
06
#1595500
16
#1595600
06
#1595700
16
#1595800
06
#1595900
16
#1596000
06
#1596100
16
#1596200
06
#1596300
16
#1596400
06
#1596500
16
#1596600
06
#1596700
16
#1596800
06
#1596900
16
#1597000
06
#1597100
16
#1597200
06
#1597300
16
#1597400
06
#1597500
16
#1597600
06
#1597700
16
#1597800
06
#1597900
16
#1598000
06
#1598100
16
#1598200
06
#1598300
16
#1598400
06
#1598500
16
#1598600
06
#1598700
16
#1598800
06
#1598900
16
#1599000
06
#1599100
16
#1599200
06
#1599300
16
#1599400
06
#1599500
16
#1599600
06
#1599700
16
#1599800
06
#1599900
16
#1600000
06
#1600100
16
#1600200
06
#1600300
16
#1600400
06
#1600500
16
#1600600
06
#1600700
16
#1600800
06
#1600900
16
#1601000
06
#1601100
16
#1601200
06
#1601300
16
#1601400
06
#1601500
16
#1601600
06
#1601700
16
#1601800
06
#1601900
16
#1602000
06
#1602100
16
#1602200
06
#1602300
16
#1602400
06
#1602500
16
#1602600
06
#1602700
16
#1602800
06
#1602900
16
#1603000
06
#1603100
16
#1603200
06
#1603300
16
#1603400
06
#1603500
16
#1603600
06
#1603700
16
#1603800
06
#1603900
16
#1604000
06
#1604100
16
#1604200
06
#1604300
16
#1604400
06
#1604500
16
#1604600
06
#1604700
16
#1604800
06
#1604900
16
#1605000
06
#1605100
16
#1605200
06
#1605300
16
#1605400
06
#1605500
16
#1605600
06
#1605700
16
#1605800
06
#1605900
16
#1606000
06
#1606100
16
#1606200
06
#1606300
16
#1606400
06
#1606500
16
#1606600
06
#1606700
16
#1606800
06
#1606900
16
#1607000
06
#1607100
16
#1607200
06
#1607300
16
#1607400
06
#1607500
16
#1607600
06
#1607700
16
#1607800
06
#1607900
16
#1608000
06
#1608100
16
#1608200
06
#1608300
16
#1608400
06
#1608500
16
#1608600
06
#1608700
16
#1608800
06
#1608900
16
#1609000
06
#1609100
16
#1609200
06
#1609300
16
#1609400
06
#1609500
16
#1609600
06
#1609700
16
#1609800
06
#1609900
16
#1610000
06
#1610100
16
#1610200
06
#1610300
16
#1610400
06
#1610500
16
#1610600
06
#1610700
16
#1610800
06
#1610900
16
#1611000
06
#1611100
16
#1611200
06
#1611300
16
#1611400
06
#1611500
16
#1611600
06
#1611700
16
#1611800
06
#1611900
16
#1612000
06
#1612100
16
#1612200
06
#1612300
16
#1612400
06
#1612500
16
#1612600
06
#1612700
16
#1612800
06
#1612900
16
#1613000
06
#1613100
16
#1613200
06
#1613300
16
#1613400
06
#1613500
16
#1613600
06
#1613700
16
#1613800
06
#1613900
16
#1614000
06
#1614100
16
#1614200
06
#1614300
16
#1614400
06
#1614500
16
#1614600
06
#1614700
16
#1614800
06
#1614900
16
#1615000
06
#1615100
16
#1615200
06
#1615300
16
#1615400
06
#1615500
16
#1615600
06
#1615700
16
#1615800
06
#1615900
16
#1616000
06
#1616100
16
#1616200
06
#1616300
16
#1616400
06
#1616500
16
#1616600
06
#1616700
16
#1616800
06
#1616900
16
#1617000
06
#1617100
16
#1617200
06
#1617300
16
#1617400
06
#1617500
16
#1617600
06
#1617700
16
#1617800
06
#1617900
16
#1618000
06
#1618100
16
#1618200
06
#1618300
16
#1618400
06
#1618500
16
#1618600
06
#1618700
16
#1618800
06
#1618900
16
#1619000
06
#1619100
16
#1619200
06
#1619300
16
#1619400
06
#1619500
16
#1619600
06
#1619700
16
#1619800
06
#1619900
16
#1620000
06
#1620100
16
#1620200
06
#1620300
16
#1620400
06
#1620500
16
#1620600
06
#1620700
16
#1620800
06
#1620900
16
#1621000
06
#1621100
16
#1621200
06
#1621300
16
#1621400
06
#1621500
16
#1621600
06
#1621700
16
#1621800
06
#1621900
16
#1622000
06
#1622100
16
#1622200
06
#1622300
16
#1622400
06
#1622500
16
#1622600
06
#1622700
16
#1622800
06
#1622900
16
#1623000
06
#1623100
16
#1623200
06
#1623300
16
#1623400
06
#1623500
16
#1623600
06
#1623700
16
#1623800
06
#1623900
16
#1624000
06
#1624100
16
#1624200
06
#1624300
16
#1624400
06
#1624500
16
#1624600
06
#1624700
16
#1624800
06
#1624900
16
#1625000
06
#1625100
16
#1625200
06
#1625300
16
#1625400
06
#1625500
16
#1625600
06
#1625700
16
#1625800
06
#1625900
16
#1626000
06
#1626100
16
#1626200
06
#1626300
16
#1626400
06
#1626500
16
#1626600
06
#1626700
16
#1626800
06
#1626900
16
#1627000
06
#1627100
16
#1627200
06
#1627300
16
#1627400
06
#1627500
16
#1627600
06
#1627700
16
#1627800
06
#1627900
16
#1628000
06
#1628100
16
#1628200
06
#1628300
16
#1628400
06
#1628500
16
#1628600
06
#1628700
16
#1628800
06
#1628900
16
#1629000
06
#1629100
16
#1629200
06
#1629300
16
#1629400
06
#1629500
16
#1629600
06
#1629700
16
#1629800
06
#1629900
16
#1630000
06
#1630100
16
#1630200
06
#1630300
16
#1630400
06
#1630500
16
#1630600
06
#1630700
16
#1630800
06
#1630900
16
#1631000
06
#1631100
16
#1631200
06
#1631300
16
#1631400
06
#1631500
16
#1631600
06
#1631700
16
#1631800
06
#1631900
16
#1632000
06
#1632100
16
#1632200
06
#1632300
16
#1632400
06
#1632500
16
#1632600
06
#1632700
16
#1632800
06
#1632900
16
#1633000
06
#1633100
16
#1633200
06
#1633300
16
#1633400
06
#1633500
16
#1633600
06
#1633700
16
#1633800
06
#1633900
16
#1634000
06
#1634100
16
#1634200
06
#1634300
16
#1634400
06
#1634500
16
#1634600
06
#1634700
16
#1634800
06
#1634900
16
#1635000
06
#1635100
16
#1635200
06
#1635300
16
#1635400
06
#1635500
16
#1635600
06
#1635700
16
#1635800
06
#1635900
16
#1636000
06
#1636100
16
#1636200
06
#1636300
16
#1636400
06
#1636500
16
#1636600
06
#1636700
16
#1636800
06
#1636900
16
#1637000
06
#1637100
16
#1637200
06
#1637300
16
#1637400
06
#1637500
16
#1637600
06
#1637700
16
#1637800
06
#1637900
16
#1638000
06
#1638100
16
#1638200
06
#1638300
16
#1638400
06
#1638500
16
#1638600
06
#1638700
16
#1638800
06
#1638900
16
#1639000
06
#1639100
16
#1639200
06
#1639300
16
#1639400
06
#1639500
16
#1639600
06
#1639700
16
#1639800
06
#1639900
16
#1640000
06
#1640100
16
#1640200
06
#1640300
16
#1640400
06
#1640500
16
#1640600
06
#1640700
16
#1640800
06
#1640900
16
#1641000
06
#1641100
16
#1641200
06
#1641300
16
#1641400
06
#1641500
16
#1641600
06
#1641700
16
#1641800
06
#1641900
16
#1642000
06
#1642100
16
#1642200
06
#1642300
16
#1642400
06
#1642500
16
#1642600
06
#1642700
16
#1642800
06
#1642900
16
#1643000
06
#1643100
16
#1643200
06
#1643300
16
#1643400
06
#1643500
16
#1643600
06
#1643700
16
#1643800
06
#1643900
16
#1644000
06
#1644100
16
#1644200
06
#1644300
16
#1644400
06
#1644500
16
#1644600
06
#1644700
16
#1644800
06
#1644900
16
#1645000
06
#1645100
16
#1645200
06
#1645300
16
#1645400
06
#1645500
16
#1645600
06
#1645700
16
#1645800
06
#1645900
16
#1646000
06
#1646100
16
#1646200
06
#1646300
16
#1646400
06
#1646500
16
#1646600
06
#1646700
16
#1646800
06
#1646900
16
#1647000
06
#1647100
16
#1647200
06
#1647300
16
#1647400
06
#1647500
16
#1647600
06
#1647700
16
#1647800
06
#1647900
16
#1648000
06
#1648100
16
#1648200
06
#1648300
16
#1648400
06
#1648500
16
#1648600
06
#1648700
16
#1648800
06
#1648900
16
#1649000
06
#1649100
16
#1649200
06
#1649300
16
#1649400
06
#1649500
16
#1649600
06
#1649700
16
#1649800
06
#1649900
16
#1650000
06
#1650100
16
#1650200
06
#1650300
16
#1650400
06
#1650500
16
#1650600
06
#1650700
16
#1650800
06
#1650900
16
#1651000
06
#1651100
16
#1651200
06
#1651300
16
#1651400
06
#1651500
16
#1651600
06
#1651700
16
#1651800
06
#1651900
16
#1652000
06
#1652100
16
#1652200
06
#1652300
16
#1652400
06
#1652500
16
#1652600
06
#1652700
16
#1652800
06
#1652900
16
#1653000
06
#1653100
16
#1653200
06
#1653300
16
#1653400
06
#1653500
16
#1653600
06
#1653700
16
#1653800
06
#1653900
16
#1654000
06
#1654100
16
#1654200
06
#1654300
16
#1654400
06
#1654500
16
#1654600
06
#1654700
16
#1654800
06
#1654900
16
#1655000
06
#1655100
16
#1655200
06
#1655300
16
#1655400
06
#1655500
16
#1655600
06
#1655700
16
#1655800
06
#1655900
16
#1656000
06
#1656100
16
#1656200
06
#1656300
16
#1656400
06
#1656500
16
#1656600
06
#1656700
16
#1656800
06
#1656900
16
#1657000
06
#1657100
16
#1657200
06
#1657300
16
#1657400
06
#1657500
16
#1657600
06
#1657700
16
#1657800
06
#1657900
16
#1658000
06
#1658100
16
#1658200
06
#1658300
16
#1658400
06
#1658500
16
#1658600
06
#1658700
16
#1658800
06
#1658900
16
#1659000
06
#1659100
16
#1659200
06
#1659300
16
#1659400
06
#1659500
16
#1659600
06
#1659700
16
#1659800
06
#1659900
16
#1660000
06
#1660100
16
#1660200
06
#1660300
16
#1660400
06
#1660500
16
#1660600
06
#1660700
16
#1660800
06
#1660900
16
#1661000
06
#1661100
16
#1661200
06
#1661300
16
#1661400
06
#1661500
16
#1661600
06
#1661700
16
#1661800
06
#1661900
16
#1662000
06
#1662100
16
#1662200
06
#1662300
16
#1662400
06
#1662500
16
#1662600
06
#1662700
16
#1662800
06
#1662900
16
#1663000
06
#1663100
16
#1663200
06
#1663300
16
#1663400
06
#1663500
16
#1663600
06
#1663700
16
#1663800
06
#1663900
16
#1664000
06
#1664100
16
#1664200
06
#1664300
16
#1664400
06
#1664500
16
#1664600
06
#1664700
16
#1664800
06
#1664900
16
#1665000
06
#1665100
16
#1665200
06
#1665300
16
#1665400
06
#1665500
16
#1665600
06
#1665700
16
#1665800
06
#1665900
16
#1666000
06
#1666100
16
#1666200
06
#1666300
16
#1666400
06
#1666500
16
#1666600
06
#1666700
16
#1666800
06
#1666900
16
#1667000
06
#1667100
16
#1667200
06
#1667300
16
#1667400
06
#1667500
16
#1667600
06
#1667700
16
#1667800
06
#1667900
16
#1668000
06
#1668100
16
#1668200
06
#1668300
16
#1668400
06
#1668500
16
#1668600
06
#1668700
16
#1668800
06
#1668900
16
#1669000
06
#1669100
16
#1669200
06
#1669300
16
#1669400
06
#1669500
16
#1669600
06
#1669700
16
#1669800
06
#1669900
16
#1670000
06
#1670100
16
#1670200
06
#1670300
16
#1670400
06
#1670500
16
#1670600
06
#1670700
16
#1670800
06
#1670900
16
#1671000
06
#1671100
16
#1671200
06
#1671300
16
#1671400
06
#1671500
16
#1671600
06
#1671700
16
#1671800
06
#1671900
16
#1672000
06
#1672100
16
#1672200
06
#1672300
16
#1672400
06
#1672500
16
#1672600
06
#1672700
16
#1672800
06
#1672900
16
#1673000
06
#1673100
16
#1673200
06
#1673300
16
#1673400
06
#1673500
16
#1673600
06
#1673700
16
#1673800
06
#1673900
16
#1674000
06
#1674100
16
#1674200
06
#1674300
16
#1674400
06
#1674500
16
#1674600
06
#1674700
16
#1674800
06
#1674900
16
#1675000
06
#1675100
16
#1675200
06
#1675300
16
#1675400
06
#1675500
16
#1675600
06
#1675700
16
#1675800
06
#1675900
16
#1676000
06
#1676100
16
#1676200
06
#1676300
16
#1676400
06
#1676500
16
#1676600
06
#1676700
16
#1676800
06
#1676900
16
#1677000
06
#1677100
16
#1677200
06
#1677300
16
#1677400
06
#1677500
16
#1677600
06
#1677700
16
#1677800
06
#1677900
16
#1678000
06
#1678100
16
#1678200
06
#1678300
16
#1678400
06
#1678500
16
#1678600
06
#1678700
16
#1678800
06
#1678900
16
#1679000
06
#1679100
16
#1679200
06
#1679300
16
#1679400
06
#1679500
16
#1679600
06
#1679700
16
#1679800
06
#1679900
16
#1680000
06
#1680100
16
#1680200
06
#1680300
16
#1680400
06
#1680500
16
#1680600
06
#1680700
16
#1680800
06
#1680900
16
#1681000
06
#1681100
16
#1681200
06
#1681300
16
#1681400
06
#1681500
16
#1681600
06
#1681700
16
#1681800
06
#1681900
16
#1682000
06
#1682100
16
#1682200
06
#1682300
16
#1682400
06
#1682500
16
#1682600
06
#1682700
16
#1682800
06
#1682900
16
#1683000
06
#1683100
16
#1683200
06
#1683300
16
#1683400
06
#1683500
16
#1683600
06
#1683700
16
#1683800
06
#1683900
16
#1684000
06
#1684100
16
#1684200
06
#1684300
16
#1684400
06
#1684500
16
#1684600
06
#1684700
16
#1684800
06
#1684900
16
#1685000
06
#1685100
16
#1685200
06
#1685300
16
#1685400
06
#1685500
16
#1685600
06
#1685700
16
#1685800
06
#1685900
16
#1686000
06
#1686100
16
#1686200
06
#1686300
16
#1686400
06
#1686500
16
#1686600
06
#1686700
16
#1686800
06
#1686900
16
#1687000
06
#1687100
16
#1687200
06
#1687300
16
#1687400
06
#1687500
16
#1687600
06
#1687700
16
#1687800
06
#1687900
16
#1688000
06
#1688100
16
#1688200
06
#1688300
16
#1688400
06
#1688500
16
#1688600
06
#1688700
16
#1688800
06
#1688900
16
#1689000
06
#1689100
16
#1689200
06
#1689300
16
#1689400
06
#1689500
16
#1689600
06
#1689700
16
#1689800
06
#1689900
16
#1690000
06
#1690100
16
#1690200
06
#1690300
16
#1690400
06
#1690500
16
#1690600
06
#1690700
16
#1690800
06
#1690900
16
#1691000
06
#1691100
16
#1691200
06
#1691300
16
#1691400
06
#1691500
16
#1691600
06
#1691700
16
#1691800
06
#1691900
16
#1692000
06
#1692100
16
#1692200
06
#1692300
16
#1692400
06
#1692500
16
#1692600
06
#1692700
16
#1692800
06
#1692900
16
#1693000
06
#1693100
16
#1693200
06
#1693300
16
#1693400
06
#1693500
16
#1693600
06
#1693700
16
#1693800
06
#1693900
16
#1694000
06
#1694100
16
#1694200
06
#1694300
16
#1694400
06
#1694500
16
#1694600
06
#1694700
16
#1694800
06
#1694900
16
#1695000
06
#1695100
16
#1695200
06
#1695300
16
#1695400
06
#1695500
16
#1695600
06
#1695700
16
#1695800
06
#1695900
16
#1696000
06
#1696100
16
#1696200
06
#1696300
16
#1696400
06
#1696500
16
#1696600
06
#1696700
16
#1696800
06
#1696900
16
#1697000
06
#1697100
16
#1697200
06
#1697300
16
#1697400
06
#1697500
16
#1697600
06
#1697700
16
#1697800
06
#1697900
16
#1698000
06
#1698100
16
#1698200
06
#1698300
16
#1698400
06
#1698500
16
#1698600
06
#1698700
16
#1698800
06
#1698900
16
#1699000
06
#1699100
16
#1699200
06
#1699300
16
#1699400
06
#1699500
16
#1699600
06
#1699700
16
#1699800
06
#1699900
16
#1700000
06
#1700100
16
#1700200
06
#1700300
16
#1700400
06
#1700500
16
#1700600
06
#1700700
16
#1700800
06
#1700900
16
#1701000
06
#1701100
16
#1701200
06
#1701300
16
#1701400
06
#1701500
16
#1701600
06
#1701700
16
#1701800
06
#1701900
16
#1702000
06
#1702100
16
#1702200
06
#1702300
16
#1702400
06
#1702500
16
#1702600
06
#1702700
16
#1702800
06
#1702900
16
#1703000
06
#1703100
16
#1703200
06
#1703300
16
#1703400
06
#1703500
16
#1703600
06
#1703700
16
#1703800
06
#1703900
16
#1704000
06
#1704100
16
#1704200
06
#1704300
16
#1704400
06
#1704500
16
#1704600
06
#1704700
16
#1704800
06
#1704900
16
#1705000
06
#1705100
16
#1705200
06
#1705300
16
#1705400
06
#1705500
16
#1705600
06
#1705700
16
#1705800
06
#1705900
16
#1706000
06
#1706100
16
#1706200
06
#1706300
16
#1706400
06
#1706500
16
#1706600
06
#1706700
16
#1706800
06
#1706900
16
#1707000
06
#1707100
16
#1707200
06
#1707300
16
#1707400
06
#1707500
16
#1707600
06
#1707700
16
#1707800
06
#1707900
16
#1708000
06
#1708100
16
#1708200
06
#1708300
16
#1708400
06
#1708500
16
#1708600
06
#1708700
16
#1708800
06
#1708900
16
#1709000
06
#1709100
16
#1709200
06
#1709300
16
#1709400
06
#1709500
16
#1709600
06
#1709700
16
#1709800
06
#1709900
16
#1710000
06
#1710100
16
#1710200
06
#1710300
16
#1710400
06
#1710500
16
#1710600
06
#1710700
16
#1710800
06
#1710900
16
#1711000
06
#1711100
16
#1711200
06
#1711300
16
#1711400
06
#1711500
16
#1711600
06
#1711700
16
#1711800
06
#1711900
16
#1712000
06
#1712100
16
#1712200
06
#1712300
16
#1712400
06
#1712500
16
#1712600
06
#1712700
16
#1712800
06
#1712900
16
#1713000
06
#1713100
16
#1713200
06
#1713300
16
#1713400
06
#1713500
16
#1713600
06
#1713700
16
#1713800
06
#1713900
16
#1714000
06
#1714100
16
#1714200
06
#1714300
16
#1714400
06
#1714500
16
#1714600
06
#1714700
16
#1714800
06
#1714900
16
#1715000
06
#1715100
16
#1715200
06
#1715300
16
#1715400
06
#1715500
16
#1715600
06
#1715700
16
#1715800
06
#1715900
16
#1716000
06
#1716100
16
#1716200
06
#1716300
16
#1716400
06
#1716500
16
#1716600
06
#1716700
16
#1716800
06
#1716900
16
#1717000
06
#1717100
16
#1717200
06
#1717300
16
#1717400
06
#1717500
16
#1717600
06
#1717700
16
#1717800
06
#1717900
16
#1718000
06
#1718100
16
#1718200
06
#1718300
16
#1718400
06
#1718500
16
#1718600
06
#1718700
16
#1718800
06
#1718900
16
#1719000
06
#1719100
16
#1719200
06
#1719300
16
#1719400
06
#1719500
16
#1719600
06
#1719700
16
#1719800
06
#1719900
16
#1720000
06
#1720100
16
#1720200
06
#1720300
16
#1720400
06
#1720500
16
#1720600
06
#1720700
16
#1720800
06
#1720900
16
#1721000
06
#1721100
16
#1721200
06
#1721300
16
#1721400
06
#1721500
16
#1721600
06
#1721700
16
#1721800
06
#1721900
16
#1722000
06
#1722100
16
#1722200
06
#1722300
16
#1722400
06
#1722500
16
#1722600
06
#1722700
16
#1722800
06
#1722900
16
#1723000
06
#1723100
16
#1723200
06
#1723300
16
#1723400
06
#1723500
16
#1723600
06
#1723700
16
#1723800
06
#1723900
16
#1724000
06
#1724100
16
#1724200
06
#1724300
16
#1724400
06
#1724500
16
#1724600
06
#1724700
16
#1724800
06
#1724900
16
#1725000
06
#1725100
16
#1725200
06
#1725300
16
#1725400
06
#1725500
16
#1725600
06
#1725700
16
#1725800
06
#1725900
16
#1726000
06
#1726100
16
#1726200
06
#1726300
16
#1726400
06
#1726500
16
#1726600
06
#1726700
16
#1726800
06
#1726900
16
#1727000
06
#1727100
16
#1727200
06
#1727300
16
#1727400
06
#1727500
16
#1727600
06
#1727700
16
#1727800
06
#1727900
16
#1728000
06
#1728100
16
#1728200
06
#1728300
16
#1728400
06
#1728500
16
#1728600
06
#1728700
16
#1728800
06
#1728900
16
#1729000
06
#1729100
16
#1729200
06
#1729300
16
#1729400
06
#1729500
16
#1729600
06
#1729700
16
#1729800
06
#1729900
16
#1730000
06
#1730100
16
#1730200
06
#1730300
16
#1730400
06
#1730500
16
#1730600
06
#1730700
16
#1730800
06
#1730900
16
#1731000
06
#1731100
16
#1731200
06
#1731300
16
#1731400
06
#1731500
16
#1731600
06
#1731700
16
#1731800
06
#1731900
16
#1732000
06
#1732100
16
#1732200
06
#1732300
16
#1732400
06
#1732500
16
#1732600
06
#1732700
16
#1732800
06
#1732900
16
#1733000
06
#1733100
16
#1733200
06
#1733300
16
#1733400
06
#1733500
16
#1733600
06
#1733700
16
#1733800
06
#1733900
16
#1734000
06
#1734100
16
#1734200
06
#1734300
16
#1734400
06
#1734500
16
#1734600
06
#1734700
16
#1734800
06
#1734900
16
#1735000
06
#1735100
16
#1735200
06
#1735300
16
#1735400
06
#1735500
16
#1735600
06
#1735700
16
#1735800
06
#1735900
16
#1736000
06
#1736100
16
#1736200
06
#1736300
16
#1736400
06
#1736500
16
#1736600
06
#1736700
16
#1736800
06
#1736900
16
#1737000
06
#1737100
16
#1737200
06
#1737300
16
#1737400
06
#1737500
16
#1737600
06
#1737700
16
#1737800
06
#1737900
16
#1738000
06
#1738100
16
#1738200
06
#1738300
16
#1738400
06
#1738500
16
#1738600
06
#1738700
16
#1738800
06
#1738900
16
#1739000
06
#1739100
16
#1739200
06
#1739300
16
#1739400
06
#1739500
16
#1739600
06
#1739700
16
#1739800
06
#1739900
16
#1740000
06
#1740100
16
#1740200
06
#1740300
16
#1740400
06
#1740500
16
#1740600
06
#1740700
16
#1740800
06
#1740900
16
#1741000
06
#1741100
16
#1741200
06
#1741300
16
#1741400
06
#1741500
16
#1741600
06
#1741700
16
#1741800
06
#1741900
16
#1742000
06
#1742100
16
#1742200
06
#1742300
16
#1742400
06
#1742500
16
#1742600
06
#1742700
16
#1742800
06
#1742900
16
#1743000
06
#1743100
16
#1743200
06
#1743300
16
#1743400
06
#1743500
16
#1743600
06
#1743700
16
#1743800
06
#1743900
16
#1744000
06
#1744100
16
#1744200
06
#1744300
16
#1744400
06
#1744500
16
#1744600
06
#1744700
16
#1744800
06
#1744900
16
#1745000
06
#1745100
16
#1745200
06
#1745300
16
#1745400
06
#1745500
16
#1745600
06
#1745700
16
#1745800
06
#1745900
16
#1746000
06
#1746100
16
#1746200
06
#1746300
16
#1746400
06
#1746500
16
#1746600
06
#1746700
16
#1746800
06
#1746900
16
#1747000
06
#1747100
16
#1747200
06
#1747300
16
#1747400
06
#1747500
16
#1747600
06
#1747700
16
#1747800
06
#1747900
16
#1748000
06
#1748100
16
#1748200
06
#1748300
16
#1748400
06
#1748500
16
#1748600
06
#1748700
16
#1748800
06
#1748900
16
#1749000
06
#1749100
16
#1749200
06
#1749300
16
#1749400
06
#1749500
16
#1749600
06
#1749700
16
#1749800
06
#1749900
16
#1750000
06
#1750100
16
#1750200
06
#1750300
16
#1750400
06
#1750500
16
#1750600
06
#1750700
16
#1750800
06
#1750900
16
#1751000
06
#1751100
16
#1751200
06
#1751300
16
#1751400
06
#1751500
16
#1751600
06
#1751700
16
#1751800
06
#1751900
16
#1752000
06
#1752100
16
#1752200
06
#1752300
16
#1752400
06
#1752500
16
#1752600
06
#1752700
16
#1752800
06
#1752900
16
#1753000
06
#1753100
16
#1753200
06
#1753300
16
#1753400
06
#1753500
16
#1753600
06
#1753700
16
#1753800
06
#1753900
16
#1754000
06
#1754100
16
#1754200
06
#1754300
16
#1754400
06
#1754500
16
#1754600
06
#1754700
16
#1754800
06
#1754900
16
#1755000
06
#1755100
16
#1755200
06
#1755300
16
#1755400
06
#1755500
16
#1755600
06
#1755700
16
#1755800
06
#1755900
16
#1756000
06
#1756100
16
#1756200
06
#1756300
16
#1756400
06
#1756500
16
#1756600
06
#1756700
16
#1756800
06
#1756900
16
#1757000
06
#1757100
16
#1757200
06
#1757300
16
#1757400
06
#1757500
16
#1757600
06
#1757700
16
#1757800
06
#1757900
16
#1758000
06
#1758100
16
#1758200
06
#1758300
16
#1758400
06
#1758500
16
#1758600
06
#1758700
16
#1758800
06
#1758900
16
#1759000
06
#1759100
16
#1759200
06
#1759300
16
#1759400
06
#1759500
16
#1759600
06
#1759700
16
#1759800
06
#1759900
16
#1760000
06
#1760100
16
#1760200
06
#1760300
16
#1760400
06
#1760500
16
#1760600
06
#1760700
16
#1760800
06
#1760900
16
#1761000
06
#1761100
16
#1761200
06
#1761300
16
#1761400
06
#1761500
16
#1761600
06
#1761700
16
#1761800
06
#1761900
16
#1762000
06
#1762100
16
#1762200
06
#1762300
16
#1762400
06
#1762500
16
#1762600
06
#1762700
16
#1762800
06
#1762900
16
#1763000
06
#1763100
16
#1763200
06
#1763300
16
#1763400
06
#1763500
16
#1763600
06
#1763700
16
#1763800
06
#1763900
16
#1764000
06
#1764100
16
#1764200
06
#1764300
16
#1764400
06
#1764500
16
#1764600
06
#1764700
16
#1764800
06
#1764900
16
#1765000
06
#1765100
16
#1765200
06
#1765300
16
#1765400
06
#1765500
16
#1765600
06
#1765700
16
#1765800
06
#1765900
16
#1766000
06
#1766100
16
#1766200
06
#1766300
16
#1766400
06
#1766500
16
#1766600
06
#1766700
16
#1766800
06
#1766900
16
#1767000
06
#1767100
16
#1767200
06
#1767300
16
#1767400
06
#1767500
16
#1767600
06
#1767700
16
#1767800
06
#1767900
16
#1768000
06
#1768100
16
#1768200
06
#1768300
16
#1768400
06
#1768500
16
#1768600
06
#1768700
16
#1768800
06
#1768900
16
#1769000
06
#1769100
16
#1769200
06
#1769300
16
#1769400
06
#1769500
16
#1769600
06
#1769700
16
#1769800
06
#1769900
16
#1770000
06
#1770100
16
#1770200
06
#1770300
16
#1770400
06
#1770500
16
#1770600
06
#1770700
16
#1770800
06
#1770900
16
#1771000
06
#1771100
16
#1771200
06
#1771300
16
#1771400
06
#1771500
16
#1771600
06
#1771700
16
#1771800
06
#1771900
16
#1772000
06
#1772100
16
#1772200
06
#1772300
16
#1772400
06
#1772500
16
#1772600
06
#1772700
16
#1772800
06
#1772900
16
#1773000
06
#1773100
16
#1773200
06
#1773300
16
#1773400
06
#1773500
16
#1773600
06
#1773700
16
#1773800
06
#1773900
16
#1774000
06
#1774100
16
#1774200
06
#1774300
16
#1774400
06
#1774500
16
#1774600
06
#1774700
16
#1774800
06
#1774900
16
#1775000
06
#1775100
16
#1775200
06
#1775300
16
#1775400
06
#1775500
16
#1775600
06
#1775700
16
#1775800
06
#1775900
16
#1776000
06
#1776100
16
#1776200
06
#1776300
16
#1776400
06
#1776500
16
#1776600
06
#1776700
16
#1776800
06
#1776900
16
#1777000
06
#1777100
16
#1777200
06
#1777300
16
#1777400
06
#1777500
16
#1777600
06
#1777700
16
#1777800
06
#1777900
16
#1778000
06
#1778100
16
#1778200
06
#1778300
16
#1778400
06
#1778500
16
#1778600
06
#1778700
16
#1778800
06
#1778900
16
#1779000
06
#1779100
16
#1779200
06
#1779300
16
#1779400
06
#1779500
16
#1779600
06
#1779700
16
#1779800
06
#1779900
16
#1780000
06
#1780100
16
#1780200
06
#1780300
16
#1780400
06
#1780500
16
#1780600
06
#1780700
16
#1780800
06
#1780900
16
#1781000
06
#1781100
16
#1781200
06
#1781300
16
#1781400
06
#1781500
16
#1781600
06
#1781700
16
#1781800
06
#1781900
16
#1782000
06
#1782100
16
#1782200
06
#1782300
16
#1782400
06
#1782500
16
#1782600
06
#1782700
16
#1782800
06
#1782900
16
#1783000
06
#1783100
16
#1783200
06
#1783300
16
#1783400
06
#1783500
16
#1783600
06
#1783700
16
#1783800
06
#1783900
16
#1784000
06
#1784100
16
#1784200
06
#1784300
16
#1784400
06
#1784500
16
#1784600
06
#1784700
16
#1784800
06
#1784900
16
#1785000
06
#1785100
16
#1785200
06
#1785300
16
#1785400
06
#1785500
16
#1785600
06
#1785700
16
#1785800
06
#1785900
16
#1786000
06
#1786100
16
#1786200
06
#1786300
16
#1786400
06
#1786500
16
#1786600
06
#1786700
16
#1786800
06
#1786900
16
#1787000
06
#1787100
16
#1787200
06
#1787300
16
#1787400
06
#1787500
16
#1787600
06
#1787700
16
#1787800
06
#1787900
16
#1788000
06
#1788100
16
#1788200
06
#1788300
16
#1788400
06
#1788500
16
#1788600
06
#1788700
16
#1788800
06
#1788900
16
#1789000
06
#1789100
16
#1789200
06
#1789300
16
#1789400
06
#1789500
16
#1789600
06
#1789700
16
#1789800
06
#1789900
16
#1790000
06
#1790100
16
#1790200
06
#1790300
16
#1790400
06
#1790500
16
#1790600
06
#1790700
16
#1790800
06
#1790900
16
#1791000
06
#1791100
16
#1791200
06
#1791300
16
#1791400
06
#1791500
16
#1791600
06
#1791700
16
#1791800
06
#1791900
16
#1792000
06
#1792100
16
#1792200
06
#1792300
16
#1792400
06
#1792500
16
#1792600
06
#1792700
16
#1792800
06
#1792900
16
#1793000
06
#1793100
16
#1793200
06
#1793300
16
#1793400
06
#1793500
16
#1793600
06
#1793700
16
#1793800
06
#1793900
16
#1794000
06
#1794100
16
#1794200
06
#1794300
16
#1794400
06
#1794500
16
#1794600
06
#1794700
16
#1794800
06
#1794900
16
#1795000
06
#1795100
16
#1795200
06
#1795300
16
#1795400
06
#1795500
16
#1795600
06
#1795700
16
#1795800
06
#1795900
16
#1796000
06
#1796100
16
#1796200
06
#1796300
16
#1796400
06
#1796500
16
#1796600
06
#1796700
16
#1796800
06
#1796900
16
#1797000
06
#1797100
16
#1797200
06
#1797300
16
#1797400
06
#1797500
16
#1797600
06
#1797700
16
#1797800
06
#1797900
16
#1798000
06
#1798100
16
#1798200
06
#1798300
16
#1798400
06
#1798500
16
#1798600
06
#1798700
16
#1798800
06
#1798900
16
#1799000
06
#1799100
16
#1799200
06
#1799300
16
#1799400
06
#1799500
16
#1799600
06
#1799700
16
#1799800
06
#1799900
16
#1800000
06
#1800100
16
#1800200
06
#1800300
16
#1800400
06
#1800500
16
#1800600
06
#1800700
16
#1800800
06
#1800900
16
#1801000
06
#1801100
16
#1801200
06
#1801300
16
#1801400
06
#1801500
16
#1801600
06
#1801700
16
#1801800
06
#1801900
16
#1802000
06
#1802100
16
#1802200
06
#1802300
16
#1802400
06
#1802500
16
#1802600
06
#1802700
16
#1802800
06
#1802900
16
#1803000
06
#1803100
16
#1803200
06
#1803300
16
#1803400
06
#1803500
16
#1803600
06
#1803700
16
#1803800
06
#1803900
16
#1804000
06
#1804100
16
#1804200
06
#1804300
16
#1804400
06
#1804500
16
#1804600
06
#1804700
16
#1804800
06
#1804900
16
#1805000
06
#1805100
16
#1805200
06
#1805300
16
#1805400
06
#1805500
16
#1805600
06
#1805700
16
#1805800
06
#1805900
16
#1806000
06
#1806100
16
#1806200
06
#1806300
16
#1806400
06
#1806500
16
#1806600
06
#1806700
16
#1806800
06
#1806900
16
#1807000
06
#1807100
16
#1807200
06
#1807300
16
#1807400
06
#1807500
16
#1807600
06
#1807700
16
#1807800
06
#1807900
16
#1808000
06
#1808100
16
#1808200
06
#1808300
16
#1808400
06
#1808500
16
#1808600
06
#1808700
16
#1808800
06
#1808900
16
#1809000
06
#1809100
16
#1809200
06
#1809300
16
#1809400
06
#1809500
16
#1809600
06
#1809700
16
#1809800
06
#1809900
16
#1810000
06
#1810100
16
#1810200
06
#1810300
16
#1810400
06
#1810500
16
#1810600
06
#1810700
16
#1810800
06
#1810900
16
#1811000
06
#1811100
16
#1811200
06
#1811300
16
#1811400
06
#1811500
16
#1811600
06
#1811700
16
#1811800
06
#1811900
16
#1812000
06
#1812100
16
#1812200
06
#1812300
16
#1812400
06
#1812500
16
#1812600
06
#1812700
16
#1812800
06
#1812900
16
#1813000
06
#1813100
16
#1813200
06
#1813300
16
#1813400
06
#1813500
16
#1813600
06
#1813700
16
#1813800
06
#1813900
16
#1814000
06
#1814100
16
#1814200
06
#1814300
16
#1814400
06
#1814500
16
#1814600
06
#1814700
16
#1814800
06
#1814900
16
#1815000
06
#1815100
16
#1815200
06
#1815300
16
#1815400
06
#1815500
16
#1815600
06
#1815700
16
#1815800
06
#1815900
16
#1816000
06
#1816100
16
#1816200
06
#1816300
16
#1816400
06
#1816500
16
#1816600
06
#1816700
16
#1816800
06
#1816900
16
#1817000
06
#1817100
16
#1817200
06
#1817300
16
#1817400
06
#1817500
16
#1817600
06
#1817700
16
#1817800
06
#1817900
16
#1818000
06
#1818100
16
#1818200
06
#1818300
16
#1818400
06
#1818500
16
#1818600
06
#1818700
16
#1818800
06
#1818900
16
#1819000
06
#1819100
16
#1819200
06
#1819300
16
#1819400
06
#1819500
16
#1819600
06
#1819700
16
#1819800
06
#1819900
16
#1820000
06
#1820100
16
#1820200
06
#1820300
16
#1820400
06
#1820500
16
#1820600
06
#1820700
16
#1820800
06
#1820900
16
#1821000
06
#1821100
16
#1821200
06
#1821300
16
#1821400
06
#1821500
16
#1821600
06
#1821700
16
#1821800
06
#1821900
16
#1822000
06
#1822100
16
#1822200
06
#1822300
16
#1822400
06
#1822500
16
#1822600
06
#1822700
16
#1822800
06
#1822900
16
#1823000
06
#1823100
16
#1823200
06
#1823300
16
#1823400
06
#1823500
16
#1823600
06
#1823700
16
#1823800
06
#1823900
16
#1824000
06
#1824100
16
#1824200
06
#1824300
16
#1824400
06
#1824500
16
#1824600
06
#1824700
16
#1824800
06
#1824900
16
#1825000
06
#1825100
16
#1825200
06
#1825300
16
#1825400
06
#1825500
16
#1825600
06
#1825700
16
#1825800
06
#1825900
16
#1826000
06
#1826100
16
#1826200
06
#1826300
16
#1826400
06
#1826500
16
#1826600
06
#1826700
16
#1826800
06
#1826900
16
#1827000
06
#1827100
16
#1827200
06
#1827300
16
#1827400
06
#1827500
16
#1827600
06
#1827700
16
#1827800
06
#1827900
16
#1828000
06
#1828100
16
#1828200
06
#1828300
16
#1828400
06
#1828500
16
#1828600
06
#1828700
16
#1828800
06
#1828900
16
#1829000
06
#1829100
16
#1829200
06
#1829300
16
#1829400
06
#1829500
16
#1829600
06
#1829700
16
#1829800
06
#1829900
16
#1830000
06
#1830100
16
#1830200
06
#1830300
16
#1830400
06
#1830500
16
#1830600
06
#1830700
16
#1830800
06
#1830900
16
#1831000
06
#1831100
16
#1831200
06
#1831300
16
#1831400
06
#1831500
16
#1831600
06
#1831700
16
#1831800
06
#1831900
16
#1832000
06
#1832100
16
#1832200
06
#1832300
16
#1832400
06
#1832500
16
#1832600
06
#1832700
16
#1832800
06
#1832900
16
#1833000
06
#1833100
16
#1833200
06
#1833300
16
#1833400
06
#1833500
16
#1833600
06
#1833700
16
#1833800
06
#1833900
16
#1834000
06
#1834100
16
#1834200
06
#1834300
16
#1834400
06
#1834500
16
#1834600
06
#1834700
16
#1834800
06
#1834900
16
#1835000
06
#1835100
16
#1835200
06
#1835300
16
#1835400
06
#1835500
16
#1835600
06
#1835700
16
#1835800
06
#1835900
16
#1836000
06
#1836100
16
#1836200
06
#1836300
16
#1836400
06
#1836500
16
#1836600
06
#1836700
16
#1836800
06
#1836900
16
#1837000
06
#1837100
16
#1837200
06
#1837300
16
#1837400
06
#1837500
16
#1837600
06
#1837700
16
#1837800
06
#1837900
16
#1838000
06
#1838100
16
#1838200
06
#1838300
16
#1838400
06
#1838500
16
#1838600
06
#1838700
16
#1838800
06
#1838900
16
#1839000
06
#1839100
16
#1839200
06
#1839300
16
#1839400
06
#1839500
16
#1839600
06
#1839700
16
#1839800
06
#1839900
16
#1840000
06
#1840100
16
#1840200
06
#1840300
16
#1840400
06
#1840500
16
#1840600
06
#1840700
16
#1840800
06
#1840900
16
#1841000
06
#1841100
16
#1841200
06
#1841300
16
#1841400
06
#1841500
16
#1841600
06
#1841700
16
#1841800
06
#1841900
16
#1842000
06
#1842100
16
#1842200
06
#1842300
16
#1842400
06
#1842500
16
#1842600
06
#1842700
16
#1842800
06
#1842900
16
#1843000
06
#1843100
16
#1843200
06
#1843300
16
#1843400
06
#1843500
16
#1843600
06
#1843700
16
#1843800
06
#1843900
16
#1844000
06
#1844100
16
#1844200
06
#1844300
16
#1844400
06
#1844500
16
#1844600
06
#1844700
16
#1844800
06
#1844900
16
#1845000
06
#1845100
16
#1845200
06
#1845300
16
#1845400
06
#1845500
16
#1845600
06
#1845700
16
#1845800
06
#1845900
16
#1846000
06
#1846100
16
#1846200
06
#1846300
16
#1846400
06
#1846500
16
#1846600
06
#1846700
16
#1846800
06
#1846900
16
#1847000
06
#1847100
16
#1847200
06
#1847300
16
#1847400
06
#1847500
16
#1847600
06
#1847700
16
#1847800
06
#1847900
16
#1848000
06
#1848100
16
#1848200
06
#1848300
16
#1848400
06
#1848500
16
#1848600
06
#1848700
16
#1848800
06
#1848900
16
#1849000
06
#1849100
16
#1849200
06
#1849300
16
#1849400
06
#1849500
16
#1849600
06
#1849700
16
#1849800
06
#1849900
16
#1850000
06
#1850100
16
#1850200
06
#1850300
16
#1850400
06
#1850500
16
#1850600
06
#1850700
16
#1850800
06
#1850900
16
#1851000
06
#1851100
16
#1851200
06
#1851300
16
#1851400
06
#1851500
16
#1851600
06
#1851700
16
#1851800
06
#1851900
16
#1852000
06
#1852100
16
#1852200
06
#1852300
16
#1852400
06
#1852500
16
#1852600
06
#1852700
16
#1852800
06
#1852900
16
#1853000
06
#1853100
16
#1853200
06
#1853300
16
#1853400
06
#1853500
16
#1853600
06
#1853700
16
#1853800
06
#1853900
16
#1854000
06
#1854100
16
#1854200
06
#1854300
16
#1854400
06
#1854500
16
#1854600
06
#1854700
16
#1854800
06
#1854900
16
#1855000
06
#1855100
16
#1855200
06
#1855300
16
#1855400
06
#1855500
16
#1855600
06
#1855700
16
#1855800
06
#1855900
16
#1856000
06
#1856100
16
#1856200
06
#1856300
16
#1856400
06
#1856500
16
#1856600
06
#1856700
16
#1856800
06
#1856900
16
#1857000
06
#1857100
16
#1857200
06
#1857300
16
#1857400
06
#1857500
16
#1857600
06
#1857700
16
#1857800
06
#1857900
16
#1858000
06
#1858100
16
#1858200
06
#1858300
16
#1858400
06
#1858500
16
#1858600
06
#1858700
16
#1858800
06
#1858900
16
#1859000
06
#1859100
16
#1859200
06
#1859300
16
#1859400
06
#1859500
16
#1859600
06
#1859700
16
#1859800
06
#1859900
16
#1860000
06
#1860100
16
#1860200
06
#1860300
16
#1860400
06
#1860500
16
#1860600
06
#1860700
16
#1860800
06
#1860900
16
#1861000
06
#1861100
16
#1861200
06
#1861300
16
#1861400
06
#1861500
16
#1861600
06
#1861700
16
#1861800
06
#1861900
16
#1862000
06
#1862100
16
#1862200
06
#1862300
16
#1862400
06
#1862500
16
#1862600
06
#1862700
16
#1862800
06
#1862900
16
#1863000
06
#1863100
16
#1863200
06
#1863300
16
#1863400
06
#1863500
16
#1863600
06
#1863700
16
#1863800
06
#1863900
16
#1864000
06
#1864100
16
#1864200
06
#1864300
16
#1864400
06
#1864500
16
#1864600
06
#1864700
16
#1864800
06
#1864900
16
#1865000
06
#1865100
16
#1865200
06
#1865300
16
#1865400
06
#1865500
16
#1865600
06
#1865700
16
#1865800
06
#1865900
16
#1866000
06
#1866100
16
#1866200
06
#1866300
16
#1866400
06
#1866500
16
#1866600
06
#1866700
16
#1866800
06
#1866900
16
#1867000
06
#1867100
16
#1867200
06
#1867300
16
#1867400
06
#1867500
16
#1867600
06
#1867700
16
#1867800
06
#1867900
16
#1868000
06
#1868100
16
#1868200
06
#1868300
16
#1868400
06
#1868500
16
#1868600
06
#1868700
16
#1868800
06
#1868900
16
#1869000
06
#1869100
16
#1869200
06
#1869300
16
#1869400
06
#1869500
16
#1869600
06
#1869700
16
#1869800
06
#1869900
16
#1870000
06
#1870100
16
#1870200
06
#1870300
16
#1870400
06
#1870500
16
#1870600
06
#1870700
16
#1870800
06
#1870900
16
#1871000
06
#1871100
16
#1871200
06
#1871300
16
#1871400
06
#1871500
16
#1871600
06
#1871700
16
#1871800
06
#1871900
16
#1872000
06
#1872100
16
#1872200
06
#1872300
16
#1872400
06
#1872500
16
#1872600
06
#1872700
16
#1872800
06
#1872900
16
#1873000
06
#1873100
16
#1873200
06
#1873300
16
#1873400
06
#1873500
16
#1873600
06
#1873700
16
#1873800
06
#1873900
16
#1874000
06
#1874100
16
#1874200
06
#1874300
16
#1874400
06
#1874500
16
#1874600
06
#1874700
16
#1874800
06
#1874900
16
#1875000
06
#1875100
16
#1875200
06
#1875300
16
#1875400
06
#1875500
16
#1875600
06
#1875700
16
#1875800
06
#1875900
16
#1876000
06
#1876100
16
#1876200
06
#1876300
16
#1876400
06
#1876500
16
#1876600
06
#1876700
16
#1876800
06
#1876900
16
#1877000
06
#1877100
16
#1877200
06
#1877300
16
#1877400
06
#1877500
16
#1877600
06
#1877700
16
#1877800
06
#1877900
16
#1878000
06
#1878100
16
#1878200
06
#1878300
16
#1878400
06
#1878500
16
#1878600
06
#1878700
16
#1878800
06
#1878900
16
#1879000
06
#1879100
16
#1879200
06
#1879300
16
#1879400
06
#1879500
16
#1879600
06
#1879700
16
#1879800
06
#1879900
16
#1880000
06
#1880100
16
#1880200
06
#1880300
16
#1880400
06
#1880500
16
#1880600
06
#1880700
16
#1880800
06
#1880900
16
#1881000
06
#1881100
16
#1881200
06
#1881300
16
#1881400
06
#1881500
16
#1881600
06
#1881700
16
#1881800
06
#1881900
16
#1882000
06
#1882100
16
#1882200
06
#1882300
16
#1882400
06
#1882500
16
#1882600
06
#1882700
16
#1882800
06
#1882900
16
#1883000
06
#1883100
16
#1883200
06
#1883300
16
#1883400
06
#1883500
16
#1883600
06
#1883700
16
#1883800
06
#1883900
16
#1884000
06
#1884100
16
#1884200
06
#1884300
16
#1884400
06
#1884500
16
#1884600
06
#1884700
16
#1884800
06
#1884900
16
#1885000
06
#1885100
16
#1885200
06
#1885300
16
#1885400
06
#1885500
16
#1885600
06
#1885700
16
#1885800
06
#1885900
16
#1886000
06
#1886100
16
#1886200
06
#1886300
16
#1886400
06
#1886500
16
#1886600
06
#1886700
16
#1886800
06
#1886900
16
#1887000
06
#1887100
16
#1887200
06
#1887300
16
#1887400
06
#1887500
16
#1887600
06
#1887700
16
#1887800
06
#1887900
16
#1888000
06
#1888100
16
#1888200
06
#1888300
16
#1888400
06
#1888500
16
#1888600
06
#1888700
16
#1888800
06
#1888900
16
#1889000
06
#1889100
16
#1889200
06
#1889300
16
#1889400
06
#1889500
16
#1889600
06
#1889700
16
#1889800
06
#1889900
16
#1890000
06
#1890100
16
#1890200
06
#1890300
16
#1890400
06
#1890500
16
#1890600
06
#1890700
16
#1890800
06
#1890900
16
#1891000
06
#1891100
16
#1891200
06
#1891300
16
#1891400
06
#1891500
16
#1891600
06
#1891700
16
#1891800
06
#1891900
16
#1892000
06
#1892100
16
#1892200
06
#1892300
16
#1892400
06
#1892500
16
#1892600
06
#1892700
16
#1892800
06
#1892900
16
#1893000
06
#1893100
16
#1893200
06
#1893300
16
#1893400
06
#1893500
16
#1893600
06
#1893700
16
#1893800
06
#1893900
16
#1894000
06
#1894100
16
#1894200
06
#1894300
16
#1894400
06
#1894500
16
#1894600
06
#1894700
16
#1894800
06
#1894900
16
#1895000
06
#1895100
16
#1895200
06
#1895300
16
#1895400
06
#1895500
16
#1895600
06
#1895700
16
#1895800
06
#1895900
16
#1896000
06
#1896100
16
#1896200
06
#1896300
16
#1896400
06
#1896500
16
#1896600
06
#1896700
16
#1896800
06
#1896900
16
#1897000
06
#1897100
16
#1897200
06
#1897300
16
#1897400
06
#1897500
16
#1897600
06
#1897700
16
#1897800
06
#1897900
16
#1898000
06
#1898100
16
#1898200
06
#1898300
16
#1898400
06
#1898500
16
#1898600
06
#1898700
16
#1898800
06
#1898900
16
#1899000
06
#1899100
16
#1899200
06
#1899300
16
#1899400
06
#1899500
16
#1899600
06
#1899700
16
#1899800
06
#1899900
16
#1900000
06
#1900100
16
#1900200
06
#1900300
16
#1900400
06
#1900500
16
#1900600
06
#1900700
16
#1900800
06
#1900900
16
#1901000
06
#1901100
16
#1901200
06
#1901300
16
#1901400
06
#1901500
16
#1901600
06
#1901700
16
#1901800
06
#1901900
16
#1902000
06
#1902100
16
#1902200
06
#1902300
16
#1902400
06
#1902500
16
#1902600
06
#1902700
16
#1902800
06
#1902900
16
#1903000
06
#1903100
16
#1903200
06
#1903300
16
#1903400
06
#1903500
16
#1903600
06
#1903700
16
#1903800
06
#1903900
16
#1904000
06
#1904100
16
#1904200
06
#1904300
16
#1904400
06
#1904500
16
#1904600
06
#1904700
16
#1904800
06
#1904900
16
#1905000
06
#1905100
16
#1905200
06
#1905300
16
#1905400
06
#1905500
16
#1905600
06
#1905700
16
#1905800
06
#1905900
16
#1906000
06
#1906100
16
#1906200
06
#1906300
16
#1906400
06
#1906500
16
#1906600
06
#1906700
16
#1906800
06
#1906900
16
#1907000
06
#1907100
16
#1907200
06
#1907300
16
#1907400
06
#1907500
16
#1907600
06
#1907700
16
#1907800
06
#1907900
16
#1908000
06
#1908100
16
#1908200
06
#1908300
16
#1908400
06
#1908500
16
#1908600
06
#1908700
16
#1908800
06
#1908900
16
#1909000
06
#1909100
16
#1909200
06
#1909300
16
#1909400
06
#1909500
16
#1909600
06
#1909700
16
#1909800
06
#1909900
16
#1910000
06
#1910100
16
#1910200
06
#1910300
16
#1910400
06
#1910500
16
#1910600
06
#1910700
16
#1910800
06
#1910900
16
#1911000
06
#1911100
16
#1911200
06
#1911300
16
#1911400
06
#1911500
16
#1911600
06
#1911700
16
#1911800
06
#1911900
16
#1912000
06
#1912100
16
#1912200
06
#1912300
16
#1912400
06
#1912500
16
#1912600
06
#1912700
16
#1912800
06
#1912900
16
#1913000
06
#1913100
16
#1913200
06
#1913300
16
#1913400
06
#1913500
16
#1913600
06
#1913700
16
#1913800
06
#1913900
16
#1914000
06
#1914100
16
#1914200
06
#1914300
16
#1914400
06
#1914500
16
#1914600
06
#1914700
16
#1914800
06
#1914900
16
#1915000
06
#1915100
16
#1915200
06
#1915300
16
#1915400
06
#1915500
16
#1915600
06
#1915700
16
#1915800
06
#1915900
16
#1916000
06
#1916100
16
#1916200
06
#1916300
16
#1916400
06
#1916500
16
#1916600
06
#1916700
16
#1916800
06
#1916900
16
#1917000
06
#1917100
16
#1917200
06
#1917300
16
#1917400
06
#1917500
16
#1917600
06
#1917700
16
#1917800
06
#1917900
16
#1918000
06
#1918100
16
#1918200
06
#1918300
16
#1918400
06
#1918500
16
#1918600
06
#1918700
16
#1918800
06
#1918900
16
#1919000
06
#1919100
16
#1919200
06
#1919300
16
#1919400
06
#1919500
16
#1919600
06
#1919700
16
#1919800
06
#1919900
16
#1920000
06
#1920100
16
#1920200
06
#1920300
16
#1920400
06
#1920500
16
#1920600
06
#1920700
16
#1920800
06
#1920900
16
#1921000
06
#1921100
16
#1921200
06
#1921300
16
#1921400
06
#1921500
16
#1921600
06
#1921700
16
#1921800
06
#1921900
16
#1922000
06
#1922100
16
#1922200
06
#1922300
16
#1922400
06
#1922500
16
#1922600
06
#1922700
16
#1922800
06
#1922900
16
#1923000
06
#1923100
16
#1923200
06
#1923300
16
#1923400
06
#1923500
16
#1923600
06
#1923700
16
#1923800
06
#1923900
16
#1924000
06
#1924100
16
#1924200
06
#1924300
16
#1924400
06
#1924500
16
#1924600
06
#1924700
16
#1924800
06
#1924900
16
#1925000
06
#1925100
16
#1925200
06
#1925300
16
#1925400
06
#1925500
16
#1925600
06
#1925700
16
#1925800
06
#1925900
16
#1926000
06
#1926100
16
#1926200
06
#1926300
16
#1926400
06
#1926500
16
#1926600
06
#1926700
16
#1926800
06
#1926900
16
#1927000
06
#1927100
16
#1927200
06
#1927300
16
#1927400
06
#1927500
16
#1927600
06
#1927700
16
#1927800
06
#1927900
16
#1928000
06
#1928100
16
#1928200
06
#1928300
16
#1928400
06
#1928500
16
#1928600
06
#1928700
16
#1928800
06
#1928900
16
#1929000
06
#1929100
16
#1929200
06
#1929300
16
#1929400
06
#1929500
16
#1929600
06
#1929700
16
#1929800
06
#1929900
16
#1930000
06
#1930100
16
#1930200
06
#1930300
16
#1930400
06
#1930500
16
#1930600
06
#1930700
16
#1930800
06
#1930900
16
#1931000
06
#1931100
16
#1931200
06
#1931300
16
#1931400
06
#1931500
16
#1931600
06
#1931700
16
#1931800
06
#1931900
16
#1932000
06
#1932100
16
#1932200
06
#1932300
16
#1932400
06
#1932500
16
#1932600
06
#1932700
16
#1932800
06
#1932900
16
#1933000
06
#1933100
16
#1933200
06
#1933300
16
#1933400
06
#1933500
16
#1933600
06
#1933700
16
#1933800
06
#1933900
16
#1934000
06
#1934100
16
#1934200
06
#1934300
16
#1934400
06
#1934500
16
#1934600
06
#1934700
16
#1934800
06
#1934900
16
#1935000
06
#1935100
16
#1935200
06
#1935300
16
#1935400
06
#1935500
16
#1935600
06
#1935700
16
#1935800
06
#1935900
16
#1936000
06
#1936100
16
#1936200
06
#1936300
16
#1936400
06
#1936500
16
#1936600
06
#1936700
16
#1936800
06
#1936900
16
#1937000
06
#1937100
16
#1937200
06
#1937300
16
#1937400
06
#1937500
16
#1937600
06
#1937700
16
#1937800
06
#1937900
16
#1938000
06
#1938100
16
#1938200
06
#1938300
16
#1938400
06
#1938500
16
#1938600
06
#1938700
16
#1938800
06
#1938900
16
#1939000
06
#1939100
16
#1939200
06
#1939300
16
#1939400
06
#1939500
16
#1939600
06
#1939700
16
#1939800
06
#1939900
16
#1940000
06
#1940100
16
#1940200
06
#1940300
16
#1940400
06
#1940500
16
#1940600
06
#1940700
16
#1940800
06
#1940900
16
#1941000
06
#1941100
16
#1941200
06
#1941300
16
#1941400
06
#1941500
16
#1941600
06
#1941700
16
#1941800
06
#1941900
16
#1942000
06
#1942100
16
#1942200
06
#1942300
16
#1942400
06
#1942500
16
#1942600
06
#1942700
16
#1942800
06
#1942900
16
#1943000
06
#1943100
16
#1943200
06
#1943300
16
#1943400
06
#1943500
16
#1943600
06
#1943700
16
#1943800
06
#1943900
16
#1944000
06
#1944100
16
#1944200
06
#1944300
16
#1944400
06
#1944500
16
#1944600
06
#1944700
16
#1944800
06
#1944900
16
#1945000
06
#1945100
16
#1945200
06
#1945300
16
#1945400
06
#1945500
16
#1945600
06
#1945700
16
#1945800
06
#1945900
16
#1946000
06
#1946100
16
#1946200
06
#1946300
16
#1946400
06
#1946500
16
#1946600
06
#1946700
16
#1946800
06
#1946900
16
#1947000
06
#1947100
16
#1947200
06
#1947300
16
#1947400
06
#1947500
16
#1947600
06
#1947700
16
#1947800
06
#1947900
16
#1948000
06
#1948100
16
#1948200
06
#1948300
16
#1948400
06
#1948500
16
#1948600
06
#1948700
16
#1948800
06
#1948900
16
#1949000
06
#1949100
16
#1949200
06
#1949300
16
#1949400
06
#1949500
16
#1949600
06
#1949700
16
#1949800
06
#1949900
16
#1950000
06
#1950100
16
#1950200
06
#1950300
16
#1950400
06
#1950500
16
#1950600
06
#1950700
16
#1950800
06
#1950900
16
#1951000
06
#1951100
16
#1951200
06
#1951300
16
#1951400
06
#1951500
16
#1951600
06
#1951700
16
#1951800
06
#1951900
16
#1952000
06
#1952100
16
#1952200
06
#1952300
16
#1952400
06
#1952500
16
#1952600
06
#1952700
16
#1952800
06
#1952900
16
#1953000
06
#1953100
16
#1953200
06
#1953300
16
#1953400
06
#1953500
16
#1953600
06
#1953700
16
#1953800
06
#1953900
16
#1954000
06
#1954100
16
#1954200
06
#1954300
16
#1954400
06
#1954500
16
#1954600
06
#1954700
16
#1954800
06
#1954900
16
#1955000
06
#1955100
16
#1955200
06
#1955300
16
#1955400
06
#1955500
16
#1955600
06
#1955700
16
#1955800
06
#1955900
16
#1956000
06
#1956100
16
#1956200
06
#1956300
16
#1956400
06
#1956500
16
#1956600
06
#1956700
16
#1956800
06
#1956900
16
#1957000
06
#1957100
16
#1957200
06
#1957300
16
#1957400
06
#1957500
16
#1957600
06
#1957700
16
#1957800
06
#1957900
16
#1958000
06
#1958100
16
#1958200
06
#1958300
16
#1958400
06
#1958500
16
#1958600
06
#1958700
16
#1958800
06
#1958900
16
#1959000
06
#1959100
16
#1959200
06
#1959300
16
#1959400
06
#1959500
16
#1959600
06
#1959700
16
#1959800
06
#1959900
16
#1960000
06
#1960100
16
#1960200
06
#1960300
16
#1960400
06
#1960500
16
#1960600
06
#1960700
16
#1960800
06
#1960900
16
#1961000
06
#1961100
16
#1961200
06
#1961300
16
#1961400
06
#1961500
16
#1961600
06
#1961700
16
#1961800
06
#1961900
16
#1962000
06
#1962100
16
#1962200
06
#1962300
16
#1962400
06
#1962500
16
#1962600
06
#1962700
16
#1962800
06
#1962900
16
#1963000
06
#1963100
16
#1963200
06
#1963300
16
#1963400
06
#1963500
16
#1963600
06
#1963700
16
#1963800
06
#1963900
16
#1964000
06
#1964100
16
#1964200
06
#1964300
16
#1964400
06
#1964500
16
#1964600
06
#1964700
16
#1964800
06
#1964900
16
#1965000
06
#1965100
16
#1965200
06
#1965300
16
#1965400
06
#1965500
16
#1965600
06
#1965700
16
#1965800
06
#1965900
16
#1966000
06
#1966100
16
#1966200
06
#1966300
16
#1966400
06
#1966500
16
#1966600
06
#1966700
16
#1966800
06
#1966900
16
#1967000
06
#1967100
16
#1967200
06
#1967300
16
#1967400
06
#1967500
16
#1967600
06
#1967700
16
#1967800
06
#1967900
16
#1968000
06
#1968100
16
#1968200
06
#1968300
16
#1968400
06
#1968500
16
#1968600
06
#1968700
16
#1968800
06
#1968900
16
#1969000
06
#1969100
16
#1969200
06
#1969300
16
#1969400
06
#1969500
16
#1969600
06
#1969700
16
#1969800
06
#1969900
16
#1970000
06
#1970100
16
#1970200
06
#1970300
16
#1970400
06
#1970500
16
#1970600
06
#1970700
16
#1970800
06
#1970900
16
#1971000
06
#1971100
16
#1971200
06
#1971300
16
#1971400
06
#1971500
16
#1971600
06
#1971700
16
#1971800
06
#1971900
16
#1972000
06
#1972100
16
#1972200
06
#1972300
16
#1972400
06
#1972500
16
#1972600
06
#1972700
16
#1972800
06
#1972900
16
#1973000
06
#1973100
16
#1973200
06
#1973300
16
#1973400
06
#1973500
16
#1973600
06
#1973700
16
#1973800
06
#1973900
16
#1974000
06
#1974100
16
#1974200
06
#1974300
16
#1974400
06
#1974500
16
#1974600
06
#1974700
16
#1974800
06
#1974900
16
#1975000
06
#1975100
16
#1975200
06
#1975300
16
#1975400
06
#1975500
16
#1975600
06
#1975700
16
#1975800
06
#1975900
16
#1976000
06
#1976100
16
#1976200
06
#1976300
16
#1976400
06
#1976500
16
#1976600
06
#1976700
16
#1976800
06
#1976900
16
#1977000
06
#1977100
16
#1977200
06
#1977300
16
#1977400
06
#1977500
16
#1977600
06
#1977700
16
#1977800
06
#1977900
16
#1978000
06
#1978100
16
#1978200
06
#1978300
16
#1978400
06
#1978500
16
#1978600
06
#1978700
16
#1978800
06
#1978900
16
#1979000
06
#1979100
16
#1979200
06
#1979300
16
#1979400
06
#1979500
16
#1979600
06
#1979700
16
#1979800
06
#1979900
16
#1980000
06
#1980100
16
#1980200
06
#1980300
16
#1980400
06
#1980500
16
#1980600
06
#1980700
16
#1980800
06
#1980900
16
#1981000
06
#1981100
16
#1981200
06
#1981300
16
#1981400
06
#1981500
16
#1981600
06
#1981700
16
#1981800
06
#1981900
16
#1982000
06
#1982100
16
#1982200
06
#1982300
16
#1982400
06
#1982500
16
#1982600
06
#1982700
16
#1982800
06
#1982900
16
#1983000
06
#1983100
16
#1983200
06
#1983300
16
#1983400
06
#1983500
16
#1983600
06
#1983700
16
#1983800
06
#1983900
16
#1984000
06
#1984100
16
#1984200
06
#1984300
16
#1984400
06
#1984500
16
#1984600
06
#1984700
16
#1984800
06
#1984900
16
#1985000
06
#1985100
16
#1985200
06
#1985300
16
#1985400
06
#1985500
16
#1985600
06
#1985700
16
#1985800
06
#1985900
16
#1986000
06
#1986100
16
#1986200
06
#1986300
16
#1986400
06
#1986500
16
#1986600
06
#1986700
16
#1986800
06
#1986900
16
#1987000
06
#1987100
16
#1987200
06
#1987300
16
#1987400
06
#1987500
16
#1987600
06
#1987700
16
#1987800
06
#1987900
16
#1988000
06
#1988100
16
#1988200
06
#1988300
16
#1988400
06
#1988500
16
#1988600
06
#1988700
16
#1988800
06
#1988900
16
#1989000
06
#1989100
16
#1989200
06
#1989300
16
#1989400
06
#1989500
16
#1989600
06
#1989700
16
#1989800
06
#1989900
16
#1990000
06
#1990100
16
#1990200
06
#1990300
16
#1990400
06
#1990500
16
#1990600
06
#1990700
16
#1990800
06
#1990900
16
#1991000
06
#1991100
16
#1991200
06
#1991300
16
#1991400
06
#1991500
16
#1991600
06
#1991700
16
#1991800
06
#1991900
16
#1992000
06
#1992100
16
#1992200
06
#1992300
16
#1992400
06
#1992500
16
#1992600
06
#1992700
16
#1992800
06
#1992900
16
#1993000
06
#1993100
16
#1993200
06
#1993300
16
#1993400
06
#1993500
16
#1993600
06
#1993700
16
#1993800
06
#1993900
16
#1994000
06
#1994100
16
#1994200
06
#1994300
16
#1994400
06
#1994500
16
#1994600
06
#1994700
16
#1994800
06
#1994900
16
#1995000
06
#1995100
16
#1995200
06
#1995300
16
#1995400
06
#1995500
16
#1995600
06
#1995700
16
#1995800
06
#1995900
16
#1996000
06
#1996100
16
#1996200
06
#1996300
16
#1996400
06
#1996500
16
#1996600
06
#1996700
16
#1996800
06
#1996900
16
#1997000
06
#1997100
16
#1997200
06
#1997300
16
#1997400
06
#1997500
16
#1997600
06
#1997700
16
#1997800
06
#1997900
16
#1998000
06
#1998100
16
#1998200
06
#1998300
16
#1998400
06
#1998500
16
#1998600
06
#1998700
16
#1998800
06
#1998900
16
#1999000
06
#1999100
16
#1999200
06
#1999300
16
#1999400
06
#1999500
16
#1999600
06
#1999700
16
#1999800
06
#1999900
16
#2000000
06
#2000100
16
#2000200
06
#2000300
16
#2000400
06
#2000500
16
#2000600
06
#2000700
16
#2000800
06
#2000900
16
#2001000
06
#2001100
16
#2001200
06
#2001300
16
#2001400
06
#2001500
16
#2001600
06
#2001700
16
#2001800
06
#2001900
16
#2002000
06
#2002100
16
#2002200
06
#2002300
16
#2002400
06
#2002500
16
#2002600
06
#2002700
16
#2002800
06
#2002900
16
#2003000
06
#2003100
16
#2003200
06
#2003300
16
#2003400
06
#2003500
16
#2003600
06
#2003700
16
#2003800
06
#2003900
16
#2004000
06
#2004100
16
#2004200
06
#2004300
16
#2004400
06
#2004500
16
#2004600
06
#2004700
16
#2004800
06
#2004900
16
#2005000
06
#2005100
16
#2005200
06
#2005300
16
#2005400
06
#2005500
16
#2005600
06
#2005700
16
#2005800
06
#2005900
16
#2006000
06
#2006100
16
#2006200
06
#2006300
16
#2006400
06
#2006500
16
#2006600
06
#2006700
16
#2006800
06
#2006900
16
#2007000
06
#2007070
0/
#2007100
0E
16
#2007200
06
#2007300
0K
16
#2007400
06
#2007500
18
0L
16
#2007600
06
#2007700
08
b1011 %
b1011 F
0M
16
#2007800
06
#2007900
b101 %
b101 F
16
#2008000
06
#2008100
16
#2008200
06
#2008300
16
#2008400
06
#2008500
16
#2008600
06
#2008700
16
#2008800
06
#2008900
16
#2009000
06
#2009100
16
#2009200
06
#2009300
16
#2009400
06
#2009500
16
#2009600
06
#2009700
16
#2009800
06
#2009900
16
#2010000
06
#2010100
16
#2010200
06
#2010300
16
#2010400
06
#2010500
16
#2010600
06
#2010700
16
#2010800
06
#2010900
16
#2011000
06
#2011100
16
#2011200
06
#2011300
16
#2011400
06
#2011500
16
#2011600
06
#2011700
16
#2011800
06
#2011900
16
#2012000
06
#2012100
16
#2012200
06
#2012300
16
#2012400
06
#2012500
16
#2012600
06
#2012700
16
#2012800
06
#2012900
16
#2013000
06
#2013100
16
#2013200
06
#2013300
16
#2013400
06
#2013500
16
#2013600
06
#2013700
16
#2013800
06
#2013900
16
#2014000
06
#2014100
16
#2014200
06
#2014300
16
#2014400
06
#2014500
16
#2014600
06
#2014700
16
#2014800
06
#2014900
16
#2015000
06
#2015100
16
#2015200
06
#2015300
16
#2015400
06
#2015500
16
#2015600
06
#2015700
16
#2015800
06
#2015900
16
#2016000
06
#2016100
16
#2016200
06
#2016300
16
#2016400
06
#2016500
16
#2016600
06
#2016700
16
#2016800
06
#2016900
16
#2017000
06
#2017100
16
#2017200
06
#2017300
16
#2017400
06
#2017500
16
#2017600
06
#2017700
16
#2017800
06
#2017900
16
#2018000
06
#2018100
16
#2018200
06
#2018300
16
#2018400
06
#2018500
16
#2018600
06
#2018700
16
#2018800
06
#2018900
16
#2019000
06
#2019100
16
#2019200
06
#2019300
16
#2019400
06
#2019500
16
#2019600
06
#2019700
16
#2019800
06
#2019900
16
#2020000
06
#2020100
16
#2020200
06
#2020300
16
#2020400
06
#2020500
16
#2020600
06
#2020700
16
#2020800
06
#2020900
16
#2021000
06
#2021100
16
#2021200
06
#2021300
16
#2021400
06
#2021500
16
#2021600
06
#2021700
16
#2021800
06
#2021900
16
#2022000
06
#2022100
16
#2022200
06
#2022300
16
#2022400
06
#2022500
16
#2022600
06
#2022700
16
#2022800
06
#2022900
16
#2023000
06
#2023100
16
#2023200
06
#2023300
16
#2023400
06
#2023500
16
#2023600
06
#2023700
16
#2023800
06
#2023900
16
#2024000
06
#2024100
16
#2024200
06
#2024300
16
#2024400
06
#2024500
16
#2024600
06
#2024700
16
#2024800
06
#2024900
16
#2025000
06
#2025100
16
#2025200
06
#2025300
16
#2025400
06
#2025500
16
#2025600
06
#2025700
16
#2025800
06
#2025900
16
#2026000
06
#2026100
16
#2026200
06
#2026300
16
#2026400
06
#2026500
16
#2026600
06
#2026700
16
#2026800
06
#2026900
16
#2027000
06
#2027100
16
#2027200
06
#2027300
16
#2027400
06
#2027500
16
#2027600
06
#2027700
16
#2027800
06
#2027900
16
#2028000
06
#2028100
16
#2028200
06
#2028300
16
#2028400
06
#2028500
16
#2028600
06
#2028700
16
#2028800
06
#2028900
16
#2029000
06
#2029100
16
#2029200
06
#2029300
16
#2029400
06
#2029500
16
#2029600
06
#2029700
16
#2029800
06
#2029900
16
#2030000
06
#2030100
16
#2030200
06
#2030300
16
#2030400
06
#2030500
16
#2030600
06
#2030700
16
#2030800
06
#2030900
16
#2031000
06
#2031100
16
#2031200
06
#2031300
16
#2031400
06
#2031500
16
#2031600
06
#2031700
16
#2031800
06
#2031900
16
#2032000
06
#2032100
16
#2032200
06
#2032300
16
#2032400
06
#2032500
16
#2032600
06
#2032700
16
#2032800
06
#2032900
16
#2033000
06
#2033100
16
#2033200
06
#2033300
16
#2033400
06
#2033500
16
#2033600
06
#2033700
16
#2033800
06
#2033900
16
#2034000
06
#2034100
16
#2034200
06
#2034300
16
#2034400
06
#2034500
16
#2034600
06
#2034700
16
#2034800
06
#2034900
16
#2035000
06
#2035100
16
#2035200
06
#2035300
16
#2035400
06
#2035500
16
#2035600
06
#2035700
16
#2035800
06
#2035900
16
#2036000
06
#2036100
16
#2036200
06
#2036300
16
#2036400
06
#2036500
16
#2036600
06
#2036700
16
#2036800
06
#2036900
16
#2037000
06
#2037100
16
#2037200
06
#2037300
16
#2037400
06
#2037500
16
#2037600
06
#2037700
16
#2037800
06
#2037900
16
#2038000
06
#2038100
16
#2038200
06
#2038300
16
#2038400
06
#2038500
16
#2038600
06
#2038700
16
#2038800
06
#2038900
16
#2039000
06
#2039100
16
#2039200
06
#2039300
16
#2039400
06
#2039500
16
#2039600
06
#2039700
16
#2039800
06
#2039900
16
#2040000
06
#2040100
16
#2040200
06
#2040300
16
#2040400
06
#2040500
16
#2040600
06
#2040700
16
#2040800
06
#2040900
16
#2041000
06
#2041100
16
#2041200
06
#2041300
16
#2041400
06
#2041500
16
#2041600
06
#2041700
16
#2041800
06
#2041900
16
#2042000
06
#2042100
16
#2042200
06
#2042300
16
#2042400
06
#2042500
16
#2042600
06
#2042700
16
#2042800
06
#2042900
16
#2043000
06
#2043100
16
#2043200
06
#2043300
16
#2043400
06
#2043500
16
#2043600
06
#2043700
16
#2043800
06
#2043900
16
#2044000
06
#2044100
16
#2044200
06
#2044300
16
#2044400
06
#2044500
16
#2044600
06
#2044700
16
#2044800
06
#2044900
16
#2045000
06
#2045100
16
#2045200
06
#2045300
16
#2045400
06
#2045500
16
#2045600
06
#2045700
16
#2045800
06
#2045900
16
#2046000
06
#2046100
16
#2046200
06
#2046300
16
#2046400
06
#2046500
16
#2046600
06
#2046700
16
#2046800
06
#2046900
16
#2047000
06
#2047100
16
#2047200
06
#2047300
16
#2047400
06
#2047500
16
#2047600
06
#2047700
16
#2047800
06
#2047900
16
#2048000
06
#2048100
16
#2048200
06
#2048300
16
#2048400
06
#2048500
16
#2048600
06
#2048700
16
#2048800
06
#2048900
16
#2049000
06
#2049100
16
#2049200
06
#2049300
16
#2049400
06
#2049500
16
#2049600
06
#2049700
16
#2049800
06
#2049900
16
#2050000
06
#2050100
16
#2050200
06
#2050300
16
#2050400
06
#2050500
16
#2050600
06
#2050700
16
#2050800
06
#2050900
16
#2051000
06
#2051100
16
#2051200
06
#2051300
16
#2051400
06
#2051500
16
#2051600
06
#2051700
16
#2051800
06
#2051900
16
#2052000
06
#2052100
16
#2052200
06
#2052300
16
#2052400
06
#2052500
16
#2052600
06
#2052700
16
#2052800
06
#2052900
16
#2053000
06
#2053100
16
#2053200
06
#2053300
16
#2053400
06
#2053500
16
#2053600
06
#2053700
16
#2053800
06
#2053900
16
#2054000
06
#2054100
16
#2054200
06
#2054300
16
#2054400
06
#2054500
16
#2054600
06
#2054700
16
#2054800
06
#2054900
16
#2055000
06
#2055100
16
#2055200
06
#2055300
16
#2055400
06
#2055500
16
#2055600
06
#2055700
16
#2055800
06
#2055900
16
#2056000
06
#2056100
16
#2056200
06
#2056300
16
#2056400
06
#2056500
16
#2056600
06
#2056700
16
#2056800
06
#2056900
16
#2057000
06
#2057100
16
#2057200
06
#2057300
16
#2057400
06
#2057500
16
#2057600
06
#2057700
16
#2057800
06
#2057900
16
#2058000
06
#2058100
16
#2058200
06
#2058300
16
#2058400
06
#2058500
16
#2058600
06
#2058700
16
#2058800
06
#2058900
16
#2059000
06
#2059100
16
#2059200
06
#2059300
16
#2059400
06
#2059500
16
#2059600
06
#2059700
16
#2059800
06
#2059900
16
#2060000
06
#2060100
16
#2060200
06
#2060300
16
#2060400
06
#2060500
16
#2060600
06
#2060700
16
#2060800
06
#2060900
16
#2061000
06
#2061100
16
#2061200
06
#2061300
16
#2061400
06
#2061500
16
#2061600
06
#2061700
16
#2061800
06
#2061900
16
#2062000
06
#2062100
16
#2062200
06
#2062300
16
#2062400
06
#2062500
16
#2062600
06
#2062700
16
#2062800
06
#2062900
16
#2063000
06
#2063100
16
#2063200
06
#2063300
16
#2063400
06
#2063500
16
#2063600
06
#2063700
16
#2063800
06
#2063900
16
#2064000
06
#2064100
16
#2064200
06
#2064300
16
#2064400
06
#2064500
16
#2064600
06
#2064700
16
#2064800
06
#2064900
16
#2065000
06
#2065100
16
#2065200
06
#2065300
16
#2065400
06
#2065500
16
#2065600
06
#2065700
16
#2065800
06
#2065900
16
#2066000
06
#2066100
16
#2066200
06
#2066300
16
#2066400
06
#2066500
16
#2066600
06
#2066700
16
#2066800
06
#2066900
16
#2067000
06
#2067100
16
#2067200
06
#2067300
16
#2067400
06
#2067500
16
#2067600
06
#2067700
16
#2067800
06
#2067900
16
#2068000
06
#2068100
16
#2068200
06
#2068300
16
#2068400
06
#2068500
16
#2068600
06
#2068700
16
#2068800
06
#2068900
16
#2069000
06
#2069100
16
#2069200
06
#2069300
16
#2069400
06
#2069500
16
#2069600
06
#2069700
16
#2069800
06
#2069900
16
#2070000
06
#2070100
16
#2070200
06
#2070300
16
#2070400
06
#2070500
16
#2070600
06
#2070700
16
#2070800
06
#2070900
16
#2071000
06
#2071100
16
#2071200
06
#2071300
16
#2071400
06
#2071500
16
#2071600
06
#2071700
16
#2071800
06
#2071900
16
#2072000
06
#2072100
16
#2072200
06
#2072300
16
#2072400
06
#2072500
16
#2072600
06
#2072700
16
#2072800
06
#2072900
16
#2073000
06
#2073100
16
#2073200
06
#2073300
16
#2073400
06
#2073500
16
#2073600
06
#2073700
16
#2073800
06
#2073900
16
#2074000
06
#2074100
16
#2074200
06
#2074300
16
#2074400
06
#2074500
16
#2074600
06
#2074700
16
#2074800
06
#2074900
16
#2075000
06
#2075100
16
#2075200
06
#2075300
16
#2075400
06
#2075500
16
#2075600
06
#2075700
16
#2075800
06
#2075900
16
#2076000
06
#2076100
16
#2076200
06
#2076300
16
#2076400
06
#2076500
16
#2076600
06
#2076700
16
#2076800
06
#2076900
16
#2077000
06
#2077100
16
#2077200
06
#2077300
16
#2077400
06
#2077500
16
#2077600
06
#2077700
16
#2077800
06
#2077900
16
#2078000
06
#2078100
16
#2078200
06
#2078300
16
#2078400
06
#2078500
16
#2078600
06
#2078700
16
#2078800
06
#2078900
16
#2079000
06
#2079100
16
#2079200
06
#2079300
16
#2079400
06
#2079500
16
#2079600
06
#2079700
16
#2079800
06
#2079900
16
#2080000
06
#2080100
16
#2080200
06
#2080300
16
#2080400
06
#2080500
16
#2080600
06
#2080700
16
#2080800
06
#2080900
16
#2081000
06
#2081100
16
#2081200
06
#2081300
16
#2081400
06
#2081500
16
#2081600
06
#2081700
16
#2081800
06
#2081900
16
#2082000
06
#2082100
16
#2082200
06
#2082300
16
#2082400
06
#2082500
16
#2082600
06
#2082700
16
#2082800
06
#2082900
16
#2083000
06
#2083100
16
#2083200
06
#2083300
16
#2083400
06
#2083500
16
#2083600
06
#2083700
16
#2083800
06
#2083900
16
#2084000
06
#2084100
16
#2084200
06
#2084300
16
#2084400
06
#2084500
16
#2084600
06
#2084700
16
#2084800
06
#2084900
16
#2085000
06
#2085100
16
#2085200
06
#2085300
16
#2085400
06
#2085500
16
#2085600
06
#2085700
16
#2085800
06
#2085900
16
#2086000
06
#2086100
16
#2086200
06
#2086300
16
#2086400
06
#2086500
16
#2086600
06
#2086700
16
#2086800
06
#2086900
16
#2087000
06
#2087100
16
#2087200
06
#2087300
16
#2087400
06
#2087500
16
#2087600
06
#2087700
16
#2087800
06
#2087900
16
#2088000
06
#2088100
16
#2088200
06
#2088300
16
#2088400
06
#2088500
16
#2088600
06
#2088700
16
#2088800
06
#2088900
16
#2089000
06
#2089100
16
#2089200
06
#2089300
16
#2089400
06
#2089500
16
#2089600
06
#2089700
16
#2089800
06
#2089900
16
#2090000
06
#2090100
16
#2090200
06
#2090300
16
#2090400
06
#2090500
16
#2090600
06
#2090700
16
#2090800
06
#2090900
16
#2091000
06
#2091100
16
#2091200
06
#2091300
16
#2091400
06
#2091500
16
#2091600
06
#2091700
16
#2091800
06
#2091900
16
#2092000
06
#2092100
16
#2092200
06
#2092300
16
#2092400
06
#2092500
16
#2092600
06
#2092700
16
#2092800
06
#2092900
16
#2093000
06
#2093100
16
#2093200
06
#2093300
16
#2093400
06
#2093500
16
#2093600
06
#2093700
16
#2093800
06
#2093900
16
#2094000
06
#2094100
16
#2094200
06
#2094300
16
#2094400
06
#2094500
16
#2094600
06
#2094700
16
#2094800
06
#2094900
16
#2095000
06
#2095100
16
#2095200
06
#2095300
16
#2095400
06
#2095500
16
#2095600
06
#2095700
16
#2095800
06
#2095900
16
#2096000
06
#2096100
16
#2096200
06
#2096300
16
#2096400
06
#2096500
16
#2096600
06
#2096700
16
#2096800
06
#2096900
16
#2097000
06
#2097100
16
#2097200
06
#2097300
16
#2097400
06
#2097500
16
#2097600
06
#2097700
16
#2097800
06
#2097900
16
#2098000
06
#2098100
16
#2098200
06
#2098300
16
#2098400
06
#2098500
16
#2098600
06
#2098700
16
#2098800
06
#2098900
16
#2099000
06
#2099100
16
#2099200
06
#2099300
16
#2099400
06
#2099500
16
#2099600
06
#2099700
16
#2099800
06
#2099900
16
#2100000
06
#2100100
16
#2100200
06
#2100300
16
#2100400
06
#2100500
16
#2100600
06
#2100700
16
#2100800
06
#2100900
16
#2101000
06
#2101100
16
#2101200
06
#2101300
16
#2101400
06
#2101500
16
#2101600
06
#2101700
16
#2101800
06
#2101900
16
#2102000
06
#2102100
16
#2102200
06
#2102300
16
#2102400
06
#2102500
16
#2102600
06
#2102700
16
#2102800
06
#2102900
16
#2103000
06
#2103100
16
#2103200
06
#2103300
16
#2103400
06
#2103500
16
#2103600
06
#2103700
16
#2103800
06
#2103900
16
#2104000
06
#2104100
16
#2104200
06
#2104300
16
#2104400
06
#2104500
16
#2104600
06
#2104700
16
#2104800
06
#2104900
16
#2105000
06
#2105100
16
#2105200
06
#2105300
16
#2105400
06
#2105500
16
#2105600
06
#2105700
16
#2105800
06
#2105900
16
#2106000
06
#2106100
16
#2106200
06
#2106300
16
#2106400
06
#2106500
16
#2106600
06
#2106700
16
#2106800
06
#2106900
16
#2107000
06
#2107100
16
#2107200
06
#2107300
16
#2107400
06
#2107500
16
#2107600
06
#2107700
16
#2107800
06
#2107900
16
#2108000
06
#2108100
16
#2108200
06
#2108300
16
#2108400
06
#2108500
16
#2108600
06
#2108700
16
#2108800
06
#2108900
16
#2109000
06
#2109100
16
#2109200
06
#2109300
16
#2109400
06
#2109500
16
#2109600
06
#2109700
16
#2109800
06
#2109900
16
#2110000
06
#2110100
16
#2110200
06
#2110300
16
#2110400
06
#2110500
16
#2110600
06
#2110700
16
#2110800
06
#2110900
16
#2111000
06
#2111100
16
#2111200
06
#2111300
16
#2111400
06
#2111500
16
#2111600
06
#2111700
16
#2111800
06
#2111900
16
#2112000
06
#2112100
16
#2112200
06
#2112300
16
#2112400
06
#2112500
16
#2112600
06
#2112700
16
#2112800
06
#2112900
16
#2113000
06
#2113100
16
#2113200
06
#2113300
16
#2113400
06
#2113500
16
#2113600
06
#2113700
16
#2113800
06
#2113900
16
#2114000
06
#2114100
16
#2114200
06
#2114300
16
#2114400
06
#2114500
16
#2114600
06
#2114700
16
#2114800
06
#2114900
16
#2115000
06
#2115100
16
#2115200
06
#2115300
16
#2115400
06
#2115500
16
#2115600
06
#2115700
16
#2115800
06
#2115900
16
#2116000
06
#2116100
16
#2116200
06
#2116300
16
#2116400
06
#2116500
16
#2116600
06
#2116700
16
#2116800
06
#2116900
16
#2117000
06
#2117100
16
#2117200
06
#2117300
16
#2117400
06
#2117500
16
#2117600
06
#2117700
16
#2117800
06
#2117900
16
#2118000
06
#2118100
16
#2118200
06
#2118300
16
#2118400
06
#2118500
16
#2118600
06
#2118700
16
#2118800
06
#2118900
16
#2119000
06
#2119100
16
#2119200
06
#2119300
16
#2119400
06
#2119500
16
#2119600
06
#2119700
16
#2119800
06
#2119900
16
#2120000
06
#2120100
16
#2120200
06
#2120300
16
#2120400
06
#2120500
16
#2120600
06
#2120700
16
#2120800
06
#2120900
16
#2121000
06
#2121100
16
#2121200
06
#2121300
16
#2121400
06
#2121500
16
#2121600
06
#2121700
16
#2121800
06
#2121900
16
#2122000
06
#2122100
16
#2122200
06
#2122300
16
#2122400
06
#2122500
16
#2122600
06
#2122700
16
#2122800
06
#2122900
16
#2123000
06
#2123100
16
#2123200
06
#2123300
16
#2123400
06
#2123500
16
#2123600
06
#2123700
16
#2123800
06
#2123900
16
#2124000
06
#2124100
16
#2124200
06
#2124300
16
#2124400
06
#2124500
16
#2124600
06
#2124700
16
#2124800
06
#2124900
16
#2125000
06
#2125100
16
#2125200
06
#2125300
16
#2125400
06
#2125500
16
#2125600
06
#2125700
16
#2125800
06
#2125900
16
#2126000
06
#2126100
16
#2126200
06
#2126300
16
#2126400
06
#2126500
16
#2126600
06
#2126700
16
#2126800
06
#2126900
16
#2127000
06
#2127100
16
#2127200
06
#2127300
16
#2127400
06
#2127500
16
#2127600
06
#2127700
16
#2127800
06
#2127900
16
#2128000
06
#2128100
16
#2128200
06
#2128300
16
#2128400
06
#2128500
16
#2128600
06
#2128700
16
#2128800
06
#2128900
16
#2129000
06
#2129100
16
#2129200
06
#2129300
16
#2129400
06
#2129500
16
#2129600
06
#2129700
16
#2129800
06
#2129900
16
#2130000
06
#2130100
16
#2130200
06
#2130300
16
#2130400
06
#2130500
16
#2130600
06
#2130700
16
#2130800
06
#2130900
16
#2131000
06
#2131100
16
#2131200
06
#2131300
16
#2131400
06
#2131500
16
#2131600
06
#2131700
16
#2131800
06
#2131900
16
#2132000
06
#2132100
16
#2132200
06
#2132300
16
#2132400
06
#2132500
16
#2132600
06
#2132700
16
#2132800
06
#2132900
16
#2133000
06
#2133100
16
#2133200
06
#2133300
16
#2133400
06
#2133500
16
#2133600
06
#2133700
16
#2133800
06
#2133900
16
#2134000
06
#2134100
16
#2134200
06
#2134300
16
#2134400
06
#2134500
16
#2134600
06
#2134700
16
#2134800
06
#2134900
16
#2135000
06
#2135100
16
#2135200
06
#2135300
16
#2135400
06
#2135500
16
#2135600
06
#2135700
16
#2135800
06
#2135900
16
#2136000
06
#2136100
16
#2136200
06
#2136300
16
#2136400
06
#2136500
16
#2136600
06
#2136700
16
#2136800
06
#2136900
16
#2137000
06
#2137100
16
#2137200
06
#2137300
16
#2137400
06
#2137500
16
#2137600
06
#2137700
16
#2137800
06
#2137900
16
#2138000
06
#2138100
16
#2138200
06
#2138300
16
#2138400
06
#2138500
16
#2138600
06
#2138700
16
#2138800
06
#2138900
16
#2139000
06
#2139100
16
#2139200
06
#2139300
16
#2139400
06
#2139500
16
#2139600
06
#2139700
16
#2139800
06
#2139900
16
#2140000
06
#2140100
16
#2140200
06
#2140300
16
#2140400
06
#2140500
16
#2140600
06
#2140700
16
#2140800
06
#2140900
16
#2141000
06
#2141100
16
#2141200
06
#2141300
16
#2141400
06
#2141500
16
#2141600
06
#2141700
16
#2141800
06
#2141900
16
#2142000
06
#2142100
16
#2142200
06
#2142300
16
#2142400
06
#2142500
16
#2142600
06
#2142700
16
#2142800
06
#2142900
16
#2143000
06
#2143100
16
#2143200
06
#2143300
16
#2143400
06
#2143500
16
#2143600
06
#2143700
16
#2143800
06
#2143900
16
#2144000
06
#2144100
16
#2144200
06
#2144300
16
#2144400
06
#2144500
16
#2144600
06
#2144700
16
#2144800
06
#2144900
16
#2145000
06
#2145100
16
#2145200
06
#2145300
16
#2145400
06
#2145500
16
#2145600
06
#2145700
16
#2145800
06
#2145900
16
#2146000
06
#2146100
16
#2146200
06
#2146300
16
#2146400
06
#2146500
16
#2146600
06
#2146700
16
#2146800
06
#2146900
16
#2147000
06
#2147100
16
#2147200
06
#2147300
16
#2147400
06
#2147500
16
#2147600
06
#2147700
16
#2147800
06
#2147900
16
#2148000
06
#2148100
16
#2148200
06
#2148300
16
#2148400
06
#2148500
16
#2148600
06
#2148700
16
#2148800
06
#2148900
16
#2149000
06
#2149100
16
#2149200
06
#2149300
16
#2149400
06
#2149500
16
#2149600
06
#2149700
16
#2149800
06
#2149900
16
#2150000
06
#2150100
16
#2150200
06
#2150300
16
#2150400
06
#2150500
16
#2150600
06
#2150700
16
#2150800
06
#2150900
16
#2151000
06
#2151100
16
#2151200
06
#2151300
16
#2151400
06
#2151500
16
#2151600
06
#2151700
16
#2151800
06
#2151900
16
#2152000
06
#2152100
16
#2152200
06
#2152300
16
#2152400
06
#2152500
16
#2152600
06
#2152700
16
#2152800
06
#2152900
16
#2153000
06
#2153100
16
#2153200
06
#2153300
16
#2153400
06
#2153500
16
#2153600
06
#2153700
16
#2153800
06
#2153900
16
#2154000
06
#2154100
16
#2154200
06
#2154300
16
#2154400
06
#2154500
16
#2154600
06
#2154700
16
#2154800
06
#2154900
16
#2155000
06
#2155100
16
#2155200
06
#2155300
16
#2155400
06
#2155500
16
#2155600
06
#2155700
16
#2155800
06
#2155900
16
#2156000
06
#2156100
16
#2156200
06
#2156300
16
#2156400
06
#2156500
16
#2156600
06
#2156700
16
#2156800
06
#2156900
16
#2157000
06
#2157100
16
#2157200
06
#2157300
16
#2157400
06
#2157500
16
#2157600
06
#2157700
16
#2157800
06
#2157900
16
#2158000
06
#2158100
16
#2158200
06
#2158300
16
#2158400
06
#2158500
16
#2158600
06
#2158700
16
#2158800
06
#2158900
16
#2159000
06
#2159100
16
#2159200
06
#2159300
16
#2159400
06
#2159500
16
#2159600
06
#2159700
16
#2159800
06
#2159900
16
#2160000
06
#2160100
16
#2160200
06
#2160300
16
#2160400
06
#2160500
16
#2160600
06
#2160700
16
#2160800
06
#2160900
16
#2161000
06
#2161100
16
#2161200
06
#2161300
16
#2161400
06
#2161500
16
#2161600
06
#2161700
16
#2161800
06
#2161900
16
#2162000
06
#2162100
16
#2162200
06
#2162300
16
#2162400
06
#2162500
16
#2162600
06
#2162700
16
#2162800
06
#2162900
16
#2163000
06
#2163100
16
#2163200
06
#2163300
16
#2163400
06
#2163500
16
#2163600
06
#2163700
16
#2163800
06
#2163900
16
#2164000
06
#2164100
16
#2164200
06
#2164300
16
#2164400
06
#2164500
16
#2164600
06
#2164700
16
#2164800
06
#2164900
16
#2165000
06
#2165100
16
#2165200
06
#2165300
16
#2165400
06
#2165500
16
#2165600
06
#2165700
16
#2165800
06
#2165900
16
#2166000
06
#2166100
16
#2166200
06
#2166300
16
#2166400
06
#2166500
16
#2166600
06
#2166700
16
#2166800
06
#2166900
16
#2167000
06
#2167100
16
#2167200
06
#2167300
16
#2167400
06
#2167500
16
#2167600
06
#2167700
16
#2167800
06
#2167900
16
#2168000
06
#2168100
16
#2168200
06
#2168300
16
#2168400
06
#2168500
16
#2168600
06
#2168700
16
#2168800
06
#2168900
16
#2169000
06
#2169100
16
#2169200
06
#2169300
16
#2169400
06
#2169500
16
#2169600
06
#2169700
16
#2169800
06
#2169900
16
#2170000
06
#2170100
16
#2170200
06
#2170300
16
#2170400
06
#2170500
16
#2170600
06
#2170700
16
#2170800
06
#2170900
16
#2171000
06
#2171100
16
#2171200
06
#2171300
16
#2171400
06
#2171500
16
#2171600
06
#2171700
16
#2171800
06
#2171900
16
#2172000
06
#2172100
16
#2172200
06
#2172300
16
#2172400
06
#2172500
16
#2172600
06
#2172700
16
#2172800
06
#2172900
16
#2173000
06
#2173100
16
#2173200
06
#2173300
16
#2173400
06
#2173500
16
#2173600
06
#2173700
16
#2173800
06
#2173900
16
#2174000
06
#2174100
16
#2174200
06
#2174300
16
#2174400
06
#2174500
16
#2174600
06
#2174700
16
#2174800
06
#2174900
16
#2175000
06
#2175100
16
#2175200
06
#2175300
16
#2175400
06
#2175500
16
#2175600
06
#2175700
16
#2175800
06
#2175900
16
#2176000
06
#2176100
16
#2176200
06
#2176300
16
#2176400
06
#2176500
16
#2176600
06
#2176700
16
#2176800
06
#2176900
16
#2177000
06
#2177100
16
#2177200
06
#2177300
16
#2177400
06
#2177500
16
#2177600
06
#2177700
16
#2177800
06
#2177900
16
#2178000
06
#2178100
16
#2178200
06
#2178300
16
#2178400
06
#2178500
16
#2178600
06
#2178700
16
#2178800
06
#2178900
16
#2179000
06
#2179100
16
#2179200
06
#2179300
16
#2179400
06
#2179500
16
#2179600
06
#2179700
16
#2179800
06
#2179900
16
#2180000
06
#2180100
16
#2180200
06
#2180300
16
#2180400
06
#2180500
16
#2180600
06
#2180700
16
#2180800
06
#2180900
16
#2181000
06
#2181100
16
#2181200
06
#2181300
16
#2181400
06
#2181500
16
#2181600
06
#2181700
16
#2181800
06
#2181900
16
#2182000
06
#2182100
16
#2182200
06
#2182300
16
#2182400
06
#2182500
16
#2182600
06
#2182700
16
#2182800
06
#2182900
16
#2183000
06
#2183100
16
#2183200
06
#2183300
16
#2183400
06
#2183500
16
#2183600
06
#2183700
16
#2183800
06
#2183900
16
#2184000
06
#2184100
16
#2184200
06
#2184300
16
#2184400
06
#2184500
16
#2184600
06
#2184700
16
#2184800
06
#2184900
16
#2185000
06
#2185100
16
#2185200
06
#2185300
16
#2185400
06
#2185500
16
#2185600
06
#2185700
16
#2185800
06
#2185900
16
#2186000
06
#2186100
16
#2186200
06
#2186300
16
#2186400
06
#2186500
16
#2186600
06
#2186700
16
#2186800
06
#2186900
16
#2187000
06
#2187100
16
#2187200
06
#2187300
16
#2187400
06
#2187500
16
#2187600
06
#2187700
16
#2187800
06
#2187900
16
#2188000
06
#2188100
16
#2188200
06
#2188300
16
#2188400
06
#2188500
16
#2188600
06
#2188700
16
#2188800
06
#2188900
16
#2189000
06
#2189100
16
#2189200
06
#2189300
16
#2189400
06
#2189500
16
#2189600
06
#2189700
16
#2189800
06
#2189900
16
#2190000
06
#2190100
16
#2190200
06
#2190300
16
#2190400
06
#2190500
16
#2190600
06
#2190700
16
#2190800
06
#2190900
16
#2191000
06
#2191100
16
#2191200
06
#2191300
16
#2191400
06
#2191500
16
#2191600
06
#2191700
16
#2191800
06
#2191900
16
#2192000
06
#2192100
16
#2192200
06
#2192300
16
#2192400
06
#2192500
16
#2192600
06
#2192700
16
#2192800
06
#2192900
16
#2193000
06
#2193100
16
#2193200
06
#2193300
16
#2193400
06
#2193500
16
#2193600
06
#2193700
16
#2193800
06
#2193900
16
#2194000
06
#2194100
16
#2194200
06
#2194300
16
#2194400
06
#2194500
16
#2194600
06
#2194700
16
#2194800
06
#2194900
16
#2195000
06
#2195100
16
#2195200
06
#2195300
16
#2195400
06
#2195500
16
#2195600
06
#2195700
16
#2195800
06
#2195900
16
#2196000
06
#2196100
16
#2196200
06
#2196300
16
#2196400
06
#2196500
16
#2196600
06
#2196700
16
#2196800
06
#2196900
16
#2197000
06
#2197100
16
#2197200
06
#2197300
16
#2197400
06
#2197500
16
#2197600
06
#2197700
16
#2197800
06
#2197900
16
#2198000
06
#2198100
16
#2198200
06
#2198300
16
#2198400
06
#2198500
16
#2198600
06
#2198700
16
#2198800
06
#2198900
16
#2199000
06
#2199100
16
#2199200
06
#2199300
16
#2199400
06
#2199500
16
#2199600
06
#2199700
16
#2199800
06
#2199900
16
#2200000
06
#2200100
16
#2200200
06
#2200300
16
#2200400
06
#2200500
16
#2200600
06
#2200700
16
#2200800
06
#2200900
16
#2201000
06
#2201100
16
#2201200
06
#2201300
16
#2201400
06
#2201500
16
#2201600
06
#2201700
16
#2201800
06
#2201900
16
#2202000
06
#2202100
16
#2202200
06
#2202300
16
#2202400
06
#2202500
16
#2202600
06
#2202700
16
#2202800
06
#2202900
16
#2203000
06
#2203100
16
#2203200
06
#2203300
16
#2203400
06
#2203500
16
#2203600
06
#2203700
16
#2203800
06
#2203900
16
#2204000
06
#2204100
16
#2204200
06
#2204300
16
#2204400
06
#2204500
16
#2204600
06
#2204700
16
#2204800
06
#2204900
16
#2205000
06
#2205100
16
#2205200
06
#2205300
16
#2205400
06
#2205500
16
#2205600
06
#2205700
16
#2205800
06
#2205900
16
#2206000
06
#2206100
16
#2206200
06
#2206300
16
#2206400
06
#2206500
16
#2206600
06
#2206700
16
#2206800
06
#2206900
16
#2207000
06
#2207100
16
#2207200
06
#2207300
16
#2207400
06
#2207500
16
#2207600
06
#2207700
16
#2207800
06
#2207900
16
#2208000
06
#2208100
16
#2208200
06
#2208300
16
#2208400
06
#2208500
16
#2208600
06
#2208700
16
#2208800
06
#2208900
16
#2209000
06
#2209100
16
#2209200
06
#2209300
16
#2209400
06
#2209500
16
#2209600
06
#2209700
16
#2209800
06
#2209900
16
#2210000
06
#2210100
16
#2210200
06
#2210300
16
#2210400
06
#2210500
16
#2210600
06
#2210700
16
#2210800
06
#2210900
16
#2211000
06
#2211100
16
#2211200
06
#2211300
16
#2211400
06
#2211500
16
#2211600
06
#2211700
16
#2211800
06
#2211900
16
#2212000
06
#2212100
16
#2212200
06
#2212300
16
#2212400
06
#2212500
16
#2212600
06
#2212700
16
#2212800
06
#2212900
16
#2213000
06
#2213100
16
#2213200
06
#2213300
16
#2213400
06
#2213500
16
#2213600
06
#2213700
16
#2213800
06
#2213900
16
#2214000
06
#2214100
16
#2214200
06
#2214300
16
#2214400
06
#2214500
16
#2214600
06
#2214700
16
#2214800
06
#2214900
16
#2215000
06
#2215100
16
#2215200
06
#2215300
16
#2215400
06
#2215500
16
#2215600
06
#2215700
16
#2215800
06
#2215900
16
#2216000
06
#2216100
16
#2216200
06
#2216300
16
#2216400
06
#2216500
16
#2216600
06
#2216700
16
#2216800
06
#2216900
16
#2217000
06
#2217100
16
#2217200
06
#2217300
16
#2217400
06
#2217500
16
#2217600
06
#2217700
16
#2217800
06
#2217900
16
#2218000
06
#2218100
16
#2218200
06
#2218300
16
#2218400
06
#2218500
16
#2218600
06
#2218700
16
#2218800
06
#2218900
16
#2219000
06
#2219100
16
#2219200
06
#2219300
16
#2219400
06
#2219500
16
#2219600
06
#2219700
16
#2219800
06
#2219900
16
#2220000
06
#2220100
16
#2220200
06
#2220300
16
#2220400
06
#2220500
16
#2220600
06
#2220700
16
#2220800
06
#2220900
16
#2221000
06
#2221100
16
#2221200
06
#2221300
16
#2221400
06
#2221500
16
#2221600
06
#2221700
16
#2221800
06
#2221900
16
#2222000
06
#2222100
16
#2222200
06
#2222300
16
#2222400
06
#2222500
16
#2222600
06
#2222700
16
#2222800
06
#2222900
16
#2223000
06
#2223100
16
#2223200
06
#2223300
16
#2223400
06
#2223500
16
#2223600
06
#2223700
16
#2223800
06
#2223900
16
#2224000
06
#2224100
16
#2224200
06
#2224300
16
#2224400
06
#2224500
16
#2224600
06
#2224700
16
#2224800
06
#2224900
16
#2225000
06
#2225100
16
#2225200
06
#2225300
16
#2225400
06
#2225500
16
#2225600
06
#2225700
16
#2225800
06
#2225900
16
#2226000
06
#2226100
16
#2226200
06
#2226300
16
#2226400
06
#2226500
16
#2226600
06
#2226700
16
#2226800
06
#2226900
16
#2227000
06
#2227100
16
#2227200
06
#2227300
16
#2227400
06
#2227500
16
#2227600
06
#2227700
16
#2227800
06
#2227900
16
#2228000
06
#2228100
16
#2228200
06
#2228300
16
#2228400
06
#2228500
16
#2228600
06
#2228700
16
#2228800
06
#2228900
16
#2229000
06
#2229100
16
#2229200
06
#2229300
16
#2229400
06
#2229500
16
#2229600
06
#2229700
16
#2229800
06
#2229900
16
#2230000
06
#2230100
16
#2230200
06
#2230300
16
#2230400
06
#2230500
16
#2230600
06
#2230700
16
#2230800
06
#2230900
16
#2231000
06
#2231100
16
#2231200
06
#2231300
16
#2231400
06
#2231500
16
#2231600
06
#2231700
16
#2231800
06
#2231900
16
#2232000
06
#2232100
16
#2232200
06
#2232300
16
#2232400
06
#2232500
16
#2232600
06
#2232700
16
#2232800
06
#2232900
16
#2233000
06
#2233100
16
#2233200
06
#2233300
16
#2233400
06
#2233500
16
#2233600
06
#2233700
16
#2233800
06
#2233900
16
#2234000
06
#2234100
16
#2234200
06
#2234300
16
#2234400
06
#2234500
16
#2234600
06
#2234700
16
#2234800
06
#2234900
16
#2235000
06
#2235100
16
#2235200
06
#2235300
16
#2235400
06
#2235500
16
#2235600
06
#2235700
16
#2235800
06
#2235900
16
#2236000
06
#2236100
16
#2236200
06
#2236300
16
#2236400
06
#2236500
16
#2236600
06
#2236700
16
#2236800
06
#2236900
16
#2237000
06
#2237100
16
#2237200
06
#2237300
16
#2237400
06
#2237500
16
#2237600
06
#2237700
16
#2237800
06
#2237900
16
#2238000
06
#2238100
16
#2238200
06
#2238300
16
#2238400
06
#2238500
16
#2238600
06
#2238700
16
#2238800
06
#2238900
16
#2239000
06
#2239100
16
#2239200
06
#2239300
16
#2239400
06
#2239500
16
#2239600
06
#2239700
16
#2239800
06
#2239900
16
#2240000
06
#2240100
16
#2240200
06
#2240300
16
#2240400
06
#2240500
16
#2240600
06
#2240700
16
#2240800
06
#2240900
16
#2241000
06
#2241100
16
#2241200
06
#2241300
16
#2241400
06
#2241500
16
#2241600
06
#2241700
16
#2241800
06
#2241900
16
#2242000
06
#2242100
16
#2242200
06
#2242300
16
#2242400
06
#2242500
16
#2242600
06
#2242700
16
#2242800
06
#2242900
16
#2243000
06
#2243100
16
#2243200
06
#2243300
16
#2243400
06
#2243500
16
#2243600
06
#2243700
16
#2243800
06
#2243900
16
#2244000
06
#2244100
16
#2244200
06
#2244300
16
#2244400
06
#2244500
16
#2244600
06
#2244700
16
#2244800
06
#2244900
16
#2245000
06
#2245100
16
#2245200
06
#2245300
16
#2245400
06
#2245500
16
#2245600
06
#2245700
16
#2245800
06
#2245900
16
#2246000
06
#2246100
16
#2246200
06
#2246300
16
#2246400
06
#2246500
16
#2246600
06
#2246700
16
#2246800
06
#2246900
16
#2247000
06
#2247100
16
#2247200
06
#2247300
16
#2247400
06
#2247500
16
#2247600
06
#2247700
16
#2247800
06
#2247900
16
#2248000
06
#2248100
16
#2248200
06
#2248300
16
#2248400
06
#2248500
16
#2248600
06
#2248700
16
#2248800
06
#2248900
16
#2249000
06
#2249100
16
#2249200
06
#2249300
16
#2249400
06
#2249500
16
#2249600
06
#2249700
16
#2249800
06
#2249900
16
#2250000
06
#2250100
16
#2250200
06
#2250300
16
#2250400
06
#2250500
16
#2250600
06
#2250700
16
#2250800
06
#2250900
16
#2251000
06
#2251100
16
#2251200
06
#2251300
16
#2251400
06
#2251500
16
#2251600
06
#2251700
16
#2251800
06
#2251900
16
#2252000
06
#2252100
16
#2252200
06
#2252300
16
#2252400
06
#2252500
16
#2252600
06
#2252700
16
#2252800
06
#2252900
16
#2253000
06
#2253100
16
#2253200
06
#2253300
16
#2253400
06
#2253500
16
#2253600
06
#2253700
16
#2253800
06
#2253900
16
#2254000
06
#2254100
16
#2254200
06
#2254300
16
#2254400
06
#2254500
16
#2254600
06
#2254700
16
#2254800
06
#2254900
16
#2255000
06
#2255100
16
#2255200
06
#2255300
16
#2255400
06
#2255500
16
#2255600
06
#2255700
16
#2255800
06
#2255900
16
#2256000
06
#2256100
16
#2256200
06
#2256300
16
#2256400
06
#2256500
16
#2256600
06
#2256700
16
#2256800
06
#2256900
16
#2257000
06
#2257100
16
#2257200
06
#2257300
16
#2257400
06
#2257500
16
#2257600
06
#2257700
16
#2257800
06
#2257900
16
#2258000
06
#2258100
16
#2258200
06
#2258300
16
#2258400
06
#2258500
16
#2258600
06
#2258700
16
#2258800
06
#2258900
16
#2259000
06
#2259100
16
#2259200
06
#2259300
16
#2259400
06
#2259500
16
#2259600
06
#2259700
16
#2259800
06
#2259900
16
#2260000
06
#2260100
16
#2260200
06
#2260300
16
#2260400
06
#2260500
16
#2260600
06
#2260700
16
#2260800
06
#2260900
16
#2261000
06
#2261100
16
#2261200
06
#2261300
16
#2261400
06
#2261500
16
#2261600
06
#2261700
16
#2261800
06
#2261900
16
#2262000
06
#2262100
16
#2262200
06
#2262300
16
#2262400
06
#2262500
16
#2262600
06
#2262700
16
#2262800
06
#2262900
16
#2263000
06
#2263100
16
#2263200
06
#2263300
16
#2263400
06
#2263500
16
#2263600
06
#2263700
16
#2263800
06
#2263900
16
#2264000
06
#2264100
16
#2264200
06
#2264300
16
#2264400
06
#2264500
16
#2264600
06
#2264700
16
#2264800
06
#2264900
16
#2265000
06
#2265100
16
#2265200
06
#2265300
16
#2265400
06
#2265500
16
#2265600
06
#2265700
16
#2265800
06
#2265900
16
#2266000
06
#2266100
16
#2266200
06
#2266300
16
#2266400
06
#2266500
16
#2266600
06
#2266700
16
#2266800
06
#2266900
16
#2267000
06
#2267100
16
#2267200
06
#2267300
16
#2267400
06
#2267500
16
#2267600
06
#2267700
16
#2267800
06
#2267900
16
#2268000
06
#2268100
16
#2268200
06
#2268300
16
#2268400
06
#2268500
16
#2268600
06
#2268700
16
#2268800
06
#2268900
16
#2269000
06
#2269100
16
#2269200
06
#2269300
16
#2269400
06
#2269500
16
#2269600
06
#2269700
16
#2269800
06
#2269900
16
#2270000
06
#2270100
16
#2270200
06
#2270300
16
#2270400
06
#2270500
16
#2270600
06
#2270700
16
#2270800
06
#2270900
16
#2271000
06
#2271100
16
#2271200
06
#2271300
16
#2271400
06
#2271500
16
#2271600
06
#2271700
16
#2271800
06
#2271900
16
#2272000
06
#2272100
16
#2272200
06
#2272300
16
#2272400
06
#2272500
16
#2272600
06
#2272700
16
#2272800
06
#2272900
16
#2273000
06
#2273100
16
#2273200
06
#2273300
16
#2273400
06
#2273500
16
#2273600
06
#2273700
16
#2273800
06
#2273900
16
#2274000
06
#2274100
16
#2274200
06
#2274300
16
#2274400
06
#2274500
16
#2274600
06
#2274700
16
#2274800
06
#2274900
16
#2275000
06
#2275100
16
#2275200
06
#2275300
16
#2275400
06
#2275500
16
#2275600
06
#2275700
16
#2275800
06
#2275900
16
#2276000
06
#2276100
16
#2276200
06
#2276300
16
#2276400
06
#2276500
16
#2276600
06
#2276700
16
#2276800
06
#2276900
16
#2277000
06
#2277100
16
#2277200
06
#2277300
16
#2277400
06
#2277500
16
#2277600
06
#2277700
16
#2277800
06
#2277900
16
#2278000
06
#2278100
16
#2278200
06
#2278300
16
#2278400
06
#2278500
16
#2278600
06
#2278700
16
#2278800
06
#2278900
16
#2279000
06
#2279100
16
#2279200
06
#2279300
16
#2279400
06
#2279500
16
#2279600
06
#2279700
16
#2279800
06
#2279900
16
#2280000
06
#2280100
16
#2280200
06
#2280300
16
#2280400
06
#2280500
16
#2280600
06
#2280700
16
#2280800
06
#2280900
16
#2281000
06
#2281100
16
#2281200
06
#2281300
16
#2281400
06
#2281500
16
#2281600
06
#2281700
16
#2281800
06
#2281900
16
#2282000
06
#2282100
16
#2282200
06
#2282300
16
#2282400
06
#2282500
16
#2282600
06
#2282700
16
#2282800
06
#2282900
16
#2283000
06
#2283100
16
#2283200
06
#2283300
16
#2283400
06
#2283500
16
#2283600
06
#2283700
16
#2283800
06
#2283900
16
#2284000
06
#2284100
16
#2284200
06
#2284300
16
#2284400
06
#2284500
16
#2284600
06
#2284700
16
#2284800
06
#2284900
16
#2285000
06
#2285100
16
#2285200
06
#2285300
16
#2285400
06
#2285500
16
#2285600
06
#2285700
16
#2285800
06
#2285900
16
#2286000
06
#2286100
16
#2286200
06
#2286300
16
#2286400
06
#2286500
16
#2286600
06
#2286700
16
#2286800
06
#2286900
16
#2287000
06
#2287100
16
#2287200
06
#2287300
16
#2287400
06
#2287500
16
#2287600
06
#2287700
16
#2287800
06
#2287900
16
#2288000
06
#2288100
16
#2288200
06
#2288300
16
#2288400
06
#2288500
16
#2288600
06
#2288700
16
#2288800
06
#2288900
16
#2289000
06
#2289100
16
#2289200
06
#2289300
16
#2289400
06
#2289500
16
#2289600
06
#2289700
16
#2289800
06
#2289900
16
#2290000
06
#2290100
16
#2290200
06
#2290300
16
#2290400
06
#2290500
16
#2290600
06
#2290700
16
#2290800
06
#2290900
16
#2291000
06
#2291100
16
#2291200
06
#2291300
16
#2291400
06
#2291500
16
#2291600
06
#2291700
16
#2291800
06
#2291900
16
#2292000
06
#2292100
16
#2292200
06
#2292300
16
#2292400
06
#2292500
16
#2292600
06
#2292700
16
#2292800
06
#2292900
16
#2293000
06
#2293100
16
#2293200
06
#2293300
16
#2293400
06
#2293500
16
#2293600
06
#2293700
16
#2293800
06
#2293900
16
#2294000
06
#2294100
16
#2294200
06
#2294300
16
#2294400
06
#2294500
16
#2294600
06
#2294700
16
#2294800
06
#2294900
16
#2295000
06
#2295100
16
#2295200
06
#2295300
16
#2295400
06
#2295500
16
#2295600
06
#2295700
16
#2295800
06
#2295900
16
#2296000
06
#2296100
16
#2296200
06
#2296300
16
#2296400
06
#2296500
16
#2296600
06
#2296700
16
#2296800
06
#2296900
16
#2297000
06
#2297100
16
#2297200
06
#2297300
16
#2297400
06
#2297500
16
#2297600
06
#2297700
16
#2297800
06
#2297900
16
#2298000
06
#2298100
16
#2298200
06
#2298300
16
#2298400
06
#2298500
16
#2298600
06
#2298700
16
#2298800
06
#2298900
16
#2299000
06
#2299100
16
#2299200
06
#2299300
16
#2299400
06
#2299500
16
#2299600
06
#2299700
16
#2299800
06
#2299900
16
#2300000
06
#2300100
16
#2300200
06
#2300300
16
#2300400
06
#2300500
16
#2300600
06
#2300700
16
#2300800
06
#2300900
16
#2301000
06
#2301100
16
#2301200
06
#2301300
16
#2301400
06
#2301500
16
#2301600
06
#2301700
16
#2301800
06
#2301900
16
#2302000
06
#2302100
16
#2302200
06
#2302300
16
#2302400
06
#2302500
16
#2302600
06
#2302700
16
#2302800
06
#2302900
16
#2303000
06
#2303100
16
#2303200
06
#2303300
16
#2303400
06
#2303500
16
#2303600
06
#2303700
16
#2303800
06
#2303900
16
#2304000
06
#2304100
16
#2304200
06
#2304300
16
#2304400
06
#2304500
16
#2304600
06
#2304700
16
#2304800
06
#2304900
16
#2305000
06
#2305100
16
#2305200
06
#2305300
16
#2305400
06
#2305500
16
#2305600
06
#2305700
16
#2305800
06
#2305900
16
#2306000
06
#2306100
16
#2306200
06
#2306300
16
#2306400
06
#2306500
16
#2306600
06
#2306700
16
#2306800
06
#2306900
16
#2307000
06
#2307100
16
#2307200
06
#2307300
16
#2307400
06
#2307500
16
#2307600
06
#2307700
16
#2307800
06
#2307900
16
#2308000
06
#2308100
16
#2308200
06
#2308300
16
#2308400
06
#2308500
16
#2308600
06
#2308700
16
#2308800
06
#2308900
16
#2309000
06
#2309100
16
#2309200
06
#2309300
16
#2309400
06
#2309500
16
#2309600
06
#2309700
16
#2309800
06
#2309900
16
#2310000
06
#2310100
16
#2310200
06
#2310300
16
#2310400
06
#2310500
16
#2310600
06
#2310700
16
#2310800
06
#2310900
16
#2311000
06
#2311100
16
#2311200
06
#2311300
16
#2311400
06
#2311500
16
#2311600
06
#2311700
16
#2311800
06
#2311900
16
#2312000
06
#2312100
16
#2312200
06
#2312300
16
#2312400
06
#2312500
16
#2312600
06
#2312700
16
#2312800
06
#2312900
16
#2313000
06
#2313100
16
#2313200
06
#2313300
16
#2313400
06
#2313500
16
#2313600
06
#2313700
16
#2313800
06
#2313900
16
#2314000
06
#2314100
16
#2314200
06
#2314300
16
#2314400
06
#2314500
16
#2314600
06
#2314700
16
#2314800
06
#2314900
16
#2315000
06
#2315100
16
#2315200
06
#2315300
16
#2315400
06
#2315500
16
#2315600
06
#2315700
16
#2315800
06
#2315900
16
#2316000
06
#2316100
16
#2316200
06
#2316300
16
#2316400
06
#2316500
16
#2316600
06
#2316700
16
#2316800
06
#2316900
16
#2317000
06
#2317100
16
#2317200
06
#2317300
16
#2317400
06
#2317500
16
#2317600
06
#2317700
16
#2317800
06
#2317900
16
#2318000
06
#2318100
16
#2318200
06
#2318300
16
#2318400
06
#2318500
16
#2318600
06
#2318700
16
#2318800
06
#2318900
16
#2319000
06
#2319100
16
#2319200
06
#2319300
16
#2319400
06
#2319500
16
#2319600
06
#2319700
16
#2319800
06
#2319900
16
#2320000
06
#2320100
16
#2320200
06
#2320300
16
#2320400
06
#2320500
16
#2320600
06
#2320700
16
#2320800
06
#2320900
16
#2321000
06
#2321100
16
#2321200
06
#2321300
16
#2321400
06
#2321500
16
#2321600
06
#2321700
16
#2321800
06
#2321900
16
#2322000
06
#2322100
16
#2322200
06
#2322300
16
#2322400
06
#2322500
16
#2322600
06
#2322700
16
#2322800
06
#2322900
16
#2323000
06
#2323100
16
#2323200
06
#2323300
16
#2323400
06
#2323500
16
#2323600
06
#2323700
16
#2323800
06
#2323900
16
#2324000
06
#2324100
16
#2324200
06
#2324300
16
#2324400
06
#2324500
16
#2324600
06
#2324700
16
#2324800
06
#2324900
16
#2325000
06
#2325100
16
#2325200
06
#2325300
16
#2325400
06
#2325500
16
#2325600
06
#2325700
16
#2325800
06
#2325900
16
#2326000
06
#2326100
16
#2326200
06
#2326300
16
#2326400
06
#2326500
16
#2326600
06
#2326700
16
#2326800
06
#2326900
16
#2327000
06
#2327100
16
#2327200
06
#2327300
16
#2327400
06
#2327500
16
#2327600
06
#2327700
16
#2327800
06
#2327900
16
#2328000
06
#2328100
16
#2328200
06
#2328300
16
#2328400
06
#2328500
16
#2328600
06
#2328700
16
#2328800
06
#2328900
16
#2329000
06
#2329100
16
#2329200
06
#2329300
16
#2329400
06
#2329500
16
#2329600
06
#2329700
16
#2329800
06
#2329900
16
#2330000
06
#2330100
16
#2330200
06
#2330300
16
#2330400
06
#2330500
16
#2330600
06
#2330700
16
#2330800
06
#2330900
16
#2331000
06
#2331100
16
#2331200
06
#2331300
16
#2331400
06
#2331500
16
#2331600
06
#2331700
16
#2331800
06
#2331900
16
#2332000
06
#2332100
16
#2332200
06
#2332300
16
#2332400
06
#2332500
16
#2332600
06
#2332700
16
#2332800
06
#2332900
16
#2333000
06
#2333100
16
#2333200
06
#2333300
16
#2333400
06
#2333500
16
#2333600
06
#2333700
16
#2333800
06
#2333900
16
#2334000
06
#2334100
16
#2334200
06
#2334300
16
#2334400
06
#2334500
16
#2334600
06
#2334700
16
#2334800
06
#2334900
16
#2335000
06
#2335100
16
#2335200
06
#2335300
16
#2335400
06
#2335500
16
#2335600
06
#2335700
16
#2335800
06
#2335900
16
#2336000
06
#2336100
16
#2336200
06
#2336300
16
#2336400
06
#2336500
16
#2336600
06
#2336700
16
#2336800
06
#2336900
16
#2337000
06
#2337100
16
#2337200
06
#2337300
16
#2337400
06
#2337500
16
#2337600
06
#2337700
16
#2337800
06
#2337900
16
#2338000
06
#2338100
16
#2338200
06
#2338300
16
#2338400
06
#2338500
16
#2338600
06
#2338700
16
#2338800
06
#2338900
16
#2339000
06
#2339100
16
#2339200
06
#2339300
16
#2339400
06
#2339500
16
#2339600
06
#2339700
16
#2339800
06
#2339900
16
#2340000
06
#2340100
16
#2340200
06
#2340300
16
#2340400
06
#2340500
16
#2340600
06
#2340700
16
#2340800
06
#2340900
16
#2341000
06
#2341100
16
#2341200
06
#2341300
16
#2341400
06
#2341500
16
#2341600
06
#2341700
16
#2341800
06
#2341900
16
#2342000
06
#2342100
16
#2342200
06
#2342300
16
#2342400
06
#2342500
16
#2342600
06
#2342700
16
#2342800
06
#2342900
16
#2343000
06
#2343100
16
#2343200
06
#2343300
16
#2343400
06
#2343500
16
#2343600
06
#2343700
16
#2343800
06
#2343900
16
#2344000
06
#2344100
16
#2344200
06
#2344300
16
#2344400
06
#2344500
16
#2344600
06
#2344700
16
#2344800
06
#2344900
16
#2345000
06
#2345100
16
#2345200
06
#2345300
16
#2345400
06
#2345500
16
#2345600
06
#2345700
16
#2345800
06
#2345900
16
#2346000
06
#2346100
16
#2346200
06
#2346300
16
#2346400
06
#2346500
16
#2346600
06
#2346700
16
#2346800
06
#2346900
16
#2347000
06
#2347100
16
#2347200
06
#2347300
16
#2347400
06
#2347500
16
#2347600
06
#2347700
16
#2347800
06
#2347900
16
#2348000
06
#2348100
16
#2348200
06
#2348300
16
#2348400
06
#2348500
16
#2348600
06
#2348700
16
#2348800
06
#2348900
16
#2349000
06
#2349100
16
#2349200
06
#2349300
16
#2349400
06
#2349500
16
#2349600
06
#2349700
16
#2349800
06
#2349900
16
#2350000
06
#2350100
16
#2350200
06
#2350300
16
#2350400
06
#2350500
16
#2350600
06
#2350700
16
#2350800
06
#2350900
16
#2351000
06
#2351100
16
#2351200
06
#2351300
16
#2351400
06
#2351500
16
#2351600
06
#2351700
16
#2351800
06
#2351900
16
#2352000
06
#2352100
16
#2352200
06
#2352300
16
#2352400
06
#2352500
16
#2352600
06
#2352700
16
#2352800
06
#2352900
16
#2353000
06
#2353100
16
#2353200
06
#2353300
16
#2353400
06
#2353500
16
#2353600
06
#2353700
16
#2353800
06
#2353900
16
#2354000
06
#2354100
16
#2354200
06
#2354300
16
#2354400
06
#2354500
16
#2354600
06
#2354700
16
#2354800
06
#2354900
16
#2355000
06
#2355100
16
#2355200
06
#2355300
16
#2355400
06
#2355500
16
#2355600
06
#2355700
16
#2355800
06
#2355900
16
#2356000
06
#2356100
16
#2356200
06
#2356300
16
#2356400
06
#2356500
16
#2356600
06
#2356700
16
#2356800
06
#2356900
16
#2357000
06
#2357100
16
#2357200
06
#2357300
16
#2357400
06
#2357500
16
#2357600
06
#2357700
16
#2357800
06
#2357900
16
#2358000
06
#2358100
16
#2358200
06
#2358300
16
#2358400
06
#2358500
16
#2358600
06
#2358700
16
#2358800
06
#2358900
16
#2359000
06
#2359100
16
#2359200
06
#2359300
16
#2359400
06
#2359500
16
#2359600
06
#2359700
16
#2359800
06
#2359900
16
#2360000
06
#2360100
16
#2360200
06
#2360300
16
#2360400
06
#2360500
16
#2360600
06
#2360700
16
#2360800
06
#2360900
16
#2361000
06
#2361100
16
#2361200
06
#2361300
16
#2361400
06
#2361500
16
#2361600
06
#2361700
16
#2361800
06
#2361900
16
#2362000
06
#2362100
16
#2362200
06
#2362300
16
#2362400
06
#2362500
16
#2362600
06
#2362700
16
#2362800
06
#2362900
16
#2363000
06
#2363100
16
#2363200
06
#2363300
16
#2363400
06
#2363500
16
#2363600
06
#2363700
16
#2363800
06
#2363900
16
#2364000
06
#2364100
16
#2364200
06
#2364300
16
#2364400
06
#2364500
16
#2364600
06
#2364700
16
#2364800
06
#2364900
16
#2365000
06
#2365100
16
#2365200
06
#2365300
16
#2365400
06
#2365500
16
#2365600
06
#2365700
16
#2365800
06
#2365900
16
#2366000
06
#2366100
16
#2366200
06
#2366300
16
#2366400
06
#2366500
16
#2366600
06
#2366700
16
#2366800
06
#2366900
16
#2367000
06
#2367100
16
#2367200
06
#2367300
16
#2367400
06
#2367500
16
#2367600
06
#2367700
16
#2367800
06
#2367900
16
#2368000
06
#2368100
16
#2368200
06
#2368300
16
#2368400
06
#2368500
16
#2368600
06
#2368700
16
#2368800
06
#2368900
16
#2369000
06
#2369100
16
#2369200
06
#2369300
16
#2369400
06
#2369500
16
#2369600
06
#2369700
16
#2369800
06
#2369900
16
#2370000
06
#2370100
16
#2370200
06
#2370300
16
#2370400
06
#2370500
16
#2370600
06
#2370700
16
#2370800
06
#2370900
16
#2371000
06
#2371100
16
#2371200
06
#2371300
16
#2371400
06
#2371500
16
#2371600
06
#2371700
16
#2371800
06
#2371900
16
#2372000
06
#2372100
16
#2372200
06
#2372300
16
#2372400
06
#2372500
16
#2372600
06
#2372700
16
#2372800
06
#2372900
16
#2373000
06
#2373100
16
#2373200
06
#2373300
16
#2373400
06
#2373500
16
#2373600
06
#2373700
16
#2373800
06
#2373900
16
#2374000
06
#2374100
16
#2374200
06
#2374300
16
#2374400
06
#2374500
16
#2374600
06
#2374700
16
#2374800
06
#2374900
16
#2375000
06
#2375100
16
#2375200
06
#2375300
16
#2375400
06
#2375500
16
#2375600
06
#2375700
16
#2375800
06
#2375900
16
#2376000
06
#2376100
16
#2376200
06
#2376300
16
#2376400
06
#2376500
16
#2376600
06
#2376700
16
#2376800
06
#2376900
16
#2377000
06
#2377100
16
#2377200
06
#2377300
16
#2377400
06
#2377500
16
#2377600
06
#2377700
16
#2377800
06
#2377900
16
#2378000
06
#2378100
16
#2378200
06
#2378300
16
#2378400
06
#2378500
16
#2378600
06
#2378700
16
#2378800
06
#2378900
16
#2379000
06
#2379100
16
#2379200
06
#2379300
16
#2379400
06
#2379500
16
#2379600
06
#2379700
16
#2379800
06
#2379900
16
#2380000
06
#2380100
16
#2380200
06
#2380300
16
#2380400
06
#2380500
16
#2380600
06
#2380700
16
#2380800
06
#2380900
16
#2381000
06
#2381100
16
#2381200
06
#2381300
16
#2381400
06
#2381500
16
#2381600
06
#2381700
16
#2381800
06
#2381900
16
#2382000
06
#2382100
16
#2382200
06
#2382300
16
#2382400
06
#2382500
16
#2382600
06
#2382700
16
#2382800
06
#2382900
16
#2383000
06
#2383100
16
#2383200
06
#2383300
16
#2383400
06
#2383500
16
#2383600
06
#2383700
16
#2383800
06
#2383900
16
#2384000
06
#2384100
16
#2384200
06
#2384300
16
#2384400
06
#2384500
16
#2384600
06
#2384700
16
#2384800
06
#2384900
16
#2385000
06
#2385100
16
#2385200
06
#2385300
16
#2385400
06
#2385500
16
#2385600
06
#2385700
16
#2385800
06
#2385900
16
#2386000
06
#2386100
16
#2386200
06
#2386300
16
#2386400
06
#2386500
16
#2386600
06
#2386700
16
#2386800
06
#2386900
16
#2387000
06
#2387100
16
#2387200
06
#2387300
16
#2387400
06
#2387500
16
#2387600
06
#2387700
16
#2387800
06
#2387900
16
#2388000
06
#2388100
16
#2388200
06
#2388300
16
#2388400
06
#2388500
16
#2388600
06
#2388700
16
#2388800
06
#2388900
16
#2389000
06
#2389100
16
#2389200
06
#2389300
16
#2389400
06
#2389500
16
#2389600
06
#2389700
16
#2389800
06
#2389900
16
#2390000
06
#2390100
16
#2390200
06
#2390300
16
#2390400
06
#2390500
16
#2390600
06
#2390700
16
#2390800
06
#2390900
16
#2391000
06
#2391100
16
#2391200
06
#2391300
16
#2391400
06
#2391500
16
#2391600
06
#2391700
16
#2391800
06
#2391900
16
#2392000
06
#2392100
16
#2392200
06
#2392300
16
#2392400
06
#2392500
16
#2392600
06
#2392700
16
#2392800
06
#2392900
16
#2393000
06
#2393100
16
#2393200
06
#2393300
16
#2393400
06
#2393500
16
#2393600
06
#2393700
16
#2393800
06
#2393900
16
#2394000
06
#2394100
16
#2394200
06
#2394300
16
#2394400
06
#2394500
16
#2394600
06
#2394700
16
#2394800
06
#2394900
16
#2395000
06
#2395100
16
#2395200
06
#2395300
16
#2395400
06
#2395500
16
#2395600
06
#2395700
16
#2395800
06
#2395900
16
#2396000
06
#2396100
16
#2396200
06
#2396300
16
#2396400
06
#2396500
16
#2396600
06
#2396700
16
#2396800
06
#2396900
16
#2397000
06
#2397100
16
#2397200
06
#2397300
16
#2397400
06
#2397500
16
#2397600
06
#2397700
16
#2397800
06
#2397900
16
#2398000
06
#2398100
16
#2398200
06
#2398300
16
#2398400
06
#2398500
16
#2398600
06
#2398700
16
#2398800
06
#2398900
16
#2399000
06
#2399100
16
#2399200
06
#2399300
16
#2399400
06
#2399500
16
#2399600
06
#2399700
16
#2399800
06
#2399900
16
#2400000
06
#2400100
16
#2400200
06
#2400300
16
#2400400
06
#2400500
16
#2400600
06
#2400700
16
#2400800
06
#2400900
16
#2401000
06
#2401100
16
#2401200
06
#2401300
16
#2401400
06
#2401500
16
#2401600
06
#2401700
16
#2401800
06
#2401900
16
#2402000
06
#2402100
16
#2402200
06
#2402300
16
#2402400
06
#2402500
16
#2402600
06
#2402700
16
#2402800
06
#2402900
16
#2403000
06
#2403100
16
#2403200
06
#2403300
16
#2403400
06
#2403500
16
#2403600
06
#2403700
16
#2403800
06
#2403900
16
#2404000
06
#2404100
16
#2404200
06
#2404300
16
#2404400
06
#2404500
16
#2404600
06
#2404700
16
#2404800
06
#2404900
16
#2405000
06
#2405100
16
#2405200
06
#2405300
16
#2405400
06
#2405500
16
#2405600
06
#2405700
16
#2405800
06
#2405900
16
#2406000
06
#2406100
16
#2406200
06
#2406300
16
#2406400
06
#2406500
16
#2406600
06
#2406700
16
#2406800
06
#2406900
16
#2407000
06
#2407100
16
#2407200
06
#2407300
16
#2407400
06
#2407500
16
#2407600
06
#2407700
16
#2407800
06
#2407900
16
#2408000
06
#2408100
16
#2408200
06
#2408300
16
#2408400
06
#2408500
16
#2408600
06
#2408700
16
#2408800
06
#2408900
16
#2409000
06
#2409100
16
#2409200
06
#2409300
16
#2409400
06
#2409500
16
#2409600
06
#2409700
16
#2409800
06
#2409900
16
#2410000
06
#2410100
16
#2410200
06
#2410300
16
#2410400
06
#2410500
16
#2410600
06
#2410700
16
#2410800
06
#2410900
16
#2411000
06
#2411100
16
#2411200
06
#2411300
16
#2411400
06
#2411500
16
#2411600
06
#2411700
16
#2411800
06
#2411900
16
#2412000
06
#2412100
16
#2412200
06
#2412300
16
#2412400
06
#2412500
16
#2412600
06
#2412700
16
#2412800
06
#2412900
16
#2413000
06
#2413100
16
#2413200
06
#2413300
16
#2413400
06
#2413500
16
#2413600
06
#2413700
16
#2413800
06
#2413900
16
#2414000
06
#2414100
16
#2414200
06
#2414300
16
#2414400
06
#2414500
16
#2414600
06
#2414700
16
#2414800
06
#2414900
16
#2415000
06
#2415100
16
#2415200
06
#2415300
16
#2415400
06
#2415500
16
#2415600
06
#2415700
16
#2415800
06
#2415900
16
#2416000
06
#2416100
16
#2416200
06
#2416300
16
#2416400
06
#2416500
16
#2416600
06
#2416700
16
#2416800
06
#2416900
16
#2417000
06
#2417100
16
#2417200
06
#2417300
16
#2417400
06
#2417500
16
#2417600
06
#2417700
16
#2417800
06
#2417900
16
#2418000
06
#2418100
16
#2418200
06
#2418300
16
#2418400
06
#2418500
16
#2418600
06
#2418700
16
#2418800
06
#2418900
16
#2419000
06
#2419100
16
#2419200
06
#2419300
16
#2419400
06
#2419500
16
#2419600
06
#2419700
16
#2419800
06
#2419900
16
#2420000
06
#2420100
16
#2420200
06
#2420300
16
#2420400
06
#2420500
16
#2420600
06
#2420700
16
#2420800
06
#2420900
16
#2421000
06
#2421100
16
#2421200
06
#2421300
16
#2421400
06
#2421500
16
#2421600
06
#2421700
16
#2421800
06
#2421900
16
#2422000
06
#2422100
16
#2422200
06
#2422300
16
#2422400
06
#2422500
16
#2422600
06
#2422700
16
#2422800
06
#2422900
16
#2423000
06
#2423100
16
#2423200
06
#2423300
16
#2423400
06
#2423500
16
#2423600
06
#2423700
16
#2423800
06
#2423900
16
#2424000
06
#2424100
16
#2424200
06
#2424300
16
#2424400
06
#2424500
16
#2424600
06
#2424700
16
#2424800
06
#2424900
16
#2425000
06
#2425100
16
#2425200
06
#2425300
16
#2425400
06
#2425500
16
#2425600
06
#2425700
16
#2425800
06
#2425900
16
#2426000
06
#2426100
16
#2426200
06
#2426300
16
#2426400
06
#2426500
16
#2426600
06
#2426700
16
#2426800
06
#2426900
16
#2427000
06
#2427100
16
#2427200
06
#2427300
16
#2427400
06
#2427500
16
#2427600
06
#2427700
16
#2427800
06
#2427900
16
#2428000
06
#2428100
16
#2428200
06
#2428300
16
#2428400
06
#2428500
16
#2428600
06
#2428700
16
#2428800
06
#2428900
16
#2429000
06
#2429100
16
#2429200
06
#2429300
16
#2429400
06
#2429500
16
#2429600
06
#2429700
16
#2429800
06
#2429900
16
#2430000
06
#2430100
16
#2430200
06
#2430300
16
#2430400
06
#2430500
16
#2430600
06
#2430700
16
#2430800
06
#2430900
16
#2431000
06
#2431100
16
#2431200
06
#2431300
16
#2431400
06
#2431500
16
#2431600
06
#2431700
16
#2431800
06
#2431900
16
#2432000
06
#2432100
16
#2432200
06
#2432300
16
#2432400
06
#2432500
16
#2432600
06
#2432700
16
#2432800
06
#2432900
16
#2433000
06
#2433100
16
#2433200
06
#2433300
16
#2433400
06
#2433500
16
#2433600
06
#2433700
16
#2433800
06
#2433900
16
#2434000
06
#2434100
16
#2434200
06
#2434300
16
#2434400
06
#2434500
16
#2434600
06
#2434700
16
#2434800
06
#2434900
16
#2435000
06
#2435100
16
#2435200
06
#2435300
16
#2435400
06
#2435500
16
#2435600
06
#2435700
16
#2435800
06
#2435900
16
#2436000
06
#2436100
16
#2436200
06
#2436300
16
#2436400
06
#2436500
16
#2436600
06
#2436700
16
#2436800
06
#2436900
16
#2437000
06
#2437100
16
#2437200
06
#2437300
16
#2437400
06
#2437500
16
#2437600
06
#2437700
16
#2437800
06
#2437900
16
#2438000
06
#2438100
16
#2438200
06
#2438300
16
#2438400
06
#2438500
16
#2438600
06
#2438700
16
#2438800
06
#2438900
16
#2439000
06
#2439100
16
#2439200
06
#2439300
16
#2439400
06
#2439500
16
#2439600
06
#2439700
16
#2439800
06
#2439900
16
#2440000
06
#2440100
16
#2440200
06
#2440300
16
#2440400
06
#2440500
16
#2440600
06
#2440700
16
#2440800
06
#2440900
16
#2441000
06
#2441100
16
#2441200
06
#2441300
16
#2441400
06
#2441500
16
#2441600
06
#2441700
16
#2441800
06
#2441900
16
#2442000
06
#2442100
16
#2442200
06
#2442300
16
#2442400
06
#2442500
16
#2442600
06
#2442700
16
#2442800
06
#2442900
16
#2443000
06
#2443100
16
#2443200
06
#2443300
16
#2443400
06
#2443500
16
#2443600
06
#2443700
16
#2443800
06
#2443900
16
#2444000
06
#2444100
16
#2444200
06
#2444300
16
#2444400
06
#2444500
16
#2444600
06
#2444700
16
#2444800
06
#2444900
16
#2445000
06
#2445100
16
#2445200
06
#2445300
16
#2445400
06
#2445500
16
#2445600
06
#2445700
16
#2445800
06
#2445900
16
#2446000
06
#2446100
16
#2446200
06
#2446300
16
#2446400
06
#2446500
16
#2446600
06
#2446700
16
#2446800
06
#2446900
16
#2447000
06
#2447100
16
#2447200
06
#2447300
16
#2447400
06
#2447500
16
#2447600
06
#2447700
16
#2447800
06
#2447900
16
#2448000
06
#2448100
16
#2448200
06
#2448300
16
#2448400
06
#2448500
16
#2448600
06
#2448700
16
#2448800
06
#2448900
16
#2449000
06
#2449100
16
#2449200
06
#2449300
16
#2449400
06
#2449500
16
#2449600
06
#2449700
16
#2449800
06
#2449900
16
#2450000
06
#2450100
16
#2450200
06
#2450300
16
#2450400
06
#2450500
16
#2450600
06
#2450700
16
#2450800
06
#2450900
16
#2451000
06
#2451100
16
#2451200
06
#2451300
16
#2451400
06
#2451500
16
#2451600
06
#2451700
16
#2451800
06
#2451900
16
#2452000
06
#2452100
16
#2452200
06
#2452300
16
#2452400
06
#2452500
16
#2452600
06
#2452700
16
#2452800
06
#2452900
16
#2453000
06
#2453100
16
#2453200
06
#2453300
16
#2453400
06
#2453500
16
#2453600
06
#2453700
16
#2453800
06
#2453900
16
#2454000
06
#2454100
16
#2454200
06
#2454300
16
#2454400
06
#2454500
16
#2454600
06
#2454700
16
#2454800
06
#2454900
16
#2455000
06
#2455100
16
#2455200
06
#2455300
16
#2455400
06
#2455500
16
#2455600
06
#2455700
16
#2455800
06
#2455900
16
#2456000
06
#2456100
16
#2456200
06
#2456300
16
#2456400
06
#2456500
16
#2456600
06
#2456700
16
#2456800
06
#2456900
16
#2457000
06
#2457100
16
#2457200
06
#2457300
16
#2457400
06
#2457500
16
#2457600
06
#2457700
16
#2457800
06
#2457900
16
#2458000
06
#2458100
16
#2458200
06
#2458300
16
#2458400
06
#2458500
16
#2458600
06
#2458700
16
#2458800
06
#2458900
16
#2459000
06
#2459100
16
#2459200
06
#2459300
16
#2459400
06
#2459500
16
#2459600
06
#2459700
16
#2459800
06
#2459900
16
#2460000
06
#2460100
16
#2460200
06
#2460300
16
#2460400
06
#2460500
16
#2460600
06
#2460700
16
#2460800
06
#2460900
16
#2461000
06
#2461100
16
#2461200
06
#2461300
16
#2461400
06
#2461500
16
#2461600
06
#2461700
16
#2461800
06
#2461900
16
#2462000
06
#2462100
16
#2462200
06
#2462300
16
#2462400
06
#2462500
16
#2462600
06
#2462700
16
#2462800
06
#2462900
16
#2463000
06
#2463100
16
#2463200
06
#2463300
16
#2463400
06
#2463500
16
#2463600
06
#2463700
16
#2463800
06
#2463900
16
#2464000
06
#2464100
16
#2464200
06
#2464300
16
#2464400
06
#2464500
16
#2464600
06
#2464700
16
#2464800
06
#2464900
16
#2465000
06
#2465100
16
#2465200
06
#2465300
16
#2465400
06
#2465500
16
#2465600
06
#2465700
16
#2465800
06
#2465900
16
#2466000
06
#2466100
16
#2466200
06
#2466300
16
#2466400
06
#2466500
16
#2466600
06
#2466700
16
#2466800
06
#2466900
16
#2467000
06
#2467100
16
#2467200
06
#2467300
16
#2467400
06
#2467500
16
#2467600
06
#2467700
16
#2467800
06
#2467900
16
#2468000
06
#2468100
16
#2468200
06
#2468300
16
#2468400
06
#2468500
16
#2468600
06
#2468700
16
#2468800
06
#2468900
16
#2469000
06
#2469100
16
#2469200
06
#2469300
16
#2469400
06
#2469500
16
#2469600
06
#2469700
16
#2469800
06
#2469900
16
#2470000
06
#2470100
16
#2470200
06
#2470300
16
#2470400
06
#2470500
16
#2470600
06
#2470700
16
#2470800
06
#2470900
16
#2471000
06
#2471100
16
#2471200
06
#2471300
16
#2471400
06
#2471500
16
#2471600
06
#2471700
16
#2471800
06
#2471900
16
#2472000
06
#2472100
16
#2472200
06
#2472300
16
#2472400
06
#2472500
16
#2472600
06
#2472700
16
#2472800
06
#2472900
16
#2473000
06
#2473100
16
#2473200
06
#2473300
16
#2473400
06
#2473500
16
#2473600
06
#2473700
16
#2473800
06
#2473900
16
#2474000
06
#2474100
16
#2474200
06
#2474300
16
#2474400
06
#2474500
16
#2474600
06
#2474700
16
#2474800
06
#2474900
16
#2475000
06
#2475100
16
#2475200
06
#2475300
16
#2475400
06
#2475500
16
#2475600
06
#2475700
16
#2475800
06
#2475900
16
#2476000
06
#2476100
16
#2476200
06
#2476300
16
#2476400
06
#2476500
16
#2476600
06
#2476700
16
#2476800
06
#2476900
16
#2477000
06
#2477100
16
#2477200
06
#2477300
16
#2477400
06
#2477500
16
#2477600
06
#2477700
16
#2477800
06
#2477900
16
#2478000
06
#2478100
16
#2478200
06
#2478300
16
#2478400
06
#2478500
16
#2478600
06
#2478700
16
#2478800
06
#2478900
16
#2479000
06
#2479100
16
#2479200
06
#2479300
16
#2479400
06
#2479500
16
#2479600
06
#2479700
16
#2479800
06
#2479900
16
#2480000
06
#2480100
16
#2480200
06
#2480300
16
#2480400
06
#2480500
16
#2480600
06
#2480700
16
#2480800
06
#2480900
16
#2481000
06
#2481100
16
#2481200
06
#2481300
16
#2481400
06
#2481500
16
#2481600
06
#2481700
16
#2481800
06
#2481900
16
#2482000
06
#2482100
16
#2482200
06
#2482300
16
#2482400
06
#2482500
16
#2482600
06
#2482700
16
#2482800
06
#2482900
16
#2483000
06
#2483100
16
#2483200
06
#2483300
16
#2483400
06
#2483500
16
#2483600
06
#2483700
16
#2483800
06
#2483900
16
#2484000
06
#2484100
16
#2484200
06
#2484300
16
#2484400
06
#2484500
16
#2484600
06
#2484700
16
#2484800
06
#2484900
16
#2485000
06
#2485100
16
#2485200
06
#2485300
16
#2485400
06
#2485500
16
#2485600
06
#2485700
16
#2485800
06
#2485900
16
#2486000
06
#2486100
16
#2486200
06
#2486300
16
#2486400
06
#2486500
16
#2486600
06
#2486700
16
#2486800
06
#2486900
16
#2487000
06
#2487100
16
#2487200
06
#2487300
16
#2487400
06
#2487500
16
#2487600
06
#2487700
16
#2487800
06
#2487900
16
#2488000
06
#2488100
16
#2488200
06
#2488300
16
#2488400
06
#2488500
16
#2488600
06
#2488700
16
#2488800
06
#2488900
16
#2489000
06
#2489100
16
#2489200
06
#2489300
16
#2489400
06
#2489500
16
#2489600
06
#2489700
16
#2489800
06
#2489900
16
#2490000
06
#2490100
16
#2490200
06
#2490300
16
#2490400
06
#2490500
16
#2490600
06
#2490700
16
#2490800
06
#2490900
16
#2491000
06
#2491100
16
#2491200
06
#2491300
16
#2491400
06
#2491500
16
#2491600
06
#2491700
16
#2491800
06
#2491900
16
#2492000
06
#2492100
16
#2492200
06
#2492300
16
#2492400
06
#2492500
16
#2492600
06
#2492700
16
#2492800
06
#2492900
16
#2493000
06
#2493100
16
#2493200
06
#2493300
16
#2493400
06
#2493500
16
#2493600
06
#2493700
16
#2493800
06
#2493900
16
#2494000
06
#2494100
16
#2494200
06
#2494300
16
#2494400
06
#2494500
16
#2494600
06
#2494700
16
#2494800
06
#2494900
16
#2495000
06
#2495100
16
#2495200
06
#2495300
16
#2495400
06
#2495500
16
#2495600
06
#2495700
16
#2495800
06
#2495900
16
#2496000
06
#2496100
16
#2496200
06
#2496300
16
#2496400
06
#2496500
16
#2496600
06
#2496700
16
#2496800
06
#2496900
16
#2497000
06
#2497100
16
#2497200
06
#2497300
16
#2497400
06
#2497500
16
#2497600
06
#2497700
16
#2497800
06
#2497900
16
#2498000
06
#2498100
16
#2498200
06
#2498300
16
#2498400
06
#2498500
16
#2498600
06
#2498700
16
#2498800
06
#2498900
16
#2499000
06
#2499100
16
#2499200
06
#2499300
16
#2499400
06
#2499500
16
#2499600
06
#2499700
16
#2499800
06
#2499900
16
#2500000
06
#2500100
16
#2500200
06
#2500300
16
#2500400
06
#2500500
16
#2500600
06
#2500700
16
#2500800
06
#2500900
16
#2501000
06
#2501100
16
#2501200
06
#2501300
16
#2501400
06
#2501500
16
#2501600
06
#2501700
16
#2501800
06
#2501900
16
#2502000
06
#2502100
16
#2502200
06
#2502300
16
#2502400
06
#2502500
16
#2502600
06
#2502700
16
#2502800
06
#2502900
16
#2503000
06
#2503100
16
#2503200
06
#2503300
16
#2503400
06
#2503500
16
#2503600
06
#2503700
16
#2503800
06
#2503900
16
#2504000
06
#2504100
16
#2504200
06
#2504300
16
#2504400
06
#2504500
16
#2504600
06
#2504700
16
#2504800
06
#2504900
16
#2505000
06
#2505100
16
#2505200
06
#2505300
16
#2505400
06
#2505500
16
#2505600
06
#2505700
16
#2505800
06
#2505900
16
#2506000
06
#2506100
16
#2506200
06
#2506300
16
#2506400
06
#2506500
16
#2506600
06
#2506700
16
#2506800
06
#2506900
16
#2507000
06
#2507080
1/
#2507100
1E
16
#2507200
06
#2507300
1K
16
#2507400
06
#2507500
18
1L
16
#2507600
06
#2507700
08
b110 %
b110 F
1M
16
#2507800
06
#2507900
16
#2508000
06
#2508100
16
#2508200
06
#2508300
16
#2508400
06
#2508500
16
#2508600
06
#2508700
16
#2508800
06
#2508900
16
#2509000
06
#2509100
16
#2509200
06
#2509300
16
#2509400
06
#2509500
16
#2509600
06
#2509700
16
#2509800
06
#2509900
16
#2510000
06
#2510100
16
#2510200
06
#2510300
16
#2510400
06
#2510500
16
#2510600
06
#2510700
16
#2510800
06
#2510900
16
#2511000
06
#2511100
16
#2511200
06
#2511300
16
#2511400
06
#2511500
16
#2511600
06
#2511700
16
#2511800
06
#2511900
16
#2512000
06
#2512100
16
#2512200
06
#2512300
16
#2512400
06
#2512500
16
#2512600
06
#2512700
16
#2512800
06
#2512900
16
#2513000
06
#2513100
16
#2513200
06
#2513300
16
#2513400
06
#2513500
16
#2513600
06
#2513700
16
#2513800
06
#2513900
16
#2514000
06
#2514100
16
#2514200
06
#2514300
16
#2514400
06
#2514500
16
#2514600
06
#2514700
16
#2514800
06
#2514900
16
#2515000
06
#2515100
16
#2515200
06
#2515300
16
#2515400
06
#2515500
16
#2515600
06
#2515700
16
#2515800
06
#2515900
16
#2516000
06
#2516100
16
#2516200
06
#2516300
16
#2516400
06
#2516500
16
#2516600
06
#2516700
16
#2516800
06
#2516900
16
#2517000
06
#2517100
16
#2517200
06
#2517300
16
#2517400
06
#2517500
16
#2517600
06
#2517700
16
#2517800
06
#2517900
16
#2518000
06
#2518100
16
#2518200
06
#2518300
16
#2518400
06
#2518500
16
#2518600
06
#2518700
16
#2518800
06
#2518900
16
#2519000
06
#2519100
16
#2519200
06
#2519300
16
#2519400
06
#2519500
16
#2519600
06
#2519700
16
#2519800
06
#2519900
16
#2520000
06
#2520100
16
#2520200
06
#2520300
16
#2520400
06
#2520500
16
#2520600
06
#2520700
16
#2520800
06
#2520900
16
#2521000
06
#2521100
16
#2521200
06
#2521300
16
#2521400
06
#2521500
16
#2521600
06
#2521700
16
#2521800
06
#2521900
16
#2522000
06
#2522100
16
#2522200
06
#2522300
16
#2522400
06
#2522500
16
#2522600
06
#2522700
16
#2522800
06
#2522900
16
#2523000
06
#2523100
16
#2523200
06
#2523300
16
#2523400
06
#2523500
16
#2523600
06
#2523700
16
#2523800
06
#2523900
16
#2524000
06
#2524100
16
#2524200
06
#2524300
16
#2524400
06
#2524500
16
#2524600
06
#2524700
16
#2524800
06
#2524900
16
#2525000
06
#2525100
16
#2525200
06
#2525300
16
#2525400
06
#2525500
16
#2525600
06
#2525700
16
#2525800
06
#2525900
16
#2526000
06
#2526100
16
#2526200
06
#2526300
16
#2526400
06
#2526500
16
#2526600
06
#2526700
16
#2526800
06
#2526900
16
#2527000
06
#2527100
16
#2527200
06
#2527300
16
#2527400
06
#2527500
16
#2527600
06
#2527700
16
#2527800
06
#2527900
16
#2528000
06
#2528100
16
#2528200
06
#2528300
16
#2528400
06
#2528500
16
#2528600
06
#2528700
16
#2528800
06
#2528900
16
#2529000
06
#2529100
16
#2529200
06
#2529300
16
#2529400
06
#2529500
16
#2529600
06
#2529700
16
#2529800
06
#2529900
16
#2530000
06
#2530100
16
#2530200
06
#2530300
16
#2530400
06
#2530500
16
#2530600
06
#2530700
16
#2530800
06
#2530900
16
#2531000
06
#2531100
16
#2531200
06
#2531300
16
#2531400
06
#2531500
16
#2531600
06
#2531700
16
#2531800
06
#2531900
16
#2532000
06
#2532100
16
#2532200
06
#2532300
16
#2532400
06
#2532500
16
#2532600
06
#2532700
16
#2532800
06
#2532900
16
#2533000
06
#2533100
16
#2533200
06
#2533300
16
#2533400
06
#2533500
16
#2533600
06
#2533700
16
#2533800
06
#2533900
16
#2534000
06
#2534100
16
#2534200
06
#2534300
16
#2534400
06
#2534500
16
#2534600
06
#2534700
16
#2534800
06
#2534900
16
#2535000
06
#2535100
16
#2535200
06
#2535300
16
#2535400
06
#2535500
16
#2535600
06
#2535700
16
#2535800
06
#2535900
16
#2536000
06
#2536100
16
#2536200
06
#2536300
16
#2536400
06
#2536500
16
#2536600
06
#2536700
16
#2536800
06
#2536900
16
#2537000
06
#2537100
16
#2537200
06
#2537300
16
#2537400
06
#2537500
16
#2537600
06
#2537700
16
#2537800
06
#2537900
16
#2538000
06
#2538100
16
#2538200
06
#2538300
16
#2538400
06
#2538500
16
#2538600
06
#2538700
16
#2538800
06
#2538900
16
#2539000
06
#2539100
16
#2539200
06
#2539300
16
#2539400
06
#2539500
16
#2539600
06
#2539700
16
#2539800
06
#2539900
16
#2540000
06
#2540100
16
#2540200
06
#2540300
16
#2540400
06
#2540500
16
#2540600
06
#2540700
16
#2540800
06
#2540900
16
#2541000
06
#2541100
16
#2541200
06
#2541300
16
#2541400
06
#2541500
16
#2541600
06
#2541700
16
#2541800
06
#2541900
16
#2542000
06
#2542100
16
#2542200
06
#2542300
16
#2542400
06
#2542500
16
#2542600
06
#2542700
16
#2542800
06
#2542900
16
#2543000
06
#2543100
16
#2543200
06
#2543300
16
#2543400
06
#2543500
16
#2543600
06
#2543700
16
#2543800
06
#2543900
16
#2544000
06
#2544100
16
#2544200
06
#2544300
16
#2544400
06
#2544500
16
#2544600
06
#2544700
16
#2544800
06
#2544900
16
#2545000
06
#2545100
16
#2545200
06
#2545300
16
#2545400
06
#2545500
16
#2545600
06
#2545700
16
#2545800
06
#2545900
16
#2546000
06
#2546100
16
#2546200
06
#2546300
16
#2546400
06
#2546500
16
#2546600
06
#2546700
16
#2546800
06
#2546900
16
#2547000
06
#2547100
16
#2547200
06
#2547300
16
#2547400
06
#2547500
16
#2547600
06
#2547700
16
#2547800
06
#2547900
16
#2548000
06
#2548100
16
#2548200
06
#2548300
16
#2548400
06
#2548500
16
#2548600
06
#2548700
16
#2548800
06
#2548900
16
#2549000
06
#2549100
16
#2549200
06
#2549300
16
#2549400
06
#2549500
16
#2549600
06
#2549700
16
#2549800
06
#2549900
16
#2550000
06
#2550100
16
#2550200
06
#2550300
16
#2550400
06
#2550500
16
#2550600
06
#2550700
16
#2550800
06
#2550900
16
#2551000
06
#2551100
16
#2551200
06
#2551300
16
#2551400
06
#2551500
16
#2551600
06
#2551700
16
#2551800
06
#2551900
16
#2552000
06
#2552100
16
#2552200
06
#2552300
16
#2552400
06
#2552500
16
#2552600
06
#2552700
16
#2552800
06
#2552900
16
#2553000
06
#2553100
16
#2553200
06
#2553300
16
#2553400
06
#2553500
16
#2553600
06
#2553700
16
#2553800
06
#2553900
16
#2554000
06
#2554100
16
#2554200
06
#2554300
16
#2554400
06
#2554500
16
#2554600
06
#2554700
16
#2554800
06
#2554900
16
#2555000
06
#2555100
16
#2555200
06
#2555300
16
#2555400
06
#2555500
16
#2555600
06
#2555700
16
#2555800
06
#2555900
16
#2556000
06
#2556100
16
#2556200
06
#2556300
16
#2556400
06
#2556500
16
#2556600
06
#2556700
16
#2556800
06
#2556900
16
#2557000
06
#2557100
16
#2557200
06
#2557300
16
#2557400
06
#2557500
16
#2557600
06
#2557700
16
#2557800
06
#2557900
16
#2558000
06
#2558100
16
#2558200
06
#2558300
16
#2558400
06
#2558500
16
#2558600
06
#2558700
16
#2558800
06
#2558900
16
#2559000
06
#2559100
16
#2559200
06
#2559300
16
#2559400
06
#2559500
16
#2559600
06
#2559700
16
#2559800
06
#2559900
16
#2560000
06
#2560100
16
#2560200
06
#2560300
16
#2560400
06
#2560500
16
#2560600
06
#2560700
16
#2560800
06
#2560900
16
#2561000
06
#2561100
16
#2561200
06
#2561300
16
#2561400
06
#2561500
16
#2561600
06
#2561700
16
#2561800
06
#2561900
16
#2562000
06
#2562100
16
#2562200
06
#2562300
16
#2562400
06
#2562500
16
#2562600
06
#2562700
16
#2562800
06
#2562900
16
#2563000
06
#2563100
16
#2563200
06
#2563300
16
#2563400
06
#2563500
16
#2563600
06
#2563700
16
#2563800
06
#2563900
16
#2564000
06
#2564100
16
#2564200
06
#2564300
16
#2564400
06
#2564500
16
#2564600
06
#2564700
16
#2564800
06
#2564900
16
#2565000
06
#2565100
16
#2565200
06
#2565300
16
#2565400
06
#2565500
16
#2565600
06
#2565700
16
#2565800
06
#2565900
16
#2566000
06
#2566100
16
#2566200
06
#2566300
16
#2566400
06
#2566500
16
#2566600
06
#2566700
16
#2566800
06
#2566900
16
#2567000
06
#2567100
16
#2567200
06
#2567300
16
#2567400
06
#2567500
16
#2567600
06
#2567700
16
#2567800
06
#2567900
16
#2568000
06
#2568100
16
#2568200
06
#2568300
16
#2568400
06
#2568500
16
#2568600
06
#2568700
16
#2568800
06
#2568900
16
#2569000
06
#2569100
16
#2569200
06
#2569300
16
#2569400
06
#2569500
16
#2569600
06
#2569700
16
#2569800
06
#2569900
16
#2570000
06
#2570100
16
#2570200
06
#2570300
16
#2570400
06
#2570500
16
#2570600
06
#2570700
16
#2570800
06
#2570900
16
#2571000
06
#2571100
16
#2571200
06
#2571300
16
#2571400
06
#2571500
16
#2571600
06
#2571700
16
#2571800
06
#2571900
16
#2572000
06
#2572100
16
#2572200
06
#2572300
16
#2572400
06
#2572500
16
#2572600
06
#2572700
16
#2572800
06
#2572900
16
#2573000
06
#2573100
16
#2573200
06
#2573300
16
#2573400
06
#2573500
16
#2573600
06
#2573700
16
#2573800
06
#2573900
16
#2574000
06
#2574100
16
#2574200
06
#2574300
16
#2574400
06
#2574500
16
#2574600
06
#2574700
16
#2574800
06
#2574900
16
#2575000
06
#2575100
16
#2575200
06
#2575300
16
#2575400
06
#2575500
16
#2575600
06
#2575700
16
#2575800
06
#2575900
16
#2576000
06
#2576100
16
#2576200
06
#2576300
16
#2576400
06
#2576500
16
#2576600
06
#2576700
16
#2576800
06
#2576900
16
#2577000
06
#2577100
16
#2577200
06
#2577300
16
#2577400
06
#2577500
16
#2577600
06
#2577700
16
#2577800
06
#2577900
16
#2578000
06
#2578100
16
#2578200
06
#2578300
16
#2578400
06
#2578500
16
#2578600
06
#2578700
16
#2578800
06
#2578900
16
#2579000
06
#2579100
16
#2579200
06
#2579300
16
#2579400
06
#2579500
16
#2579600
06
#2579700
16
#2579800
06
#2579900
16
#2580000
06
#2580100
16
#2580200
06
#2580300
16
#2580400
06
#2580500
16
#2580600
06
#2580700
16
#2580800
06
#2580900
16
#2581000
06
#2581100
16
#2581200
06
#2581300
16
#2581400
06
#2581500
16
#2581600
06
#2581700
16
#2581800
06
#2581900
16
#2582000
06
#2582100
16
#2582200
06
#2582300
16
#2582400
06
#2582500
16
#2582600
06
#2582700
16
#2582800
06
#2582900
16
#2583000
06
#2583100
16
#2583200
06
#2583300
16
#2583400
06
#2583500
16
#2583600
06
#2583700
16
#2583800
06
#2583900
16
#2584000
06
#2584100
16
#2584200
06
#2584300
16
#2584400
06
#2584500
16
#2584600
06
#2584700
16
#2584800
06
#2584900
16
#2585000
06
#2585100
16
#2585200
06
#2585300
16
#2585400
06
#2585500
16
#2585600
06
#2585700
16
#2585800
06
#2585900
16
#2586000
06
#2586100
16
#2586200
06
#2586300
16
#2586400
06
#2586500
16
#2586600
06
#2586700
16
#2586800
06
#2586900
16
#2587000
06
#2587100
16
#2587200
06
#2587300
16
#2587400
06
#2587500
16
#2587600
06
#2587700
16
#2587800
06
#2587900
16
#2588000
06
#2588100
16
#2588200
06
#2588300
16
#2588400
06
#2588500
16
#2588600
06
#2588700
16
#2588800
06
#2588900
16
#2589000
06
#2589100
16
#2589200
06
#2589300
16
#2589400
06
#2589500
16
#2589600
06
#2589700
16
#2589800
06
#2589900
16
#2590000
06
#2590100
16
#2590200
06
#2590300
16
#2590400
06
#2590500
16
#2590600
06
#2590700
16
#2590800
06
#2590900
16
#2591000
06
#2591100
16
#2591200
06
#2591300
16
#2591400
06
#2591500
16
#2591600
06
#2591700
16
#2591800
06
#2591900
16
#2592000
06
#2592100
16
#2592200
06
#2592300
16
#2592400
06
#2592500
16
#2592600
06
#2592700
16
#2592800
06
#2592900
16
#2593000
06
#2593100
16
#2593200
06
#2593300
16
#2593400
06
#2593500
16
#2593600
06
#2593700
16
#2593800
06
#2593900
16
#2594000
06
#2594100
16
#2594200
06
#2594300
16
#2594400
06
#2594500
16
#2594600
06
#2594700
16
#2594800
06
#2594900
16
#2595000
06
#2595100
16
#2595200
06
#2595300
16
#2595400
06
#2595500
16
#2595600
06
#2595700
16
#2595800
06
#2595900
16
#2596000
06
#2596100
16
#2596200
06
#2596300
16
#2596400
06
#2596500
16
#2596600
06
#2596700
16
#2596800
06
#2596900
16
#2597000
06
#2597100
16
#2597200
06
#2597300
16
#2597400
06
#2597500
16
#2597600
06
#2597700
16
#2597800
06
#2597900
16
#2598000
06
#2598100
16
#2598200
06
#2598300
16
#2598400
06
#2598500
16
#2598600
06
#2598700
16
#2598800
06
#2598900
16
#2599000
06
#2599100
16
#2599200
06
#2599300
16
#2599400
06
#2599500
16
#2599600
06
#2599700
16
#2599800
06
#2599900
16
#2600000
06
#2600100
16
#2600200
06
#2600300
16
#2600400
06
#2600500
16
#2600600
06
#2600700
16
#2600800
06
#2600900
16
#2601000
06
#2601100
16
#2601200
06
#2601300
16
#2601400
06
#2601500
16
#2601600
06
#2601700
16
#2601800
06
#2601900
16
#2602000
06
#2602100
16
#2602200
06
#2602300
16
#2602400
06
#2602500
16
#2602600
06
#2602700
16
#2602800
06
#2602900
16
#2603000
06
#2603100
16
#2603200
06
#2603300
16
#2603400
06
#2603500
16
#2603600
06
#2603700
16
#2603800
06
#2603900
16
#2604000
06
#2604100
16
#2604200
06
#2604300
16
#2604400
06
#2604500
16
#2604600
06
#2604700
16
#2604800
06
#2604900
16
#2605000
06
#2605100
16
#2605200
06
#2605300
16
#2605400
06
#2605500
16
#2605600
06
#2605700
16
#2605800
06
#2605900
16
#2606000
06
#2606100
16
#2606200
06
#2606300
16
#2606400
06
#2606500
16
#2606600
06
#2606700
16
#2606800
06
#2606900
16
#2607000
06
#2607100
16
#2607200
06
#2607300
16
#2607400
06
#2607500
16
#2607600
06
#2607700
16
#2607800
06
#2607900
16
#2608000
06
#2608100
16
#2608200
06
#2608300
16
#2608400
06
#2608500
16
#2608600
06
#2608700
16
#2608800
06
#2608900
16
#2609000
06
#2609100
16
#2609200
06
#2609300
16
#2609400
06
#2609500
16
#2609600
06
#2609700
16
#2609800
06
#2609900
16
#2610000
06
#2610100
16
#2610200
06
#2610300
16
#2610400
06
#2610500
16
#2610600
06
#2610700
16
#2610800
06
#2610900
16
#2611000
06
#2611100
16
#2611200
06
#2611300
16
#2611400
06
#2611500
16
#2611600
06
#2611700
16
#2611800
06
#2611900
16
#2612000
06
#2612100
16
#2612200
06
#2612300
16
#2612400
06
#2612500
16
#2612600
06
#2612700
16
#2612800
06
#2612900
16
#2613000
06
#2613100
16
#2613200
06
#2613300
16
#2613400
06
#2613500
16
#2613600
06
#2613700
16
#2613800
06
#2613900
16
#2614000
06
#2614100
16
#2614200
06
#2614300
16
#2614400
06
#2614500
16
#2614600
06
#2614700
16
#2614800
06
#2614900
16
#2615000
06
#2615100
16
#2615200
06
#2615300
16
#2615400
06
#2615500
16
#2615600
06
#2615700
16
#2615800
06
#2615900
16
#2616000
06
#2616100
16
#2616200
06
#2616300
16
#2616400
06
#2616500
16
#2616600
06
#2616700
16
#2616800
06
#2616900
16
#2617000
06
#2617100
16
#2617200
06
#2617300
16
#2617400
06
#2617500
16
#2617600
06
#2617700
16
#2617800
06
#2617900
16
#2618000
06
#2618100
16
#2618200
06
#2618300
16
#2618400
06
#2618500
16
#2618600
06
#2618700
16
#2618800
06
#2618900
16
#2619000
06
#2619100
16
#2619200
06
#2619300
16
#2619400
06
#2619500
16
#2619600
06
#2619700
16
#2619800
06
#2619900
16
#2620000
06
#2620100
16
#2620200
06
#2620300
16
#2620400
06
#2620500
16
#2620600
06
#2620700
16
#2620800
06
#2620900
16
#2621000
06
#2621100
16
#2621200
06
#2621300
16
#2621400
06
#2621500
16
#2621600
06
#2621700
16
#2621800
06
#2621900
16
#2622000
06
#2622100
16
#2622200
06
#2622300
16
#2622400
06
#2622500
16
#2622600
06
#2622700
16
#2622800
06
#2622900
16
#2623000
06
#2623100
16
#2623200
06
#2623300
16
#2623400
06
#2623500
16
#2623600
06
#2623700
16
#2623800
06
#2623900
16
#2624000
06
#2624100
16
#2624200
06
#2624300
16
#2624400
06
#2624500
16
#2624600
06
#2624700
16
#2624800
06
#2624900
16
#2625000
06
#2625100
16
#2625200
06
#2625300
16
#2625400
06
#2625500
16
#2625600
06
#2625700
16
#2625800
06
#2625900
16
#2626000
06
#2626100
16
#2626200
06
#2626300
16
#2626400
06
#2626500
16
#2626600
06
#2626700
16
#2626800
06
#2626900
16
#2627000
06
#2627100
16
#2627200
06
#2627300
16
#2627400
06
#2627500
16
#2627600
06
#2627700
16
#2627800
06
#2627900
16
#2628000
06
#2628100
16
#2628200
06
#2628300
16
#2628400
06
#2628500
16
#2628600
06
#2628700
16
#2628800
06
#2628900
16
#2629000
06
#2629100
16
#2629200
06
#2629300
16
#2629400
06
#2629500
16
#2629600
06
#2629700
16
#2629800
06
#2629900
16
#2630000
06
#2630100
16
#2630200
06
#2630300
16
#2630400
06
#2630500
16
#2630600
06
#2630700
16
#2630800
06
#2630900
16
#2631000
06
#2631100
16
#2631200
06
#2631300
16
#2631400
06
#2631500
16
#2631600
06
#2631700
16
#2631800
06
#2631900
16
#2632000
06
#2632100
16
#2632200
06
#2632300
16
#2632400
06
#2632500
16
#2632600
06
#2632700
16
#2632800
06
#2632900
16
#2633000
06
#2633100
16
#2633200
06
#2633300
16
#2633400
06
#2633500
16
#2633600
06
#2633700
16
#2633800
06
#2633900
16
#2634000
06
#2634100
16
#2634200
06
#2634300
16
#2634400
06
#2634500
16
#2634600
06
#2634700
16
#2634800
06
#2634900
16
#2635000
06
#2635100
16
#2635200
06
#2635300
16
#2635400
06
#2635500
16
#2635600
06
#2635700
16
#2635800
06
#2635900
16
#2636000
06
#2636100
16
#2636200
06
#2636300
16
#2636400
06
#2636500
16
#2636600
06
#2636700
16
#2636800
06
#2636900
16
#2637000
06
#2637100
16
#2637200
06
#2637300
16
#2637400
06
#2637500
16
#2637600
06
#2637700
16
#2637800
06
#2637900
16
#2638000
06
#2638100
16
#2638200
06
#2638300
16
#2638400
06
#2638500
16
#2638600
06
#2638700
16
#2638800
06
#2638900
16
#2639000
06
#2639100
16
#2639200
06
#2639300
16
#2639400
06
#2639500
16
#2639600
06
#2639700
16
#2639800
06
#2639900
16
#2640000
06
#2640100
16
#2640200
06
#2640300
16
#2640400
06
#2640500
16
#2640600
06
#2640700
16
#2640800
06
#2640900
16
#2641000
06
#2641100
16
#2641200
06
#2641300
16
#2641400
06
#2641500
16
#2641600
06
#2641700
16
#2641800
06
#2641900
16
#2642000
06
#2642100
16
#2642200
06
#2642300
16
#2642400
06
#2642500
16
#2642600
06
#2642700
16
#2642800
06
#2642900
16
#2643000
06
#2643100
16
#2643200
06
#2643300
16
#2643400
06
#2643500
16
#2643600
06
#2643700
16
#2643800
06
#2643900
16
#2644000
06
#2644100
16
#2644200
06
#2644300
16
#2644400
06
#2644500
16
#2644600
06
#2644700
16
#2644800
06
#2644900
16
#2645000
06
#2645100
16
#2645200
06
#2645300
16
#2645400
06
#2645500
16
#2645600
06
#2645700
16
#2645800
06
#2645900
16
#2646000
06
#2646100
16
#2646200
06
#2646300
16
#2646400
06
#2646500
16
#2646600
06
#2646700
16
#2646800
06
#2646900
16
#2647000
06
#2647100
16
#2647200
06
#2647300
16
#2647400
06
#2647500
16
#2647600
06
#2647700
16
#2647800
06
#2647900
16
#2648000
06
#2648100
16
#2648200
06
#2648300
16
#2648400
06
#2648500
16
#2648600
06
#2648700
16
#2648800
06
#2648900
16
#2649000
06
#2649100
16
#2649200
06
#2649300
16
#2649400
06
#2649500
16
#2649600
06
#2649700
16
#2649800
06
#2649900
16
#2650000
06
#2650100
16
#2650200
06
#2650300
16
#2650400
06
#2650500
16
#2650600
06
#2650700
16
#2650800
06
#2650900
16
#2651000
06
#2651100
16
#2651200
06
#2651300
16
#2651400
06
#2651500
16
#2651600
06
#2651700
16
#2651800
06
#2651900
16
#2652000
06
#2652100
16
#2652200
06
#2652300
16
#2652400
06
#2652500
16
#2652600
06
#2652700
16
#2652800
06
#2652900
16
#2653000
06
#2653100
16
#2653200
06
#2653300
16
#2653400
06
#2653500
16
#2653600
06
#2653700
16
#2653800
06
#2653900
16
#2654000
06
#2654100
16
#2654200
06
#2654300
16
#2654400
06
#2654500
16
#2654600
06
#2654700
16
#2654800
06
#2654900
16
#2655000
06
#2655100
16
#2655200
06
#2655300
16
#2655400
06
#2655500
16
#2655600
06
#2655700
16
#2655800
06
#2655900
16
#2656000
06
#2656100
16
#2656200
06
#2656300
16
#2656400
06
#2656500
16
#2656600
06
#2656700
16
#2656800
06
#2656900
16
#2657000
06
#2657100
16
#2657200
06
#2657300
16
#2657400
06
#2657500
16
#2657600
06
#2657700
16
#2657800
06
#2657900
16
#2658000
06
#2658100
16
#2658200
06
#2658300
16
#2658400
06
#2658500
16
#2658600
06
#2658700
16
#2658800
06
#2658900
16
#2659000
06
#2659100
16
#2659200
06
#2659300
16
#2659400
06
#2659500
16
#2659600
06
#2659700
16
#2659800
06
#2659900
16
#2660000
06
#2660100
16
#2660200
06
#2660300
16
#2660400
06
#2660500
16
#2660600
06
#2660700
16
#2660800
06
#2660900
16
#2661000
06
#2661100
16
#2661200
06
#2661300
16
#2661400
06
#2661500
16
#2661600
06
#2661700
16
#2661800
06
#2661900
16
#2662000
06
#2662100
16
#2662200
06
#2662300
16
#2662400
06
#2662500
16
#2662600
06
#2662700
16
#2662800
06
#2662900
16
#2663000
06
#2663100
16
#2663200
06
#2663300
16
#2663400
06
#2663500
16
#2663600
06
#2663700
16
#2663800
06
#2663900
16
#2664000
06
#2664100
16
#2664200
06
#2664300
16
#2664400
06
#2664500
16
#2664600
06
#2664700
16
#2664800
06
#2664900
16
#2665000
06
#2665100
16
#2665200
06
#2665300
16
#2665400
06
#2665500
16
#2665600
06
#2665700
16
#2665800
06
#2665900
16
#2666000
06
#2666100
16
#2666200
06
#2666300
16
#2666400
06
#2666500
16
#2666600
06
#2666700
16
#2666800
06
#2666900
16
#2667000
06
#2667100
16
#2667200
06
#2667300
16
#2667400
06
#2667500
16
#2667600
06
#2667700
16
#2667800
06
#2667900
16
#2668000
06
#2668100
16
#2668200
06
#2668300
16
#2668400
06
#2668500
16
#2668600
06
#2668700
16
#2668800
06
#2668900
16
#2669000
06
#2669100
16
#2669200
06
#2669300
16
#2669400
06
#2669500
16
#2669600
06
#2669700
16
#2669800
06
#2669900
16
#2670000
06
#2670100
16
#2670200
06
#2670300
16
#2670400
06
#2670500
16
#2670600
06
#2670700
16
#2670800
06
#2670900
16
#2671000
06
#2671100
16
#2671200
06
#2671300
16
#2671400
06
#2671500
16
#2671600
06
#2671700
16
#2671800
06
#2671900
16
#2672000
06
#2672100
16
#2672200
06
#2672300
16
#2672400
06
#2672500
16
#2672600
06
#2672700
16
#2672800
06
#2672900
16
#2673000
06
#2673100
16
#2673200
06
#2673300
16
#2673400
06
#2673500
16
#2673600
06
#2673700
16
#2673800
06
#2673900
16
#2674000
06
#2674100
16
#2674200
06
#2674300
16
#2674400
06
#2674500
16
#2674600
06
#2674700
16
#2674800
06
#2674900
16
#2675000
06
#2675100
16
#2675200
06
#2675300
16
#2675400
06
#2675500
16
#2675600
06
#2675700
16
#2675800
06
#2675900
16
#2676000
06
#2676100
16
#2676200
06
#2676300
16
#2676400
06
#2676500
16
#2676600
06
#2676700
16
#2676800
06
#2676900
16
#2677000
06
#2677100
16
#2677200
06
#2677300
16
#2677400
06
#2677500
16
#2677600
06
#2677700
16
#2677800
06
#2677900
16
#2678000
06
#2678100
16
#2678200
06
#2678300
16
#2678400
06
#2678500
16
#2678600
06
#2678700
16
#2678800
06
#2678900
16
#2679000
06
#2679100
16
#2679200
06
#2679300
16
#2679400
06
#2679500
16
#2679600
06
#2679700
16
#2679800
06
#2679900
16
#2680000
06
#2680100
16
#2680200
06
#2680300
16
#2680400
06
#2680500
16
#2680600
06
#2680700
16
#2680800
06
#2680900
16
#2681000
06
#2681100
16
#2681200
06
#2681300
16
#2681400
06
#2681500
16
#2681600
06
#2681700
16
#2681800
06
#2681900
16
#2682000
06
#2682100
16
#2682200
06
#2682300
16
#2682400
06
#2682500
16
#2682600
06
#2682700
16
#2682800
06
#2682900
16
#2683000
06
#2683100
16
#2683200
06
#2683300
16
#2683400
06
#2683500
16
#2683600
06
#2683700
16
#2683800
06
#2683900
16
#2684000
06
#2684100
16
#2684200
06
#2684300
16
#2684400
06
#2684500
16
#2684600
06
#2684700
16
#2684800
06
#2684900
16
#2685000
06
#2685100
16
#2685200
06
#2685300
16
#2685400
06
#2685500
16
#2685600
06
#2685700
16
#2685800
06
#2685900
16
#2686000
06
#2686100
16
#2686200
06
#2686300
16
#2686400
06
#2686500
16
#2686600
06
#2686700
16
#2686800
06
#2686900
16
#2687000
06
#2687100
16
#2687200
06
#2687300
16
#2687400
06
#2687500
16
#2687600
06
#2687700
16
#2687800
06
#2687900
16
#2688000
06
#2688100
16
#2688200
06
#2688300
16
#2688400
06
#2688500
16
#2688600
06
#2688700
16
#2688800
06
#2688900
16
#2689000
06
#2689100
16
#2689200
06
#2689300
16
#2689400
06
#2689500
16
#2689600
06
#2689700
16
#2689800
06
#2689900
16
#2690000
06
#2690100
16
#2690200
06
#2690300
16
#2690400
06
#2690500
16
#2690600
06
#2690700
16
#2690800
06
#2690900
16
#2691000
06
#2691100
16
#2691200
06
#2691300
16
#2691400
06
#2691500
16
#2691600
06
#2691700
16
#2691800
06
#2691900
16
#2692000
06
#2692100
16
#2692200
06
#2692300
16
#2692400
06
#2692500
16
#2692600
06
#2692700
16
#2692800
06
#2692900
16
#2693000
06
#2693100
16
#2693200
06
#2693300
16
#2693400
06
#2693500
16
#2693600
06
#2693700
16
#2693800
06
#2693900
16
#2694000
06
#2694100
16
#2694200
06
#2694300
16
#2694400
06
#2694500
16
#2694600
06
#2694700
16
#2694800
06
#2694900
16
#2695000
06
#2695100
16
#2695200
06
#2695300
16
#2695400
06
#2695500
16
#2695600
06
#2695700
16
#2695800
06
#2695900
16
#2696000
06
#2696100
16
#2696200
06
#2696300
16
#2696400
06
#2696500
16
#2696600
06
#2696700
16
#2696800
06
#2696900
16
#2697000
06
#2697100
16
#2697200
06
#2697300
16
#2697400
06
#2697500
16
#2697600
06
#2697700
16
#2697800
06
#2697900
16
#2698000
06
#2698100
16
#2698200
06
#2698300
16
#2698400
06
#2698500
16
#2698600
06
#2698700
16
#2698800
06
#2698900
16
#2699000
06
#2699100
16
#2699200
06
#2699300
16
#2699400
06
#2699500
16
#2699600
06
#2699700
16
#2699800
06
#2699900
16
#2700000
06
#2700100
16
#2700200
06
#2700300
16
#2700400
06
#2700500
16
#2700600
06
#2700700
16
#2700800
06
#2700900
16
#2701000
06
#2701100
16
#2701200
06
#2701300
16
#2701400
06
#2701500
16
#2701600
06
#2701700
16
#2701800
06
#2701900
16
#2702000
06
#2702100
16
#2702200
06
#2702300
16
#2702400
06
#2702500
16
#2702600
06
#2702700
16
#2702800
06
#2702900
16
#2703000
06
#2703100
16
#2703200
06
#2703300
16
#2703400
06
#2703500
16
#2703600
06
#2703700
16
#2703800
06
#2703900
16
#2704000
06
#2704100
16
#2704200
06
#2704300
16
#2704400
06
#2704500
16
#2704600
06
#2704700
16
#2704800
06
#2704900
16
#2705000
06
#2705100
16
#2705200
06
#2705300
16
#2705400
06
#2705500
16
#2705600
06
#2705700
16
#2705800
06
#2705900
16
#2706000
06
#2706100
16
#2706200
06
#2706300
16
#2706400
06
#2706500
16
#2706600
06
#2706700
16
#2706800
06
#2706900
16
#2707000
06
#2707100
16
#2707200
06
#2707300
16
#2707400
06
#2707500
16
#2707600
06
#2707700
16
#2707800
06
#2707900
16
#2708000
06
#2708100
16
#2708200
06
#2708300
16
#2708400
06
#2708500
16
#2708600
06
#2708700
16
#2708800
06
#2708900
16
#2709000
06
#2709100
16
#2709200
06
#2709300
16
#2709400
06
#2709500
16
#2709600
06
#2709700
16
#2709800
06
#2709900
16
#2710000
06
#2710100
16
#2710200
06
#2710300
16
#2710400
06
#2710500
16
#2710600
06
#2710700
16
#2710800
06
#2710900
16
#2711000
06
#2711100
16
#2711200
06
#2711300
16
#2711400
06
#2711500
16
#2711600
06
#2711700
16
#2711800
06
#2711900
16
#2712000
06
#2712100
16
#2712200
06
#2712300
16
#2712400
06
#2712500
16
#2712600
06
#2712700
16
#2712800
06
#2712900
16
#2713000
06
#2713100
16
#2713200
06
#2713300
16
#2713400
06
#2713500
16
#2713600
06
#2713700
16
#2713800
06
#2713900
16
#2714000
06
#2714100
16
#2714200
06
#2714300
16
#2714400
06
#2714500
16
#2714600
06
#2714700
16
#2714800
06
#2714900
16
#2715000
06
#2715100
16
#2715200
06
#2715300
16
#2715400
06
#2715500
16
#2715600
06
#2715700
16
#2715800
06
#2715900
16
#2716000
06
#2716100
16
#2716200
06
#2716300
16
#2716400
06
#2716500
16
#2716600
06
#2716700
16
#2716800
06
#2716900
16
#2717000
06
#2717100
16
#2717200
06
#2717300
16
#2717400
06
#2717500
16
#2717600
06
#2717700
16
#2717800
06
#2717900
16
#2718000
06
#2718100
16
#2718200
06
#2718300
16
#2718400
06
#2718500
16
#2718600
06
#2718700
16
#2718800
06
#2718900
16
#2719000
06
#2719100
16
#2719200
06
#2719300
16
#2719400
06
#2719500
16
#2719600
06
#2719700
16
#2719800
06
#2719900
16
#2720000
06
#2720100
16
#2720200
06
#2720300
16
#2720400
06
#2720500
16
#2720600
06
#2720700
16
#2720800
06
#2720900
16
#2721000
06
#2721100
16
#2721200
06
#2721300
16
#2721400
06
#2721500
16
#2721600
06
#2721700
16
#2721800
06
#2721900
16
#2722000
06
#2722100
16
#2722200
06
#2722300
16
#2722400
06
#2722500
16
#2722600
06
#2722700
16
#2722800
06
#2722900
16
#2723000
06
#2723100
16
#2723200
06
#2723300
16
#2723400
06
#2723500
16
#2723600
06
#2723700
16
#2723800
06
#2723900
16
#2724000
06
#2724100
16
#2724200
06
#2724300
16
#2724400
06
#2724500
16
#2724600
06
#2724700
16
#2724800
06
#2724900
16
#2725000
06
#2725100
16
#2725200
06
#2725300
16
#2725400
06
#2725500
16
#2725600
06
#2725700
16
#2725800
06
#2725900
16
#2726000
06
#2726100
16
#2726200
06
#2726300
16
#2726400
06
#2726500
16
#2726600
06
#2726700
16
#2726800
06
#2726900
16
#2727000
06
#2727100
16
#2727200
06
#2727300
16
#2727400
06
#2727500
16
#2727600
06
#2727700
16
#2727800
06
#2727900
16
#2728000
06
#2728100
16
#2728200
06
#2728300
16
#2728400
06
#2728500
16
#2728600
06
#2728700
16
#2728800
06
#2728900
16
#2729000
06
#2729100
16
#2729200
06
#2729300
16
#2729400
06
#2729500
16
#2729600
06
#2729700
16
#2729800
06
#2729900
16
#2730000
06
#2730100
16
#2730200
06
#2730300
16
#2730400
06
#2730500
16
#2730600
06
#2730700
16
#2730800
06
#2730900
16
#2731000
06
#2731100
16
#2731200
06
#2731300
16
#2731400
06
#2731500
16
#2731600
06
#2731700
16
#2731800
06
#2731900
16
#2732000
06
#2732100
16
#2732200
06
#2732300
16
#2732400
06
#2732500
16
#2732600
06
#2732700
16
#2732800
06
#2732900
16
#2733000
06
#2733100
16
#2733200
06
#2733300
16
#2733400
06
#2733500
16
#2733600
06
#2733700
16
#2733800
06
#2733900
16
#2734000
06
#2734100
16
#2734200
06
#2734300
16
#2734400
06
#2734500
16
#2734600
06
#2734700
16
#2734800
06
#2734900
16
#2735000
06
#2735100
16
#2735200
06
#2735300
16
#2735400
06
#2735500
16
#2735600
06
#2735700
16
#2735800
06
#2735900
16
#2736000
06
#2736100
16
#2736200
06
#2736300
16
#2736400
06
#2736500
16
#2736600
06
#2736700
16
#2736800
06
#2736900
16
#2737000
06
#2737100
16
#2737200
06
#2737300
16
#2737400
06
#2737500
16
#2737600
06
#2737700
16
#2737800
06
#2737900
16
#2738000
06
#2738100
16
#2738200
06
#2738300
16
#2738400
06
#2738500
16
#2738600
06
#2738700
16
#2738800
06
#2738900
16
#2739000
06
#2739100
16
#2739200
06
#2739300
16
#2739400
06
#2739500
16
#2739600
06
#2739700
16
#2739800
06
#2739900
16
#2740000
06
#2740100
16
#2740200
06
#2740300
16
#2740400
06
#2740500
16
#2740600
06
#2740700
16
#2740800
06
#2740900
16
#2741000
06
#2741100
16
#2741200
06
#2741300
16
#2741400
06
#2741500
16
#2741600
06
#2741700
16
#2741800
06
#2741900
16
#2742000
06
#2742100
16
#2742200
06
#2742300
16
#2742400
06
#2742500
16
#2742600
06
#2742700
16
#2742800
06
#2742900
16
#2743000
06
#2743100
16
#2743200
06
#2743300
16
#2743400
06
#2743500
16
#2743600
06
#2743700
16
#2743800
06
#2743900
16
#2744000
06
#2744100
16
#2744200
06
#2744300
16
#2744400
06
#2744500
16
#2744600
06
#2744700
16
#2744800
06
#2744900
16
#2745000
06
#2745100
16
#2745200
06
#2745300
16
#2745400
06
#2745500
16
#2745600
06
#2745700
16
#2745800
06
#2745900
16
#2746000
06
#2746100
16
#2746200
06
#2746300
16
#2746400
06
#2746500
16
#2746600
06
#2746700
16
#2746800
06
#2746900
16
#2747000
06
#2747100
16
#2747200
06
#2747300
16
#2747400
06
#2747500
16
#2747600
06
#2747700
16
#2747800
06
#2747900
16
#2748000
06
#2748100
16
#2748200
06
#2748300
16
#2748400
06
#2748500
16
#2748600
06
#2748700
16
#2748800
06
#2748900
16
#2749000
06
#2749100
16
#2749200
06
#2749300
16
#2749400
06
#2749500
16
#2749600
06
#2749700
16
#2749800
06
#2749900
16
#2750000
06
#2750100
16
#2750200
06
#2750300
16
#2750400
06
#2750500
16
#2750600
06
#2750700
16
#2750800
06
#2750900
16
#2751000
06
#2751100
16
#2751200
06
#2751300
16
#2751400
06
#2751500
16
#2751600
06
#2751700
16
#2751800
06
#2751900
16
#2752000
06
#2752100
16
#2752200
06
#2752300
16
#2752400
06
#2752500
16
#2752600
06
#2752700
16
#2752800
06
#2752900
16
#2753000
06
#2753100
16
#2753200
06
#2753300
16
#2753400
06
#2753500
16
#2753600
06
#2753700
16
#2753800
06
#2753900
16
#2754000
06
#2754100
16
#2754200
06
#2754300
16
#2754400
06
#2754500
16
#2754600
06
#2754700
16
#2754800
06
#2754900
16
#2755000
06
#2755100
16
#2755200
06
#2755300
16
#2755400
06
#2755500
16
#2755600
06
#2755700
16
#2755800
06
#2755900
16
#2756000
06
#2756100
16
#2756200
06
#2756300
16
#2756400
06
#2756500
16
#2756600
06
#2756700
16
#2756800
06
#2756900
16
#2757000
06
#2757100
16
#2757200
06
#2757300
16
#2757400
06
#2757500
16
#2757600
06
#2757700
16
#2757800
06
#2757900
16
#2758000
06
#2758100
16
#2758200
06
#2758300
16
#2758400
06
#2758500
16
#2758600
06
#2758700
16
#2758800
06
#2758900
16
#2759000
06
#2759100
16
#2759200
06
#2759300
16
#2759400
06
#2759500
16
#2759600
06
#2759700
16
#2759800
06
#2759900
16
#2760000
06
#2760100
16
#2760200
06
#2760300
16
#2760400
06
#2760500
16
#2760600
06
#2760700
16
#2760800
06
#2760900
16
#2761000
06
#2761100
16
#2761200
06
#2761300
16
#2761400
06
#2761500
16
#2761600
06
#2761700
16
#2761800
06
#2761900
16
#2762000
06
#2762100
16
#2762200
06
#2762300
16
#2762400
06
#2762500
16
#2762600
06
#2762700
16
#2762800
06
#2762900
16
#2763000
06
#2763100
16
#2763200
06
#2763300
16
#2763400
06
#2763500
16
#2763600
06
#2763700
16
#2763800
06
#2763900
16
#2764000
06
#2764100
16
#2764200
06
#2764300
16
#2764400
06
#2764500
16
#2764600
06
#2764700
16
#2764800
06
#2764900
16
#2765000
06
#2765100
16
#2765200
06
#2765300
16
#2765400
06
#2765500
16
#2765600
06
#2765700
16
#2765800
06
#2765900
16
#2766000
06
#2766100
16
#2766200
06
#2766300
16
#2766400
06
#2766500
16
#2766600
06
#2766700
16
#2766800
06
#2766900
16
#2767000
06
#2767100
16
#2767200
06
#2767300
16
#2767400
06
#2767500
16
#2767600
06
#2767700
16
#2767800
06
#2767900
16
#2768000
06
#2768100
16
#2768200
06
#2768300
16
#2768400
06
#2768500
16
#2768600
06
#2768700
16
#2768800
06
#2768900
16
#2769000
06
#2769100
16
#2769200
06
#2769300
16
#2769400
06
#2769500
16
#2769600
06
#2769700
16
#2769800
06
#2769900
16
#2770000
06
#2770100
16
#2770200
06
#2770300
16
#2770400
06
#2770500
16
#2770600
06
#2770700
16
#2770800
06
#2770900
16
#2771000
06
#2771100
16
#2771200
06
#2771300
16
#2771400
06
#2771500
16
#2771600
06
#2771700
16
#2771800
06
#2771900
16
#2772000
06
#2772100
16
#2772200
06
#2772300
16
#2772400
06
#2772500
16
#2772600
06
#2772700
16
#2772800
06
#2772900
16
#2773000
06
#2773100
16
#2773200
06
#2773300
16
#2773400
06
#2773500
16
#2773600
06
#2773700
16
#2773800
06
#2773900
16
#2774000
06
#2774100
16
#2774200
06
#2774300
16
#2774400
06
#2774500
16
#2774600
06
#2774700
16
#2774800
06
#2774900
16
#2775000
06
#2775100
16
#2775200
06
#2775300
16
#2775400
06
#2775500
16
#2775600
06
#2775700
16
#2775800
06
#2775900
16
#2776000
06
#2776100
16
#2776200
06
#2776300
16
#2776400
06
#2776500
16
#2776600
06
#2776700
16
#2776800
06
#2776900
16
#2777000
06
#2777100
16
#2777200
06
#2777300
16
#2777400
06
#2777500
16
#2777600
06
#2777700
16
#2777800
06
#2777900
16
#2778000
06
#2778100
16
#2778200
06
#2778300
16
#2778400
06
#2778500
16
#2778600
06
#2778700
16
#2778800
06
#2778900
16
#2779000
06
#2779100
16
#2779200
06
#2779300
16
#2779400
06
#2779500
16
#2779600
06
#2779700
16
#2779800
06
#2779900
16
#2780000
06
#2780100
16
#2780200
06
#2780300
16
#2780400
06
#2780500
16
#2780600
06
#2780700
16
#2780800
06
#2780900
16
#2781000
06
#2781100
16
#2781200
06
#2781300
16
#2781400
06
#2781500
16
#2781600
06
#2781700
16
#2781800
06
#2781900
16
#2782000
06
#2782100
16
#2782200
06
#2782300
16
#2782400
06
#2782500
16
#2782600
06
#2782700
16
#2782800
06
#2782900
16
#2783000
06
#2783100
16
#2783200
06
#2783300
16
#2783400
06
#2783500
16
#2783600
06
#2783700
16
#2783800
06
#2783900
16
#2784000
06
#2784100
16
#2784200
06
#2784300
16
#2784400
06
#2784500
16
#2784600
06
#2784700
16
#2784800
06
#2784900
16
#2785000
06
#2785100
16
#2785200
06
#2785300
16
#2785400
06
#2785500
16
#2785600
06
#2785700
16
#2785800
06
#2785900
16
#2786000
06
#2786100
16
#2786200
06
#2786300
16
#2786400
06
#2786500
16
#2786600
06
#2786700
16
#2786800
06
#2786900
16
#2787000
06
#2787100
16
#2787200
06
#2787300
16
#2787400
06
#2787500
16
#2787600
06
#2787700
16
#2787800
06
#2787900
16
#2788000
06
#2788100
16
#2788200
06
#2788300
16
#2788400
06
#2788500
16
#2788600
06
#2788700
16
#2788800
06
#2788900
16
#2789000
06
#2789100
16
#2789200
06
#2789300
16
#2789400
06
#2789500
16
#2789600
06
#2789700
16
#2789800
06
#2789900
16
#2790000
06
#2790100
16
#2790200
06
#2790300
16
#2790400
06
#2790500
16
#2790600
06
#2790700
16
#2790800
06
#2790900
16
#2791000
06
#2791100
16
#2791200
06
#2791300
16
#2791400
06
#2791500
16
#2791600
06
#2791700
16
#2791800
06
#2791900
16
#2792000
06
#2792100
16
#2792200
06
#2792300
16
#2792400
06
#2792500
16
#2792600
06
#2792700
16
#2792800
06
#2792900
16
#2793000
06
#2793100
16
#2793200
06
#2793300
16
#2793400
06
#2793500
16
#2793600
06
#2793700
16
#2793800
06
#2793900
16
#2794000
06
#2794100
16
#2794200
06
#2794300
16
#2794400
06
#2794500
16
#2794600
06
#2794700
16
#2794800
06
#2794900
16
#2795000
06
#2795100
16
#2795200
06
#2795300
16
#2795400
06
#2795500
16
#2795600
06
#2795700
16
#2795800
06
#2795900
16
#2796000
06
#2796100
16
#2796200
06
#2796300
16
#2796400
06
#2796500
16
#2796600
06
#2796700
16
#2796800
06
#2796900
16
#2797000
06
#2797100
16
#2797200
06
#2797300
16
#2797400
06
#2797500
16
#2797600
06
#2797700
16
#2797800
06
#2797900
16
#2798000
06
#2798100
16
#2798200
06
#2798300
16
#2798400
06
#2798500
16
#2798600
06
#2798700
16
#2798800
06
#2798900
16
#2799000
06
#2799100
16
#2799200
06
#2799300
16
#2799400
06
#2799500
16
#2799600
06
#2799700
16
#2799800
06
#2799900
16
#2800000
06
#2800100
16
#2800200
06
#2800300
16
#2800400
06
#2800500
16
#2800600
06
#2800700
16
#2800800
06
#2800900
16
#2801000
06
#2801100
16
#2801200
06
#2801300
16
#2801400
06
#2801500
16
#2801600
06
#2801700
16
#2801800
06
#2801900
16
#2802000
06
#2802100
16
#2802200
06
#2802300
16
#2802400
06
#2802500
16
#2802600
06
#2802700
16
#2802800
06
#2802900
16
#2803000
06
#2803100
16
#2803200
06
#2803300
16
#2803400
06
#2803500
16
#2803600
06
#2803700
16
#2803800
06
#2803900
16
#2804000
06
#2804100
16
#2804200
06
#2804300
16
#2804400
06
#2804500
16
#2804600
06
#2804700
16
#2804800
06
#2804900
16
#2805000
06
#2805100
16
#2805200
06
#2805300
16
#2805400
06
#2805500
16
#2805600
06
#2805700
16
#2805800
06
#2805900
16
#2806000
06
#2806100
16
#2806200
06
#2806300
16
#2806400
06
#2806500
16
#2806600
06
#2806700
16
#2806800
06
#2806900
16
#2807000
06
#2807100
16
#2807200
06
#2807300
16
#2807400
06
#2807500
16
#2807600
06
#2807700
16
#2807800
06
#2807900
16
#2808000
06
#2808100
16
#2808200
06
#2808300
16
#2808400
06
#2808500
16
#2808600
06
#2808700
16
#2808800
06
#2808900
16
#2809000
06
#2809100
16
#2809200
06
#2809300
16
#2809400
06
#2809500
16
#2809600
06
#2809700
16
#2809800
06
#2809900
16
#2810000
06
#2810100
16
#2810200
06
#2810300
16
#2810400
06
#2810500
16
#2810600
06
#2810700
16
#2810800
06
#2810900
16
#2811000
06
#2811100
16
#2811200
06
#2811300
16
#2811400
06
#2811500
16
#2811600
06
#2811700
16
#2811800
06
#2811900
16
#2812000
06
#2812100
16
#2812200
06
#2812300
16
#2812400
06
#2812500
16
#2812600
06
#2812700
16
#2812800
06
#2812900
16
#2813000
06
#2813100
16
#2813200
06
#2813300
16
#2813400
06
#2813500
16
#2813600
06
#2813700
16
#2813800
06
#2813900
16
#2814000
06
#2814100
16
#2814200
06
#2814300
16
#2814400
06
#2814500
16
#2814600
06
#2814700
16
#2814800
06
#2814900
16
#2815000
06
#2815100
16
#2815200
06
#2815300
16
#2815400
06
#2815500
16
#2815600
06
#2815700
16
#2815800
06
#2815900
16
#2816000
06
#2816100
16
#2816200
06
#2816300
16
#2816400
06
#2816500
16
#2816600
06
#2816700
16
#2816800
06
#2816900
16
#2817000
06
#2817100
16
#2817200
06
#2817300
16
#2817400
06
#2817500
16
#2817600
06
#2817700
16
#2817800
06
#2817900
16
#2818000
06
#2818100
16
#2818200
06
#2818300
16
#2818400
06
#2818500
16
#2818600
06
#2818700
16
#2818800
06
#2818900
16
#2819000
06
#2819100
16
#2819200
06
#2819300
16
#2819400
06
#2819500
16
#2819600
06
#2819700
16
#2819800
06
#2819900
16
#2820000
06
#2820100
16
#2820200
06
#2820300
16
#2820400
06
#2820500
16
#2820600
06
#2820700
16
#2820800
06
#2820900
16
#2821000
06
#2821100
16
#2821200
06
#2821300
16
#2821400
06
#2821500
16
#2821600
06
#2821700
16
#2821800
06
#2821900
16
#2822000
06
#2822100
16
#2822200
06
#2822300
16
#2822400
06
#2822500
16
#2822600
06
#2822700
16
#2822800
06
#2822900
16
#2823000
06
#2823100
16
#2823200
06
#2823300
16
#2823400
06
#2823500
16
#2823600
06
#2823700
16
#2823800
06
#2823900
16
#2824000
06
#2824100
16
#2824200
06
#2824300
16
#2824400
06
#2824500
16
#2824600
06
#2824700
16
#2824800
06
#2824900
16
#2825000
06
#2825100
16
#2825200
06
#2825300
16
#2825400
06
#2825500
16
#2825600
06
#2825700
16
#2825800
06
#2825900
16
#2826000
06
#2826100
16
#2826200
06
#2826300
16
#2826400
06
#2826500
16
#2826600
06
#2826700
16
#2826800
06
#2826900
16
#2827000
06
#2827100
16
#2827200
06
#2827300
16
#2827400
06
#2827500
16
#2827600
06
#2827700
16
#2827800
06
#2827900
16
#2828000
06
#2828100
16
#2828200
06
#2828300
16
#2828400
06
#2828500
16
#2828600
06
#2828700
16
#2828800
06
#2828900
16
#2829000
06
#2829100
16
#2829200
06
#2829300
16
#2829400
06
#2829500
16
#2829600
06
#2829700
16
#2829800
06
#2829900
16
#2830000
06
#2830100
16
#2830200
06
#2830300
16
#2830400
06
#2830500
16
#2830600
06
#2830700
16
#2830800
06
#2830900
16
#2831000
06
#2831100
16
#2831200
06
#2831300
16
#2831400
06
#2831500
16
#2831600
06
#2831700
16
#2831800
06
#2831900
16
#2832000
06
#2832100
16
#2832200
06
#2832300
16
#2832400
06
#2832500
16
#2832600
06
#2832700
16
#2832800
06
#2832900
16
#2833000
06
#2833100
16
#2833200
06
#2833300
16
#2833400
06
#2833500
16
#2833600
06
#2833700
16
#2833800
06
#2833900
16
#2834000
06
#2834100
16
#2834200
06
#2834300
16
#2834400
06
#2834500
16
#2834600
06
#2834700
16
#2834800
06
#2834900
16
#2835000
06
#2835100
16
#2835200
06
#2835300
16
#2835400
06
#2835500
16
#2835600
06
#2835700
16
#2835800
06
#2835900
16
#2836000
06
#2836100
16
#2836200
06
#2836300
16
#2836400
06
#2836500
16
#2836600
06
#2836700
16
#2836800
06
#2836900
16
#2837000
06
#2837100
16
#2837200
06
#2837300
16
#2837400
06
#2837500
16
#2837600
06
#2837700
16
#2837800
06
#2837900
16
#2838000
06
#2838100
16
#2838200
06
#2838300
16
#2838400
06
#2838500
16
#2838600
06
#2838700
16
#2838800
06
#2838900
16
#2839000
06
#2839100
16
#2839200
06
#2839300
16
#2839400
06
#2839500
16
#2839600
06
#2839700
16
#2839800
06
#2839900
16
#2840000
06
#2840100
16
#2840200
06
#2840300
16
#2840400
06
#2840500
16
#2840600
06
#2840700
16
#2840800
06
#2840900
16
#2841000
06
#2841100
16
#2841200
06
#2841300
16
#2841400
06
#2841500
16
#2841600
06
#2841700
16
#2841800
06
#2841900
16
#2842000
06
#2842100
16
#2842200
06
#2842300
16
#2842400
06
#2842500
16
#2842600
06
#2842700
16
#2842800
06
#2842900
16
#2843000
06
#2843100
16
#2843200
06
#2843300
16
#2843400
06
#2843500
16
#2843600
06
#2843700
16
#2843800
06
#2843900
16
#2844000
06
#2844100
16
#2844200
06
#2844300
16
#2844400
06
#2844500
16
#2844600
06
#2844700
16
#2844800
06
#2844900
16
#2845000
06
#2845100
16
#2845200
06
#2845300
16
#2845400
06
#2845500
16
#2845600
06
#2845700
16
#2845800
06
#2845900
16
#2846000
06
#2846100
16
#2846200
06
#2846300
16
#2846400
06
#2846500
16
#2846600
06
#2846700
16
#2846800
06
#2846900
16
#2847000
06
#2847100
16
#2847200
06
#2847300
16
#2847400
06
#2847500
16
#2847600
06
#2847700
16
#2847800
06
#2847900
16
#2848000
06
#2848100
16
#2848200
06
#2848300
16
#2848400
06
#2848500
16
#2848600
06
#2848700
16
#2848800
06
#2848900
16
#2849000
06
#2849100
16
#2849200
06
#2849300
16
#2849400
06
#2849500
16
#2849600
06
#2849700
16
#2849800
06
#2849900
16
#2850000
06
#2850100
16
#2850200
06
#2850300
16
#2850400
06
#2850500
16
#2850600
06
#2850700
16
#2850800
06
#2850900
16
#2851000
06
#2851100
16
#2851200
06
#2851300
16
#2851400
06
#2851500
16
#2851600
06
#2851700
16
#2851800
06
#2851900
16
#2852000
06
#2852100
16
#2852200
06
#2852300
16
#2852400
06
#2852500
16
#2852600
06
#2852700
16
#2852800
06
#2852900
16
#2853000
06
#2853100
16
#2853200
06
#2853300
16
#2853400
06
#2853500
16
#2853600
06
#2853700
16
#2853800
06
#2853900
16
#2854000
06
#2854100
16
#2854200
06
#2854300
16
#2854400
06
#2854500
16
#2854600
06
#2854700
16
#2854800
06
#2854900
16
#2855000
06
#2855100
16
#2855200
06
#2855300
16
#2855400
06
#2855500
16
#2855600
06
#2855700
16
#2855800
06
#2855900
16
#2856000
06
#2856100
16
#2856200
06
#2856300
16
#2856400
06
#2856500
16
#2856600
06
#2856700
16
#2856800
06
#2856900
16
#2857000
06
#2857100
16
#2857200
06
#2857300
16
#2857400
06
#2857500
16
#2857600
06
#2857700
16
#2857800
06
#2857900
16
#2858000
06
#2858100
16
#2858200
06
#2858300
16
#2858400
06
#2858500
16
#2858600
06
#2858700
16
#2858800
06
#2858900
16
#2859000
06
#2859100
16
#2859200
06
#2859300
16
#2859400
06
#2859500
16
#2859600
06
#2859700
16
#2859800
06
#2859900
16
#2860000
06
#2860100
16
#2860200
06
#2860300
16
#2860400
06
#2860500
16
#2860600
06
#2860700
16
#2860800
06
#2860900
16
#2861000
06
#2861100
16
#2861200
06
#2861300
16
#2861400
06
#2861500
16
#2861600
06
#2861700
16
#2861800
06
#2861900
16
#2862000
06
#2862100
16
#2862200
06
#2862300
16
#2862400
06
#2862500
16
#2862600
06
#2862700
16
#2862800
06
#2862900
16
#2863000
06
#2863100
16
#2863200
06
#2863300
16
#2863400
06
#2863500
16
#2863600
06
#2863700
16
#2863800
06
#2863900
16
#2864000
06
#2864100
16
#2864200
06
#2864300
16
#2864400
06
#2864500
16
#2864600
06
#2864700
16
#2864800
06
#2864900
16
#2865000
06
#2865100
16
#2865200
06
#2865300
16
#2865400
06
#2865500
16
#2865600
06
#2865700
16
#2865800
06
#2865900
16
#2866000
06
#2866100
16
#2866200
06
#2866300
16
#2866400
06
#2866500
16
#2866600
06
#2866700
16
#2866800
06
#2866900
16
#2867000
06
#2867100
16
#2867200
06
#2867300
16
#2867400
06
#2867500
16
#2867600
06
#2867700
16
#2867800
06
#2867900
16
#2868000
06
#2868100
16
#2868200
06
#2868300
16
#2868400
06
#2868500
16
#2868600
06
#2868700
16
#2868800
06
#2868900
16
#2869000
06
#2869100
16
#2869200
06
#2869300
16
#2869400
06
#2869500
16
#2869600
06
#2869700
16
#2869800
06
#2869900
16
#2870000
06
#2870100
16
#2870200
06
#2870300
16
#2870400
06
#2870500
16
#2870600
06
#2870700
16
#2870800
06
#2870900
16
#2871000
06
#2871100
16
#2871200
06
#2871300
16
#2871400
06
#2871500
16
#2871600
06
#2871700
16
#2871800
06
#2871900
16
#2872000
06
#2872100
16
#2872200
06
#2872300
16
#2872400
06
#2872500
16
#2872600
06
#2872700
16
#2872800
06
#2872900
16
#2873000
06
#2873100
16
#2873200
06
#2873300
16
#2873400
06
#2873500
16
#2873600
06
#2873700
16
#2873800
06
#2873900
16
#2874000
06
#2874100
16
#2874200
06
#2874300
16
#2874400
06
#2874500
16
#2874600
06
#2874700
16
#2874800
06
#2874900
16
#2875000
06
#2875100
16
#2875200
06
#2875300
16
#2875400
06
#2875500
16
#2875600
06
#2875700
16
#2875800
06
#2875900
16
#2876000
06
#2876100
16
#2876200
06
#2876300
16
#2876400
06
#2876500
16
#2876600
06
#2876700
16
#2876800
06
#2876900
16
#2877000
06
#2877100
16
#2877200
06
#2877300
16
#2877400
06
#2877500
16
#2877600
06
#2877700
16
#2877800
06
#2877900
16
#2878000
06
#2878100
16
#2878200
06
#2878300
16
#2878400
06
#2878500
16
#2878600
06
#2878700
16
#2878800
06
#2878900
16
#2879000
06
#2879100
16
#2879200
06
#2879300
16
#2879400
06
#2879500
16
#2879600
06
#2879700
16
#2879800
06
#2879900
16
#2880000
06
#2880100
16
#2880200
06
#2880300
16
#2880400
06
#2880500
16
#2880600
06
#2880700
16
#2880800
06
#2880900
16
#2881000
06
#2881100
16
#2881200
06
#2881300
16
#2881400
06
#2881500
16
#2881600
06
#2881700
16
#2881800
06
#2881900
16
#2882000
06
#2882100
16
#2882200
06
#2882300
16
#2882400
06
#2882500
16
#2882600
06
#2882700
16
#2882800
06
#2882900
16
#2883000
06
#2883100
16
#2883200
06
#2883300
16
#2883400
06
#2883500
16
#2883600
06
#2883700
16
#2883800
06
#2883900
16
#2884000
06
#2884100
16
#2884200
06
#2884300
16
#2884400
06
#2884500
16
#2884600
06
#2884700
16
#2884800
06
#2884900
16
#2885000
06
#2885100
16
#2885200
06
#2885300
16
#2885400
06
#2885500
16
#2885600
06
#2885700
16
#2885800
06
#2885900
16
#2886000
06
#2886100
16
#2886200
06
#2886300
16
#2886400
06
#2886500
16
#2886600
06
#2886700
16
#2886800
06
#2886900
16
#2887000
06
#2887100
16
#2887200
06
#2887300
16
#2887400
06
#2887500
16
#2887600
06
#2887700
16
#2887800
06
#2887900
16
#2888000
06
#2888100
16
#2888200
06
#2888300
16
#2888400
06
#2888500
16
#2888600
06
#2888700
16
#2888800
06
#2888900
16
#2889000
06
#2889100
16
#2889200
06
#2889300
16
#2889400
06
#2889500
16
#2889600
06
#2889700
16
#2889800
06
#2889900
16
#2890000
06
#2890100
16
#2890200
06
#2890300
16
#2890400
06
#2890500
16
#2890600
06
#2890700
16
#2890800
06
#2890900
16
#2891000
06
#2891100
16
#2891200
06
#2891300
16
#2891400
06
#2891500
16
#2891600
06
#2891700
16
#2891800
06
#2891900
16
#2892000
06
#2892100
16
#2892200
06
#2892300
16
#2892400
06
#2892500
16
#2892600
06
#2892700
16
#2892800
06
#2892900
16
#2893000
06
#2893100
16
#2893200
06
#2893300
16
#2893400
06
#2893500
16
#2893600
06
#2893700
16
#2893800
06
#2893900
16
#2894000
06
#2894100
16
#2894200
06
#2894300
16
#2894400
06
#2894500
16
#2894600
06
#2894700
16
#2894800
06
#2894900
16
#2895000
06
#2895100
16
#2895200
06
#2895300
16
#2895400
06
#2895500
16
#2895600
06
#2895700
16
#2895800
06
#2895900
16
#2896000
06
#2896100
16
#2896200
06
#2896300
16
#2896400
06
#2896500
16
#2896600
06
#2896700
16
#2896800
06
#2896900
16
#2897000
06
#2897100
16
#2897200
06
#2897300
16
#2897400
06
#2897500
16
#2897600
06
#2897700
16
#2897800
06
#2897900
16
#2898000
06
#2898100
16
#2898200
06
#2898300
16
#2898400
06
#2898500
16
#2898600
06
#2898700
16
#2898800
06
#2898900
16
#2899000
06
#2899100
16
#2899200
06
#2899300
16
#2899400
06
#2899500
16
#2899600
06
#2899700
16
#2899800
06
#2899900
16
#2900000
06
#2900100
16
#2900200
06
#2900300
16
#2900400
06
#2900500
16
#2900600
06
#2900700
16
#2900800
06
#2900900
16
#2901000
06
#2901100
16
#2901200
06
#2901300
16
#2901400
06
#2901500
16
#2901600
06
#2901700
16
#2901800
06
#2901900
16
#2902000
06
#2902100
16
#2902200
06
#2902300
16
#2902400
06
#2902500
16
#2902600
06
#2902700
16
#2902800
06
#2902900
16
#2903000
06
#2903100
16
#2903200
06
#2903300
16
#2903400
06
#2903500
16
#2903600
06
#2903700
16
#2903800
06
#2903900
16
#2904000
06
#2904100
16
#2904200
06
#2904300
16
#2904400
06
#2904500
16
#2904600
06
#2904700
16
#2904800
06
#2904900
16
#2905000
06
#2905100
16
#2905200
06
#2905300
16
#2905400
06
#2905500
16
#2905600
06
#2905700
16
#2905800
06
#2905900
16
#2906000
06
#2906100
16
#2906200
06
#2906300
16
#2906400
06
#2906500
16
#2906600
06
#2906700
16
#2906800
06
#2906900
16
#2907000
06
#2907100
16
#2907200
06
#2907300
16
#2907400
06
#2907500
16
#2907600
06
#2907700
16
#2907800
06
#2907900
16
#2908000
06
#2908100
16
#2908200
06
#2908300
16
#2908400
06
#2908500
16
#2908600
06
#2908700
16
#2908800
06
#2908900
16
#2909000
06
#2909100
16
#2909200
06
#2909300
16
#2909400
06
#2909500
16
#2909600
06
#2909700
16
#2909800
06
#2909900
16
#2910000
06
#2910100
16
#2910200
06
#2910300
16
#2910400
06
#2910500
16
#2910600
06
#2910700
16
#2910800
06
#2910900
16
#2911000
06
#2911100
16
#2911200
06
#2911300
16
#2911400
06
#2911500
16
#2911600
06
#2911700
16
#2911800
06
#2911900
16
#2912000
06
#2912100
16
#2912200
06
#2912300
16
#2912400
06
#2912500
16
#2912600
06
#2912700
16
#2912800
06
#2912900
16
#2913000
06
#2913100
16
#2913200
06
#2913300
16
#2913400
06
#2913500
16
#2913600
06
#2913700
16
#2913800
06
#2913900
16
#2914000
06
#2914100
16
#2914200
06
#2914300
16
#2914400
06
#2914500
16
#2914600
06
#2914700
16
#2914800
06
#2914900
16
#2915000
06
#2915100
16
#2915200
06
#2915300
16
#2915400
06
#2915500
16
#2915600
06
#2915700
16
#2915800
06
#2915900
16
#2916000
06
#2916100
16
#2916200
06
#2916300
16
#2916400
06
#2916500
16
#2916600
06
#2916700
16
#2916800
06
#2916900
16
#2917000
06
#2917100
16
#2917200
06
#2917300
16
#2917400
06
#2917500
16
#2917600
06
#2917700
16
#2917800
06
#2917900
16
#2918000
06
#2918100
16
#2918200
06
#2918300
16
#2918400
06
#2918500
16
#2918600
06
#2918700
16
#2918800
06
#2918900
16
#2919000
06
#2919100
16
#2919200
06
#2919300
16
#2919400
06
#2919500
16
#2919600
06
#2919700
16
#2919800
06
#2919900
16
#2920000
06
#2920100
16
#2920200
06
#2920300
16
#2920400
06
#2920500
16
#2920600
06
#2920700
16
#2920800
06
#2920900
16
#2921000
06
#2921100
16
#2921200
06
#2921300
16
#2921400
06
#2921500
16
#2921600
06
#2921700
16
#2921800
06
#2921900
16
#2922000
06
#2922100
16
#2922200
06
#2922300
16
#2922400
06
#2922500
16
#2922600
06
#2922700
16
#2922800
06
#2922900
16
#2923000
06
#2923100
16
#2923200
06
#2923300
16
#2923400
06
#2923500
16
#2923600
06
#2923700
16
#2923800
06
#2923900
16
#2924000
06
#2924100
16
#2924200
06
#2924300
16
#2924400
06
#2924500
16
#2924600
06
#2924700
16
#2924800
06
#2924900
16
#2925000
06
#2925100
16
#2925200
06
#2925300
16
#2925400
06
#2925500
16
#2925600
06
#2925700
16
#2925800
06
#2925900
16
#2926000
06
#2926100
16
#2926200
06
#2926300
16
#2926400
06
#2926500
16
#2926600
06
#2926700
16
#2926800
06
#2926900
16
#2927000
06
#2927100
16
#2927200
06
#2927300
16
#2927400
06
#2927500
16
#2927600
06
#2927700
16
#2927800
06
#2927900
16
#2928000
06
#2928100
16
#2928200
06
#2928300
16
#2928400
06
#2928500
16
#2928600
06
#2928700
16
#2928800
06
#2928900
16
#2929000
06
#2929100
16
#2929200
06
#2929300
16
#2929400
06
#2929500
16
#2929600
06
#2929700
16
#2929800
06
#2929900
16
#2930000
06
#2930100
16
#2930200
06
#2930300
16
#2930400
06
#2930500
16
#2930600
06
#2930700
16
#2930800
06
#2930900
16
#2931000
06
#2931100
16
#2931200
06
#2931300
16
#2931400
06
#2931500
16
#2931600
06
#2931700
16
#2931800
06
#2931900
16
#2932000
06
#2932100
16
#2932200
06
#2932300
16
#2932400
06
#2932500
16
#2932600
06
#2932700
16
#2932800
06
#2932900
16
#2933000
06
#2933100
16
#2933200
06
#2933300
16
#2933400
06
#2933500
16
#2933600
06
#2933700
16
#2933800
06
#2933900
16
#2934000
06
#2934100
16
#2934200
06
#2934300
16
#2934400
06
#2934500
16
#2934600
06
#2934700
16
#2934800
06
#2934900
16
#2935000
06
#2935100
16
#2935200
06
#2935300
16
#2935400
06
#2935500
16
#2935600
06
#2935700
16
#2935800
06
#2935900
16
#2936000
06
#2936100
16
#2936200
06
#2936300
16
#2936400
06
#2936500
16
#2936600
06
#2936700
16
#2936800
06
#2936900
16
#2937000
06
#2937100
16
#2937200
06
#2937300
16
#2937400
06
#2937500
16
#2937600
06
#2937700
16
#2937800
06
#2937900
16
#2938000
06
#2938100
16
#2938200
06
#2938300
16
#2938400
06
#2938500
16
#2938600
06
#2938700
16
#2938800
06
#2938900
16
#2939000
06
#2939100
16
#2939200
06
#2939300
16
#2939400
06
#2939500
16
#2939600
06
#2939700
16
#2939800
06
#2939900
16
#2940000
06
#2940100
16
#2940200
06
#2940300
16
#2940400
06
#2940500
16
#2940600
06
#2940700
16
#2940800
06
#2940900
16
#2941000
06
#2941100
16
#2941200
06
#2941300
16
#2941400
06
#2941500
16
#2941600
06
#2941700
16
#2941800
06
#2941900
16
#2942000
06
#2942100
16
#2942200
06
#2942300
16
#2942400
06
#2942500
16
#2942600
06
#2942700
16
#2942800
06
#2942900
16
#2943000
06
#2943100
16
#2943200
06
#2943300
16
#2943400
06
#2943500
16
#2943600
06
#2943700
16
#2943800
06
#2943900
16
#2944000
06
#2944100
16
#2944200
06
#2944300
16
#2944400
06
#2944500
16
#2944600
06
#2944700
16
#2944800
06
#2944900
16
#2945000
06
#2945100
16
#2945200
06
#2945300
16
#2945400
06
#2945500
16
#2945600
06
#2945700
16
#2945800
06
#2945900
16
#2946000
06
#2946100
16
#2946200
06
#2946300
16
#2946400
06
#2946500
16
#2946600
06
#2946700
16
#2946800
06
#2946900
16
#2947000
06
#2947100
16
#2947200
06
#2947300
16
#2947400
06
#2947500
16
#2947600
06
#2947700
16
#2947800
06
#2947900
16
#2948000
06
#2948100
16
#2948200
06
#2948300
16
#2948400
06
#2948500
16
#2948600
06
#2948700
16
#2948800
06
#2948900
16
#2949000
06
#2949100
16
#2949200
06
#2949300
16
#2949400
06
#2949500
16
#2949600
06
#2949700
16
#2949800
06
#2949900
16
#2950000
06
#2950100
16
#2950200
06
#2950300
16
#2950400
06
#2950500
16
#2950600
06
#2950700
16
#2950800
06
#2950900
16
#2951000
06
#2951100
16
#2951200
06
#2951300
16
#2951400
06
#2951500
16
#2951600
06
#2951700
16
#2951800
06
#2951900
16
#2952000
06
#2952100
16
#2952200
06
#2952300
16
#2952400
06
#2952500
16
#2952600
06
#2952700
16
#2952800
06
#2952900
16
#2953000
06
#2953100
16
#2953200
06
#2953300
16
#2953400
06
#2953500
16
#2953600
06
#2953700
16
#2953800
06
#2953900
16
#2954000
06
#2954100
16
#2954200
06
#2954300
16
#2954400
06
#2954500
16
#2954600
06
#2954700
16
#2954800
06
#2954900
16
#2955000
06
#2955100
16
#2955200
06
#2955300
16
#2955400
06
#2955500
16
#2955600
06
#2955700
16
#2955800
06
#2955900
16
#2956000
06
#2956100
16
#2956200
06
#2956300
16
#2956400
06
#2956500
16
#2956600
06
#2956700
16
#2956800
06
#2956900
16
#2957000
06
#2957100
16
#2957200
06
#2957300
16
#2957400
06
#2957500
16
#2957600
06
#2957700
16
#2957800
06
#2957900
16
#2958000
06
#2958100
16
#2958200
06
#2958300
16
#2958400
06
#2958500
16
#2958600
06
#2958700
16
#2958800
06
#2958900
16
#2959000
06
#2959100
16
#2959200
06
#2959300
16
#2959400
06
#2959500
16
#2959600
06
#2959700
16
#2959800
06
#2959900
16
#2960000
06
#2960100
16
#2960200
06
#2960300
16
#2960400
06
#2960500
16
#2960600
06
#2960700
16
#2960800
06
#2960900
16
#2961000
06
#2961100
16
#2961200
06
#2961300
16
#2961400
06
#2961500
16
#2961600
06
#2961700
16
#2961800
06
#2961900
16
#2962000
06
#2962100
16
#2962200
06
#2962300
16
#2962400
06
#2962500
16
#2962600
06
#2962700
16
#2962800
06
#2962900
16
#2963000
06
#2963100
16
#2963200
06
#2963300
16
#2963400
06
#2963500
16
#2963600
06
#2963700
16
#2963800
06
#2963900
16
#2964000
06
#2964100
16
#2964200
06
#2964300
16
#2964400
06
#2964500
16
#2964600
06
#2964700
16
#2964800
06
#2964900
16
#2965000
06
#2965100
16
#2965200
06
#2965300
16
#2965400
06
#2965500
16
#2965600
06
#2965700
16
#2965800
06
#2965900
16
#2966000
06
#2966100
16
#2966200
06
#2966300
16
#2966400
06
#2966500
16
#2966600
06
#2966700
16
#2966800
06
#2966900
16
#2967000
06
#2967100
16
#2967200
06
#2967300
16
#2967400
06
#2967500
16
#2967600
06
#2967700
16
#2967800
06
#2967900
16
#2968000
06
#2968100
16
#2968200
06
#2968300
16
#2968400
06
#2968500
16
#2968600
06
#2968700
16
#2968800
06
#2968900
16
#2969000
06
#2969100
16
#2969200
06
#2969300
16
#2969400
06
#2969500
16
#2969600
06
#2969700
16
#2969800
06
#2969900
16
#2970000
06
#2970100
16
#2970200
06
#2970300
16
#2970400
06
#2970500
16
#2970600
06
#2970700
16
#2970800
06
#2970900
16
#2971000
06
#2971100
16
#2971200
06
#2971300
16
#2971400
06
#2971500
16
#2971600
06
#2971700
16
#2971800
06
#2971900
16
#2972000
06
#2972100
16
#2972200
06
#2972300
16
#2972400
06
#2972500
16
#2972600
06
#2972700
16
#2972800
06
#2972900
16
#2973000
06
#2973100
16
#2973200
06
#2973300
16
#2973400
06
#2973500
16
#2973600
06
#2973700
16
#2973800
06
#2973900
16
#2974000
06
#2974100
16
#2974200
06
#2974300
16
#2974400
06
#2974500
16
#2974600
06
#2974700
16
#2974800
06
#2974900
16
#2975000
06
#2975100
16
#2975200
06
#2975300
16
#2975400
06
#2975500
16
#2975600
06
#2975700
16
#2975800
06
#2975900
16
#2976000
06
#2976100
16
#2976200
06
#2976300
16
#2976400
06
#2976500
16
#2976600
06
#2976700
16
#2976800
06
#2976900
16
#2977000
06
#2977100
16
#2977200
06
#2977300
16
#2977400
06
#2977500
16
#2977600
06
#2977700
16
#2977800
06
#2977900
16
#2978000
06
#2978100
16
#2978200
06
#2978300
16
#2978400
06
#2978500
16
#2978600
06
#2978700
16
#2978800
06
#2978900
16
#2979000
06
#2979100
16
#2979200
06
#2979300
16
#2979400
06
#2979500
16
#2979600
06
#2979700
16
#2979800
06
#2979900
16
#2980000
06
#2980100
16
#2980200
06
#2980300
16
#2980400
06
#2980500
16
#2980600
06
#2980700
16
#2980800
06
#2980900
16
#2981000
06
#2981100
16
#2981200
06
#2981300
16
#2981400
06
#2981500
16
#2981600
06
#2981700
16
#2981800
06
#2981900
16
#2982000
06
#2982100
16
#2982200
06
#2982300
16
#2982400
06
#2982500
16
#2982600
06
#2982700
16
#2982800
06
#2982900
16
#2983000
06
#2983100
16
#2983200
06
#2983300
16
#2983400
06
#2983500
16
#2983600
06
#2983700
16
#2983800
06
#2983900
16
#2984000
06
#2984100
16
#2984200
06
#2984300
16
#2984400
06
#2984500
16
#2984600
06
#2984700
16
#2984800
06
#2984900
16
#2985000
06
#2985100
16
#2985200
06
#2985300
16
#2985400
06
#2985500
16
#2985600
06
#2985700
16
#2985800
06
#2985900
16
#2986000
06
#2986100
16
#2986200
06
#2986300
16
#2986400
06
#2986500
16
#2986600
06
#2986700
16
#2986800
06
#2986900
16
#2987000
06
#2987100
16
#2987200
06
#2987300
16
#2987400
06
#2987500
16
#2987600
06
#2987700
16
#2987800
06
#2987900
16
#2988000
06
#2988100
16
#2988200
06
#2988300
16
#2988400
06
#2988500
16
#2988600
06
#2988700
16
#2988800
06
#2988900
16
#2989000
06
#2989100
16
#2989200
06
#2989300
16
#2989400
06
#2989500
16
#2989600
06
#2989700
16
#2989800
06
#2989900
16
#2990000
06
#2990100
16
#2990200
06
#2990300
16
#2990400
06
#2990500
16
#2990600
06
#2990700
16
#2990800
06
#2990900
16
#2991000
06
#2991100
16
#2991200
06
#2991300
16
#2991400
06
#2991500
16
#2991600
06
#2991700
16
#2991800
06
#2991900
16
#2992000
06
#2992100
16
#2992200
06
#2992300
16
#2992400
06
#2992500
16
#2992600
06
#2992700
16
#2992800
06
#2992900
16
#2993000
06
#2993100
16
#2993200
06
#2993300
16
#2993400
06
#2993500
16
#2993600
06
#2993700
16
#2993800
06
#2993900
16
#2994000
06
#2994100
16
#2994200
06
#2994300
16
#2994400
06
#2994500
16
#2994600
06
#2994700
16
#2994800
06
#2994900
16
#2995000
06
#2995100
16
#2995200
06
#2995300
16
#2995400
06
#2995500
16
#2995600
06
#2995700
16
#2995800
06
#2995900
16
#2996000
06
#2996100
16
#2996200
06
#2996300
16
#2996400
06
#2996500
16
#2996600
06
#2996700
16
#2996800
06
#2996900
16
#2997000
06
#2997100
16
#2997200
06
#2997300
16
#2997400
06
#2997500
16
#2997600
06
#2997700
16
#2997800
06
#2997900
16
#2998000
06
#2998100
16
#2998200
06
#2998300
16
#2998400
06
#2998500
16
#2998600
06
#2998700
16
#2998800
06
#2998900
16
#2999000
06
#2999100
16
#2999200
06
#2999300
16
#2999400
06
#2999500
16
#2999600
06
#2999700
16
#2999800
06
#2999900
16
#3000000
06
#3000100
16
#3000200
06
#3000300
16
#3000400
06
#3000500
16
#3000600
06
#3000700
16
#3000800
06
#3000900
16
#3001000
06
#3001100
16
#3001200
06
#3001300
16
#3001400
06
#3001500
16
#3001600
06
#3001700
16
#3001800
06
#3001900
16
#3002000
06
#3002100
16
#3002200
06
#3002300
16
#3002400
06
#3002500
16
#3002600
06
#3002700
16
#3002800
06
#3002900
16
#3003000
06
#3003100
16
#3003200
06
#3003300
16
#3003400
06
#3003500
16
#3003600
06
#3003700
16
#3003800
06
#3003900
16
#3004000
06
#3004100
16
#3004200
06
#3004300
16
#3004400
06
#3004500
16
#3004600
06
#3004700
16
#3004800
06
#3004900
16
#3005000
06
#3005100
16
#3005200
06
#3005300
16
#3005400
06
#3005500
16
#3005600
06
#3005700
16
#3005800
06
#3005900
16
#3006000
06
#3006100
16
#3006200
06
#3006300
16
#3006400
06
#3006500
16
#3006600
06
#3006700
16
#3006800
06
#3006900
16
#3007000
06
#3007090
